5.17468 -0.534058 2.46277 8.59766 1.4845 0.422607 -4.46533 15.7294 5.56421 8.9502 
3.42651 15.3926 21.5909 8.44727 -7.36475 7.46509 11.3033 -5.32983 8.84009 4.54419 
-1.40784 11.2672 4.78333 2.50793 1.61633 3.33643 4.19739 4.01233 5.57043 4.46704 
14.7778 0.454834 -0.200073 -0.428467 3.32886 2.23792 2.85278 4.64368 -3.69055 6.39282 
-3.88855 5.87488 0.584717 -2.34717 13.5481 -2.45654 0.512695 7.68616 2.24744 8.82678 
-2.24133 14.108 5.28296 3.10376 4.24011 4.34631 1.68311 6.58325 6.37195 8.08582 
-3.6073 0.342896 -4.64014 -1.30615 14.7889 3.81189 -2.14136 3.09631 7.16003 8.03015 
-4.72009 8.59851 1.81677 7.34705 8.96948 4.2782 -1.10498 2.8175 5.37659 15.9799 
-5.44409 5.0741 8.14758 0.400635 3.03198 6.90002 14.7207 2.35486 9.66785 5.73962 
-0.409302 2.87598 -6.427 4.64648 12.3445 1.14673 -4.59265 9.80713 7.42346 18.4691 
20.0291 2.91577 3.40137 2.67297 2.84839 0.176392 -3.70825 7.75183 1.35925 13.6586 
0.124146 -0.11731 3.35046 -5.02209 -0.362305 -1.42554 12.0168 0.856201 5.11182 -3.93933 
-6.01233 3.64307 -4.87378 5.36475 12.5004 2.39966 -0.268066 8.05115 4.71228 15.1355 
20.7809 -2.02258 -0.561035 -2.75183 5.54688 -3.03638 -3.77002 7.9812 4.49292 8.22827 
-4.02612 13.6113 2.39526 3.59106 4.7395 9.89136 4.02625 3.6947 3.89783 10.3573 
3.33411 3.86768 0.490845 9.04089 -1.03833 12.239 1.28052 -7.07324 6.23047 8.61829 
-4.71521 -1.64502 -1.02014 2.82251 10.1919 -4.45459 -1.26355 11.0632 1.81677 13.3749 
3.16614 0.568237 5.60632 11.5833 0.765747 0.409546 -4.79858 16.2355 0.554932 8.46155 
3.47095 1.91418 3.94153 8.62305 -1.78748 4.23083 1.46448 -7.83997 4.09497 4.34851 
-3.19788 9.82251 -2.62061 1.88525 17.2693 0.404053 1.41455 3.66931 0.644043 7.49097 
3.20459 5.50452 -6.6084 -0.0654297 10.2732 6.03662 -4.94531 10.1853 6.22119 14.6436 
3.4071 0.0126953 0.731445 0.309448 3.59314 4.02307 10.7169 -6.37061 6.49585 5.14783 
-4.83789 3.71521 2.04395 -3.68237 5.1604 -3.72363 13.9532 5.14258 6.51599 -0.934448 
0.844482 4.64685 -0.576782 9.14111 2.12256 19.9736 12.6312 -3.97314 6.4552 9.6571 
-4.13782 4.06445 -1.19104 -1.30566 11.3616 0.585449 -0.39978 7.46912 -0.26123 6.82849 
22.5848 0.00708008 1.44775 -4.28601 8.17065 -7.62329 3.13928 12.4921 -0.153442 6.63757 
2.5199 5.9353 0.746948 12.3484 8.66663 3.94019 -5.79004 21.2804 -0.76355 13.4814 
-2.526 5.82532 -5.40613 -1.55005 19.1094 3.40759 1.81177 3.31482 3.28296 8.99402 
21.3843 -4.41431 4.58997 3.1554 1.08655 -0.359009 -7.82446 3.46497 6.60901 10.4413 
-4.92639 10.7533 1.44653 2.69189 4.98181 7.21619 3.32251 0.327759 5.18213 8.75525 
-5.98657 2.05249 3.43823 19.7885 -1.47717 11.4106 -0.655762 1.18091 2.63452 10.6676 
-3.28455 8.39087 0.445679 0.220215 3.84766 6.28174 1.95789 2.1803 1.24817 8.11621 
-1.41809 -1.1626 1.77905 14.9159 -0.829956 7.70361 -3.07642 -4.88428 7.83276 8.87683 
9.04443 0.147949 -2.67871 -9.66943 15.6786 -4.72192 9.24487 2.67322 -0.338501 6.2467 
2.9021 -0.0513916 5.57764 6.94788 2.28235 -4.90613 -7.96582 17.871 6.16138 9.27734 
7.698 6.80237 19.601 10.3864 -2.64783 3.09302 -3.40747 1.15906 6.65027 7.78992 
-0.549927 3.99219 12.1146 5.13757 5.47705 -4.74011 -0.389771 16.1509 3.49744 11.3373 
-4.52051 12.6638 0.791382 1.927 6.33093 8.38391 3.99597 3.9408 3.02148 9.87073 
1.4198 6.5 14.5767 10.1848 -7.16003 6.57275 3.57703 -2.46252 5.94434 4.38928 
-1.52258 13.0197 4.79761 5.3147 3.94421 8.10864 7.92493 3.88098 5.1687 8.83813 
-2.42627 9.06897 2.10254 2.77734 3.44348 6.71851 2.33508 3.40332 3.46375 6.31555 
0.0383301 4.12573 5.68091 8.23535 2.90247 -1.93005 -2.52795 13.4747 2.2959 9.15283 
-7.58826 9.26172 -3.04858 2.92236 18.3571 3.16284 -1.86438 7.73279 5.11621 13.4779 
2.98218 10.1207 16.0487 0.60022 3.92627 -0.215698 4.05896 8.56152 2.90833 2.40247 
1.51697 0.56665 5.3031 14.8281 -0.228882 11.0375 4.3429 -5.25476 3.70007 9.89551 
-1.06982 1.04944 -2.46289 5.06384 1.09155 10.5599 4.91614 -2.87585 4.47327 6.52197 
-7.99658 13.1678 4.35828 4.59326 3.8429 7.51453 2.74219 -0.733765 6.89954 10.951 
-3.26172 13.0624 21.4279 6.70874 2.97839 -3.02893 9.71936 3.32861 5.88892 3.64075 
-10.4233 5.83276 -10.599 3.51831 18.6743 4.89978 1.78699 6.17688 5.96643 11.0062 
-4.70056 7.67041 -2.85779 1.57227 16.5317 1.08521 -2.49792 7.42883 0.703491 10.2865 
5.41296 5.12695 2.71948 2.66699 1.93665 5.03857 14.9912 -2.51636 0.307007 1.3623 
1.6947 0.681274 2.4137 16.9552 -2.61267 4.73486 -2.59497 1.26575 2.60217 6.42468 
3.73486 2.49072 -5.34668 5.6781 6.50098 13.6365 7.59045 0.897583 6.08716 6.16272 
-0.199707 -1.45813 -2.86255 6.12732 4.04431 7.93103 -1.80139 -3.64087 4.3894 6.76172 
0.024292 4.84302 12.7772 -7.56689 -0.933472 -4.1532 16.5238 2.08484 5.54895 0.948364 
16.423 2.03467 -1.65723 -2.77307 3.87561 0.456787 2.49097 -1.56091 7.07959 6.06018 
-3.61206 1.90063 -3.41223 0.519165 18.3583 1.94226 -1.13062 6.52002 5.86414 6.89722 
-3.42078 13.2576 6.24561 5.03857 3.79163 3.0022 2.76917 6.3656 4.78906 6.70557 
-6.62634 3.82947 -7.9552 5.25208 14.304 2.24609 -1.17444 8.44836 2.35339 15.7269 
6.28796 1.41577 -2.13684 0.378662 3.79541 12.3209 1.6825 4.60315 5.59204 5.21753 
4.09937 4.47424 0.773193 11.674 9.31262 4.69543 -9.56812 22.6836 0.823364 12.2847 
4.62573 -1.35449 9.33923 4.09961 -0.9729 1.78357 0.539795 2.22876 14.1602 7.54785 
-4.177 -0.834473 2.94812 -2.15466 7.32825 3.34155 0.429565 0.535278 4.87292 8.33142 
1.88281 1.75183 12.621 12.4515 2.09326 2.98926 -2.71716 1.70984 7.88049 10.6724 
0.805298 0.0384521 8.71741 11.5946 4.13367 -1.88647 -2.71716 25.1608 3.68237 11.6606 
-2.88123 5.55078 -0.837524 0.72998 11.2472 4.49988 -0.830078 0.0610352 3.23132 7.78394 
0.446045 0.909424 5.24829 0.565552 2.31067 -3.87109 7.11548 5.08838 5.85864 -1.58899 
-5.95288 10.1295 1.64819 2.44043 15.2113 -0.71228 -1.64807 2.85388 3.41614 9.62061 
-1.03674 -2.06982 1.41162 17.2173 -1.75342 8.67615 -8.06482 -2.01782 7.65601 12.2778 
19.1058 3.52185 2.47852 -7.7207 -0.00280762 -2.48413 3.34192 13.436 1.6217 5.65979 
4.60535 2.34436 5.88391 12.8516 4.67432 1.22937 -7.52795 21.3518 1.44275 12.4271 
30.2576 4.0918 2.27478 -1.90625 6.55286 -4.47778 -3.86145 10.5068 1.36365 14.0204 
6.18066 2.19873 18.3641 15.7588 -3.00842 3.9115 -5.34778 -2.552 6.75269 7.98071 
2.44421 4.77661 0.324219 1.60229 7.68811 2.20154 -5.22961 6.1106 4.5332 12.8696 
-3.56006 12.7535 1.19482 2.90088 6.58142 9.19043 5.04346 2.43665 3.98352 9.89734 
-3.93066 6.52222 5.65576 12.8724 7.52832 5.25134 -2.00903 17.1093 4.26294 12.2712 
-4.12488 4.11279 4.02393 13.9293 0.517456 9.08386 -0.199585 -3.2998 5.12415 8.25134 
2.39185 9.37549 16.7745 -0.220825 -2.48792 2.0293 2.97144 4.52527 7.60095 7.26147 
0.559082 8.65808 -3.34851 -1.94226 10.1111 7.08264 0.0513916 3.59082 5.67749 14.9231 
3.93689 2.63525 0.514526 7.21228 4.45227 -0.0333252 -6.1814 15.6028 5.61902 12.7397 
0.373291 6.05798 -0.84729 3.67224 8.7981 2.68542 -4.21545 11.4991 0.0678711 12.5537 
0.663086 3.57605 4.47839 -1.91797 3.56946 0.401855 10.2772 1.72559 0.265747 9.59009 
2.93164 9.82068 21.3909 12.8383 6.2887 -5.28149 -0.852417 4.06677 8.23865 5.10767 
1.26672 4.47363 -3.04041 5.83496 8.85059 1.78796 -5.97498 19.8605 -0.450806 11.1063 
2.33765 4.17688 -1.29907 -0.658936 5.78015 5.05676 4.32251 0.0600586 15.2522 7.28967 
-7.09973 8.21021 -4.5083 4.65283 19.3115 2.33923 1.3418 3.39197 5.89282 6.25549 
3.64233 4.99426 1.62671 4.10217 4.17175 1.70862 -6.03516 15.8359 6.27783 13.1697 
0.591309 4.3573 1.07068 13.6509 0.303833 6.60522 3.02429 -2.89392 -0.356323 6.4209 
0.0487061 -0.172241 6.71045 -4.37415 11.2612 -5.92017 18.0382 0.519165 1.86609 3.90649 
-0.258179 12.5708 5.79761 2.24109 4.02417 4.06323 4.14307 2.86108 6.92139 5.84729 
-3.24792 1.73633 4.83716 17.4961 0.777588 6.53796 -7.34424 -3.92566 7.03198 10.3342 
-1.42883 6.52283 6.37183 1.16833 -0.252686 6.60925 20.2959 -7.83716 6.79053 5.20422 
-1.25208 4.64526 0.310425 -0.392944 8.56421 4.76538 0.667236 2.64478 6.7074 11.5593 
2.20178 2.62366 2.37488 15.725 -3.328 12.8367 -5.24353 -7.28027 5.11523 13.8365 
-6.46582 13.4436 4.54187 1.6698 6.20691 8.4292 4.09558 -0.176636 8.22717 9.61536 
-6.01587 4.03699 -7.16333 -0.00524902 13.9796 1.03516 6.83704 1.9552 4.41614 9.35193 
-5.10986 7.36731 -0.0782471 2.85754 4.09778 5.61035 -0.098877 -0.265747 4.87927 9.18054 
4.05457 8.448 10.2288 8.90063 1.17139 3.23608 1.96533 14.028 0.812378 8.69238 
5.5376 8.54578 8.4032 -3.19165 2.7876 2.19678 14.4954 4.36877 4.875 6.08911 
-5.45117 -1.20715 -5.32434 10.2167 9.35278 -1.29492 -5.99329 7.70325 4.63416 16.441 
-0.0544434 3.62268 4.56104 -3.83105 2.40845 -2.78625 11.9088 3.60144 2.00317 0.200195 
23.3301 -2.12292 -1.02002 -2.86475 5.68604 0.272949 -0.25415 8.00281 3.84595 11.0906 
-0.461426 -2.52014 -5.89514 8.45007 3.56311 20.175 2.35681 -0.537964 10.5952 11.9893 
-1.83899 8.99585 4.33081 0.528076 20.3245 -2.17834 -1.83374 5.85962 1.66248 6.95032 
-1.77893 -5.06848 -3.52234 3.85437 4.40723 6.1969 -1.68481 1.83337 4.51184 11.7618 
-5.57178 0.690063 -4.24438 2.97595 9.86902 3.6543 -1.08093 10.3009 6.24353 14.113 
8.91626 0.198364 15.5708 4.65308 -0.0341797 -6.8623 -5.03125 5.41931 6.96057 2.8634 
3.79456 11.7418 5.74072 0.910156 1.7688 4.46887 6.10217 2.28809 6.04541 3.03687 
-2.34094 1.80249 -2.33521 -0.165405 8.40588 4.21008 -2.86292 4.70667 2.40735 15.0718 
-1.67981 6.67554 -2.26294 0.402832 16.627 -0.581665 3.04858 8.76831 0.369629 7.96252 
-0.152954 6.6283 3.74829 9.17676 5.04663 5.01306 -0.498047 -4.76208 14.8156 8.1615 
-2.43066 10.1023 7.36707 6.98279 2.32739 4.38147 -2.69153 10.3776 5.70459 13.2556 
0.0706787 -0.193848 4.25525 12.1885 1.00476 12.3947 -0.34375 -2.32776 2.82239 8.29932 
-6.15576 6.96667 -0.89856 7.43518 8.52893 2.67151 -4.08484 9.07422 6.8584 17.1018 
-2.14758 4.00061 8.91284 9.63904 1.28271 -2.14966 2.06726 14.8964 3.45935 9.05212 
-2.36279 5.91833 -0.954712 -0.0247803 10.0974 3.62366 5.59448 2.94775 4.78674 9.38306 
-5.18896 7.2428 -4.38049 1.78735 16.2498 4.12415 0.766846 3.9458 6.31787 12.0277 
-8.65137 4.09656 0.929565 4.11072 18.5309 3.2915 0.944702 -0.928955 7.69678 14.4238 
-4.00403 3.79199 0.0354004 1.36426 8.51697 0.73877 -0.800049 4.55457 4.72876 10.7001 
-1.78369 0.662964 13.1437 1.10364 -1.703 -2.98975 0.878906 6.75806 11.6598 4.57397 
1.25793 -4.46582 -2.37769 14.2255 -1.63245 17.5554 -2.69531 -8.3927 9.12744 13.4689 
4.18213 3.54065 -1.146 -1.14648 10.5029 -0.56897 6.89636 -0.104492 5.55469 8.17627 
-1.8125 3.79736 4.7384 4.79553 1.14819 -1.3136 -3.98584 10.3134 -0.338867 6.65442 
-1.32349 8.97754 4.29736 -0.356567 1.82996 4.30505 16.8959 -0.787598 -0.0965576 6.32544 
-8.9519 2.17053 -2.8988 2.06873 16.9673 3.59326 2.58228 13.6895 7.15039 10.9292 
-5.07141 6.48669 4.43933 3.17944 6.89172 2.16907 -2.73987 1.81311 5.09607 11.7667 
13.1721 -2.84668 3.06531 3.81067 0.369873 5.07202 -6.3551 -1.54626 0.227051 10.4196 
4.15698 1.87549 0.0113525 1.9436 5.59497 19.3171 3.32227 -1.63721 11.4656 10.5676 
3.06543 -3.62036 4.68298 4.22144 1.67566 4.23596 -4.78674 -2.67444 13.6254 9.17261 
1.71167 -2.89856 3.04736 10.5829 0.776978 19.308 1.32227 -2.62231 8.04431 11.3116 
-1.30151 2.69739 2.7843 1.3833 3.14258 0.417603 15.6549 -3.39014 4.75293 5.50439 
3.40173 3.6731 5.23193 0.0111084 -1.48962 5.69604 22.5425 -3.1864 5.42444 5.55786 
4.24634 -0.298096 1.79541 14.8303 -6.73547 16.9485 3.78589 -10.3507 9.849 9.98291 
-3.39441 0.384155 6.63025 12.8256 0.39209 -2.22717 -2.97339 18.4313 6.73596 6.84827 
-0.77002 6.33252 7.21985 5.57617 0.422119 5.58337 1.92249 1.53821 16.6609 7.76086 
-2.74683 12.6443 3.94775 4.38159 4.03394 8.51038 5.62219 4.56934 5.46643 8.39917 
17.3485 0.884277 1.78857 -0.815918 5.58936 -2.95337 -3.80713 5.40393 4.22412 9.86523 
1.0033 14.1309 6.31226 1.24268 2.82117 4.75916 6.61841 4.35364 7.13879 6.4386 
2.57043 -2.3147 4.41516 -1.67725 7.29395 -1.40479 16.1854 -0.952026 2.19336 1.83948 
-3.92322 2.15552 1.4342 2.7843 8.77344 -0.358521 2.78687 6.00488 10.4095 9.5957 
4.95422 4.62439 2.10986 0.506104 3.21948 6.25793 12.9462 -4.16553 1.89355 4.88953 
7.04529 8.03918 1.42749 13.1523 12.0874 8.98022 -8.25366 30.3148 3.41541 16.1005 
-0.907715 -0.413208 4.19202 13.5386 -0.146484 0.883545 -7.69446 0.00231934 6.01501 6.48438 
-2.28442 13.8834 6.9552 4.19287 2.47827 6.02588 4.74658 4.67957 5.70374 7.19678 
1.47119 6.25098 5.32214 10.7196 2.40491 1.10522 2.15198 20.9352 6.30518 12.3258 
-4.05469 11.4447 0.306274 1.24414 4.99231 7.54993 3.12244 2.29419 3.34399 8.77832 
0.526733 -1.39111 4.27039 5.3656 1.2583 0.0313721 -0.699585 1.47876 12.4857 7.39075 
0.232178 8.23694 23.0488 13.9644 5.34497 -8.37573 0.607178 5.79602 5.54395 7.96143 
17.6582 1.10852 -1.36914 0.774658 4.08276 0.788696 1.23389 1.92505 3.97681 9.83179 
-7.58032 5.39063 8.23853 1.87329 5.07764 3.93774 2.84998 -1.64319 5.15881 11.1779 
-3.48267 -1.57971 -2.90259 2.93689 10.7113 2.30444 -0.689575 2.08911 4.85083 13.6416 
3.02832 -6.73328 1.06384 5.16357 4.172 4.31091 -8.01257 -5.12695 11.0704 13.644 
4.7959 -1.63562 -6.64734 -4.34888 7.43726 19.6268 10.2986 -1.66516 11.6532 8.61816 
0.28064 4.45398 0.23999 4.41736 0.21936 11.2161 1.3407 -2.68347 7.46729 9.65112 
-3.3053 10.9105 0.601196 -0.488159 5.61938 6.37036 2.85657 5.47095 1.04517 8.98962 
4.22607 3.28857 -5.13489 3.27954 7.66223 20.0482 10.993 -5.5603 6.31592 12.2375 
1.96777 3.01331 11.7031 0.0144043 9.84424 -4.34058 21.8778 0.902344 1.09314 4.06909 
13.5861 -2.03699 -0.883057 -0.215942 6.85046 -0.58374 -3.24121 8.23853 -0.194214 10.6442 
3.68152 3.2052 10.6146 17.8347 -5.20044 5.98718 -2.77722 -3.28271 4.17224 8.31628 
0.254761 8.64148 2.32593 -0.3125 10.0707 4.77222 5.19763 3.56091 -0.680176 6.25049 
-5.55359 4.15552 -2.95068 -2.20142 14.502 5.12061 1.74243 0.502197 8.92761 4.32629 
7.97278 6.02368 4.19617 -0.134155 2.64929 4.47021 23.355 3.67114 -2.38489 1.03699 
2.99109 -0.967896 1.75513 7.20593 2.6665 26.8104 -0.144287 -3.71509 11.3982 16.574 
-8.77441 7.005 -6.95374 5.67944 21.313 0.151489 -2.70801 7.73413 1.77173 11.1643 
-3.0415 -2.20667 6.12073 -0.534668 7.2915 -5.86743 18.3621 1.94104 6.87537 1.28601 
-0.215698 -2.92102 -3.94177 9.43762 1.03772 14.8522 0.936523 -8.63281 6.53357 13.1757 
0.515137 8.05896 -5.73315 -4.46008 17.3864 -2.40784 -0.172363 7.03979 1.40796 8.07275 
2.55603 1.66711 3.47144 3.44153 5.6853 10.8337 5.37939 -2.18591 1.98669 3.22974 
-3.1272 12.6758 3.73145 1.98865 4.78003 9.1416 5.64038 2.77148 3.20068 7.78577 
-2.59265 7.34778 -5.47644 1.40662 15.6682 3.44287 -0.807251 4.59729 2.47839 10.2341 
-3.47815 6.9364 -2.91113 -0.250977 15.8733 3.42151 -2.20618 0.672363 3.52966 8.69617 
3.23254 1.32532 4.62256 9.84497 3.22559 -2.28345 -7.35681 14.0161 4.22815 9.97302 
4.55872 8.64624 22.16 12.9585 -3.3656 0.93811 -5.04138 2.65002 14.8853 6.76587 
-1.84619 0.227539 2.8468 10.1487 0.786987 2.47961 -3.75293 -1.37183 3.92554 5.58032 
-0.504883 4.21777 17.0248 3.40784 0.397705 1.33411 -1.67712 7.53174 9.18872 5.55371 
-1.55908 2.86597 2.93103 2.62268 1.61768 0.564819 -0.276245 5.09155 2.47925 6.42236 
-1.97205 10.0925 2.8739 3.19104 3.53125 7.05139 3.96533 2.86694 3.51794 7.33057 
3.71106 3.96741 -1.2262 2.07202 2.24609 4.80835 4.49365 -5.86731 10.5563 9.51367 
-3.13904 12.9956 4.30005 4.38599 4.17249 6.54346 4.13599 5.49487 4.27429 7.48962 
3.06177 4.95288 9.87036 4.72681 -2.43591 4.13232 -0.699585 -3.93213 14.6891 10.0354 
-3.59644 11.7498 3.04785 3.98145 4.88867 5.95081 1.90283 6.06824 2.99536 9.0625 
1.46338 5.80603 3.41272 5.18945 -1.97046 6.10889 5.43628 -4.26404 15.9292 10.1163 
4.23889 1.56799 5.37817 3.09387 -0.800171 12.2056 4.14832 -3.50134 6.48071 6.73413 
25.1553 8.33569 5.64417 -0.799561 4.20471 -2.75464 -0.984619 11.4606 -1.61865 11.8112 
0.0175781 4.71301 1.33374 7.70874 3.38599 2.07837 1.8446 -3.20703 8.9978 3.02087 
-8.41028 3.96008 1.71338 5.0448 8.84033 -2.13037 -0.469849 6.42761 5.03528 12.4026 
2.14282 2.58521 24.3308 17.8058 -8.96106 4.9801 -7.23035 2.68848 12.2916 11.2865 
1.85632 -5.81433 0.00439453 9.85632 -0.329346 13.9749 -0.538086 -5.67322 8.37561 13.4481 
30.9857 1.32446 0.670654 -3.47119 0.141113 5.71521 -0.279541 4.83118 12.5422 8.64819 
-4.52356 8.90015 1.11743 1.56897 3.75903 7.39136 0.383423 0.0615234 3.85132 8.0979 
-1.1781 12.9471 5.62549 3.34778 6.36731 1.93555 -0.415283 4.43701 8.62402 8.26563 
-5.56921 9.15125 2.20435 1.37292 3.55017 6.54639 1.77759 -1.5271 5.74585 8.06848 
17.655 2.6449 3.73169 3.07166 2.53088 -0.0458984 5.23486 1.94836 2.74756 5.41736 
-3.26294 -1.05078 -1.85291 4.82104 7.31543 1.84509 -4.91406 3.01904 4.79846 9.54321 
19.142 -2.91638 0.689697 3.03113 3.41101 3.45386 -9.29041 5.92358 5.87927 11.5685 
-1.43811 2.65735 0.737793 5.37756 0.342529 5.30225 0.362793 -1.54028 6.60657 5.24182 
-1.42981 13.3727 3.95789 1.61353 4.80237 7.62854 8.04663 3.00879 4.22351 7.98413 
7.90039 5.85767 8.67639 -0.338135 0.739746 3.34082 23.486 -5.20667 4.75623 1.22754 
-3.56665 5.21887 -5.24207 -0.981323 17.7579 1.06189 -1.38684 5.17383 4.24255 7.81287 
2.92114 1.81567 19.5343 13.3496 -1.85876 -2.7572 -9.7439 6.0802 15.1205 7.50635 
4.74524 -4.71423 8.0365 16.2357 -3.61633 2.80383 -6.48767 -5.98853 8.77917 8.34558 
5.3208 5.62244 9.25598 -10.4377 4.1803 -8.57373 17.9321 8.0957 -2.65027 2.44482 
0.0361328 13.8081 6.18811 0.838745 5.0343 3.33997 0.918701 5.33398 5.08777 6.35034 
-2.93079 9.37732 1.81201 1.0957 3.2406 7.29932 3.83044 2.21301 0.872192 7.29395 
-1.5011 11.9232 5.29858 3.13794 2.03699 3.0387 4.12903 4.9823 5.67371 4.34558 
-2.63025 0.214722 0.998657 11.2201 0.0045166 6.33582 -1.96509 -0.513184 4.745 6.98096 
-4.5188 -2.55237 -2.96814 0.133301 10.2869 6.03967 -1.75488 1.04736 8.29553 12.8546 
0.44873 -0.625122 -2.45374 6.53577 1.08228 9.05164 1.88464 -6.12158 6.23901 6.06238 
1.98755 7.44873 22.5826 4.82361 6.77319 -4.7373 3.26721 6.58398 4.50427 5.22034 
-1.96631 3.95569 -5.98853 5.28918 9.854 7.54028 -2.96509 3.4364 7.63269 16.1769 
-3.11536 3.18982 -3.08301 -0.891846 16.2347 1.28784 -3.23303 7.04211 1.82996 5.5061 
2.81421 0.226685 -1.69165 4.85876 1.91345 7.11108 0.491333 4.42407 6.51465 5.27905 
-3.62244 1.89929 -8.36169 8.3053 7.97754 4.67834 -1.91724 7.13159 3.22656 15.2152 
-4.09204 -2.1543 4.24536 14.5134 1.146 7.24988 -5.51404 6.71521 5.26672 12.2546 
-4.94812 3.41064 -2.62366 6.49133 9.69202 1.57996 -3.21399 4.82617 6.00586 12.7273 
14.8423 3.02319 5.44788 -1.60022 9.92151 -8.59143 -2.73291 10.7164 -0.0270996 7.90564 
-6.27612 -2.38867 4.2959 22.644 -2.33289 10.7834 -6.99536 6.48633 4.72107 15.6885 
11.0004 3.23584 1.68384 0.449585 3.74524 12.9568 17.9583 -3.52051 5.16321 3.36072 
5.76135 1.04883 -0.981689 4.38477 2.46204 12.6149 0.0976563 5.72668 8.8595 7.67395 
0.686768 -1.04248 -7.58362 12.1932 2.46606 17.4016 2.599 -4.90857 4.29846 8.52283 
-0.887573 2.67749 -2.24915 4.03345 9.53442 1.37231 -5.0343 15.2023 -2.59814 11.2443 
4.08777 -3.14233 11.5144 7.09387 1.87903 -2.27588 -3.10657 3.26111 1.99182 4.3877 
6.46289 0.324707 21.942 4.4209 -5.95471 -7.23596 2.50854 14.0227 7.26563 -2.83105 
5.98853 3.29907 4.08667 11.5726 2.78064 -2.3313 -7.62903 21.7338 1.65649 13.5178 
0.107544 9.45166 4.94312 0.107178 1.9386 2.95276 1.72375 2.48499 4.18896 4.07849 
5.52478 2.55579 15.7261 11.8805 -2.73706 1.88574 -7.16101 -2.44824 7.94006 8.16589 
-0.708374 3.96973 2.69861 3.55249 0.960327 4.1062 3.06445 -4.19397 15.9094 6.43591 
1.48547 6.99231 0.0517578 -3.36047 12.1183 2.06604 2.79956 3.75574 2.88708 7.02588 
-2.34583 14.0643 6.66113 3.92261 3.32642 3.48694 5.85474 6.15076 5.77209 5.24792 
1.90588 4.11023 4.39893 6.82202 2.51636 0.418579 -4.6969 12.2963 1.8656 9.18152 
2.96838 3.97668 0.232178 13.1895 -1.91223 10.7034 3.76563 -3.82446 1.495 6.16162 
-1.74121 3.03271 5.57886 13.7499 1.16223 5.78833 -5.99561 -3.08118 5.55017 9.97095 
4.09998 3.52454 5.57385 -0.204468 -1.99854 7.48059 6.37854 -7.82959 13.8137 6.5437 
0.662842 -1.59497 4.16833 5.41541 2.96399 1.43689 -5.47876 5.48279 10.1809 10.9186 
0.00634766 0.939209 8.29895 6.86438 1.95801 -2.6593 -5.25623 11.743 2.9613 8.48938 
-0.2052 -1.42578 -2.73523 4.42517 8.5979 -1.57385 -2.08813 11.0588 0.484375 13.0837 
-5.8457 5.97192 23.3135 16.4912 -0.731445 1.40222 1.74219 -0.963379 12.6603 7.27319 
-7.3114 15.101 21.2756 8.79712 4.41516 -1.14502 6.03979 4.34009 5.32166 7.32385 
-6.79834 8.71411 -1.33008 1.92944 22.3942 -2.48401 1.81152 4.6626 -0.0310059 13.8663 
-3.14014 11.2791 1.56543 1.24304 5.52637 8.68433 3.57434 4.59009 1.76624 8.39697 
1.39307 3.58252 -0.553955 10.821 -2.15613 14.5938 3.2478 -10.4869 9.75342 13.3123 
6.17261 -6.22485 -4.22095 4.50269 4.50928 6.12561 -7.30164 -2.6803 6.93079 12.2755 
12.5004 5.22705 -1.47791 -7.30322 8.48035 -0.666138 5.77515 -1.21606 17.812 10.1503 
0.0758057 1.5293 11.864 5.90771 1.96423 0.270386 5.26929 11.7278 0.3927 7.09192 
-2.41003 0.739502 9.99133 6.83167 0.0102539 -0.335571 1.97949 1.29053 3.3418 3.46008 
1.89636 2.47864 2.76697 10.3889 -0.345459 4.30615 4.57507 -0.951172 -0.282104 4.19519 
25.5731 4.1731 6.54163 -4.72351 2.1637 -2.84204 0.417969 5.41296 2.0802 8.79492 
2.3468 5.68457 12.4871 -0.412354 8.0459 0.171387 11.9309 1.36621 1.89502 2.5835 
-6.65552 10.3796 -2.00146 0.516357 20.5437 -4.4325 0.699463 6.53882 2.72363 9.72803 
-0.144287 11.2142 18.7882 8.04834 -2.96448 0.669434 1.40393 1.41394 10.3722 4.29761 
-5.49243 7.43469 -6.79651 1.77112 15.4534 5.02332 -0.682495 3.71838 4.44067 11.797 
-0.261719 8.47998 1.49548 0.876587 4.22668 6.15002 5.24109 0.14856 2.26709 5.56738 
-7.81946 5.60144 -3.75647 8.96313 11.7062 4.64795 -2.65723 11.5066 4.46802 18.6619 
-4.08667 3.7157 0.410645 7.46411 1.26074 13.681 4.39832 -2.64514 5.79395 9.38062 
0.978271 4.4425 5.84949 10.568 5.73486 0.574463 -6.65234 17.6106 -1.51099 13.9091 
-2.63489 -0.59021 7.33496 6.047 1.6084 -2.01746 -5.42407 12.8773 1.15442 9.44482 
-0.330566 8.36304 20.8402 8.78906 -3.87817 1.42834 -2.16797 5.13928 11.4054 4.40479 
-1.12964 10.0923 6.01807 5.89758 0.768311 6.2627 7.81396 -0.27002 8.36304 3.33777 
2.63928 3.03052 22.011 14.5516 4.87341 -9.88416 3.15845 3.42249 5.18945 7.10059 
14.1654 2.6925 -2.69727 -3.26685 6.63647 2.57349 10.5796 -0.481934 0.837646 -0.629639 
4.12146 4.06958 7.95313 1.20068 3.07263 3.01563 2.16394 2.03357 17.8662 8.86072 
7.58752 1.80066 1.6012 9.44165 0.0495605 20.1222 1.70728 -2.17297 6.27258 10.9143 
2.94739 11.3304 2.25659 14.959 10.2144 7.5343 -8.88318 31.2167 2.34399 17.8114 
-0.261353 6.04529 5.57349 8.63501 3.31458 0.752319 -3.26379 17.8414 0.79248 11.8336 
-4.14026 3.86987 1.23682 1.77722 5.50232 4.94153 -1.8479 1.37744 4.80505 9.93323 
-4.14221 11.941 4.89355 4.14148 4.52856 8.95447 4.13379 3.92346 5.07764 8.755 
6.02954 0.866211 -1.20923 3.88586 1.1709 1.5918 2.10754 -5.92798 7.64551 4.71594 
-5.40076 13.5295 4.66467 3.00854 6.68079 8.96729 4.2998 4.43042 4.96423 10.3295 
7.19434 -6.87585 1.23645 4.74243 0.060791 1.7384 -4.62659 -3.61023 9.61597 7.80774 
15.5951 -1.25305 3.49695 -1.88013 2.95239 -2.23206 -2.65613 5.23718 0.0383301 5.37927 
-3.97034 1.19348 0.819824 15.5972 -3.10681 10.6809 0.355347 -8.58215 5.94788 8.8175 
13.7916 -2.48108 3.34277 0.321167 4.66833 -1.78333 -2.59875 10.1044 -4.06677 9.71826 
-3.62207 11.288 2.16907 1.21423 5.07458 7.37048 3.78882 4.40222 1.00903 8.95068 
-6.70374 -1.06531 -2.05859 8.09216 9.84253 -0.416382 -4.3175 9.44067 7.17883 15.1385 
-6.92224 -1.16333 -0.481323 13.1576 2.62 0.285645 -2.64697 5.12512 7.81909 13.9792 
-6.51282 6.06494 -3.3219 3.62231 18.0575 0.0125732 3.9635 5.89795 4.58411 10.5913 
-2.31982 14.1594 5.77319 5.5824 3.30176 7.33923 4.86987 3.90869 6.98743 9.50806 
3.80249 -2.31934 3.55017 0.0219727 2.74792 -2.25989 -3.75159 0.353638 10.3185 7.31567 
4.92871 0.763794 15.7811 3.73315 -1.41748 -3.02417 -0.89917 1.849 11.9954 3.60913 
-3.03845 11.2161 1.10596 0.642456 4.80603 6.32849 2.84204 5.55481 0.793213 7.67615 
0.261841 14.3009 20.5737 8.43005 1.13232 1.11401 1.78772 0.762939 10.6953 2.88208 
-6.0166 1.91602 -1.61804 5.84534 11.9528 -2.36694 -1.23071 6.13391 9.17346 16.5094 
-0.978882 3.09949 10.5665 5.33447 -0.25415 -1.30457 -2.625 10.1617 6.11133 8.02673 
0.0966797 0.210938 -1.38293 5.27893 2.479 16.4755 4.96179 2.8811 6.80127 7.16663 
-0.468262 -0.994019 -0.0223389 4.39075 7.17456 0.0532227 -3.81372 6.14661 2.49719 12.0735 
-2.88586 10.556 25.0662 15.4076 -1.0625 -1.35364 5.24402 -5.75586 12.801 3.85144 
2.81445 8.66223 9.56482 -1.85547 -2.3927 7.66467 15.7142 -4.36902 9.47791 3.31787 
-0.644043 4.34094 -5.59973 3.19177 19.7346 2.33276 -1.47815 2.45862 2.44739 7.9386 
-0.572266 13.8048 4.7511 3.21594 3.33289 5.75171 8.10071 4.5708 5.63782 6.9231 
1.71411 0.0743408 -3.15857 2.55872 3.37415 8.21814 1.46655 -8.31409 7.47485 6.63928 
-7.82446 -2.66638 -6.55151 0.531982 9.55933 5.27966 0.739136 0.0976563 7.92761 5.36523 
4.75037 13.5465 21.4529 8.89587 -3.41003 3.32959 2.11084 1.00793 10.5803 3.27356 
-1.49854 1.92188 2.40662 4.17993 6.43811 -0.514526 -3.19214 4.29993 2.26306 12.1948 
-2.7583 10.4602 18.5028 3.37256 3.35938 4.59973 0.253662 2.74292 3.35962 10.8485 
17.4799 -0.389038 0.0512695 0.334106 0.827148 3.34204 -4.11072 1.46899 10.228 8.00232 
-0.500977 7.46289 -5.10059 1.48486 17.6227 3.16675 -6.04712 6.82471 1.55713 12.5969 
30.9077 1.25403 5.68945 2.47363 4.28796 0.128662 -7.9364 5.61963 3.32056 14.2449 
20.3204 6.57544 3.30701 -4.26074 1.30896 -0.849976 1.9104 12.0187 1.57092 4.92261 
-0.693481 10.2156 21.6882 8.57947 -3.245 -1.74316 1.93323 10.0106 9.8667 5.87231 
0.782471 2.66748 5.98291 6.50659 2.06555 4.54895 -5.75549 -2.27014 13.7059 8.39465 
-0.36084 8.29199 4.50623 2.7478 9.77759 5.85962 11.9124 6.3584 -1.04028 3.12915 
-2.78943 3.57117 6.78577 10.2303 2.07727 -1.08923 0.384033 14.6952 3.65393 6.9342 
-4.33411 12.6212 3.52844 1.62708 5.8103 8.73047 4.67749 4.13904 3.27393 8.56641 
1.89832 -3.40979 13.1847 1.5564 -0.851074 -1.95251 4.51172 2.18555 6.15942 6.24023 
-0.976196 7.19263 -0.765015 -3.02588 14.3905 2.27515 -0.579346 2.82678 6.77209 8.78186 
14.8391 6.11816 10.7523 -2.42053 -1.8645 0.868652 1.79443 9.42004 7.74683 6.96558 
-0.126831 9.62671 21.1724 9.13123 -5.10864 3.50635 -0.447388 2.10315 10.7899 6.38135 
-1.63 6.71826 6.73071 8.88391 3.74316 -0.074707 0.321655 15.0959 3.4104 12.6124 
-7.15625 7.81177 -4.76672 -4.14783 20.4003 4.42798 3.6145 3.65771 12.4452 7.16638 
0.5625 5.8457 9.85303 17.7018 -2.16174 11.4889 0.19873 -11.1677 6.78992 8.68933 
-2.68481 1.57727 2.47925 12.1353 -1.53528 6.96753 -1.08118 -0.718384 6.85071 7.97546 
21.7009 -7.15515 1.61584 1.30908 7.79883 -5.84424 -6.53857 5.28174 -0.790894 6.60632 
17.4991 1.69202 1.4541 -1.67236 7.94458 -7.29285 -1.30933 8.85461 0.719482 8.27332 
2.77747 2.95215 -0.990234 14.6239 4.77441 9.5929 4.33704 -7.61133 2.54578 7.63611 
-4.2301 13.4172 2.64917 2.75281 4.72021 10.2018 5.07141 3.38721 3.3158 9.87952 
-6.98315 -3.61658 0.389771 8.87952 6.88293 -3.75012 -0.321289 9.56555 5.01001 14.2117 
2.93335 4.88672 2.09387 0.730225 2.3385 7.42432 18.6309 -4.74792 4.84558 2.08655 
7.13245 2.66309 0.275146 -3.17798 6.72925 13.7528 5.75769 1.54163 9.71497 1.66272 
4.96082 1.15857 11.9751 11.9032 1.79907 -3.58313 -1.56995 -0.858154 4.69946 3.94824 
1.93518 0.632935 -2.53845 5.974 5.91345 11.5652 0.802124 -9.59937 8.31982 15.3721 
-4.39307 6.71326 0.129883 1.02551 5.01196 3.50562 1.18384 3.28552 4.49194 11.0304 
2.84985 4.73621 9.12048 6.99622 -1.15637 2.10388 -6.50732 9.11926 7.16248 11.3024 
-0.472046 4.66309 -2.91919 7.82898 10.3821 6.33752 -2.45386 7.53857 6.2627 17.9624 
2.09888 0.0599365 7.76367 15.517 0.846924 5.38232 -8.69653 -8.94141 9.69824 12.0511 
5.71948 1.60522 -0.451172 -1.6582 3.79114 0.174927 1.19287 2.24829 1.13342 4.03979 
1.50708 4.66724 0.242065 -2.11292 12.0332 3.78638 7.427 2.88696 5.32666 8.62402 
0.635376 15.901 17.5981 1.42041 3.58813 1.54944 11.8171 0.814453 4.97729 3.06079 
19.7727 3.48682 1.25146 1.82288 6.09924 -2.37329 -1.03247 11.135 -0.864136 11.8033 
0.212524 7.26013 7.00037 6.76917 0.512939 -1.45129 -0.575439 13.0482 8.50684 9.5116 
-4.26404 13.047 4.7843 4.61658 5.08362 8.9624 4.64368 4.13916 5.19287 8.96997 
-3.41199 12.3062 2.38757 2.45337 5.04895 7.90735 3.78491 4.3562 2.79175 8.50171 
-0.0311279 13.0988 22.854 11.1689 -0.704102 2.74365 1.36829 -4.63757 13.2024 7.33972 
-3.55969 13.3906 5.27417 4.67615 4.61035 6.60376 3.09277 5.68005 4.89539 9.4939 
1.55518 -0.337769 6.33777 8.74585 -0.0432129 12.7634 -6.07983 -0.673462 9.69592 10.0308 
-3.36792 2.76782 2.70081 16.7483 1.79016 4.7616 -8.46545 -0.912354 3.85718 10.3939 
-1.42847 1.20691 5.78418 13.1311 -2.16223 4.98267 -5.89624 -0.710083 8.87854 9.9469 
-3.28406 1.53967 -0.994873 1.729 10.2284 2.91418 -4.71533 7.0741 1.74109 12.8862 
-0.638672 3.27161 6.01733 13.249 3.60486 -2.27612 -6.12915 13.3145 -0.478882 12.8657 
5.34985 -4.43823 2.33813 5.98145 -3.72571 2.09375 -3.40906 -6.45776 10.0168 6.72998 
3.02454 7.50317 7.43555 -0.980591 -1.34314 4.82361 14.6348 -2.90881 7.91724 2.84082 
1.50427 6.04492 -0.505371 11.48 -0.817627 14.2052 8.25159 -5.72998 1.08826 5.69739 
-2.23254 1.91345 2.77356 1.32837 4.9082 -1.16602 7.67224 0.179443 4.20569 2.67456 
-4.06445 12.6064 3.24976 4.90295 5.70435 8.6405 4.47119 4.32959 3.39014 9.67297 
1.84827 2.92615 5.93494 16.0416 -1.0968 5.23499 -6.81714 -9.59119 5.58813 9.27527 
3.40796 4.6156 2.58191 0.87439 0.703491 4.93835 3.42883 -7.08081 12.1172 4.5144 
-4.97815 13.5061 3.90015 5.79224 6.96216 9.38123 3.22424 4.71802 3.71814 11.1326 
14.3517 -0.87915 3.88513 1.1698 0.432129 -0.067749 1.01563 1.38135 2.7074 3.02881 
-0.835571 1.60266 -0.43335 5.5 3.06274 13.0356 3.74353 -4.52222 7.27429 7.94421 
0.614746 14.4535 7.66589 3.2572 1.80505 3.40479 8.46887 5.39014 6.45203 4.58704 
-4.54382 -0.986938 2.62891 14.5038 1.69202 5.00635 -8.34106 8.31458 7.21509 11.7302 
-6.96448 14.3308 2.38074 2.1604 6.40588 8.58167 2.49304 3.01672 3.42896 11.0413 
3.04626 -4.23706 -1.5249 8.73779 0.623535 17.2028 -2.24036 -6.10339 9.98584 12.8336 
11.5822 3.31799 1.99573 7.7196 -6.05188 13.1616 -0.00720215 -5.16248 4.01233 9.48853 
0.977417 -4.9491 6.43677 -1.47009 1.21228 -3.33154 13.3739 -0.500244 4.57422 1.95959 
-1.66431 15.1769 4.34302 0.269531 7.2373 0.521606 1.18176 7.20044 8.12805 4.45483 
2.54688 4.5105 -0.0554199 1.59375 3.23621 1.8479 7.78638 2.39368 10.3801 5.65955 
-1.32446 -0.727417 -7.98755 7.4967 4.88916 19.3054 2.78137 -4.86621 5.42578 12.1344 
-1.32703 8.29797 1.66675 2.36804 2.21594 3.52417 2.14087 3.76685 1.39832 4.82593 
-0.43457 2.89099 2.01538 0.896729 7.41162 2.90747 -4.0354 8.2937 3.58032 7.67432 
-4.16052 4.08313 -2.56543 2.03247 12.4844 1.62231 -1.78394 5.87903 4.93372 11.5812 
-4.05139 5.51306 -4.19958 3.23669 23.6857 0.880005 2.70935 5.5166 3.7489 11.2524 
0.0266113 -2.30908 6.11108 0.868652 4.2041 -0.0848389 18.0616 -3.93506 7.57227 3.14954 
0.310181 -3.00952 13.8583 5.76331 2.92883 0.653076 -6.07825 4.87891 9.07642 7.62305 
-5.25256 16.0797 23.5143 10.2625 -5.74951 4.87646 9.50952 -3.2356 10.8771 2.72449 
1.18384 -0.453857 -4.30347 6.90833 3.02063 17.9846 3.14832 1.06409 9.12805 12.2223 
13.6824 1.55066 0.0166016 0.84314 2.78577 0.425171 1.96045 2.97241 3.53796 6.12146 
3.20471 0.346313 3.19434 0.103027 3.52966 1.08984 11.3955 -0.970947 6.03772 -1.40466 
-2.526 -1.29907 2.22998 13.0436 -0.59436 7.88477 -1.46265 -6.83582 7.68604 11.1519 
1.89331 3.26465 2.47961 1.44165 1.66406 4.3623 11.947 -4.77832 6.10449 5.00415 
-2.10486 1.61707 1.73083 11.5958 1.52649 4.7074 -5.29333 -2.63171 5.67297 7.74609 
-2.58093 1.04041 4.47485 8.26086 1.67725 0.612427 -5.82874 16.126 0.709473 9.99231 
-3.38672 10.4562 23.8544 10.0591 -3.24902 2.84277 4.65344 2.37671 4.89331 2.9856 
12.9341 -1.81787 6.35999 3.42529 0.47229 2.8689 -3.55029 0.632568 -0.418945 5.8241 
6.06787 -0.0866699 9.0498 6.04187 -2.62 3.09094 -2.56519 -1.35999 10.5947 8.16772 
2.90149 0.0823975 6.64929 0.481323 3.41187 1.70532 -2.86511 -2.3468 13.6278 7.80835 
1.10022 -1.74475 1.19092 5.77612 6.13843 23.8358 4.34558 -1.85986 10.5243 12.4502 
-2.87964 7.21448 -2.99353 -0.831665 15.6418 4.82581 -2.83447 2.922 3.03967 12.3979 
-3.2511 11.3844 2.86877 3.55066 4.65295 6.59448 2.75745 4.81787 3.38611 8.06628 
-4.63684 12.7892 3.37317 3.48474 5.39246 8.40735 4.19897 4.71375 4.01038 9.15955 
-1.30579 5.67273 -4.10095 0.393921 15.73 0.877563 4.18457 4.36987 2.55554 6.96912 
16.9883 9.1123 4.57874 -9.90649 4.36365 1.01086 6.99463 10.3949 6.27246 4.82178 
-1.82788 7.72925 1.78357 11.5851 6.81653 -0.347046 -4.70691 10.5331 4.81079 7.32642 
-1.7522 -0.751099 0.847046 15.8232 -2.23584 8.53516 -1.47839 -1.5741 5.67883 8.65698 
-0.579956 1.21094 5.18689 6.39673 3.53564 0.512451 -3.70422 14.9218 2.11243 8.95776 
2.35046 6.2113 8.63196 -7.79016 -1.86951 2.97205 22.4602 1.52063 -1.27478 3.33411 
-2.65662 12.5634 4.7251 5.20264 3.15845 5.77771 3.86755 4.39636 5.30347 6.97083 
0.982056 2.07166 -2.31848 5.08899 0.858765 6.95667 11.9294 -4.68433 1.87708 2.32849 
-1.52283 2.58728 14.3162 2.14209 -2.00671 2.74365 -1.0658 0.559448 9.17688 6.85266 
-0.12085 12.2087 6.73474 0.56311 4.96033 1.45203 -0.255859 5.36719 3.8291 5.61975 
-4.73035 5.20166 -0.81958 4.09229 9.98889 3.9939 -0.792236 8.92651 2.89172 15.3362 
6.01904 -4.20459 22.9761 4.1626 -6.12695 -4.55945 4.15002 10.8748 4.26538 -2.21472 
5.99158 -1.70581 11.5345 0.693604 -1.71143 -1.96875 1.52649 2.45618 10.3652 1.828 
0.970459 3.8324 5.547 2.03552 2.51685 3.80212 19.2874 -6.33752 3.72522 5.94421 
-3.54639 12.5756 2.95776 3.005 5.47937 7.15479 2.42322 5.67249 2.51697 9.0282 
-2.80176 2.75476 0.492676 0.811157 9.3175 -0.0471191 -1.24963 7.56433 2.91931 8.90649 
-3.74146 1.88416 -1.26941 7.15552 -1.36597 13.042 8.05469 -6.47522 7.16528 8.50146 
-3.96301 8.01563 20.1727 8.61719 4.76709 -4.55042 4.64856 7.05859 4.57666 6.06714 
0.848145 1.59094 0.410278 9.00134 -1.48645 12.3677 2.43372 -9.74902 8.32434 10.8644 
-0.602295 2.53589 -4.34924 -3.52039 18.1255 3.83398 0.814819 2.50452 3.59705 7.19116 
-4.61255 17.3062 7.86743 1.68701 19.6636 -7.8717 1.9519 4.50549 0.414673 7.55566 
11.1794 3.53748 14.2025 6.72729 3.94971 -7.62195 -3.33655 6.98364 7.83826 5.27991 
0.922852 4.1416 6.52258 5.60498 -0.522827 4.08447 0.104248 -1.77173 11.6144 7.28931 
-2.30298 5.33582 4.77698 13.0269 2.46838 3.78235 0.973633 -6.27063 2.71118 6.32068 
-3.8584 1.13562 0.685791 0.0410156 4.27271 3.2981 0.95459 3.16272 8.80664 8.06274 
1.97266 5.61536 12.4679 5.79028 -0.0841064 -1.89612 -2.83508 6.8064 10.9243 7.36487 
-4.52002 3.93994 -2.4198 3.2793 17.0739 -2.21912 -3.78259 5.14441 -0.228394 10.9811 
6.42798 -5.45203 -6.5459 2.24109 1.63147 6.96802 0.188477 -1.57654 4.67395 9.19434 
19.0983 -3.78149 4.45422 2.15405 2.29297 3.79199 -8.46094 4.32837 1.35242 10.6765 
4.75818 0.0797119 3.1864 12.7855 -5.65698 6.64282 -2.53613 -6.77612 6.55103 10.0219 
-4.63855 10.3944 4.79773 1.64392 3.01172 7.10156 7.26697 1.67285 3.88428 7.27087 
0.609863 7.96997 2.22705 18.1438 10.8678 6.82397 -9.453 29.037 1.81787 18.6359 
1.3429 6.28516 6.35107 4.48779 0.499512 1.552 -2.42883 9.44617 5.94031 12.2004 
4.60547 -2.60999 -3.32056 9.80859 -1.32678 11.4849 -0.721802 -6.51379 4.63086 7.49316 
1.4751 3.03955 4.68774 11.292 3.74622 2.30469 -3.83362 19.5011 1.90991 14.2471 
-4.70776 5.34351 3.57373 3.6571 5.18701 3.70325 0.846802 5.96338 3.15991 11.2357 
-2.31885 1.58325 -1.45044 6.047 6.23376 0.520386 -2.16516 14.1289 -2.29688 11.1313 
-2.24231 14.1814 5.57385 3.63306 2.4635 6.43335 6.4043 4.77295 7.11853 7.93726 
-5.1272 8.08191 -1.78955 5.22314 11.9742 3.21265 -1.57532 11.3081 6.11255 16.0425 
5.52783 5.0907 18.6443 2.71252 6.09558 -5.36426 0.573608 8.18335 7.24915 1.08459 
-3.38379 11.6527 1.71826 1.54529 3.76355 7.24634 3.5874 4.22949 1.46729 7.34583 
-3.96289 1.86169 2.95203 0.0961914 7.67029 2.18481 0.352783 5.25476 5.84863 6.61792 
13.7867 5.83252 16.8915 10.6249 -3.40027 4.78308 -2.69739 1.06763 7.23816 8.23462 
-1.58801 0.102905 -3.41272 4.20703 11.1719 0.6073 -6.34497 7.33533 3.74341 15.4689 
-3.26758 5.849 22.7861 14.5851 -0.439087 0.628662 -0.400269 -0.0911865 8.35486 7.21863 
19.4463 1.00684 -0.136108 -0.85498 7.47449 -0.239868 -2.32019 6.07141 -1.38123 10.561 
3.49707 8.37891 11.9442 -5.03235 13.9567 -4.1156 3.49561 0.150635 -0.140747 7.02942 
-0.733765 2.70374 0.161255 2.41125 7.828 2.30237 -1.78577 5.47766 3.46118 12.9308 
-3.79407 11.6494 2.40222 1.63037 5.06763 7.70801 4.48608 3.88574 1.06152 8.57166 
-5.58923 7.0498 -3.02869 -1.65845 13.2448 -0.159912 3.53369 2.89771 8.01111 6.71362 
-0.448364 -0.331421 6.3208 0.747681 4.63232 3.68774 -1.8728 -2.52039 14.0706 5.80176 
-0.448853 14.9928 5.70862 3.28662 2.27466 5.80896 7.43628 3.83643 7.18494 6.74866 
0.900024 -5.33569 4.07397 1.13721 0.787476 1.77576 -4.50391 -2.76001 9.85315 5.85608 
-4.63879 4.41431 0.712402 -3.75342 12.7738 7.28699 5.85229 1.17188 5.31799 3.604 
6.06018 0.140625 -1.99548 1.85022 7.4325 17.1943 0.629761 2.45825 8.81897 5.74854 
-2.60742 3.99988 -1.70483 8.71375 7.5498 -0.214233 -5.53857 7.97913 3.05139 13.8308 
-1.87537 3.14832 3.64612 0.792847 2.69714 1.07043 0.444946 3.87732 10.4791 8.06226 
4.50012 3.93774 4.21143 2.12671 -0.0175781 2.34143 0.285034 1.45825 9.24377 7.9187 
2.40002 2.4519 2.67725 19.114 -4.37549 11.1499 -4.13257 -11.6948 8.77625 12.5759 
3.29126 2.57629 3.17175 7.40698 5.85388 0.24231 -4.85449 14.8564 0.292725 11.9233 
3.33093 3.65771 -2.53296 3.70837 0.627319 7.78015 14.3165 -4.92505 3.48279 3.15417 
24.2932 -0.137207 2.2865 2.98816 -0.861816 1.60083 -10.3295 7.17432 -0.11377 10.5334 
18.8245 0.530762 -1.38049 -3.92639 7.22314 -1.75818 2.78149 2.70154 4.70178 5.17151 
-0.42334 -2.18042 -0.541504 16.726 -2.0498 9.19702 -1.61157 -3.01416 4.6615 7.87073 
9.95325 -1.20447 2.67896 1.92773 -0.383301 3.00781 0.711426 -3.48633 2.901 3.80469 
5.1333 0.671875 14.8298 10.4259 -2.68164 -2.40649 -6.34973 5.92236 13.8151 9.09888 
9.44275 0.346069 1.16809 -5.23181 1.88586 3.95227 9.73853 9.5498 -1.95947 3.47803 
2.40247 2.41504 1.48743 2.61023 -2.21594 4.48413 13.6022 -0.744995 5.52319 5.59485 
2.32336 5.85522 -1.00012 -2.57495 10.073 6.48718 -2.48206 5.20618 5.01086 9.88965 
4.22449 0.212402 0.248901 8.33606 3.71667 5.30969 -3.28943 -0.545166 8.1665 10.3281 
6.40808 3.40002 3.66321 20.0575 -5.32629 16.5901 0.635742 -6.26709 3.32739 8.09521 
-0.353149 4.2251 4.91492 14.7324 -3.08765 13.0026 -1.36646 -10.6667 4.32251 12.324 
-2.92004 -4.33862 4.47815 20.5801 -3.56982 8.33044 -8.36707 5.74146 7.66284 12.0815 
-5.7832 12.1453 20.9568 8.33984 -5.48853 5.68396 4.76746 2.1958 7.93079 4.28003 
2.99182 2.94153 5.96387 14.3755 0.761597 2.90491 -3.48572 -3.95203 5.95959 8.92761 
-1.95422 1.01123 -5.87512 5.1781 11.3639 1.23425 -1.49097 11.6088 5.10059 16.323 
-1.07751 13.2086 7.15759 3.32898 3.71411 1.84241 2.32288 6.11682 8.51355 7.84399 
2.12439 9.66223 11.8977 1.58203 -0.512329 3.18799 2.29224 3.64563 6.25928 4.06433 
6.83704 4.92078 -0.347778 1.77698 0.399902 8.96399 13.9716 -6.11548 5.02405 4.64514 
-0.223633 -0.585938 6.19568 4.74719 1.69263 0.930664 -2.21313 -0.922119 14.464 8.82275 
18.9801 -0.267944 4.77893 -6.2196 8.12354 -5.90845 0.810913 6.6532 2.65894 6.54675 
5.83118 -1.45032 -4.64832 2.91675 2.70667 12.4312 -1.40869 4.13818 9.9718 9.7583 
1.23254 0.294556 9.70227 -4.40283 5.5177 -2.76428 19.8752 -7.62122 10.3248 3.8833 
2.96387 -2.65247 6.24438 -1.39539 0.0778809 2.78223 13.7065 -4.34314 6.18372 2.55542 
3.11438 0.521973 6.38757 -9.30481 8.32874 -4.29773 17.2023 2.25793 -1.61902 7.72729 
-0.285522 -0.528442 -1.60571 16.924 2.95483 2.22876 -10.9646 14.567 7.16943 16.6526 
0.776611 2.74084 -2.0105 7.44019 -0.274414 3.43274 0.583008 -0.164307 12.0748 9.96826 
2.29028 5.52246 2.16565 3.30823 4.08105 1.57605 3.03113 4.01343 11.6001 7.64551 
3.37012 3.60669 19.7141 7.17957 -6.23376 -0.285034 -0.424927 6.69958 7.66528 6.78186 
3.00159 0.862183 3.76013 9.81946 0.626343 -1.97571 -5.54822 19.436 8.82568 11.8099 
2.81616 -4.8927 -1.30103 10.9987 0.589111 13.9667 -3.71082 -6.39941 12.6162 11.7743 
1.00757 2.62659 8.50012 6.68616 0.202637 4.70532 -1.10986 -2.82361 12.2118 7.41748 
-3.24036 4.9386 -3.62122 4.77307 8.21814 3.64221 -2.32837 7.63818 1.4679 12.2371 
1.0459 -1.56213 8.68628 -2.18225 8.49255 -8.26099 14.6418 4.51819 0.636597 3.6095 
-1.9989 9.65723 1.19031 2.25146 3.52441 7.36633 3.60938 0.768921 2.8335 8.59875 
2.54626 5.06372 1.04248 2.77075 2.83301 2.65845 3.10034 -1.41699 11.0923 6.25745 
-3.00476 4.66663 -7.46045 3.95837 24.0736 1.37842 -2.09094 2.83215 2.26575 10.22 
-3.58801 12.7556 3.01001 3.90271 5.31531 8.91516 4.20703 3.87561 4.59412 9.46301 
5.06592 17.5902 25.624 13.4404 4.57629 3.89417 3.08948 4.49475 8.15759 9.31885 
1.62903 3.89417 2.29956 2.35083 4.79224 6.90015 3.45813 -3.60547 6.97034 5.32288 
5.16772 -2.4668 -4.81458 4.09644 5.61658 4.74878 -5.86426 -3.05896 4.14807 11.2075 
-0.273682 13.8424 5.26624 1.59717 2.29517 4.0835 4.16101 3.1344 6.76245 4.69446 
-2.01733 2.66785 -5.19189 5.53345 10.163 2.0636 -5.38757 7.78577 2.52478 14.9536 
5.72876 4.16223 -0.0576172 11.6061 8.37158 2.11218 -8.77747 28.5282 -0.0349121 8.91577 
2.55713 2.70532 -3.57922 0.667236 4.36377 13.1713 2.52222 9.03186 5.7002 4.71094 
-2.58777 3.4137 -5.28235 -3.48303 21.6661 1.23462 -1.57007 3.10364 2.64209 12.7388 
13.2847 2.03174 3.39624 0.849854 4.90686 -1.24268 0.956299 5.59595 -0.528931 10.1416 
-3.27197 0.28894 6.58777 -0.102417 5.21252 0.482544 -1.39319 -0.650879 13.6259 9.80298 
-1.92773 3.32751 -8.86731 5.21118 8.83252 4.125 -3.54285 6.1366 2.93103 10.6271 
0.520508 3.62976 -1.74463 0.447998 11.9187 -0.227173 -2.35632 12.2089 1.60986 15.7699 
-2.02258 12.5551 5.13721 4.07288 3.28052 2.83398 3.34082 5.25281 5.7323 5.72974 
14.0764 -1.05579 4.02527 -2.17761 4.74646 -2.73938 5.00647 8.72375 0.0354004 3.58655 
-2.0564 0.489502 0.505615 12.1423 -1.66272 12.5081 5.13306 -3.80322 1.54333 8.47302 
10.0304 11.9919 20.4561 15.6835 -3.00708 5.62012 1.47034 5.32129 19.0277 5.79565 
-3.02039 5.90552 5.8385 23.3204 1.48315 6.18176 -7.09766 -7.6333 9.07849 9.32153 
2.92932 1.36401 2.84961 9.04614 3.48718 -0.644653 -7.38977 18.9272 3.27881 10.8907 
7.03516 0.52832 5.91809 6.69482 2.13525 -1.85071 3.03577 -1.80737 6.16675 0.486328 
-6.94141 3.53955 -3.56409 3.45972 9.05786 2.24341 -0.913452 6.927 3.67358 14.1107 
-5.44385 4.51111 -1.23975 -0.432251 13.2007 3.31543 3.02393 1.31787 8.11475 8.09082 
13.6555 -0.206177 3.82971 -2.65747 6.2677 -5.00842 0.138794 3.06201 5.19641 4.94189 
3.97388 4.95337 5.12744 -1.63696 0.241089 2.53992 11.7717 -3.96814 4.8324 2.55737 
-2.59558 -0.0357666 2.65906 19.6478 -2.57239 9.93274 -2.89526 -2.66516 3.29541 10.6523 
-2.92175 -3.12036 1.49402 7.20117 5.39343 -3.63318 -3.76013 4.70068 3.1637 13.8284 
2.74023 -1.60315 -0.615845 6.50818 2.64343 13.3821 4.07397 -2.34338 0.778442 5.76978 
2.73047 6.1427 26.7191 14.9745 6.53247 -3.69482 0.308105 -0.325439 5.73169 2.11035 
-2.52869 10.1017 1.2323 0.654907 5.63245 4.62854 2.2373 6.29163 1.13672 7.49622 
1.20203 -2.55469 7.95764 19.5559 -2.255 8.35999 -10.8269 -3.02002 12.385 13.8407 
-0.606812 12.0868 6.1499 1.83374 1.01025 3.82605 4.56995 4.37207 4.68542 4.58167 
0.751709 4.15466 2.51025 11.0908 3.27539 12.5527 1.56335 -5.36829 4.70862 10.1885 
10.0646 5.64807 7.36792 0.507324 -0.973145 8.20386 14.1768 -0.99292 6.9165 5.93689 
-3.18005 -0.313354 2.65015 8.83521 -2.71094 13.2285 1.64465 -7.62036 4.98694 8.64355 
-0.00524902 -1.75037 7.37805 8.26477 1.35156 -3.65015 -1.83752 17.1317 6.63525 7.26709 
-0.29187 7.87878 -4.82178 -0.547363 10.9819 7.25159 0.307617 2.19482 7.20361 10.3302 
-0.768311 11.1156 22.2539 10.2039 -5.47876 4.65527 1.50635 -0.0964355 10.7941 7.12732 
-5.39429 9.10107 25.2815 11.1718 1.64014 -0.888062 4.91016 -2.62354 6.4458 5.15442 
0.877075 1.88354 6.33716 -3.05603 4.74561 -5.22864 13.5763 9.02246 4.69299 -0.199219 
-1.08875 0.237549 4.65405 9.4823 1.89502 3.51489 -2.39502 4.36609 6.70422 9.02856 
-5.09595 12.262 22.8191 6.2616 7.16284 -5.17859 9.76428 -0.287231 1.61731 3.29968 
2.03467 -1.26343 1.41724 -5.22937 8.64258 -0.559082 15.9637 -2.55383 6.89722 2.49683 
0.408813 -1.35876 1.97742 0.60791 5.20105 21.2603 3.23584 -3.07373 10.9215 7.94885 
-5.34961 8.27356 -0.0836182 2.047 13.0045 4.448 2.224 2.36011 5.34692 9.56226 
1.5802 6.42395 2.59924 3.41687 1.69995 4.81531 8.27039 -1.32117 11.6494 6.51563 
-5.776 5.93652 -1.6759 5.01123 8.10266 6.4989 -0.974121 2.10327 5.80969 13.3754 
-0.49292 7.90088 2.73706 15.6835 9.72534 4.99768 -9.9115 17.3756 1.83765 15.0465 
-0.370239 13.0413 3.31445 7.26306 9.0426 2.45959 -0.604004 7.02808 6.77405 5.14478 
0.471313 5.80835 5.21997 16.5623 0.323486 6.96643 2.98218 -6.5531 2.77954 6.75952 
20.1146 3.65076 1.08313 -3.32727 6.49182 -3.67603 0.00439453 10.2747 0.475952 8.93005 
4.04114 1.1571 5.29712 16.2129 -6.23584 11.9303 -3.02979 -12.9934 5.73572 12.538 
7.72498 -4.76624 1.56104 8.69592 -2.03857 3.87402 -5.41443 -5.32996 13.2344 9.57178 
-1.49182 5.17859 8.48523 9.6626 0.645752 4.95093 5.15356 8.20264 3.42004 -0.685669 
-4.19299 12.7928 3.4978 3.72388 4.84814 9.52698 5.12366 3.80127 4.35779 9.0863 
-3.7533 6.43005 0.361816 2.20386 8.396 3.10999 -1.74268 2.63123 2.70776 10.8219 
-1.39099 6.61584 8.26123 13.3884 -0.932861 8.00061 7.64685 -8.15967 5.52771 5.45313 
1.80408 5.19653 -2.09802 -3.54065 13.0225 0.11792 1.13098 3.95422 1.33032 7.86743 
0.0982666 9.67615 2.11292 -1.32397 18.3685 -5.5105 0.0872803 6.89038 -3.26611 9.26697 
3.5697 6.41199 5.65027 1.18298 0.344604 6.58972 15.6057 -7.50244 5.74414 4.83606 
3.24231 4.74902 2.2489 -1.98962 15.015 3.45447 -0.17749 4.36511 2.69507 7.01843 
-6.52698 19.3232 26.1565 9.04846 -3.10864 6.65332 3.46301 2.98572 10.3638 10.0757 
-1.05627 14.7548 6.80737 3.55029 2.12793 5.28723 8.77112 4.15186 6.86523 5.81372 
4.24158 6.5835 0.640869 3.90747 1.17114 2.12524 6.24133 1.30945 11.3953 4.32544 
-0.0874023 2.51465 19.2695 8.05151 8.84229 -6.45264 5.76404 2.3844 1.53235 3.9624 
0.303467 -0.532715 0.742432 5.84888 0.498535 14.0261 0.481079 -6.9707 9.2478 11.4513 
-6.87085 10.7175 -2.4104 0.804321 19.7429 -1.91589 -1.66809 7.63428 1.38733 9.75146 
-1.49719 4.76733 5.38062 0.640625 0.818115 3.28931 1.34253 0.484253 6.02026 4.96582 
-1.16187 -0.498169 1.65405 3.32056 5.19141 2.70386 -1.57788 -0.52417 6.01123 3.81396 
-3.76953 9.7301 -1.86292 0.651611 17.8247 2.8158 -0.776855 2.68994 4.0426 3.76331 
8.95215 0.177979 1.18005 5.05823 3.40417 1.54871 -2.93213 6.36987 -1.01794 6.98462 
21.552 1.26758 2.77429 -2.40173 5.20935 -4.79358 -1.21814 6.50317 0.261719 9.40308 
9.26587 11.6064 18.026 12.6058 -2.24292 4.17236 1.09644 6.49524 19.7842 7.76904 
0.693359 1.09155 3.62122 13.4446 4.16895 11.1646 5.43591 -4.40564 -0.168701 6.91394 
5.81384 0.886841 19.2614 10.3584 -1.18555 -3.36914 -1.16675 4.39575 6.35254 2.35583 
-1.70068 3.25769 0.214355 5.10754 6.88574 0.648926 -2.76233 12.0034 2.90125 11.97 
-5.72571 4.87927 3.45129 8.50342 6.79834 3.06165 -1.49475 8.21741 4.01379 11.5991 
5.54858 0.0291748 -2.34253 -1.07617 4.2041 -0.913086 2.5697 0.644653 0.377441 4.35547 
-0.179565 -0.0496826 8.0769 1.30688 1.45898 5.79126 4.35474 -10.786 14.5436 4.71667 
-1.01453 2.51563 4.03113 3.72131 5.58533 2.25696 -3.20569 13.6376 7.85205 7.62134 
-0.571533 5.9043 -0.680664 -0.414551 12.4657 0.0980225 2.03992 5.23584 4.85608 6.85071 
-8.31421 9.02246 3.36523 5.17322 21.7385 1.04834 -1.74377 2.51331 4.26147 12.0215 
-1.33142 3.80908 9.93738 9.88513 1.53662 -0.821777 -1.9303 12.9133 3.02649 11.6781 
-4.70374 2.34277 -1.04443 5.39734 9.55383 3.53027 -3.24097 7.75208 3.76184 14.8621 
1.78235 0.254517 13.1154 -3.47546 10.7838 -9.255 25.6896 1.93359 -0.963135 4.20239 
-2.77771 4.8772 -2.76563 1.323 11.0133 2.40918 -1.3811 8.45715 4.78113 14.4244 
16.8466 0.479248 3.48547 -3.72705 2.69751 -0.553223 1.61121 4.68823 0.808716 5.52551 
-2.99597 0.826904 1.94751 3.80237 5.32166 -2.15479 -4.65881 7.00598 4.60803 11.0092 
-0.329712 1.86353 4.57581 4.18652 3.16248 3.31555 -2.06885 -2.48926 11.8824 9.16406 
12.2751 -4.24146 2.63037 -1.7146 3.77917 -1.20032 -3.35474 7.61584 -0.267944 9.81299 
-1.4563 3.72754 -3.2019 -1.32581 14.3674 1.40479 -0.782104 3.99988 2.74231 12.3983 
5.59302 3.23376 9.48792 -0.762329 0.846558 1.55518 11.4108 0.167969 1.04663 0.649414 
12.476 -4.98218 3.40918 1.85632 1.71167 -1.44519 -6.03809 3.54382 3.21484 8.60352 
-1.07898 1.32019 -0.210571 -1.43115 3.80713 3.98364 14.0569 -7.45398 7.98315 7.06519 
-4.29126 1.28479 -4.00793 11.782 8.4491 2.22595 3.49561 -4.80444 5.55542 5.78308 
6.73462 1.05115 0.404663 2.84753 -2.72766 17.181 1.86938 -2.26758 7.87451 8.40283 
-2.57544 7.17603 -0.796509 1.09607 13.4561 2.41248 -4.00745 5.64453 1.69434 10.9357 
-0.774658 2.93884 5.99353 3.77942 2.44678 3.85522 -2.71973 -0.470215 10.3934 10.2914 
0.0789795 3.82166 4.12927 16.5958 -2.83875 8.30432 0.410278 -10.579 4.62231 9.39685 
2.0144 2.43384 3.56384 18.0603 0.900269 6.39783 -6.87939 -5.33472 7.47095 8.10803 
-4.39685 5.16016 -3.77295 3.38684 11.8154 5.87427 -1.96875 6.64233 4.50232 15.7483 
-1.05627 -2.39612 7.24744 20.2402 -2.56226 12.65 -7.37329 -4.90344 6.36963 11.5961 
-4.94897 3.91931 0.238037 18.6917 2.89563 8.98303 -2.56226 3.27161 10.3345 11.0536 
0.730469 -1.84656 10.1481 13.196 -2.18005 -0.475342 -7.23547 9.47485 10.384 9.63782 
5.21655 1.16846 -3.08521 3.97058 7.63318 0.0666504 -2.50342 16.5591 3.51563 9.59497 
1.51489 1.42896 4.68408 4.64978 1.3009 3.44604 -3.77869 2.07751 13.2871 9.36731 
20.6489 -0.687988 6.4032 -1.83862 -1.32678 -1.78333 1.89966 5.87805 -0.115723 3.4032 
0.639038 7.67395 9.40991 3.74341 4.21594 -1.3418 0.143677 3.20544 7.29419 4.69458 
2.0769 -1.78076 10.8306 4.04175 3.84631 -4.78357 -4.86646 6.21692 7.96692 8.10083 
-4.87915 12.1959 -0.231567 2.75452 6.47559 8.65015 1.08899 3.75537 3.53394 11.6349 
0.463989 3.77087 2.37793 10.0089 3.56311 2.50269 -5.2655 19.8981 -0.202026 10.973 
20.9711 1.15405 5.11328 2.03711 1.81787 -1.04993 -1.43896 5.32422 3.00293 10.3607 
1.96082 -0.731445 3.07166 2.27869 4.27258 1.0874 15.358 -6.80664 5.23914 -1.12964 
1.13635 -3.12915 -6.78296 8.21167 2.83472 11.9822 -1.51221 -1.17786 5.70618 10.9015 
-0.784546 5.33459 -1.69397 -1.74072 13.7448 2.79016 -5.46082 2.02991 5.24927 7.50867 
-2.83386 5.30444 7.10645 22.0586 0.0872803 6.8335 -4.05542 -12.2051 8.67004 11.1792 
2.84656 3.82568 3.29529 5.45471 -0.905029 3.65576 4.77893 -3.73889 7.10437 3.57556 
22.9448 -0.634888 1.76245 -1.89478 6.42224 -0.963013 -5.03882 9.56128 0.98645 14.6488 
-4.58228 7.05298 -4.83472 3.94849 8.94385 6.20532 -0.430786 8.72498 7.81641 15.4764 
3.91785 4.59229 3.27222 3.18591 3.40576 6.18738 15.5768 -8.81677 6.4198 5.6853 
-0.838135 2.88708 2.32166 12.9318 3.74158 5.70349 1.30933 -9.43738 4.45667 7.16846 
2.97949 -5.07642 6.5603 -0.940552 1.61353 -2.96851 -2.37061 -1.35034 9.12671 8.6051 
14.5233 -2.01624 3.94751 -0.0526123 3.9939 0.149414 -0.296143 10.9194 -0.596924 3.51318 
-3.19055 0.460205 -0.185913 4.73157 9.35144 2.48291 -3.88672 4.94495 4.82739 16.5261 
-6.98389 -1.28833 -3.19653 4.68018 9.74756 2.71265 -3.72607 5.55737 4.76587 14.8378 
-0.626953 6.08313 9.54126 -2.89673 -1.71106 1.73962 17.7115 -1.71716 6.6554 6.11157 
3.68213 0.787476 4.16565 2.7428 2.94458 -0.909546 -0.637573 1.13525 10.1523 8.26538 
0.862061 -1.43542 11.0553 -0.298584 -1.16882 -4.05322 16.4971 -1.23279 5.84766 -1.29346 
-0.203369 -0.881104 2.69836 1.68774 0.673828 2.31226 1.54321 -1.72229 8.07202 7.44714 
3.55396 -3.55847 0.0917969 6.50476 -1.48425 20.6405 5.03149 3.42517 11.6882 12.025 
-0.552734 7.52136 2.50732 6.4552 3.79333 6.55457 -3.10754 12.7773 5.99158 13.4618 
1.21545 4.15723 1.77942 7.12659 4.71948 4.4314 -2.91772 -4.60193 11.0577 8.50354 
-3.2467 -1.68323 5.11523 1.22107 5.36121 -3.08008 15.9426 -1.12695 7.17749 2.77588 
18.4309 1.32422 4.62415 2.3125 -0.30127 1.6543 -7.29724 2.79382 2.42676 12.374 
1.68945 2.6676 17.2303 7.52612 -2.7395 0.611938 -4.97437 0.227295 10.0446 10.1774 
2.31909 4.51257 7.04236 -1.47656 12.511 -5.6698 8.13525 -0.18396 -2.72461 7.81555 
20.2032 0.577637 -2.69214 -5.85791 11.9305 -1.29834 -0.0214844 10.5508 -3.2168 9.03516 
-8.69543 12.5891 27.8684 8.95593 3.50073 0.786377 3.93018 -1.56958 9.28442 11.1189 
4.35205 4.25122 7.49951 4.41541 0.962524 -2.01172 -2.59497 3.97949 9.02795 7.44604 
-3.46191 1.62073 0.959961 11.0792 2.20728 8.88232 -3.40552 0.700195 5.47388 10.4775 
1.74304 19.4447 10.9282 3.48767 3.68323 2.70117 6.38599 6.2876 6.63123 1.69434 
-0.952881 1.90527 -3.69519 8.38232 7.17102 4.42004 -3.38098 8.55811 2.75269 13.7443 
2.17639 5.51599 10.1112 7.36267 2.4906 0.260254 5.11462 17.3495 2.02185 8.77527 
-0.946167 0.0987549 0.883545 13.708 -2.25562 15.0729 0.29541 -3.34497 3.04834 10.671 
-3.0304 6.65259 6.50146 4.22656 1.54309 2.81348 2.8512 -1.62305 8.63806 5.08398 
17.2125 2.22668 0.855713 -0.894775 7.70569 -0.481934 1.08105 4.91321 4.17334 8.38013 
2.22534 -0.128662 5.68408 0.503174 0.788574 4.2771 -2.50073 -3.60767 13.014 8.14343 
-2.09778 7.82092 -1.61548 2.27808 16.7717 -5.44885 -0.116699 5.10291 2.4939 8.11316 
4.33289 7.54663 10.1604 -0.601563 6.18152 6.98535 26.7675 -4.59949 1.37195 1.28491 
2.0564 5.47205 12.0566 6.27124 0.560181 1.74268 -1.69727 -0.586914 10.2651 7.88452 
5.40552 6.06812 10.5447 -9.81519 10.2793 -8.92664 21.8992 3.90881 -4.12134 12.5679 
2.79016 1.91528 4.14087 10.3177 3.46899 -3.83948 -6.94031 24.2432 7.61096 13.5394 
-1.39624 2.81445 2.87561 0.112549 7.80334 -2.71216 -4.28516 8.61047 2.08447 10.1128 
-7.6051 4.75183 4.96106 13.0599 0.72644 6.20667 -0.722534 11.1692 6.81348 13.8397 
7.78687 9.41711 13.3634 6.12158 1.63818 -0.575073 12.5229 -2.19458 0.441772 -2.13611 
-5.2251 -2.65027 -0.18103 0.771484 8.96057 6.95679 0.564087 1.8457 3.98779 12.1697 
0.182861 3.62708 8.25146 3.65259 0.567261 -0.069458 1.52893 -4.27893 14.1632 2.30945 
7.5802 -3.58582 22.6849 12.0188 -2.57458 -5.68958 3.31201 0.00720215 8.25488 4.05688 
-4.67065 12.1774 18.8297 7.72766 2.98071 -1.79797 1.81641 6.12256 7.36084 6.86646 
-7.79651 0.446289 -5.85632 9.59485 10.3634 1.10229 -3.11304 10.6865 2.9425 17.9561 
-0.991089 11.375 15.9392 5.43274 -2.02002 0.587646 5.71985 2.83289 9.49487 -1.0946 
3.65967 1.36438 2.30676 12.6477 6.56238 7.85925 -7.36975 20.0267 -0.928101 12.2245 
-2.57983 3.7793 4.58386 12.5703 0.305542 3.75134 3.09961 -2.38342 2.13147 1.56677 
6.86609 0.947998 -4.8822 5.08179 1.60767 18.1141 0.566284 10.2452 11.8162 8.28345 
-5.62561 7.56653 -2.45471 3.4801 10.9536 3.70178 -1.01819 7.36877 5.34619 14.8531 
-6.93018 14.4708 3.23413 2.31189 6.23438 10.0903 3.97815 3.78955 4.50854 9.54321 
4.31628 0.31189 1.26331 6.5946 1.58545 2.56165 3.28687 -1.66235 11.2318 6.02209 
18.2556 -2.85181 4.05798 -0.195923 3.30042 5.97876 3.28198 6.7644 -1.29175 2.48608 
-2.30029 15.4242 25.8622 13.0876 -1.84509 5.177 -0.0244141 0.81604 8.68616 10.2332 
19.6337 3.13647 5.8324 -2.22473 5.3075 -8.2511 -0.848511 10.5892 3.93774 6.51001 
1.28503 2.00085 0.422363 7.72595 0.0865479 10.1393 7.75098 -6.76379 6.1344 6.67615 
8.82617 10.5619 19.2838 -0.631348 1.83533 1.67627 11.8938 4.78955 1.40332 0.324097 
-4.5675 12.814 1.52722 1.22717 6.01758 8.45776 2.11829 5.09241 1.5575 10.3585 
-4.1145 -1.1709 2.19348 22.2637 -2.62732 5.79126 -7.40039 -5.88 7.73096 11.9274 
0.0622559 -0.602661 7.1377 7.52625 1.6189 -0.535156 -4.20959 13.6853 0.0947266 8.73108 
7.28259 4.5575 2.92603 2.23682 0.513306 4.23413 14.8163 -1.2688 2.01758 2.74756 
-1.36206 4.64307 4.2843 12.3763 7.297 1.27649 -5.67212 22.4071 3.0896 14.8462 
-3.90576 12.2203 4.90405 3.51355 5.54175 7.9458 4.61072 3.58813 2.84558 9.23926 
-4.95715 11.0442 20.5254 9.51819 -1.6134 3.47485 3.5708 -0.143311 11.3857 9.37158 
3.65015 -1.67432 -2.09131 12.23 -3.29761 11.0216 -2.07983 -11.0846 6.80554 7.3717 
-0.674316 1.70874 6.01599 9.47974 -2.43176 3.84216 1.60181 -0.15564 12.1531 6.00342 
23.4287 -0.474854 0.658447 1.98169 2.54346 5.34082 -7.0592 4.8103 2.5564 13.9016 
-3.91211 -2.35498 2.26746 16.7858 -1.58545 5.26477 -7.23633 -3.00537 8.05139 10.358 
3.78711 3.47046 -1.15173 3.08765 9.8717 3.57471 -2.26355 9.37061 -2.13782 8.3197 
-2.67493 8.80261 7.47339 5.72498 1.354 0.939575 -0.94165 4.2854 7.19666 8.55188 
-1.89758 11.0374 0.201538 -1.42676 20.2802 -3.93359 3.46399 5.05896 0.143677 5.19263 
11.2662 0.0909424 2.7406 4.12402 1.39038 0.559326 2.51282 -2.04297 -0.80542 4.13245 
-3.94385 5.70056 -2.0658 8.29858 11.1897 4.375 -2.81982 10.2509 4.36597 21.0201 
-3.40906 12.7761 2.64331 3.99902 5.46338 9.12537 4.66211 4.06836 3.27417 9.13403 
7.37134 3.19714 7.97693 5.54773 3.09094 4.99902 2.6239 -0.302856 16.2059 6.6521 
1.29053 7.2948 15.7428 -11.0778 1.13123 -7.19324 20.269 3.02258 6.80481 -0.0720215 
1.45239 8.74731 0.0266113 2.52576 4.72437 2.85706 -2.37048 11.817 6.32263 11.3817 
-2.96399 2.34949 4.42297 2.49377 0.645142 2.20789 -0.130981 7.24634 4.8772 6.70154 
-3.76074 6.30945 0.0924072 0.9375 13.0376 2.64465 0.698975 5.28796 3.09216 6.34412 
-3.42566 -0.828003 4.93481 15.2676 -0.469727 9.60376 -4.96057 0.835938 5.1604 9.77319 
4.16162 10.1837 -5.27478 -6.4425 19.3208 6.21716 1.81213 1.39648 9.33044 10.7324 
0.399414 -2.56238 1.17273 3.47327 5.97205 -2.37292 0.175171 2.00269 -0.252808 10.1455 
-1.98608 14.7133 6.44202 4.32886 2.49463 4.75891 5.76599 6.18079 6.73218 6.7594 
0.406738 -0.0543213 -5.32727 -1.09668 10.7258 1.90393 3.47998 2.80542 7.65601 13.7582 
4.29248 3.40674 2.51355 12.7717 -0.766846 13.3555 4.5459 -11.9086 4.18774 9.28516 
-3.6748 12.3488 4.6156 4.13159 4.97339 7.47607 5.11536 4.95337 2.80591 7.89355 
5.86597 -2.42969 7.03894 9.68933 -2.91626 -2.88135 -5.29895 15.949 9.8385 6.64429 
0.610596 -0.251343 5.10291 15.2339 -4.02393 5.16846 -3.18884 -5.31665 4.19116 8.60095 
-4.82971 2.71143 -1.6582 3.85364 7.3988 -1.16687 -1.18884 5.30188 2.85364 13.359 
-3.38086 0.0162354 10.3196 8.1958 0.393433 -2.85303 -4.45544 14.9714 3.18762 9.35229 
-1.12158 3.09607 16.0004 -7.38525 5.08936 -3.0907 24.1122 3.15015 4.44531 3.26257 
-7.32434 1.15283 -4.89001 10.9531 10.8394 1.13403 -3.50793 10.9255 3.27258 16.144 
-4.25085 12.2102 1.9624 0.00952148 5.5105 6.70898 3.76563 5.47461 1.77661 8.5249 
-0.930176 3.70361 -1.31812 12.4838 1.19983 10.8503 2.63452 -3.68701 2.88818 7.25208 
-3.61804 7.66577 9.58032 7.9646 3.86462 0.774536 -0.686157 6.08252 7.07886 7.84192 
-0.552612 -0.0490723 4.06738 2.55115 0.461182 -0.222534 0.771729 -0.200195 7.9209 6.29224 
-4.84473 1.55164 8.9978 18.8245 -1.13184 6.48572 -6.2002 -3.31201 8.69934 11.7914 
1.59387 0.752319 1.96851 12.3264 -0.619385 6.0177 -5.41101 -0.680176 8.66504 10.7041 
10.9418 5.88696 5.60229 0.670898 2.74207 4.03162 13.6847 -4.54724 3.52356 4.9071 
0.640381 4.38025 -0.757446 -1.21155 8.1759 1.6626 -2.01709 6.72827 -0.0102539 6.81909 
7.74219 5.29919 18.8594 10.1428 0.103027 -0.145264 -4.02637 5.2373 10.2678 9.76648 
-5.09009 1.30896 -0.223022 -1.20715 10.4443 -0.122437 0.52771 1.21082 3.20032 6.91431 
3.36682 -2.41162 -3.07825 12.9574 -0.329102 14.2592 3.39038 6.75635 8.0509 9.48975 
0.426636 2.08093 3.78894 2.50049 3.31396 4.54419 2.20813 -3.6001 12.9685 6.78687 
4.48755 3.32581 -3.51282 2.77112 5.98145 26.5211 9.70605 -4.62219 16.6415 9.3728 
-3.29651 12.7032 4.73438 3.6698 3.92908 3.01855 2.08105 6.48657 5.64404 7.02563 
-2.33264 8.8916 4.34021 2.26953 2.24817 7.45886 2.98694 2.11841 1.90979 8.48108 
-4.60974 8.948 -0.628906 1.86121 17.2271 -1.75452 4.22559 3.14246 5.24512 9.55005 
-7.46423 0.197266 -0.0351563 3.73108 14.1906 -0.387573 0.783813 0.965942 2.89551 10.8728 
-7.48059 2.14111 1.32349 11.8687 3.43274 8.08191 -0.437866 6.45349 1.84656 6.90735 
-6.54858 10.6459 0.389771 0.920654 4.72083 7.00439 3.59729 1.07153 5.39282 9.59473 
21.8242 2.60461 2.83289 4.86743 1.0542 3.15332 -1.82166 4.33191 1.4071 8.75964 
-1.30518 4.25574 3.74939 4.78735 5.24548 -0.969116 -4.901 13.5037 5.02332 10.673 
-8.50598 5.11926 10.7166 11.651 4.2876 -0.682251 -2.57007 24.3944 4.52222 8.57947 
20.8652 4.18628 5.6543 6.90662 3.53931 2.16833 -0.209961 3.06433 4.17761 9.09253 
-1.10559 8.58838 5.38293 11.3972 7.23059 1.69043 -5.4834 18.4227 -0.119141 13.3032 
-2.20251 1.3551 -3.37048 4.25684 8.32971 3.52502 -3.85913 7.8656 0.540894 13.5366 
-3.06079 6.42456 -1.41565 3.48181 9.9801 2.73486 1.61755 5.24011 3.7395 10.4602 
-8.03735 3.03491 -3.46362 -2.70264 16.4255 0.225952 -0.940918 5.68896 1.4873 7.3175 
3.06799 2.63281 5.12134 3.44006 0.560791 1.16296 -0.012207 0.333862 14.2279 5.36218 
10.3479 2.83411 2.41736 13.9216 0.000976563 24.3779 -2.7937 7.90942 10.2555 14.4741 
0.827148 -1.21753 -5.5979 7.58813 -0.493896 20.3904 5.87451 -5.28381 6.26306 9.94385 
-0.771973 10.8682 2.48181 0.0361328 13.3488 2.88708 -0.473633 5.95837 -1.66406 9.97681 
17.2323 -2.43909 6.80652 2.6814 -1.74597 -0.574219 -9.78503 0.47876 8.02234 10.2544 
4.45325 1.57886 -1.21875 2.64001 2.88794 2.04016 1.63 -3.31274 7.94043 4.01538 
4.73657 -3.35034 16.8583 12.0883 -4.48279 -4.88586 -4.98816 7.9137 11.8563 6.4375 
-1.82422 13.3247 6.61206 6.28821 2.22314 6.64294 4.41052 5.3396 5.5271 11.2758 
8.6676 1.64673 3.23792 -3.1925 2.66785 -0.835083 4.55212 3.9176 0.234741 5.96472 
2.02637 0.31189 8.30225 1.5282 1.60278 1.94934 -3.15955 0.422852 14.876 8.8175 
-5.85925 -0.901001 -4.81982 2.35071 17.8114 3.78796 -4.50244 4.05396 6.7793 11.2164 
5.11938 0.377197 1.28479 2.64636 1.61926 10.6421 4.81689 -17.6555 12.1603 6.51794 
15.4205 1.47705 2.63171 0.991333 -0.180664 1.27246 -0.0906982 2.31116 2.20618 10.7074 
-6.43726 6.83008 -3.20166 4.42944 17.8378 -1.43555 -4.27588 6.32263 0.0444336 11.0608 
9.7229 7.19739 0.68042 -2.45325 11.7865 -3.88892 2.77454 14.8473 -2.65955 5.15491 
-1.51648 6.79993 4.21179 -4.84912 4.37134 3.29761 17.5234 5.15881 1.23303 5.6803 
-2.42419 12.1969 5.23572 3.80737 2.52917 3.48022 4.49377 5.53833 5.84131 5.33582 
-3.8739 3.25562 -1.07874 6.30029 4.48511 4.03809 0.660889 4.44934 1.57556 8.45959 
2.42407 2.05261 9.26392 14.2987 -4.08655 6.49805 -6.71265 -3.00952 10.2678 11.4333 
6.02039 -1.20032 15.5337 7.94568 -4.65149 -3.4574 -7.95654 1.37256 13.6235 9.98376 
5.31726 6.92261 2.76697 3.27625 -0.275024 9.48389 20.1611 -4.88464 5.65466 3.59668 
6.01062 2.63672 -10.1326 3.29626 8.27332 6.38269 -4.90723 18.7961 -0.811035 10.042 
0.848022 2.64209 23.5184 3.89734 4.94958 -2.77417 7.55664 2.52173 0.913208 0.539795 
0.60022 -0.725952 8.47144 -6.78796 8.35974 -5.23975 15.1461 1.30737 -0.360718 3.81689 
-4.39392 -1.46606 -6.22424 4.71863 11.2458 5.36084 -5.87805 4.15222 6.00537 15.1426 
1.11096 3.65698 3.5498 15.3301 -1.15515 11.6055 1.67761 -8.66577 3.17053 8.67493 
-3.36279 11.953 2.73462 1.04541 4.34973 8.83618 4.4209 3.69543 2.34351 7.75854 
-7.41003 6.69922 3.01965 4.2937 16.8485 -1.35571 2.80286 0.709839 2.76648 8.48914 
8.38025 0.602417 10.4299 -6.41748 5.0343 -3.39587 16.8047 10.4214 -5.65393 0.991821 
8.73132 2.38733 14.5623 11.3098 -4.93433 -0.151123 -5.25061 0.422729 16.1144 8.8894 
0.771362 2.97241 -1.94983 10.509 -3.85376 12.8455 7.78784 -7.7843 3.33008 5.03027 
-1.53149 6.43506 1.38513 -1.5127 10.2135 2.98767 -5.32056 5.43384 2.17249 12.9031 
1.76758 0.000976563 15.5142 6.32703 -2.57068 -1.85303 -5.88831 1.90991 11.1896 9.82019 
28.6036 1.58167 4.94824 -1.7522 4.79578 -0.641968 -3.97266 9.09387 4.4635 10.281 
3.77612 5.84546 4.83984 0.952148 1.4906 4.41016 15.3777 -5.42908 2.0575 2.78027 
11.1442 5.53442 16.8206 8.93726 -0.376831 -1.3103 -0.953735 2.14185 9.41846 8.34204 
-2.02332 15.4888 6.48303 2.46899 5.94556 2.75403 -0.937012 6.08862 6.0658 7.30811 
-2.40833 7.07532 2.24438 9.56409 6.7948 1.46118 -5.04138 15.578 0.903687 13.6671 
0.374878 -0.0731201 2.01733 18.1481 -4.31555 10.4027 -4.41821 0.0501709 9.04749 12.3835 
-3.19177 8.76074 1.57593 1.88879 11.9141 1.60522 -3.05786 6.20935 0.122559 10.3519 
-2.47607 11.4683 5.89966 4.31482 2.56226 6.17395 3.89514 4.0199 3.96631 7.18494 
19.9205 3.36353 0.55188 -4.72595 7.58997 -2.95044 2.40576 9.94409 -1.07581 11.1136 
2.57642 -7.98181 -3.74634 15.0513 1.34387 17.2468 -4.97217 -6.11707 9.31677 16.0603 
-0.460083 8.8446 -4.32739 -2.25476 17.615 0.761475 4.29285 6.88086 2.26733 6.6283 
-3.55713 0.179565 5.64758 18.9805 -0.33252 7.85596 -4.14087 -6.31909 9.8009 11.4103 
-2.53625 12.8134 5.77185 4.50037 2.44373 3.18335 3.87329 6.4696 5.65637 5.79211 
-2.61914 10.8755 1.53662 0.856812 4.25281 7.44312 3.63 2.97595 2.26709 8.75464 
-3.34082 -0.677979 8.55481 9.09741 3.47034 -3.1582 -5.30786 15.9694 1.34216 9.02234 
-2.37854 4.46826 -4.6189 -0.219849 19.3596 1.75696 -1.34241 4.22058 4.67053 9.19788 
-3.99524 -0.119995 -1.71509 3.73291 11.5012 0.536743 -0.0563965 7.17542 3.92029 15.7186 
-0.343506 -0.0249023 1.49524 5.45068 7.10107 3.46277 -3.7417 4.84741 5.10559 14.7552 
-0.138428 6.77441 2.55103 -0.936523 8.99304 3.72058 2.62427 4.32117 4.36633 8.39441 
5.70813 3.67273 3.00562 -1.12512 0.226807 3.97009 6.33179 -4.72119 10.4727 3.78125 
-2.67798 4.99866 -2.16077 2.63977 19.3276 -7.33728 4.66553 5.14209 -0.152954 8.66907 
19.9034 -3.47864 6.06763 3.31519 -1.22644 1.59656 -7.72046 2.28064 2.36377 11.1617 
7.21912 -3.7627 19.5511 5.82922 -2.57019 -1.854 2.18433 8.71252 2.76526 3.16077 
-4.17566 4.96301 -3.80359 -3.64001 18.8304 2.11011 1.34717 7.69373 6.50549 9.38354 
3.6499 -5.02588 1.89014 7.64734 -2.18018 13.9753 0.71521 -8.11963 10.1936 11.0851 
-1.64233 14.2795 8.06934 1.50696 2.38159 3.7135 2.76563 5.61438 5.15564 6.44934 
-2.85242 13.1973 4.33862 3.22327 3.96973 8.08887 5.94873 3.73584 5.02136 7.92773 
5.33484 3.48755 1.2782 3.7688 -0.0522461 6.07043 16.0455 -6.79541 5.73474 1.40283 
-1.45435 6.71741 5.07788 2.1698 19.2965 -0.446777 3.21887 2.13745 1.75525 9.34204 
-2.70654 0.898438 -0.729736 -0.243652 9.34631 -3.38965 -6.16223 17.0253 -3.86914 13.2209 
-4.00513 11.0983 1.38672 1.73328 5.81445 6.5127 2.59668 6.09851 1.2771 9.19592 
-5.31836 6.40723 -3.61597 4.19336 10.7559 4.06812 -2.63806 8.38513 4.15576 17.88 
-2.83435 6.02466 -1.54236 0.373901 11.678 3.56982 -0.853394 0.761475 1.90466 9.58276 
-4.88367 4.22424 22.948 10.0493 -5.46936 1.60352 0.383789 4.78296 12.6382 5.25586 
-3.70984 5.38159 -1.2688 1.78796 20.4706 -0.335938 2.66858 2.4364 4.80615 9.55798 
-7.18799 13.2013 2.22607 4.83789 6.90002 8.36621 3.72217 1.73792 6.22546 10.418 
2.79993 -0.856445 -1.80688 8.31641 1.32349 12.8184 2.02795 -3.03882 7.54163 15.9877 
4.00049 -0.759155 -1.22278 4.97168 1.62463 19.1555 6.6731 0.136719 7.60864 11.2004 
1.27588 3.29626 3.00525 15.8153 0.175781 9.47668 -0.739624 -7.33606 3.17383 8.77734 
1.78857 2.23938 0.451172 1.78076 -0.225952 3.26892 1.41846 -6.35095 7.1582 5.28772 
-2.20642 4.77942 8.71423 19.1771 -2.88245 5.34644 -1.68542 -9.22119 6.37988 9.41797 
-4.2085 11.2559 3.22119 2.96472 4.91895 7.58362 4.37671 3.35229 2.96472 8.45007 
-5.1864 5.93579 -2.5636 7.59216 14.551 -0.451538 -0.957764 2.35046 6.69263 7.91272 
1.10803 -2.51538 -2.32117 13.3945 0.406616 14.1162 -0.567627 -6.53247 6.97461 9.15405 
0.537476 -0.0332031 -4.52209 3.65552 2.90674 4.3324 7.1842 -3.73767 4.64905 1.76086 
-6.71985 -5.78857 -0.0595703 8.95898 3.20178 -0.00317383 -6.30786 -1.03271 13.0632 9.70886 
-2.80017 0.48999 -2.96802 6.75378 8.24524 0.970093 -4.07483 4.39673 4.55579 13.1777 
-0.346558 8.74817 -0.404053 -0.0274658 12.4537 -0.661133 -0.640137 5.34558 2.8385 6.59204 
-0.865723 13.5194 4.05762 5.49512 3.33838 8.87598 6.74316 4.75977 4.27673 8.34888 
-4.28162 -1.36462 -3.78394 1.24097 5.43567 9.99963 0.445557 6.34509 7.03308 9.21545 
-0.439697 0.204712 7.52673 23.5 -5.70935 7.85815 -5.5625 -0.298218 10.0535 9.90662 
5.44141 -1.8269 7.41492 2.08594 -0.0614014 0.141357 -3.33777 -5.28113 15.6433 8.91309 
18.4893 2.3562 -0.300171 1.75146 1.9104 2.72485 4.93384 5.073 2.25208 9.32556 
0.218506 4.72485 1.20581 8.71472 0.0826416 5.78406 2.27588 -1.08765 2.71387 6.46753 
-0.31665 4.6344 29.1028 8.76514 7.26257 -8.66309 7.88013 2.87317 4.51245 1.89783 
2.60107 1.40942 0.408325 0.671143 -1.37219 12.2429 4.85352 0.179199 8.43091 7.47766 
-7.31921 12.187 3.33777 3.99622 5.52332 7.60254 4.08374 0.988892 7.52271 9.0675 
-8.70276 17.3375 38.5154 19.8109 4.22546 2.8208 0.112549 6.17358 10.8611 15.4648 
0.923462 -2.00305 -1.42517 3.12927 3.86401 1.61304 0.552124 -1.36743 7.84668 10.3256 
-1.86389 2.73035 1.55859 16.6096 2.63147 5.47778 3.34229 -3.61865 1.32068 5.74915 
-3.88086 5.20801 -3.04138 -0.774048 15.5682 1.74866 2.7428 6.47339 -0.0874023 7.27649 
-0.109619 4.15173 2.69788 -0.4823 12.9075 -1.23987 4.91077 1.0094 1.93933 9.23718 
11.4741 -4.0874 6.66284 -1.49316 -3.26794 -2.7561 -1.06274 9.18518 -0.291016 4.02734 
6.06494 0.178467 5.13123 3.94592 -0.0744629 4.84399 -1.32178 2.10901 15.9052 5.72803 
3.72131 1.22607 1.90247 4.75525 2.44873 4.7948 0.188354 -9.03003 14.9718 5.94348 
-0.139038 4.81091 2.85278 16.1344 -1.25269 9.04932 -4.15845 -11.7241 4.95239 10.2992 
2.77478 0.809326 -0.315552 13.4108 -4.02014 8.99292 -0.726563 -6.92468 4.26941 8.27148 
-2.27734 10.1533 2.87415 3.73767 3.22241 7.54761 3.53479 2.23022 4.3446 8.31311 
1.2063 1.97815 13.108 3.44641 -0.873901 -6.4165 -1.40625 10.6139 9.22717 1.88232 
-3.18896 0.369629 7.30164 21.7617 -2.83301 9.49561 -7.89819 0.559082 5.36963 13.5399 
1.97607 -0.621094 -5.08875 6.97424 1.0105 16.9493 8.31213 -10.4352 9.63794 9.68616 
-3.98145 1.15674 -3.6416 2.24561 9.30933 -2.33679 2.01855 8.43176 8.72107 15.5992 
3.03369 5.13525 10.9623 1.0708 3.68945 4.1095 21.0875 -4.8396 5.62683 3.98511 
3.40723 1.39185 0.970703 14.5654 -2.77893 6.25854 -3.63782 -7.51733 6.30396 9.25098 
-1.22913 10.0221 23.5078 10.8273 -4.24487 6.86145 -2.88879 0.263672 10.0734 12.1466 
12.8254 6.29431 4.97021 -10.1571 9.62671 -5.77307 16.5793 10.9595 -5.89185 2.57275 
-1.23108 13.6456 8.34802 2.33167 2.06934 9.20911 7.57654 0.739746 6.41211 8.28711 
1.09326 3.98462 6.20178 19.9813 -1.35376 8.2876 -3.34924 -14.6545 9.67883 10.1595 
10.2432 3.26282 5.08618 -1.2981 0.74292 3.42664 18.2656 -3.75293 1.29553 4.66943 
17.1025 3.63916 1.37573 -4.45825 4.79272 -1.34827 1.88135 8.09851 -0.482788 10.0452 
6.36401 5.78394 3.62036 19.2612 4.27576 10.3773 -7.2738 27.0239 0.973389 16.0612 
9.12793 4.87268 13.3802 8.85559 1.28784 -4.42371 -0.994385 5.78027 10.0032 3.96106 
-1.15198 14.022 6.45911 5.16199 1.70105 6.25 6.80688 3.92651 5.97058 6.6272 
-4.04944 5.32642 3.30005 7.01758 10.8789 -3.05603 -5.70825 21.4097 -1.02014 13.6156 
-3.02026 12.9001 3.88391 4.48572 3.98889 7.83154 5.41016 3.80652 4.84375 7.59497 
0.571289 2.255 -3.80847 -2.26196 11.9091 2.31824 -0.501831 4.48267 4.98889 9.99585 
2.41711 10.8463 16.3584 12.8749 0.191284 2.7666 1.50977 -1.36353 12.045 6.54028 
3.54871 11.0164 0.139648 -2.34241 14.2646 4.29541 8.02332 2.03674 5.07861 6.24817 
0.534424 4.82153 10.8502 5.63208 9.00146 -5.30408 0.039917 -0.921997 2.59778 3.22766 
-3.27576 14.3593 4.51514 4.8075 5.41431 6.38501 1.53955 7.80164 4.14563 10.9138 
-2.57947 7.34229 4.36731 10.1943 4.27112 1.05994 0.565186 15.5939 0.954834 13.1066 
-2.60791 4.59131 -7.04285 1.71497 12.9747 7.03674 -3.71545 8.58313 3.73376 15.1764 
2.46521 9.1875 9.70007 1.52954 -0.465088 3.16528 15.9324 -0.733643 5.64966 1.89111 
-2.26233 12.2422 5.82141 3.18738 2.44373 2.88342 3.5238 5.09595 5.53418 5.56055 
-1.56799 13.8574 8.19946 3.87634 2.39429 3.23535 5.72485 5.50488 6.35095 6.25134 
3.55688 12.2372 19.0022 4.78564 -5.24658 6.12488 2.30273 1.6582 9.18689 7.52893 
-3.9342 5.40369 -0.00769043 -1.48828 16.1487 1.44824 -0.485352 5.11316 0.478516 11.3984 
5.06885 5.573 -4.69995 8.82263 1.08386 7.51733 3.79736 -4.38831 11.4731 6.57593 
0.469849 13.5011 6.80408 2.71301 3.68127 4.55859 0.400024 5.36584 6.85437 9.25378 
1.47021 1.49658 9.42004 -0.102295 6.95911 -2.74402 -3.40637 12.5372 2.11023 3.33228 
0.778564 -0.315674 5.25464 5.09094 1.21252 -1.47156 -5.7196 9.7616 2.42505 7.93018 
-6.02405 3.31091 -2.60388 1.59375 17.1818 0.592651 -0.168823 6.17261 3.97192 7.8728 
-1.37061 0.230591 3.35388 0.982788 -0.311279 0.284424 1.03821 3.65613 6.70776 1.97095 
20.2087 -0.10144 3.00269 5.39185 0.129395 6.35095 -5.70593 1.16309 6.12451 11.1356 
10.6533 -1.24756 2.76794 3.81519 5.57996 -6.66528 -3.76111 12.4032 1.50806 10.4491 
-4.3429 4.4281 7.4491 15.5283 0.200928 5.44189 -4.89905 -0.485229 8.87219 9.49353 
0.697144 14.2562 6.99768 0.988647 2.69397 4.14453 4.66284 4.49243 5.29175 4.69617 
1.19653 3.17603 7.85144 16.1823 -1.00256 7.07556 -3.81592 -4.20203 7.37769 12.0176 
-2.34155 12.0732 4.65222 4.23535 3.41357 7.22668 3.41406 4.31531 5.74146 8.62817 
18.0815 4.55786 0.139282 -0.182251 1.50427 3.67468 6.34717 0.408203 3.63293 7.18164 
0.533081 5.79651 2.69861 7.01099 5.35461 2.20178 -2.84412 13.8519 -0.332397 9.28528 
4.22986 5.27209 4.36365 14.2784 1.58716 -0.272705 -6.22559 21.5146 12.1917 15.5227 
15.92 -0.434448 0.980469 -4.11511 6.34033 -3.47925 -0.966187 8.28186 0.195801 8.35193 
-3.95361 -0.305298 1.01099 17.3142 1.13489 6.95789 -5.57629 -1.19788 9.4895 11.1849 
10.7509 1.10876 -0.29126 4.3551 2.89417 18.0725 -3.38916 2.8291 11.75 8.98779 
7.28296 5.55139 3.20947 13.5098 -3.05664 14.4532 0.25415 -8.51501 6.14575 9.84082 
6.06982 4.62659 13.4045 5.41541 6.01697 -7.70752 0.859253 6.81848 8.37903 0.322144 
-3.07043 6.4231 0.486938 4.79553 7.84912 1.61438 -3.81824 14.0571 2.15845 11.5577 
2.89246 11 8.97913 -8.31689 -3.63 4.35828 22.011 -2.59546 2.39856 5.61182 
3.71765 8.36755 3.97986 -7.09631 6.68225 0.619507 14.5192 8.29736 -0.833496 5.36414 
-3.44873 0.731689 -4.41907 4.15247 10.4159 2.41541 -4.45325 5.02393 2.95166 11.5948 
3.81702 3.38037 16.2368 5.89197 5.26086 -4.29944 7.30493 -2.18152 6.04443 3.69751 
2.36609 1.16003 5.35925 7.86499 -0.722534 5.95728 -2.23352 -1.86462 16.2463 8.74915 
0.125488 2.3457 1.99451 15.3773 -0.959961 10.439 4.57422 -6.69519 1.16174 5.90234 
2.70581 2.27917 -3.62341 -3.24304 8.2417 8.59485 5.07227 -4.09375 9.01257 8.13257 
1.05493 5.09839 20.5094 6.55322 -5.87366 3.50964 -1.58289 3.52844 9.89001 7.26489 
6.26892 1.44641 15.0641 2.16907 4.21118 -5.45642 3.08337 6.97742 6.46985 2.40295 
6.34521 -2.64392 4.89893 9.2738 -1.02185 22.8042 -0.663574 -4.12329 14.652 11.9814 
8.61475 3.95532 6.37292 0.87854 -0.491577 5.03442 11.1565 -2.30176 5.6842 5.84558 
24.5004 2.34436 0.638306 -2.5083 5.64905 1.29565 4.06482 11.2174 0.580078 10.6656 
-0.29541 -1.80261 5.57312 3.99023 3.82202 0.369629 -5.06177 2.20337 12.0181 12.6178 
7.53711 2.09485 17.3365 8.66565 1.62891 -5.59033 -5.38623 4.30029 6.81787 5.97546 
0.161255 5.77417 0.017334 -0.552002 9.30481 5.9209 0.334351 4.15833 5.91309 13.6199 
6.99695 -0.621582 17.9316 3.29285 3.49158 -8.25281 3.98926 7.67029 8.63721 4.44324 
-0.742554 2.48389 2.9093 11.2161 -3.63147 7.84741 2.27161 -9.38989 15.39 8.13733 
7.91345 3.10962 6.71533 -3.14929 2.67566 3.97681 2.901 -3.75745 8.47534 5.62012 
5.74353 -9.70923 -2.04736 4.15637 0.506104 3.44482 -1.55078 -5.47327 11.119 7.95435 
0.924072 6.04248 7.14575 5.51904 2.36304 6.93347 1.81018 -3.82214 13.5609 7.62231 
4.95264 3.047 5.3512 3.74988 2.30591 -2.46155 -4.22351 14.9823 -0.0817871 7.22559 
-4.44885 3.97339 -2.25989 1.01672 12.6515 6.49133 -4.6825 5.396 6.93726 11.7371 
-3.05347 1.68164 -1.70508 2.68701 6.81177 -0.874634 -0.151611 8.86157 1.9176 8.4502 
1.08569 1.37683 2.8396 8.69873 0.06604 4.23645 1.09583 -4.25 3.01257 3.35327 
15.8254 -1.98804 2.57715 -2.36548 6.7157 -3.73047 -4.37622 4.15063 2.45142 9.00427 
-0.11145 3.61536 9.67834 -2.58301 8.84412 -0.848877 13.7517 -2.59998 3.90845 0.588745 
2.38599 4.99109 8.45361 -7.23071 7.56152 -5.32629 11.1508 8.18982 -3.32837 10.9391 
1.2605 2.38391 4.81555 14.2112 -1.04053 9.58704 -4.8075 -6.81348 7.73535 11.8638 
1.00623 0.574097 15.2554 5.83752 1.09851 -3.0907 -1.61243 6.62891 6.28223 3.67822 
-3.32568 12.0555 3.11719 3.19458 4.00708 6.62891 3.67493 4.87268 3.99719 7.61316 
2.20142 3.55615 4.08777 14.1791 -3.53967 14.0614 0.469971 -6.7594 2.7478 9.76526 
0.382202 11.7603 22.0221 10.1284 -2.62024 1.776 0.817383 -1.02136 10.7284 6.14038 
1.10437 2.32788 22.9517 4.83472 -5.68604 -2.20923 1.55505 4.51428 12.3123 3.2843 
-3.40564 -1.10522 -3.60498 7.21887 6.38403 -2.24353 -4.86743 13.4598 1.92896 13.8407 
6.55029 -0.657349 4.53149 12.4469 -5.99597 6.84241 1.2168 -9.63208 5.08447 6.7616 
12.6484 4.75 6.68799 -0.462769 2.21643 2.16492 1.37378 -4.1532 1.69006 6.31213 
11.7008 3.26587 8.62 3.30225 1.13354 -0.734619 3.87695 6.83643 -1.68433 5.89124 
3.83655 3.44714 -1.9613 1.4812 7.28577 15.7825 6.48828 -2.00256 8.87964 11.6426 
-2.15198 3.35681 6.9635 8.20923 0.661011 2.4408 3.10962 13.1577 5.07007 6.73108 
3.48645 -1.96326 -1.69934 6.37817 0.913452 5.05151 0.972534 -9.302 10.6338 6.18872 
-1.61572 8.26489 -0.650635 7.35547 2.75378 10.3821 1.81104 -1.63525 3.34668 8.38513 
-2.77881 5.90918 -8.36206 1.3363 20.3004 2.28162 -2.24902 5.28235 0.8396 10.6697 
-2.41382 4.49451 -1.22681 0.567383 12.0178 3.97559 -4.21924 3.18213 4.13721 6.22656 
-2.33618 -1.06091 4.98743 -1.75757 2.20386 -0.172974 12.734 -4.04773 6.11194 3.5498 
22.3979 -0.875732 -0.229126 -5.05444 5.14917 1.51868 -2.02563 7.74292 4.42236 8.62476 
1.71851 3.34143 24.0621 12.6184 -2.71521 -1.72375 -0.537842 5.85901 8.05017 2.43945 
-2.66223 3.55579 -11.3574 9.41138 12.2386 6.61047 -5.19446 12.3325 3.32666 15.6736 
-1.52246 13.6238 8.0614 1.09106 2.19397 3.41479 1.23621 5.27051 4.6311 5.7384 
-2.03833 9.07532 0.0198975 -1.11816 18.3469 0.682129 4.83679 3.66833 5.65393 7.85498 
1.44202 0.635742 1.90271 9.67224 7.35437 4.76953 -8.08752 17.8521 -0.286743 12.2483 
-2.57983 4.37671 0.69519 0.568115 18.9919 0.260132 4.5072 3.7627 1.65149 9.38293 
-0.557129 1.25891 6.30347 5.02344 3.39612 -6.18335 -6.60229 18.9323 6.22009 8.74243 
3.42383 -0.0307617 4.23792 20.3854 -3.12366 10.524 -8.59595 -10.3693 9.74292 12.0529 
-5.38965 -1.35925 -0.739014 3.33337 8.38086 2.90161 -0.563599 5.59766 1.77405 14.2008 
2.26208 6.58594 3.11975 5.60107 4.04419 6.02637 3.92834 -3.82178 14.156 5.46521 
0.242432 5.97546 1.14063 4.22632 0.0340576 5.60278 3.57153 -3.96326 9.36121 6.84436 
2.8114 4.55737 5.45532 -1.49536 22.1257 -1.84082 4.30432 10.319 -1.09497 10.0526 
-1.76917 7.90674 8.651 13.6906 5.88037 0.771973 -4.17017 22.5256 -0.0229492 13.7571 
-3.61731 10.0291 2.61401 1.20935 4.54993 6.27295 4.07349 3.8053 1.68701 7.04419 
-1.13281 9.38745 19.579 6.8855 -6.21875 1.26831 9.08667 5.70447 6.53967 1.68726 
-2.86523 11.0713 3.42529 3.11157 3.98132 2.74841 2.10767 5.61987 4.0896 6.69458 
-0.912231 5.14575 24.8 12.1844 5.99194 -6.15503 7.51855 3.79932 8.05725 2.53027 
4.59155 1.95959 12.4448 9.50037 -1.76453 0.196411 -4.8866 3.4928 8.84119 9.61877 
0.0090332 -2.18555 5.39685 24.2509 -7.08691 9.4989 -8.24365 0.303101 9.00757 10.6495 
0.919312 -1.6709 11.4673 10.4114 -0.763306 -1.32202 -6.26563 7.84717 7.35327 8.65356 
-6.1272 -0.801147 5.58423 18.2209 -0.687988 3.23865 -5.44116 1.41858 4.72192 6.99011 
9.61194 4.35889 10.2968 2.49548 0.788452 -1.79187 0.569702 -3.16333 8.64465 5.15063 
-0.0388184 2.16357 2.12415 16.0942 -1.68884 6.23828 -3.67505 -5.20166 6.26965 8.73743 
-1.00073 -2.1217 -1.04895 1.64917 9.12341 2.11194 -1.35522 6.40149 5.5874 11.3564 
-3.35669 11.4746 4.00452 5.19873 3.82239 4.18311 2.4375 5.71655 4.05676 7.13281 
0.391235 7.46826 5.73633 6.14063 4.19043 -0.203247 5.85242 13.1824 3.01086 9.55054 
-3.17249 4.04639 -3.35022 -2.50452 12.8883 4.43994 -1.04358 1.04224 4.28479 7.71643 
15.7833 -1.68579 2.50903 2.13403 1.83875 0.8302 -6.12671 5.51099 -0.0777588 9.13721 
-0.295898 1.49768 5.40369 17.0729 1.74707 3.65515 -8.71631 -7.2113 6.85229 9.13538 
-3.49475 -1.34961 -8.34924 3.20422 9.17847 15.2788 3.09326 1.59961 6.1106 12.0386 
7.02783 1.10217 -4.87378 4.15259 7.12903 18.35 -1.39319 1.84521 14.5956 8.89197 
4.6322 3.15027 -2.42834 -0.814087 0.797974 6.30786 5.21826 -6.33728 8.61011 6.02185 
1.57129 4.39746 13.8273 -4.83154 3.60779 -5.12842 21.9581 -4.5144 5.16809 1.92639 
5.43152 -0.94812 0.20752 11.5179 -5.38538 10.6912 -2.69971 -10.674 7.42358 10.8856 
7.30896 -4.73755 10.6497 4.60791 -3.92285 -0.383911 -6.34436 3.20056 10.7123 8.3092 
3.7738 4.25562 7.24109 -0.418945 -0.919556 1.40796 14.6555 -4.6886 7.61938 5.88757 
-0.0579834 3.06616 6.49414 11.4484 3.78284 0.00219727 -4.12158 17.4775 -0.975464 12.6228 
1.54285 5.97351 1.80945 -1.3374 3.51294 4.51306 20.0337 1.02527 3.28003 7.31018 
6.28442 6.59277 2.70325 -3.99243 2.79932 5.46594 19.1876 -0.441528 5.61401 4.08813 
-0.0280762 5.55188 6.56494 6.46265 -1.77917 5.46631 1.9248 1.52209 4.47314 3.73914 
-0.563843 9.64636 30.4286 11.3757 -4.39819 9.23828 -0.302612 -6.4707 11.3313 9.94495 
1.02954 0.485718 8.28381 6.29468 1.73279 -2.00269 -4.81702 10.3865 0.65564 8.84094 
-3.08545 2.81213 1.5415 2.78943 6.84839 0.710327 0.412964 1.98376 7.6405 8.48718 
-3.24072 11.2286 1.37683 0.642944 4.67554 7.59802 3.41089 4.42712 0.78125 8.18274 
-4.44019 11.6925 2.80664 0.631836 5.75085 8.97498 5.93542 2.18115 2.1814 7.21631 
-1.75708 0.501587 5.94727 5.51428 6.0426 -0.03479 -1.33093 9.32751 5.69714 13.3666 
-2.06384 1.65613 0.140991 5.70776 8.76221 6.50537 -0.74707 2.65955 5.95728 6.14514 
2.86096 0.985596 6.48999 -0.861938 5.2312 -4.86902 10.646 7.67969 1.29053 1.28882 
-1.53052 11.4222 -3.65344 -3.60437 21.2162 2.27393 1.52856 5.5293 5.08643 10.3994 
-2.99011 6.88013 0.0130615 8.83459 10.705 6.54163 -3.95984 6.18811 5.80042 17.8738 
1.86487 0.578491 -2.60266 8.1217 -0.663452 12.8353 5.95752 -10.9426 6.81677 9.63696 
-4.33289 11.8563 13.8473 6.22559 0.199463 6.55908 8.40137 -4.26514 8.34351 6.02637 
2.88062 2.34924 0.419067 15.2137 -1.71216 10.674 -3.68127 -3.25391 6.1687 14.726 
3.77087 0.369751 2.48291 10.4142 -0.609619 5.14856 3.0144 -3.38135 0.821289 5.09375 
-3.66479 5.70654 0.694946 -0.335571 8.81995 6.05029 -1.37903 0.435303 5.76489 7.87817 
0.377075 7.09863 -0.123779 4.53442 4.71484 6.15906 0.241699 12.234 3.54028 11.7609 
0.559082 2.95679 4.25671 6.61584 2.93103 5.47046 -0.584595 -2.21802 13.917 7.34509 
-2.88049 1.82141 0.209473 3.06702 10.1064 -1.35901 -4.74243 10.1309 2.59351 13.1261 
-2.26746 9.56519 2.79041 2.7417 2.6217 2.25537 2.22705 3.92249 3.50525 5.1167 
-1.56958 10.8401 5.75769 2.18713 2.27417 3.08997 2.51758 3.88782 4.46826 4.66858 
5.82874 3.92358 -3.901 0.814453 0.188721 6.18628 7.28931 0.592651 4.5072 2.95239 
-2.54053 2.71814 -0.584717 -1.0282 8.22351 2.62915 -1.54333 7.75757 7.31287 13.9316 
-2.79724 13.7124 5.67065 4.38196 3.79187 7.33521 4.98572 4.30139 5.03833 8.31848 
-5.43738 8.0896 -3.5437 1.0188 17.7478 3.56067 -0.313354 4.01428 5.8833 9.89624 
-2.19604 -0.518799 -1.87231 3.43872 6.95288 1.05835 -0.379883 0.83728 2.50928 7.62585 
0.325439 2.13 2.07239 8.04883 1.58789 11.0995 2.83936 -1.58923 8.30237 10.5033 
-6.18933 8.27832 -1.97754 -0.147949 18.1719 3.59192 -2.02209 2.52002 6.17822 5.2605 
26.9901 0.87439 1.0105 -5.46338 4.37183 3.00024 -1.75964 10.2806 4.83447 12.5676 
1.94885 3.97742 8.50354 -5.75269 -0.212402 -4.86609 16.4121 5.88708 1.79395 -0.69397 
3.88391 9.85791 29.1337 8.66089 -10.7113 8.22559 0.737305 6.23865 11.9905 11.7212 
4.97632 -2.45898 13.6128 11.33 -0.789185 -3.73804 0.363159 4.70264 0.221802 4.05176 
1.11694 2.17053 8.01953 13.4235 -2.02405 7.38293 -5.89832 -0.171631 10.7516 12.6515 
-0.447388 12.4299 7.6012 2.28455 3.50037 4.05286 7.09595 3.37097 7.44995 7.08789 
0.828857 -2.2218 -1.21765 7.37061 2.41846 18.7443 -4.33545 -7.00427 10.2573 14.6354 
-5.83948 12.3392 4.70129 3.52612 4.06506 8.354 4.07837 2.81677 4.97607 8.10474 
-2.65393 10.536 20.7731 10.3011 1.59814 -1.49927 4.21826 0.601929 9.35205 2.8551 
20.1105 3.32996 0.505127 -3.05359 5.75867 -2.37402 4.64551 13.1818 -2.34973 12.101 
1.17773 -2.6792 13.6366 12.9503 -5.6134 4.63196 -5.15759 4.4884 9.28052 10.2787 
0.313232 8.09033 1.00171 5.19324 5.0918 3.02881 4.73376 2.21924 13.1255 8.29089 
-4.21582 11.5471 2.92236 2.31421 5.29004 7.0874 4.104 4.7843 1.76819 7.92944 
7.74255 12.1207 25.8073 12.7621 -2.14026 6.91919 -1.25085 -2.04675 19.0715 11.3885 
6.31494 7.26318 6.54077 -0.146729 -1.48022 3.03857 21.298 -8.41321 9.10852 5.27307 
-3.19092 2.49854 2.77197 7.78455 5.68872 2.25037 -3.30261 13.9757 7.25525 9.40625 
-3.88171 8.79211 0.666626 1.32703 4.21704 5.51196 3.04736 1.39502 3.34485 7.72009 
2.99731 4.45203 6.17847 -5.06787 4.49524 -3.62305 11.3911 6.90405 -0.990112 5.45605 
-1.40332 5.74036 13.0651 0.374146 5.75183 -3.21106 2.396 7.52246 5.99341 0.702881 
-1.16614 -5.91736 4.11584 19.803 -2.96814 7.70703 -3.93689 8.35876 6.82043 7.74146 
-4.65076 -1.83606 -2.18616 2.62915 12.9913 0.474121 -6.698 7.76965 1.34558 11.5338 
17.3367 4.86377 2.14722 0.463623 2.06189 1.81958 1.47534 5.28833 3.28406 5.92432 
-6.42297 11.4032 6.89746 3.92761 0.942993 8.05139 3.79138 0.0678711 7.89124 8.8822 
11.0171 1.13782 21.642 13.778 3.08667 -10.6846 -4.5282 6.82068 3.9259 7.34888 
-1.62427 20.2306 29.4648 13.1393 1.97217 2.48657 2.85095 3.22009 12.3062 4.80212 
26.4208 0.788696 2.48718 1.48584 3.31494 5.09363 0.210205 4.41467 2.97632 7.88086 
-3.14722 2.70361 2.89575 -0.233154 4.48914 -0.482666 1.23108 -1.64575 14.4512 6.39063 
-5.07605 0.954346 -2.48901 4.73291 10.8823 -1.18201 -2.68433 10.4604 -2.16345 10.8696 
1.58923 5.73071 -5.08972 4.20264 10.1545 5.10754 -3.41553 9.3739 2.82727 14.5437 
13.6034 0.90625 0.136963 0.524902 4.67029 1.46069 -0.719238 3.39697 0.537964 10.6184 
3.6969 6.71619 17.4183 11.0822 0.361572 1.45862 -5.73254 3.65417 15.8844 10.3563 
1.32959 -4.62415 -3.74841 13.2603 -2.7937 14.436 -1.3147 -11.8146 9.03369 13.4646 
-5.02515 10.3101 1.26477 0.925049 6.18701 6.43579 3.99817 1.17407 4.87219 7.28918 
-3.97974 4.93994 0.263794 9.93469 6.63354 3.05359 -4.47546 6.2821 6.1405 14.4347 
1.55408 2.46924 3.59558 10.9829 3.03357 4.37708 -6.63049 13.8035 1.52209 11.5684 
0.0577393 2.04944 4.43494 1.60156 2.64734 6.45154 -3.56116 -1.17224 11.254 9.76819 
-2.73755 12.7972 3.47144 1.94519 5.5719 9.46619 6.2312 2.41016 3.5177 7.32397 
16.3407 -0.507935 6.76794 3.33679 -1.37561 -0.365356 -6.28186 -0.724854 7.32874 6.8927 
-9.91809 2.22571 1.54822 4.11694 18.067 -2.15588 0.410278 6.59827 7.91199 11.7928 
-1.99658 13.3364 4.57935 2.28967 4.22827 8.89001 6.448 3.01135 4.76318 8.23657 
-4.97778 6.04797 8.96155 9.95068 3.19531 2.95093 4.00452 13.1322 1.80615 10.3511 
-5.80933 7.1626 -4.6814 7.88916 10.574 4.276 -2.21594 5.47815 4.61719 14.556 
5.63611 -4.80884 7.9541 -0.433105 0.535034 6.24609 0.40564 1.84692 9.46362 3.5011 
-0.499634 9.66016 -1.97168 -3.48401 14.8376 2.27551 -0.542114 5.7998 3.07751 9.83496 
7.12988 8.41418 18.0393 8.97754 4.59949 -3.49878 3.33167 2.09412 6.573 1.85095 
-2.13879 9.58704 17.5256 2.11792 2.12341 -3.83276 17.4535 0.476196 3.53381 1.53723 
4.4884 0.650879 -0.375 2.8634 1.58313 3.90686 1.56555 -3.28662 13.6476 9.96753 
-2.6344 16.4252 6.32043 1.0863 4.77661 5.26355 0.64856 6.39404 5.95276 6.69666 
-0.741821 -0.702881 2.05994 12.3237 -1.3595 5.68945 -2.50623 -0.73938 7.5719 8.98853 
6.10254 3.7782 3.86401 1.80664 5.77246 4.47253 -4.05811 16.0723 5.89282 8.27686 
-2.94739 -0.704346 -11.2455 3.88171 7.24683 15.212 1.66284 2.38843 8.09741 13.4058 
-1.43652 6.90271 5.9425 -5.72754 11.4554 -5.36072 1.8208 9.5719 2.13501 1.89624 
1.83154 6.76062 -7.22095 -5.34375 15.0029 4.05847 0.165161 5.2843 7.07239 11.3715 
-0.277954 13.9426 5.41199 3.08008 2.38782 4.24414 6.08887 4.52271 6.7157 5.23962 
-0.399292 4.30383 -1.15662 3.21411 2.51147 4.91858 6.93445 -3.60632 11.2864 8.78052 
-3.80945 14.2496 5.65894 3.30603 4.93933 6.51367 3.35144 6.31799 5.07471 10.65 
-1.90198 4.10608 0.914795 11.7804 -1.34509 7.00391 2.41248 -5.16321 -0.297607 5.45264 
1.93433 0.664429 4.53394 5.651 0.994629 5.36914 0.0725098 2.31531 11.1178 6.23193 
-3.30042 13.1998 5.61316 3.75061 3.35938 6.15271 4.43188 6.62451 3.56494 7.52368 
-0.112305 8.22534 20.9128 6.61499 0.757568 3.43201 3.24377 10.0427 3.75476 8.44617 
0.272217 3.90051 3.1073 -5.10999 4.39819 7.35974 6.11267 1.25098 9.61914 5.13342 
3.20764 7.92773 7.86499 7.13538 5.36243 -0.216309 -5.06494 -0.788086 12.8459 7.72119 
13.2063 -0.074585 1.95422 4.17163 4.27344 2.10559 -2.63159 3.33569 0.758789 7.65112 
1.5354 -0.6427 8.17407 -5.11426 10.3212 -6.63867 20.5646 5.57239 0.136108 4.67188 
-2.00415 8.05518 23.1697 12.7804 -4.76794 4.29993 -4.30969 0.35144 12.2227 11.0233 
-3.24194 12.7 4.57397 4.79651 4.23303 7.96228 4.20288 4.2926 4.98474 9.35425 
-1.90918 11.3873 3.08032 3.53235 3.00879 8.43396 5.45337 0.849609 4.36304 8.85901 
-3.24292 3.95691 6.34656 2.35535 3.15125 1.5498 0.400635 3.76819 5.8877 4.89978 
-2.12854 11.3044 3.68774 1.7334 3.25085 7.80469 5.4115 2.55835 4.73914 7.0564 
3.87695 -0.433472 0.673218 10.2965 2.96167 24.5787 8.12061 -4.4458 8.13684 12.0449 
3.50256 0.957764 0.259399 13.4509 -4.25415 9.20483 0.0705566 -8.27783 3.66895 8.51917 
-3.45679 5.31702 -5.46008 0.429932 17.4741 3.59009 -4.62061 2.26941 4.13306 8.69556 
4.71399 3.27002 2.01404 -3.85266 3.89319 2.79102 7.58655 -3.81885 5.35242 3.3717 
-3.28015 6.74829 3.06909 3.50891 5.8667 7.19592 -1.21826 -0.447632 4.96423 12.0482 
-1.34045 1.47729 4.00928 8.61475 -0.713745 13.0239 -1.20825 -4.62476 7.8866 9.89282 
23.0668 -0.415039 1.7605 -2.49072 3.55273 -1.22961 -1.01208 6.94727 4.45386 4.52332 
-3.73389 2.06067 -0.873291 4.04163 6.22852 0.454956 -1.64868 7.51514 6.23328 11.5236 
1.52332 2.34045 36.3904 11.3015 3.71252 -10.0181 11.469 4.43079 7.39001 1.51184 
6.29907 4.51001 10.9056 13.5416 -1.73877 3.60217 5.56482 -2.82129 1.86487 1.72864 
-1.75952 -1.19202 -6.93384 -0.519531 17.3158 0.872314 -3.58203 4.37671 3.85107 12.1315 
1.04468 0.450928 -5.64221 2.2345 4.1001 5.09644 2.12988 0.200439 11.1533 10.0729 
6.06177 0.902466 25.6768 8.40491 6.93091 -10.5439 1.7489 2.15332 5.0426 4.8219 
-2.29053 13.2281 5.19824 4.55908 3.59521 7.24048 6.99329 5.62964 4.92346 8.43713 
-2.63635 0.909546 0.173462 -1.78113 11.2754 -5.14014 -4.09802 13.0428 -0.375977 11.3851 
-1.48206 4.50098 17.6252 9.30408 -2.00208 0.744141 -3.08997 5.05212 8.85229 6.74841 
-3.53589 7.0614 -1.9884 -0.223145 16.0226 2.9281 4.82922 2.92786 8.12329 11.9165 
-0.102051 3.30286 -0.352051 1.74048 7.6991 0.898926 -2.43066 5.97705 5.29395 13.6073 
-3.65112 5.96924 -0.605835 0.232788 16.5328 -5.58069 0.84729 10.4845 2.42957 13.0593 
0.578125 6.44922 2.01526 5.75696 20.6559 -1.90198 -2.48254 4.11658 0.0889893 4.2384 
25.1631 9.72815 2.72571 -4.16748 2.77197 2.19043 4.03528 8.63098 5.43958 6.57495 
-6.01343 7.08179 5.23999 12.5837 1.48962 3.48645 -2.00098 13.9264 3.03979 10.3109 
3.55225 6.25305 -6.61121 -4.2511 11.9957 4.57141 -3.49719 6.93518 5.58398 14.7683 
-2.97021 3.27087 19.875 8.9801 -1.22009 -0.30481 -1.45288 12.249 7.21887 8.03503 
1.41919 10.3362 28.3296 10.999 -7.22229 8.10059 -2.5564 0.794189 13.8904 10.5319 
-3.45618 3.85413 5.56006 14.649 0.710205 3.45764 -7.08911 2.66028 9.85803 10.314 
-0.545288 -0.607178 5.07739 13.7682 1.06738 9.59387 -9.16992 -2.0166 7.07764 9.55396 
-3.7373 6.57751 -0.709229 0.830078 5.16968 5.36792 4.58313 -0.727295 8.26575 7.00708 
4.60852 -1.63574 -2.06165 14.8092 -3.28467 9.56421 -3.00586 -10.1946 5.81982 12.2418 
3.61328 -5.51489 -6.10205 6.42273 2.42542 14.8339 2.64331 -7.74951 3.7301 9.5387 
3.32422 3.15564 0.783813 4.97266 7.21643 0.95166 -5.24768 14.3982 0.244751 11.3696 
-1.38391 -3.8501 3.8938 12.5815 -0.718018 11.4686 -2.50842 2.80908 5.53418 8.05481 
3.70789 1.20825 -7.24695 6.75977 7.58337 18.6687 -3.56616 2.32153 14.4249 12.9884 
2.64587 -3.42041 8.14661 6.66748 4.41089 1.22827 -7.85461 2.61206 13.6075 8.51892 
-3.48218 10.5377 2.85388 3.52747 3.8573 6.2782 3.33582 3.68506 3.32788 7.00891 
6.38989 5.51233 20.0094 7.99194 -4.20691 1.02637 -1.86975 6.07166 8.55078 8.48132 
-1.85132 4.97546 -0.898315 -2.50342 13.4689 3.44971 -0.888428 2.27856 3.90295 8.19519 
2.15613 9.25708 3.99084 -1.1178 12.6327 -2.43762 1.22046 5.33801 -0.899658 7.53247 
-0.911133 5.85083 0.229492 1.68323 3.38342 1.10718 10.8079 2.67102 1.4364 3.89099 
-2.86768 6.13025 -2.03821 -0.507568 13.335 1.64954 -3.16479 5.30359 0.883789 8.79797 
-7.68481 0.453003 1.98364 3.57068 6.07874 3.76941 -2.38623 3.72351 5.6145 12.8459 
5.3457 5.58032 2.70569 10.8586 -3.62415 11.7677 1.87292 -7.24463 6.2179 7.68335 
-3.46863 10.3585 1.39783 1.19165 3.37817 7.64001 2.64038 3.17224 2.21814 7.88745 
25.4261 4.44495 1.05591 -1.99414 -0.146973 4.84998 -0.814453 7.98132 1.64038 5.37891 
0.947998 4.92773 0.59082 -3.07898 6.37622 4.0238 14.9845 -0.980591 1.875 3.50696 
-6.15393 -3.21265 -2.3429 3.61572 11.9197 3.20142 -3.9718 2.14087 6.53235 15.059 
6.66699 0.868286 4.20007 2.85144 -0.630859 17.217 2.01794 -1.0448 9.69189 10.7695 
-7.40857 4.05103 -5.99756 6.9967 17.7946 2.90833 -3.22461 10.8849 3.16479 20.7854 
1.35046 1.03809 -2.58618 6.13464 -5.19092 8.16626 7.17053 -5.0542 1.71191 2.99951 
-0.312256 1.8988 2.85547 1.29321 8.55554 -0.328735 -3.50903 5.646 1.80737 13.8424 
-4.26184 3.68066 6.12817 8.84045 0.0395508 0.721191 4.08093 14.8138 0.786499 6.9342 
3.30298 4.84082 7.32776 8.44849 4.76013 3.78284 0.546021 -0.2229 1.38062 4.04236 
2.61316 0.709595 10.9248 4.46155 -1.51013 2.1106 1.70605 0.375 12.6925 4.93311 
15.2374 -4.12598 0.297607 -2.11377 4.83899 0.0565186 -1.65527 -0.351074 4.14441 6.87842 
1.01611 3.42432 3.32996 17.5287 -2.48853 12.3405 1.94775 -10.0676 3.71362 10.0271 
4.89954 2.21301 -11.9391 -0.668701 16.527 0.399902 -2.80176 22.1576 0.668335 13.7189 
-0.788696 12.0642 5.26831 3.70093 2.0752 6.50208 6.37793 2.63049 5.03381 6.47766 
-0.680298 3.68347 1.25061 9.95898 3.04858 4.45789 -3.71265 1.26257 3.06677 5.99207 
6.71826 3.80872 6.33044 2.36841 2.78967 2.74683 14.6628 1.28845 -0.180176 -1.72363 
-0.176758 1.81104 -0.360596 5.95142 3.0741 6.18604 -5.28662 17.0272 7.85303 11.3181 
-0.681274 2.59851 8.04492 3.9447 0.816406 2.41663 0.904175 -5.80994 9.21802 6.95581 
-1.48975 -3.74597 -10.0459 8.17151 6.78796 20.7126 7.81262 2.79028 5.53394 11.1073 
-6.57178 -1.35449 -1.93018 5.45728 9.77271 5.8479 -3.41797 2.35425 6.63452 14.1707 
2.79468 1.34595 4.77014 6.43555 1.84229 -2.87097 -5.8302 16.209 5.96631 8.90991 
-7.22937 3.85046 -3.35095 9.63708 13.5999 3.6709 -0.177246 8.18616 3.49573 16.9948 
-0.452393 -1.61902 10.089 2.15149 4.56531 -5.30334 22.3328 0.252441 6.88843 2.16541 
5.59839 -2.57141 -4.96411 8.66895 3.81091 5.79407 -4.65479 -3.53259 6.28223 11.2327 
3.65393 0.778076 -1.71936 2.42407 2.51111 6.83521 9.82776 -6.35437 4.31873 4.58875 
-3.61145 7.95496 6.89331 18.6993 1.43298 6.92419 1.70386 -7.94421 1.72583 8.27087 
-0.0664063 7.6842 5.19714 16.386 4.7522 4.90076 -5.31494 23.2635 -0.858643 13.5472 
-5.56982 7.05396 -4.29102 0.897705 19.3342 -0.83313 3.22583 6.03857 4.18616 12.3534 
2.13098 0.731445 4.80322 3.90405 9.45874 0.830322 15.625 1.17322 -2.63049 2.42822 
-1.06287 -0.818115 -11.8335 5.85437 9.33435 22.2736 6.58936 -6.68347 9.28674 16.5092 
4.87927 1.5387 8.4845 11.2168 -3.85278 3.91431 -2.21411 2.23889 8.99304 8.5636 
-0.998535 -4.12036 -1.72534 8.68994 1.41821 14.4998 -0.637085 2.2876 8.29272 9.52222 
-2.89258 5.80884 -4.11707 -2.66602 16.5919 3.05225 -1.31799 2.78333 3.86633 14.1427 
3.38257 6.27747 10.1198 7.8457 3.3938 -0.476196 -10.7841 15.5973 5.41248 13.9108 
1.17761 4.44958 5.927 5.23108 1.86768 2.73132 -0.801025 -3.60596 16.3815 8.53479 
0.0355225 5.6958 2.96387 13.8701 2.92444 0.795166 -3.54639 17.9901 11.4106 7.71533 
3.46216 4.7981 2.62756 2.03076 1.13342 2.52991 2.3938 -0.698242 7.95679 2.79895 
9.5708 1.46179 0.411133 2.45459 3.70544 -0.383057 5.28918 -1.26428 -1.36646 4.18811 
-0.913208 0.634033 4.86951 2.33777 2.30457 -1.69092 -0.8479 6.96826 1.47852 4.8302 
0.80957 -0.0222168 6.49329 -4.5166 0.630127 -0.704834 14.7655 1.10095 4.29907 -1.21277 
4.44348 -1.474 3.83875 0.904053 -1.41187 0.325317 2.26501 1.30298 7.42188 6.88953 
-7.32666 -0.89856 1.43799 3.90149 7.18896 2.39368 -1.35425 2.83801 9.03589 10.076 
-0.303589 0.222168 3.84656 8.44141 7.93201 -3.2467 -1.69641 13.905 2.39673 14.6893 
-6.59534 0.303711 3.47986 16.1326 1.93604 4.50354 -6.06677 10.3782 5.4668 10.8107 
2.04712 2.1217 7.49536 12.1461 3.05725 0.0979004 1.18115 7.60828 2.07581 8.00818 
1.12354 13.269 5.87878 1.74695 1.38354 3.32275 4.10535 4.2074 8.44226 5.79431 
-5.90283 2.18335 -0.556519 5.49292 12.2708 0.0438232 -4.29382 8.03882 1.96484 16.7526 
-3.63416 0.454834 -4.30713 -0.15979 12.2063 17.906 12.5511 -2.29138 5.46277 9.32373 
8.9165 1.92664 19.2441 3.77551 1.25452 -9.19397 -2.32544 6.69275 9.18201 1.65002 
0.631958 4.86987 5.26392 4.78882 4.64563 -2.38818 -4.67004 13.9594 4.29712 11.6541 
-3.1947 -1.57031 4.77393 22.5184 -5.13562 11.6954 -8.6908 -2.25098 5.10693 15.1898 
4.41089 2.02942 -0.58252 8.13989 1.85535 18.765 5.90576 -3.03528 3.07031 9.53906 
-0.0400391 14.0059 4.82825 4.09229 3.92151 5.41931 7.5354 5.6405 5.13074 6.75037 
-2.66162 10.7427 3.18347 1.7854 2.56262 6.86194 4.4281 3.20435 2.52173 5.8186 
-4.07605 14.528 21.5654 8.47156 -0.901489 0.300537 6.21338 2.19763 5.53809 4.64429 
-1.84534 13.9386 6.37402 4.09888 3.36523 5.65771 3.70996 4.83679 8.54053 8.30273 
-5.42981 5.45142 -3.2522 0.634155 17.1737 2.21387 -3.4259 5.17529 1.01819 9.53271 
-1.48535 1.69202 7.65991 7.10156 2.38965 -3.65491 -6.12585 16.7002 2.95801 9.5415 
-0.566895 6.43201 -4.67151 -1.4552 13.7377 -0.52002 2.75464 1.43213 3.12305 6.68396 
-1.47485 2.62378 7.80493 10.1772 -1.40625 2.13391 2.54224 18.9628 6.47412 7.44287 
-0.123901 -2.28296 -2.55505 9.59204 -0.893799 12.5167 0.442749 -5.52869 6.42432 9.32275 
-10.3896 9.23425 -1.21704 6.16565 22.8262 -0.178589 0.292114 5.72717 5.95813 13.8113 
0.0325928 3.36731 -2.79712 7.41235 0.240234 10.7754 0.808716 -5.57397 7.25684 9.00757 
0.257813 8.60779 -5.62109 0.924072 14.2905 1.58838 -1.56299 6.29651 -1.4541 4.49182 
22.6959 2.33594 1.47522 0.62207 6.13135 -3.27625 2.81165 10.3922 -0.410034 10.3787 
-1.32886 -2.89441 6.30969 -0.00219727 5.20776 1.53394 -1.4397 -2.11353 14.5144 8.3689 
1.3562 0.815796 0.0939941 13.3186 -3.42029 7.39563 -0.427979 -6.94775 3.30505 7.82056 
3.51331 7.24927 6.92175 1.51099 0.606812 7.85352 14.2294 -5.8988 4.32678 4.07947 
-2.92029 3.58752 -10.7675 8.80701 12.5408 4.83459 -4.15833 16.0718 0.318481 18.7532 
13.6166 3.93835 5.53369 -0.443726 -0.183472 5.9823 14.9886 -0.933472 7.2594 4.99878 
14.509 -7.37769 0.645752 -1.04089 8.35925 0.667847 -5.46021 7.1709 2.29077 8.92749 
2.59717 1.10022 8.82593 3.72607 1.64307 -2.94861 -1.95178 6.62451 4.75098 2.46448 
-3.02625 0.572998 5.8728 5.04016 -1.69971 2.29614 0.484497 8.35571 8.49683 4.98792 
-3.62061 7.6626 -2.62366 1.83948 13.4304 3.14807 7.55432 6.61951 3.45654 12.0736 
-2.32458 7.92371 -0.416016 0.81311 19.0111 -5.64465 0.508179 8.604 -2.88684 7.04004 
4.578 5.71667 3.05554 -2.56348 7.25671 2.17346 6.9646 3.48608 4.21179 4.58032 
-4.10181 7.67285 -2.83032 0.647461 16.9891 -1.44666 1.85754 6.7887 1.80701 12.4742 
-1.85083 3.80066 0.693359 2.57178 2.88525 2.73718 12.0599 -2.87866 4.19006 3.92029 
-1.95654 -1.24854 14.0437 -1.94287 -0.195679 -3.03516 19.2416 0.178223 4.94775 1.28662 
-1.573 8.71521 -0.05896 -4.68555 19.0245 2.01746 2.52722 7.9978 9.04407 8.01294 
0.584717 2.62024 -3.52783 3.30286 16.0345 -2.94299 -5.81909 15.09 -0.458618 7.8595 
-1.72388 1.18848 -1.36682 4.75781 7.29443 0.742432 -5.13074 6.55969 1.19421 12.8827 
4.51184 3.68335 5.15356 6.99597 -3.72717 5.28503 -0.0297852 -2.00354 2.448 7.06262 
0.984131 5.88892 -0.355347 -5.47131 15.9607 3.34802 1.78821 5.698 6.44055 10.7367 
9.38977 -0.966187 2.41663 3.09204 2.33289 18.5437 -0.221558 0.107178 11.6431 5.86035 
8.38245 -1.98633 -0.481934 3.45593 -0.692383 12.2563 0.66748 1.51465 10.6569 7.72217 
-2.46765 -3.63245 -1.83875 3.56335 1.60779 6.14697 0.19043 -2.4137 15.104 9.30359 
0.457397 6.24963 0.4823 7.25977 5.19128 3.17981 -6.93774 15.3027 4.21521 9.73706 
-2.10278 3.59912 4.9447 18.0415 2.3103 5.38342 -6.26917 -8.22339 6.65381 9.10278 
0.794922 3.56958 -0.698975 -3.19189 8.60657 -2.90869 -2.85168 9.94812 7.13245 9.98267 
-0.959717 10.7336 25.1818 15.0652 -5.51453 1.08105 -0.889038 -0.313477 12.8208 2.72827 
-0.581177 5.58826 1.84387 8.10022 5.41675 1.81958 -3.70203 18.0792 2.47693 12.1537 
12.5558 5.8363 1.87744 1.47522 9.64954 -1.92017 -1.16125 3.73926 0.135132 1.92639 
-1.44434 14.0457 28.0245 12.6523 -5.42126 3.86707 -0.646729 2.85095 10.9095 9.27051 
4.84021 2.10681 1.98425 -1.76172 10.9296 3.62427 11.6744 -3.12256 0.739258 2.35071 
-3.73804 11.8597 1.18103 1.89075 4.7937 8.63916 3.43921 2.5061 4.25012 8.86218 
-4.99072 13.1708 3.50269 2.81555 6.30237 9.67029 4.09753 3.20105 4.01587 9.29358 
1.95166 9.84949 8.84021 0.391846 0.576904 4.68848 12.8523 0.165039 8.46594 -1.75171 
-1.57715 4.00586 7.74023 -1.81445 0.999756 10.2706 8.99561 -6.89795 12.6023 3.9751 
-2.69531 0.18689 -0.459351 2.81409 10.5262 -1.30042 0.0200195 5.11304 8.43542 15.8212 
-0.809814 9.36072 15.7993 5.4668 -3.22693 2.7439 2.97437 7.91223 10.0068 4.05652 
-1.31201 3.7948 2.24951 -3.09998 4.07861 1.4856 2.65747 -0.593628 13.8962 9.62976 
3.48975 0.205078 -7.44934 2.87012 10.2318 5.18018 -5.78955 18.9659 1.44373 10.1635 
4.40491 11.8014 17.116 7.76575 -4.65967 8.32861 6.46533 5.41907 9.58228 5.54541 
14.9629 3.32288 0.704956 0.687744 1.00476 4.93958 3.03113 2.83887 2.54846 7.02649 
-1.57153 10.9808 3.6781 3.76038 2.77258 7.43469 4.90881 1.50208 5.23535 8.14038 
-1.75171 4.5697 -2.17493 14.8781 -2.23181 19.7858 3.6123 -10.7742 9.4353 9.82434 
7.47729 -2.33484 2.10852 -1.58972 6.77551 0.265747 2.35388 15.4808 -2.77979 6.33386 
-2.67017 2.20166 -1.96912 0.253418 6.46936 3.99402 -1.81921 2.32593 2.24133 7.61108 
-3.85803 12.9789 4.70825 3.15759 4.36499 5.41858 3.80554 5.61023 5.62415 7.88989 
2.28711 3.69556 0.256836 7.4176 3.33765 -1.51404 -0.610718 7.57629 8.49451 9.54785 
18.4987 2.60522 0.300659 -1.07996 0.745728 3.13684 1.74963 2.41211 4.59436 7.83582 
5.04919 7.11938 8.58362 1.40564 -0.0908203 4.21582 19.3912 -2.64807 3.27307 -0.620728 
11.5454 -1.11804 1.65466 0.747803 8.0509 0.647217 5.21973 0.476318 -3.36035 4.0968 
-5.60291 4.81409 -1.44995 0.73645 5.99231 5.87183 4.37061 -4.83423 9.36902 4.29773 
-2.89807 1.73108 4.52966 0.983887 3.7218 1.88293 17.1178 0.540405 2.87317 1.85974 
5.16309 1.50842 -0.538452 2.49939 2.96399 3.79553 -0.487671 -1.16589 6.0863 6.98169 
-5.26343 13.583 3.77271 4.22815 7.60901 8.15308 2.99915 4.91577 4.56335 11.8231 
1.2677 1.9303 0.475708 1.43188 -1.86072 2.57678 6.73328 -1.3606 9.54919 6.05823 
23.2356 0.598877 2.40417 0.648926 -0.334106 3.21362 -5.93201 0.674805 2.43079 12.9319 
-1.54553 1.83447 9.11926 15.1395 -4.84717 3.96594 -0.841309 12.0886 8.14929 11.5046 
-0.0112305 2.53235 4.55615 20.2041 1.82898 8.11353 -8.19885 -7.33557 10.0575 13.0515 
5.47925 2.67334 7.46802 6.47107 6.9762 -4.01855 -12.3788 12.571 7.63354 12.7833 
-0.686157 5.72144 16.8826 5.08582 6.61279 -5.45776 4.19861 1.08447 3.57068 2.84106 
-1.91187 4.76135 1.83752 11.613 2.06738 6.9696 -1.46252 1.88525 5.26379 12.2848 
3.21802 5.3053 5.66125 0.585083 1.29187 6.09851 17.531 -2.354 7.35059 -1.82703 
-2.53625 13.624 24.3319 15.3174 5.8147 0.393311 1.26306 0.642334 9.3783 10.3927 
-1.15063 17.1882 7.18262 1.22009 8.02844 2.32239 -2.98242 6.91052 5.78284 7.2821 
6.10352 1.4585 2.448 1.58069 0.411987 4.91443 8.70459 -3.89685 2.28882 3.05518 
-4.53772 13.7423 4.85229 4.79199 5.44739 6.46936 2.19958 7.2146 4.54468 10.4736 
0.325439 13.993 6.90417 2.06909 5.12842 5.03967 6.51831 5.30579 5.0929 7.70728 
-2.57544 0.697632 7.11243 13.3799 -0.832642 8.16272 -4.40002 1.45081 2.89941 7.62476 
-1.21143 3.72388 1.95544 1.58374 5.08972 -0.774414 -1.04907 8.69067 -0.344238 9.15564 
-0.0806885 8.23315 -1.33582 0.132568 6.1626 6.3988 -3.21143 5.05151 5.26941 12.5378 
19.9768 1.46008 6.51855 1.24353 0.185303 -2.00708 -5.5116 2.26086 7.14941 10.6832 
2.07813 4.1532 2.63293 5.02429 -1.81897 2.00574 1.03601 -3.80664 10.7867 4.20667 
15.33 -0.951416 2.95679 0.901489 2.448 -0.545288 -1.00244 2.20215 3.14856 7.08582 
-1.31396 -0.211304 -9.85229 2.70105 7.80408 19.3202 2.90771 -3.07837 12.3573 14.5122 
-5.40637 5.92615 -2.62061 0.874512 19.4503 1.3407 2.12317 7.59729 -0.0219727 9.39441 
18.907 3.5719 2.02637 -8.14807 6.89722 -3.65967 1.5332 14.5394 1.15833 7.59985 
2.6073 5.00269 11.504 -3.27441 8.7439 -2.97192 6.95508 3.25024 3.78418 0.508789 
-2.18408 2.48389 6.76904 0.967651 2.54492 2.63879 1.46021 -0.125 14.028 4.75513 
-7.71045 5.29248 14.1388 5.95459 1.02649 -0.139038 5.01257 1.40601 6.91809 3.30151 
-2.92212 11.5197 19.9509 4.10266 -3.53101 5.55823 1.14233 11.5111 2.46716 8.2804 
-0.634888 -0.405151 -2.7157 11.4741 6.69617 5.30701 -6.78027 4.91553 5.93713 15.3752 
1.0249 2.11548 6.72876 4.45166 1.17126 3.10217 -4.39575 -0.863647 12.9464 7.94922 
-6.78088 9.12402 -2.1698 -0.911621 19.5165 3.01367 -0.389404 3.0011 4.58521 11.8455 
18.2922 0.755005 6.34656 3.56274 4.37488 -0.797241 -4.36536 8.00476 3.24475 7.62292 
2.45667 4.46057 2.78345 -2.69434 6.4231 2.61096 4.4978 -2.16699 4.16943 6.354 
1.89111 6.28979 6.79297 6.6106 -6.44299 10.9427 7.53784 -9.27502 7.40527 9.45154 
0.0871582 5.07275 5.37817 6.55347 2.06616 3.21191 1.2334 -2.57129 10.4796 4.62109 
4.45325 0.656738 0.371704 3.94006 -0.029541 10.0856 -1.09155 -4.8988 7.09521 13.7495 
-2.18311 9.2522 0.494629 0.536255 4.09058 7.90027 2.04224 2.271 0.590454 7.93213 
-0.616943 10.7699 18.9895 6.07275 -6.94031 5.8103 4.49573 -4.74536 10.25 3.72046 
-3.64661 12.2218 4.71631 3.4502 4.97705 5.995 3.67834 5.15283 4.76782 8.53833 
1.03027 2.86658 6.16138 13.4749 -3.13586 11.8773 -1.16003 -4.49976 4.26172 8.76624 
0.146851 12.8617 4.1792 1.20911 3.03088 4.75452 3.47485 4.47498 7.71997 7.50781 
3.297 3.13672 2.32727 1.3772 4.63318 -0.856812 -3.53259 10.9689 7.85583 8.51147 
-0.247925 5.1377 2.50684 0.182373 6.95093 3.62646 4.92468 3.16638 0.775513 8.37781 
1.55579 5.73901 3.1123 3.09814 5.99438 7.80994 8.47571 -2.99658 6.09961 8.91809 
-1.69678 5.3761 6.3822 6.98401 1.1803 -0.301514 -2.14771 13.7407 2.4303 10.8755 
2.52612 8.36389 27.6035 14.8705 4.67871 -9.34521 6.27197 -1.72192 6.62622 2.28479 
12.9597 -4.2063 5.19934 1.56775 2.5697 1.49158 -6.02429 2.83508 1.79407 8.19421 
11.6049 2.42114 5.20398 10.2301 -5.22473 10.192 -5.09131 -4.71191 5.30859 10.1836 
0.559814 0.0606689 -0.356812 4.35413 -1.91174 4.52258 2.68567 -8.16736 7.56519 6.3418 
6.14966 1.2467 2.08191 3.70752 0.685547 2.04993 -4.11328 2.00269 13.6165 7.51831 
1.70374 4.52136 5.60767 0.943481 1.12488 6.02148 15.7661 -0.910278 3.99963 2.88367 
0.536011 11.5472 12.7159 2.30005 6.79358 4.07727 4.49915 -0.56958 1.75879 6.38232 
5.57422 0.7771 -3.36475 4.29517 3.13123 9.44128 1.32727 -8.04907 4.20715 6.27417 
4.6792 7.02466 10.1798 -9.37305 7.55688 1.54688 4.2041 5.9043 0.835327 1.04285 
-2.60413 11.6748 4.08569 3.84485 4.53674 7.51404 3.97205 4.09839 2.71265 7.76624 
-5.61365 5.7583 -0.185913 4.68506 7.83069 4.34058 -0.553223 8.4198 3.97327 17.663 
4.94324 -3.15466 9.71765 7.38318 0.849609 1.02783 -7.51184 0.757446 2.5918 10.6061 
0.24646 14.2469 7.29651 0.641846 0.266113 3.78931 4.44751 4.10229 5.43958 3.63635 
2.49939 1.40161 4.04407 8.13611 -1.60571 16.4741 0.264038 -6.31616 10.1198 10.4514 
-1.04663 -4.9248 6.30286 -0.725952 4.03369 5.52515 -3.68933 -4.67505 13.4816 4.62756 
-3.81799 5.88123 3.69458 4.26392 3.0188 4.13574 -0.0618896 8.10596 2.01599 7.5155 
20.1122 0.0500488 2.7406 -0.75354 2.88635 -2.55164 -1.68152 7.3125 5.16235 9.09351 
-1.82239 6.85889 18.3486 7.08069 -0.593018 4.17395 2.0824 4.07739 5.97546 7.93433 
-10.6349 11.8528 4.62134 5.745 14.9668 0.345215 2.41431 -0.217773 10.0448 15.484 
-3.99475 3.19153 -4.2417 -0.805298 17.4185 4.62378 0.686523 2.87708 5.05017 14.0251 
-3.72791 -0.156128 3.98364 12.6168 -0.478027 5.11743 -4.1842 0.0810547 6.61218 9.07593 
0.859985 0.536743 8.49988 2.33252 10.2806 -10.0745 10.7633 7.26013 1.18335 4.8429 
-1.16003 -2.91064 3.88074 4.14294 5.4259 2.82593 -5.49695 -1.96643 12.0477 10.2372 
5.11755 -5.3689 5.16431 3.65894 -1.07153 2.3457 -2.89905 0.876587 13.4458 7.7052 
0.267944 5.90161 11.5037 2.25635 7.62988 -3.37781 5.88086 -1.53394 1.93359 4.24377 
-1.82568 5.04651 -6.20435 1.33411 15.9958 -0.424194 -1.84851 7.45117 1.00256 13.462 
21.8473 2.46997 5.53625 -1.4043 0.387939 -1.40894 -0.483032 1.75305 3.72705 6.61267 
-0.573486 0.766724 -8.20813 1.59021 8.33667 7.73303 -0.664429 -0.374512 5.92017 8.16016 
8.93823 -0.505249 -1.94238 1.17957 3.98193 -0.954224 4.20886 0.625732 -1.10229 3.68433 
1.80432 2.89587 0.709229 -4.01355 7.2323 1.82788 3.03638 0.233765 2.92969 4.4137 
-1.95361 6.52307 -2.89758 -0.297119 17.1494 5.61536 -0.903809 -0.60791 3.34375 10.2317 
-0.922485 4.53979 10.9149 7.57642 4.62146 0.303467 -2.1759 17.5864 4.42554 5.54504 
-0.119385 -3.84375 -3.60559 5.19775 10.2119 2.8894 -1.59888 3.41089 2.4314 14.1 
-4.14575 1.41138 4.48181 17.3887 -2.93945 8.33704 -2.19373 -1.72485 4.68469 8.39307 
-1.82776 1.3866 -0.973755 -2.88708 9.03662 4.3866 0.0125732 3.03296 10.6997 8.72595 
-1.8866 11.8451 5.198 4.39612 1.95996 3.33533 2.70581 5.05518 5.45715 6.07678 
1.43909 1.02246 0.207642 6.79297 1.83716 8.24841 -0.482178 -0.510498 0.977417 4.67822 
-3.02478 -0.72998 1.35986 4.13538 8.33545 -0.273071 -5.10852 5.68298 3.71069 13.1832 
-4.87817 3.10999 6.07385 3.20532 1.83398 -0.0394287 -0.51123 8.4519 2.96985 2.78735 
-2.6571 -1.06812 0.657227 16.7031 1.3103 4.79358 -6.91809 -2.70264 4.6897 7.31458 
0.781372 -0.588623 -3.04736 7.78674 3.91663 16.1718 6.72668 -1.5918 4.52393 8.68665 
-3.42993 6.89392 4.55603 2.29688 3.40283 5.04468 2.53381 -0.923218 12.2001 8.79297 
-0.974854 3.3446 0.46582 6.05054 2.72241 4.47852 1.8573 -5.42981 10.9427 10.14 
15.3176 5.59631 2.94653 0.59082 8.13635 -4.64917 3.74219 5.88843 1.57227 2.01416 
1.13391 3.80957 -3.90881 4.27905 6.00671 8.74658 1.54382 2.19055 6.26843 7.95313 
0.0422363 3.74512 -0.358032 12.2594 -1.75891 13.0231 0.321289 -7.83264 5.96692 10.451 
1.16028 4.71033 -0.449951 18.136 3.10278 8.12109 3.73718 -5.74854 3.19202 6.29639 
1.68738 1.30188 4.25183 -3.47913 3.43799 3.21008 9.0188 2.49548 4.91406 5.73877 
7.33569 6.14612 10.186 -2.51477 0.973755 -0.19812 16.0994 -5.06006 7.53943 0.389526 
19.6577 -0.229858 1.2251 -3.23047 5.35339 -3.99023 -2.41125 8.79663 3.32104 11.0109 
-1.98096 13.9283 6.40845 3.90552 2.47791 3.28296 4.58801 5.09424 6.11951 5.25635 
0.192383 5.83093 4.0498 -1.39258 3.22754 5.76611 13.2004 -7.17285 6.6394 6.24988 
26.0331 -4.75269 1.30334 0.741333 0.516235 -0.473511 -5.41174 6.49548 6.35352 12.3662 
-4.96423 3.02856 1.32251 10.5503 3.02417 5.07239 2.27014 4.84802 2.60779 2.54749 
4.06165 1.29749 -2.58826 11.0737 5.099 10.8093 -5.01379 8.5 1.80188 9.60559 
-4.26636 8.0885 2.18066 0.672607 15.229 -2.81909 -3.12244 6.323 0.134644 10.583 
-5.16724 7.43726 -5.4198 -3.64832 16.1787 3.03064 2.28357 5.14233 5.7489 11.3823 
-5.7229 13.7621 2.97705 1.6825 5.83105 8.20337 2.91736 4.33606 3.27673 11.0232 
6.32837 -3.22681 16.1305 5.85608 6.77856 -6.40125 -4.53528 6.06006 6.00049 2.84485 
-1.91907 2.27856 -4.88623 5.849 10.7672 2.69336 -4.75256 6.85352 5.26331 16.0602 
2.07397 13.7174 7.25391 0.521484 0.542725 3.77563 7.21814 3.2052 6.76196 3.54517 
-5.12415 2.53027 -2.87561 -1.7572 16.621 5.02344 -5.14075 4.9856 4.32922 8.81055 
3.427 -0.253296 0.481567 -2.60291 11.2854 -0.848389 12.8198 4.69446 -1.00928 5.99548 
-2.45129 -2.54626 0.944946 5.43945 2.97266 -1.89124 -2.20215 4.11328 2.86011 8.54187 
-2.60242 2.56226 -2.55518 4.42688 10.818 -1.15369 -3.00452 9.02588 1.92566 14.2125 
0.769775 1.88843 0.863525 11.2793 -0.278809 6.33777 -1.56897 2.16528 1.61206 7.71118 
-1.35925 0.661987 -5.37537 4.42065 12.1561 0.540283 -1.66919 5.51428 2.15942 11.4037 
-2.62708 3.98926 6.23438 4.22888 1.58862 -1.9353 3.02014 2.71509 13.1987 6.99243 
-3.22656 6.40002 -3.86438 -2.021 17.7584 1.65515 -5.3092 3.33386 4.48193 7.98645 
-1.49072 9.75964 6.24133 -2.83093 18.1971 -8.32813 0.790161 5.88757 -0.19519 3.09448 
0.690186 3.5127 -0.103516 10.2836 0.901489 9.43811 1.65613 -9.88489 5.83728 8.68604 
-2.14148 14.4216 6.98511 4.52429 2.50012 6.5968 5.52271 4.46582 6.06946 7.5011 
0.82373 -0.206055 2.03589 16.7407 -1.46936 7.09497 -1.77991 3.05469 9.11707 8.43701 
-1.01111 15.287 5.35474 3.65796 5.36865 4.11108 -1.03748 5.5155 6.80066 10.3254 
2.29114 -3.05286 1.073 6.24109 0.557617 2.7467 -0.39502 -0.165649 1.64294 2.5437 
1.55286 2.69397 3.02246 4.72742 2.03882 3.02576 -2.61487 -2.95178 7.52832 6.29016 
-2.81006 6.22998 1.49561 9.9895 5.70618 -0.177002 -5.19153 15.6339 -0.485229 12.1786 
-3.1604 2.76501 -0.19043 1.46497 8.96606 3.0625 1.14246 7.0376 4.94214 13.1869 
-2.97559 7.92834 -4.67322 -1.61084 19.9186 -0.0606689 0.102295 6.62048 1.84875 6.36084 
4.75708 2.30945 2.84424 2.24683 2.02966 -0.924927 0.844238 0.708252 10.2837 7.073 
-1.28357 7.06213 9.72803 -0.465942 4.20679 -0.137085 9.74939 1.40344 11.9501 7.34485 
2.21387 6.06787 5.57019 2.71753 6.30127 -2.77075 -3.90784 7.26355 7.10205 7.06177 
-6.20715 5.04126 -0.472534 4.22412 4.56067 -0.359863 0.522339 7.46875 2.18994 11.8486 
-0.145996 -0.419067 1.15222 -0.979736 7.1626 -2.33765 0.414063 3.578 2.58191 6.59229 
-1.62549 12.9368 4.31897 3.04626 3.59814 7.91711 6.24548 2.87659 5.44397 8.60022 
-5.28955 8.74744 -3.61316 -0.696533 18.9298 5.02747 -1.95056 2.66064 6.90125 6.51172 
1.36719 -3.79248 1.79333 10.8132 -0.458862 12.1169 -5.41895 -7.00427 11.6061 12.7908 
0.279297 0.372925 13.1178 -5.13379 -2.57581 -3.86328 18.2742 5.07849 6.95105 -2.26917 
27.3622 -1.1416 2.98315 -2.28064 4.92847 -3.43054 -4.78748 9.02856 0.306274 13.0399 
-0.626709 -4.09778 -4.35657 5.68396 3.2157 11.9119 -1.14014 -3.12805 6.46033 12.6848 
-5.46582 12.2714 23.1627 6.5708 -4.55933 6.56067 5.19568 7.97888 7.15356 3.45679 
-4.43872 11.5525 17.882 7.31885 -2.39893 0.761841 0.144043 4.30542 7.66284 6.41724 
6.43445 11.8687 17.0919 8.18701 2.81055 5.83179 15.454 -7.39587 7.68127 0.577271 
-4.00879 11.176 2.86755 1.27844 5.15942 7.24573 3.5509 4.12122 0.928833 9.17737 
1.29321 -3.11841 -1.646 10.7808 -0.681641 11.6587 -2.10437 -6.19812 5.20679 11.5802 
1.8429 6.64575 3.78992 2.28723 2.37134 13.1138 4.98047 -2.79639 11.6088 9.21082 
-0.968872 9.33606 25.7509 16.0415 1.00903 4.85547 -6.51147 6.32825 5.59729 14.2695 
-3.84583 5.3772 -1.13403 0.961182 13.3484 -0.209351 -3.73108 7.53955 -0.525879 6.43323 
-4.67249 0.843506 0.395996 3.56799 9.36511 1.79565 -1.59216 4.96509 3.23425 13.7588 
4.31152 4.04211 1.27771 -1.86353 1.73059 5.02002 13.6494 -2.01001 5.21863 1.70544 
5.32141 6.19128 18.2478 0.000732422 0.356689 2.54968 6.20923 6.8418 9.14832 4.59253 
-0.612305 3.31946 -0.195068 6.90125 6.57129 5.9646 -5.61023 13.394 4.39844 8.87378 
0.591675 6.44409 -4.0127 0.173706 10.9 -0.0170898 -2.62732 15.2632 0.362305 11.2859 
6.95947 12.4656 22.4384 9.03491 3.96741 -11.8673 8.24866 8.2937 3.45569 2.65564 
2.50574 9.84985 14.1782 8.86279 0.490356 0.0251465 -0.940063 4.85315 11.4664 4.82703 
-3.2179 13.0327 3.50061 4.22156 4.23743 7.5542 3.41211 4.69702 4.07043 8.34705 
2.68054 13.6001 6.34534 1.74548 2.79688 2.36853 5.15149 4.31018 7.651 6.11829 
9.00562 -4.69592 23.5776 11.7822 -1.11438 -8.51892 -3.60657 8.68005 2.58508 0.807251 
-0.595703 1.82642 6.87097 3.65271 1.48987 3.93408 -4.68677 -1.58374 13.4167 9.27759 
-1.34302 6.27783 4.98792 11.3561 0.516846 5.01355 -0.481567 -5.4856 8.50537 8.42334 
1.35718 4.51929 -2.32642 -3.97571 10.2849 3.05481 0.849243 8.32117 2.27625 7.32532 
2.01379 1.45105 8.09485 0.0444336 -0.278076 -0.660034 -1.77039 3.5343 8.66162 3.3728 
0.912231 5.22717 -0.572632 1.05664 9.0061 -1.45496 -0.140503 5.42676 1.2998 4.91541 
-3.09827 11.9598 5.08301 5.38025 2.51001 3.94336 3.35291 5.55652 5.99377 6.24207 
1.67993 1.1062 5.60974 7.51343 1.28516 -0.131714 -5.26953 17.071 2.55359 10.3866 
-3.73206 11.1216 0.484131 1.71448 4.62073 8.22925 2.9198 4.01831 1.30017 8.55615 
1.16357 5.40723 4.25415 5.64026 1.82141 2.14307 -4.72437 15.326 5.1969 10.9957 
0.618896 8.74475 8.55896 -6.40845 4.07129 -1.07068 14.8907 -4.60986 5.4989 2.02332 
-2.27136 1.42029 7.33459 1.28345 3.9325 -3.12415 -2.95386 10.6897 5.76282 3.64478 
2.83777 1.10876 6.44446 2.50366 1.09509 -0.110718 3.56384 -4.51038 7.22998 2.6416 
-2.13489 15.394 23.0055 4.77283 -4.47864 3.16907 1.02368 13.0192 5.38147 7.54663 
-0.122192 5.38184 2.95654 1.90857 7.71387 0.609619 -2.41211 11.6893 4.50659 6.05347 
-0.0065918 -1.2937 3.48706 17.7972 -1.17737 4.94531 -7.60034 -5.31287 8.86938 10.8326 
-0.851685 8.8324 2.3739 3.57324 2.95435 7.41943 3.73865 0.303467 2.94641 7.75598 
1.79822 1.8479 8.17529 8.61389 5.02625 0.234131 -4.67737 17.4794 0.0476074 8.49792 
4.89648 -0.78186 0.506348 2.40259 -0.286499 11.7157 3.13977 -5.27124 11.672 10.6445 
5.82178 -2.00781 8.81018 5.21179 -1.26563 1.29163 -6.07092 -3.38672 15.7294 10.4677 
2.12891 5.61133 19.2852 4.1145 -2.68689 -2.00671 1.62842 6.67749 10.6033 3.02368 
-2.53564 7.89124 6.53857 -1.71375 3.97095 3.35938 18.2068 -0.321655 2.13416 7.30664 
2.85278 4.09631 12.6946 6.84692 3.02185 -1.43713 7.36792 -1.35242 4.17212 1.81506 
7.69446 10.8104 18.3333 6.60645 -6.03467 5.36414 0.822876 0.526001 10.7953 9.6488 
4.14441 -7.01514 -0.360352 5.04663 1.3595 20.6296 2.25061 -4.23279 12.7703 10.9171 
-0.127808 5.33508 7.50073 -3.26086 -3.20605 4.24792 17.0748 -3.18225 3.81042 7.84668 
7.79395 6.69592 8.83496 1.4834 -0.0852051 8.11084 11.3059 -2.56531 5.52466 4.85779 
27.3759 2.71118 1.5863 3.5033 4.16907 5.01331 -7.03601 7.48352 6.1853 13.9718 
0.361328 4.2301 1.54443 0.93396 5.28455 0.354858 -3.10669 3.44592 3.92871 10.4022 
10.5275 5.56714 25.3545 16.897 -2.96045 -0.142944 -7.52148 -0.0737305 19.1754 10.1838 
-6.34863 11.2793 -0.112305 2.56384 19.455 -3.5929 -0.227783 10.2939 -2.06152 10.1244 
0.925659 6.16199 5.51111 13.4316 -0.727539 5.26257 6.35229 -8.47791 3.74561 5.70068 
-2.75879 2.55225 8.02722 11.5519 -1.75269 4.54346 -2.96484 8.62878 4.20435 7.81055 
-1.35864 1.22766 2.80408 5.54675 7.22998 1.04944 -6.77515 3.70435 4.45728 13.4636 
2.84167 1.22961 0.895996 9.9436 6.60645 1.89966 -6.41284 17.4216 11.1311 15.1293 
0.502441 4.21118 2.62756 -6.19519 10.2568 0.942749 18.2471 1.81055 2.5343 3.32471 
3.86438 6.2135 11.3384 -5.55554 2.15869 -5.01807 12.958 7.91138 -4.32434 7.57361 
-0.847778 2.99719 2.65283 6.47205 2.09399 5.41052 1.98499 -1.83618 16.0409 6.62024 
22.6908 3.66479 3.49866 -0.383667 6.95178 -3.41516 -2.65906 16.478 -4.7782 14.0626 
-4.11841 10.2776 -4.98914 3.84131 18.5305 4.6731 -5.97949 4.35205 7.69214 16.5092 
-2.08557 9.39832 1.91614 1.53174 3.34644 3.90955 2.63879 4.323 1.29114 5.28467 
-0.760376 6.25476 3.27698 9.79382 0.993286 6.49133 8.18616 -2.74231 7.39453 3.79639 
0.230347 -3.19629 0.845337 5.25049 0.679199 1.05396 -1.56567 -4.50342 8.74487 6.22656 
4.80261 -2.1665 8.82959 7.88208 1.83069 -7.35779 -5.50977 1.96143 8.60962 7.93262 
0.0666504 7.06482 -2.66406 -0.570801 10.7859 5.10339 -1.52576 7.24451 7.06702 15.7589 
-3.08459 10.5122 3.13 -0.13855 6.32788 8.95264 4.04395 2.61182 0.336426 8.61304 
5.02502 2.36353 2.74316 5.00671 -4.40662 3.48193 2.2002 -5.46912 10.3558 8.24695 
16.522 -5.16492 5.18347 2.34216 -0.0352783 1.7002 -6.00745 1.25122 3.50061 7.97083 
2.35962 5.75977 6.05945 -1.47876 3.59412 4.30566 18.4142 -4.45142 3.97388 3.85022 
-0.823608 4.0553 2.25183 2.51038 6.78613 -0.578125 -1.89355 13.9984 0.396973 9.70813 
-2.20459 3.9342 15.1465 3.89551 -0.52063 -4.1825 4.82117 9.75049 7.58643 1.66602 
0.0852051 10.8511 1.9718 2.75549 5.23047 4.85181 6.65637 -0.244751 8.42407 2.70447 
12.4547 3.30408 3.32813 -0.355713 5.03308 -1.86328 1.86768 1.36145 1.11328 0.585571 
8.42761 1.99255 0.127686 5.91052 1.70801 20.4154 11.6816 -8.50146 8.80261 6.25696 
7.77991 -1.54944 5.0437 4.45557 -1.49402 15.0226 -2.60181 -1.79663 13.9581 8.30078 
-1.19312 5.74866 24.6897 12.1552 1.73279 -4.19775 3.49353 3.62891 8.46948 5.23022 
17.2904 -1.78906 0.088623 -1.2644 3.43774 2.89539 0.236328 4.88562 -2.526 5.42224 
-3.32251 5.40918 11.6637 5.8446 -0.00646973 1.13672 -0.461792 -0.246948 8.47571 6.99695 
-1.96924 6.65991 17.4551 5.75391 4.34814 3.26025 10.3539 -0.42688 3.2229 3.32068 
13.9952 0.477783 -3.88293 -0.796753 -0.222534 3.11243 -2.70715 1.74036 6.69519 6.79285 
-3.26624 9.11829 16.5277 2.28406 -2.91162 1.71375 1.21973 6.41016 8.34912 3.10681 
-3.73462 6.58362 0.199707 3.48743 9.15515 1.14685 -0.720093 2.73193 2.97229 7.55249 
3.17078 2.20825 2.70142 1.35205 7.66895 3.25037 -2.13538 4.68384 2.35168 8.18188 
6.05005 2.98706 0.621704 1.30664 -1.93445 4.64905 7.41223 -8.45544 8.0072 3.82019 
17.5552 -0.0765381 -0.145996 1.10474 4.20032 -0.762573 -1.1344 2.78394 1.64233 8.11292 
-6.47485 -2.38342 -4.89648 8.03503 11.2219 3.3064 -3.59277 5.46741 6.5282 14.8044 
-6.79541 2.35999 -1.70605 9.02881 5.73193 -1.63245 -1.00903 10.1791 4.22278 15.4606 
-3.67993 1.75293 -3.88147 -0.812378 20.1094 3.09485 -3.15869 2.56421 6.03528 13.2411 
-0.598145 1.44556 1.39539 2.00269 3.3811 3.54211 15.7394 -1.96582 2.95178 0.0463867 
4.8667 0.635376 0.630737 2.52014 4.10632 7.43665 3.4751 2.63794 5.68677 4.55408 
-3.22766 3.70874 -1.08691 -0.3302 14.2799 -2.91357 -1.46887 8.74548 1.20691 8.36694 
0.902588 0.897461 -3.23315 9.65015 8.03589 3.99304 -0.45166 8.70947 4.81189 15.7886 
-2.33411 12.8635 4.63782 4.23804 4.18408 8.10742 6.01794 3.89746 4.92493 9.7533 
-1.62793 0.339233 1.97217 -1.22498 7.01074 4.62244 4.38586 -0.0126953 12.5568 7.62817 
-6.19678 0.16272 6.02673 19.4242 0.0510254 10.4143 -8.0675 1.57007 6.09033 11.7542 
-5.91797 -0.451904 3.30029 1.49414 12.4758 -3.06433 -3.51208 5.6377 3.63403 10.3245 
-5.08533 3.32703 -3.79285 6.67358 9.6582 3.755 -3.40637 4.15662 5.81177 14.6113 
-0.275513 6.02991 1.91248 -1.099 7.75098 0.64563 -2.8783 6.12158 3.02332 12.4579 
-4.42371 12.5842 1.88879 1.57214 5.5061 8.80579 5.02344 3.2229 2.53674 7.98523 
-3.31042 2.33215 20.316 10.9746 -1.18579 -0.45752 -4.90039 3.44775 9.57324 8.45325 
5.07996 7.78906 20.5421 11.2728 -9.54541 9.39539 0.141846 -1.47412 10.9556 8.15942 
-1.65491 8.34326 3.95178 3.75342 3.55566 5.22534 1.3147 -1.22131 7.91919 9.01648 
-3.44202 12.0334 5.35242 3.76245 4.88696 7.8645 5.36548 3.41931 2.76733 8.71143 
-4.90942 0.776611 -0.537354 1.76978 10.0095 2.87476 -5.15967 4.11719 3.60864 10.1638 
9.51746 3.88391 2.88782 -1.36853 -1.0343 6.76782 14.8771 -3.25623 5.82996 1.99121 
-1.41003 6.78638 -1.53577 -0.874268 12.3003 5.79358 -1.44629 1.0769 5.63904 7.26819 
9.23132 3.5459 2.10693 0.611816 7.23718 -1.46069 1.81519 8.26929 -6.87903 12.1848 
-1.6134 7.92871 -0.602539 1.65149 7.00781 6.0188 -0.213135 2.14014 5.32874 13.093 
-1.08679 3.9209 0.496094 0.0180664 7.22375 2.94592 4.85632 1.67346 3.08972 6.24158 
0.00598145 -0.331543 9.75574 3.42371 0.312256 -1.5708 -3.78125 2.43994 7.71704 8.03503 
-1.43677 0.067749 4.45032 17.7043 -0.477417 6.65564 -2.93518 -0.952393 4.15649 9.10583 
-1.45813 7.14417 3.79688 8.32031 2.84668 5.9978 1.16016 -1.55005 13.9255 7.68921 
2.32715 5.35107 -0.244751 0.820801 15.598 -5.98596 6.32202 10.4882 -2.3335 3.36023 
21.4215 3.16125 -0.651733 -4.94141 9.88171 -4.41858 -0.614258 10.7427 1.48499 10.7357 
2.97583 7.11926 20.6384 13.3828 -8.18042 6.17444 -1.31091 -0.516602 10.6954 7.89636 
2.37915 4.40991 -0.93689 2.54529 3.50916 11.106 13.162 -4.66138 3.87073 7.479 
-3.07239 13.2346 5.62085 3.53748 3.44751 3.28772 1.76294 7.00745 5.55859 7.96008 
-0.601929 3.29724 -4.60669 6.6001 9.89917 3.15601 -4.32983 10.3359 0.802856 16.4132 
5.38684 1.66235 6.69312 -6.24573 1.79211 -5.23242 14.0985 6.14197 -1.38 2.75586 
5.2312 2.59473 20.2156 2.30127 -0.0639648 -5.81726 8.46863 0.832764 8.31689 -1.97595 
-5.64063 5.79993 -5.23193 6.95337 13.0847 3.01636 -1.76245 9.25366 3.17163 16.8317 
-2.60498 7.60437 -0.419678 -0.0151367 11.5265 6.64478 -2.77087 3.00061 2.73291 12.8657 
16.2887 4.5509 -0.253662 -2.43079 3.61096 4.21265 7.30493 -0.213623 7.14856 3.94702 
-1.02991 5.54004 -3.32837 1.25427 11.0088 4.30823 0.502808 4.63342 4.65857 12.3485 
2.07642 -2.35449 4.42004 -0.251709 11.9996 -4.8103 14.2433 0.71936 1.8009 2.95044 
29.5081 6.06506 0.149414 -3.38135 2.03906 4.42651 -3.02637 6.87219 1.48596 14.0031 
1.82031 5.43127 12.8987 -5.04333 -2.09827 -4.40112 12.1664 8.67371 -3.66577 6.66614 
-5.24304 10.8395 19.5767 9.71692 -1.59802 1.00574 -2.3551 10.71 4.89758 7.57373 
2.10095 3.37402 5.56616 7.0426 2.59973 13.5876 -0.0560303 -1.77576 8.40527 10.7505 
-3.45361 5.33594 2.28442 -2.45349 12.3297 0.750488 4.73779 8.53931 0.347412 6.79749 
8.72852 0.575073 12.1404 3.88831 4.62964 -6.95007 -1.29785 4.35571 5.05713 5.16724 
4.46948 0.983765 5.9165 18.9637 -2.22144 9.21643 -5.00305 5.98584 4.41675 11.2775 
3.30676 2.89575 2.43982 7.10132 -1.98242 2.73193 0.508179 -4.0813 9.00049 6.42603 
-1.45996 8.27686 3.0332 2.95508 7.48047 6.67017 9.953 5.86694 -0.596313 3.60193 
8.35535 3.5072 4.33057 13.361 -3.79175 12.7897 -5.98779 -5.24756 6.16797 9.53406 
-1.14197 -2.17932 -7.25867 5.79419 2.78943 6.12061 4.67078 1.99561 3.46423 6.03577 
11.3118 -1.32764 2.99683 -3.01929 1.86609 -3.56421 1.82202 6.02466 0.671387 5.34229 
5.36475 5.97168 9.62183 14.7458 -1.80005 8.49158 8.50439 -4.04761 0.0856934 3.44238 
1.34863 2.98242 0.95105 9.6709 1.20776 10.8676 -1.96899 2.06567 17.736 10.0341 
3.04358 -1.3623 1.13757 3.52576 0.556152 17.0181 1.95386 -4.55676 8.5144 10.6844 
2.01123 3.50183 4.91687 11.0698 -2.91284 5.84827 -1.72253 -4.73816 3.56714 6.26453 
6.02649 -1.33704 -3.52747 2.36035 0.0228271 19.5953 9.18616 1.6897 11.7472 9.37695 
-0.908325 7.12158 3.77063 5.88745 2.26648 2.25708 2.03613 4.46997 12.8263 7.74255 
3.88574 3.16138 3.44031 3.08301 2.76367 3.48975 12.3969 -3.14551 4.49365 3.99707 
1.74963 2.75415 -1.39417 11.3856 -5.25488 11.5933 6.78052 -7.83325 5.11548 5.31299 
-1.83276 3.70862 5.22937 3.26257 6.60449 -3.11267 -0.582397 10.7704 6.42224 7.72742 
4.09509 8.44373 8.39148 -1.2998 -1.44873 1.97864 15.647 -0.634033 5.88086 -0.458618 
-3.41919 -0.664551 7.94983 23.1714 -4.70154 8.3894 -7.86462 -0.303467 7.47949 14.6504 
0.221558 -2.42236 2.10181 17.9617 -3.88354 7.52197 -5.49133 -0.384277 6.85535 8.95435 
-3.82593 1.92859 -0.821899 3.4187 6.17651 0.336182 0.57019 5.71704 1.104 10.5103 
3.07251 0.630371 3.0968 -1.11182 5.56934 4.70374 9.82275 -3.10034 4.32703 2.84009 
-4.2041 11.9131 1.33008 1.67786 5.59753 7.60266 4.66443 2.31152 4.42517 8.81799 
-2.09314 12.1859 4.85962 4.34802 2.7854 5.68774 4.69849 3.28577 5.94092 6.29321 
3.62524 -2.07666 19.3811 4.25085 -2.03271 -1.39319 2.21265 12.4379 -1.02185 -0.0338135 
-4.78003 0.978149 -1.98584 3.71973 6.89661 2.0553 -2.66235 5.25146 4.83044 13.7357 
24.319 2.24219 5.01794 2.33911 -1.72852 6.10901 0.58313 5.29724 1.48792 14.2112 
-2.74146 2.60449 5.88159 -1.48352 15.0061 -5.15918 -0.19519 4.91394 3.52454 8.05396 
-2.40942 -1.71973 6.73926 22.678 -4.33899 7.89941 -5.18982 -2.81213 4.94189 8.35229 
-1.03271 1.17847 3.95251 12.7571 -0.970947 6.03503 0.316528 -7.36707 7.34509 8.84497 
-1.23462 -0.416626 8.05896 -6.87683 9.14722 -2.26685 18.9812 0.733398 2.83618 5.33582 
-3.88843 -0.794678 -4.57947 6.07581 8.73254 2.44275 -3.9834 5.89722 4.45251 14.1732 
-3.0719 -2.41345 -1.44934 3.76343 4.83142 18.7888 2.70422 1.73145 10.7761 9.64148 
4.64319 -0.886597 1.20557 2.82129 4.97717 -2.29138 -0.862305 9.96423 -0.216187 5.00842 
0.0158691 2.53394 5.31702 13.787 -3.11157 8.34021 3.82727 -3.78491 4.34802 5.3197 
-3.16101 1.06714 5.00684 3.19507 3.07324 -1.07263 -5.6604 9.23413 0.487915 11.1541 
0.702393 -0.855347 7.00342 12.8099 6.94702 -0.460815 -6.96729 22.9524 1.24207 13.714 
-2.35022 0.416016 -0.280884 8.77441 2.69495 3.63293 -8.47742 14.7852 9.87573 11.0286 
2.71436 2.86865 -0.31897 7.74268 -1.85901 5.49817 3.77954 -6.7804 10.7157 6.14172 
-3.38416 6.73145 3.50415 5.88318 4.20203 5.38989 0.832397 4.83215 3.42212 8.56946 
-3.31262 0.953003 5.92065 2.323 3.66541 -1.08154 -3.23303 4.49744 5.4032 11.3202 
3.66528 5.35022 5.34229 2.47205 -0.6073 6.73376 2.92114 -6.9812 10.8363 6.29736 
-1.69531 2.62109 3.5968 11.6284 -1.2262 4.55078 -1.84998 -4.06042 4.65198 8.00586 
15.1698 -4.66992 2.76807 3.495 3.13403 -1.84717 -6.021 6.69507 1.43152 9.05261 
-2.73303 0.99939 6.20337 4.74097 0.867676 -1.40454 -2.03186 9.56982 3.24536 8.12402 
1.74646 9.40173 19.4229 7.97144 -1.66687 -1.21985 1.25391 7.57727 12.071 4.86584 
2.46106 6.38269 6.55823 2.78992 2.5675 -2.0564 -5.36304 13.2692 3.13599 11.2283 
-2.41858 0.565063 -0.493042 4.81201 10.0009 -0.450806 -0.647705 3.59998 5.89697 14.3199 
-6.05396 6.23376 1.51257 4.64612 14.5314 0.359131 1.95837 2.09058 1.46509 5.18774 
3.73242 -2.42334 -5.71423 4.66846 3.02417 10.2468 1.97156 -2.64819 5.11365 11.6305 
-7.1438 1.5415 0.803589 3.35376 14.3409 1.57861 -0.590698 2.75549 8.84131 7.61853 
-2.50464 5.75537 -0.159546 7.07153 9.91528 5.10828 -0.170776 5.94861 4.80029 16.4778 
-0.525513 2.31738 2.49243 9.39807 -2.58435 5.92493 -0.452637 -5.73987 4.09143 6.39038 
7.26978 4.54529 16.1129 9.18494 -3.99158 -0.0412598 -4.27454 2.98267 14.6478 11.4576 
-2.44214 13.5111 6.11963 4.32129 4.23645 5.67334 5.05811 5.54688 6.03223 9.49707 
-3.94226 10.2523 -1.56543 1.70447 13.1959 1.21826 -1.81421 7.64673 5.95654 9.2417 
21.2046 3.24377 -0.873413 -3.17529 8.59436 -2.93103 1.2948 12.5488 -2.07458 13.8923 
-1.44495 8.19189 18.0131 8.31067 -3.43115 -0.113037 -1.35156 1.40161 12.1139 7.80432 
-3.3009 2.00317 2.03235 14.3633 -1.22717 9.38293 -1.20874 -4.40796 3.47388 7.83313 
5.86511 -2.60706 4.65308 0.845459 5.68274 4.83508 -1.81909 12.2471 8.53967 10.6759 
-2.87085 1.22412 2.71497 7.69397 -2.36487 15.0443 2.77808 -6.07031 6.45374 10.2817 
-2.22571 2.19885 4.49695 -0.141235 4.0791 1.55127 -1.58667 5.62427 1.05371 7.08496 
1.18091 2.61389 5.64331 1.03772 -0.518799 4.57617 5.54382 -5.77856 11.2461 8.75098 
-0.709351 -0.614014 4.83472 5.66101 1.73621 7.5022 -2.59009 0.398926 11.8147 7.58411 
8.24951 -1.64172 4.52344 8.01843 -6.20813 7.73108 -5.38928 -2.52722 6.46887 7.76477 
22.8304 1.47925 3.81677 -1.9303 -0.265869 2.01953 -6.73022 1.15198 13.0938 8.28845 
-2.61389 10.4288 5.4679 5.81116 2.1272 7.28418 9.25708 -3.4314 3.29492 5.8241 
-0.856689 13.6466 5.84473 3.27063 2.27539 8.64722 7.54846 1.93933 5.56018 7.99573 
3.31506 0.868164 2.16321 -3.92358 16.6793 -2.97864 6.36926 2.43494 1.81018 5.6571 
0.0947266 0.607544 2.13562 2.224 -0.569214 1.91467 -0.517578 7.01538 5.94751 5.57275 
-0.566528 2.6051 4.01563 13.2729 -3.74243 12.1852 -0.363403 -8.20068 6.33569 10.97 
-2.94604 2.25537 -1.82629 1.2356 10.7858 2.56995 -2.76721 6.71375 7.35181 16.7902 
9.68176 5.53882 1.73987 4.00427 4.98047 0.0545654 3.27185 6.23181 -4.58521 2.70044 
15.478 6.39771 4.37842 3.61487 8.80664 -2.52661 7.02795 1.72034 -1.71985 1.62439 
18.298 -4.84912 0.819092 0.136597 5.65491 -0.849854 -5.07556 7.73962 2.91077 9.36987 
1.31995 2.98608 9.69031 2.86218 2.93665 2.00061 14.15 -7.11169 5.57886 2.55933 
7.99744 6.88513 3.51953 1.50354 4.69165 7.01135 17.8314 -5.61169 1.84656 2.40771 
-1.22827 7.36169 13.2197 4.63525 3.96436 -2.29919 2.29565 3.38721 5.93713 4.76135 
-0.691406 0.573364 2.14844 17.9604 -1.35876 12.635 3.27002 -7.74207 3.1615 9.0304 
1.73608 2.37231 -2.94226 8.85559 6.54456 4.0769 -7.26453 17.3461 3.22449 11.2823 
0.214111 4.59595 0.340454 5.01624 1.92261 6.79321 2.57251 -6.46814 11.8839 10.0845 
-2.45752 5.59375 -2.65625 -0.786377 21.6338 2.31433 -4.30859 5.41296 4.47717 8.08325 
1.94031 1.36304 3.04102 13.6343 4.31567 0.766113 1.57471 16.0229 6.62231 10.7882 
0.201172 4.55933 4.1925 8.4668 5.45337 0.328979 -5.14282 18.1226 3.67358 7.55591 
-2.81067 -0.885498 -4.44861 5.04309 5.69397 1.26343 -1.96643 3.69446 3.05945 10.3342 
1.01746 3.60938 18.0803 10.9336 -3.8689 1.21716 -1.02441 2.31824 7.58826 5.776 
-3.46167 5.94946 -2.8136 3.17126 15.7621 4.8053 2.80127 5.29468 5.30383 12.302 
-4.60229 11.2463 0.577637 3.20166 5.23022 7.50964 3.01184 4.40027 3.80017 9.7063 
3.64783 4.95483 10.7478 -0.136841 8.07324 -1.59143 14.7462 1.93323 -2.02209 0.553833 
3.53198 -1 -1.30542 -0.0186768 4.38672 17.973 3.11719 1.96167 11.882 8.54932 
-0.666748 2.39331 11.3492 6.4906 -2.82703 3.10901 0.0114746 -1.83435 8.87109 7.7262 
-3.07202 7.68359 0.242065 -1.79968 14.142 -0.198975 0.243408 3.69312 3.58362 11.9321 
3.21143 -0.773682 0.993164 8.78967 0.657471 7.54333 -1.00623 -5.88123 6.85022 8.98401 
-4.98096 6.23621 3.0105 2.15491 4.02966 3.00122 0.269653 3.4707 4.46826 10.8583 
-2.61829 15.0149 7.05103 4.51965 2.15747 5.02502 5.60278 5.98938 5.0321 6.46533 
0.36084 -3.73486 5.87061 4.74219 1.79395 -2.47339 -3.67859 2.64368 16.6252 10.7235 
3.49268 5.32141 0.526611 -0.984253 14.4973 0.821167 6.18286 2.8501 1.77893 9.33496 
14.2828 -5.11755 -0.852051 -2.02344 3.1936 2.96765 -0.981445 -3.45288 4.96448 7.12695 
-0.169312 0.0622559 -0.522339 7.7627 2.58313 4.52295 -5.38879 0.446411 2.07214 10.0308 
5.37317 3.47656 5.46411 3.11523 0.606079 -0.754028 3.12048 0.614624 14.5841 5.04114 
-0.388672 11.0269 4.09656 -0.495239 13.6136 -4.53711 -1.85291 8.33301 0.897583 8.79016 
5.75195 -6.8877 1.48975 1.44641 1.16711 -1.06763 -2.25073 -4.97717 9.8761 4.83606 
1.745 4.81616 0.58252 3.13123 5.30701 4.86536 -6.08264 15.8917 7.97461 12.9218 
2.40808 5.45569 3.7052 6.93274 5.32361 0.508667 -4.15015 16.9585 2.33887 11.4005 
17.5868 -0.817017 1.7522 -5.07874 10.1516 -8.08203 0.111938 11.2289 0.0997314 8.65942 
0.893555 2.55896 0.875732 4.9397 5.67578 3.80957 -3.26782 8.03577 0.826172 9.14954 
-1.77209 -3.83533 7.82703 5.00879 -0.157227 1.89758 -3.73303 -0.914917 13.871 9.52319 
6.97961 0.5979 3.80981 3.91931 -2.49109 6.55139 0.723999 -7.05237 11.3853 10.9839 
4.49353 3.64648 8.25854 -1.35925 11.684 -6.06299 9.41895 7.4657 -0.0992432 0.472656 
12.24 2.03638 5.13318 3.65442 0.905762 5.41699 4.64746 -0.0588379 -3.04443 3.98157 
-2.55029 4.63098 -7.10217 -0.197876 14.421 4.99121 -1.94727 3.42419 3.26685 12.7474 
3.05762 -0.546143 5.21704 4.51196 1.3949 2.15198 -4.8551 1.85681 13.1987 9.62219 
1.47229 0.703857 6.93896 2.79407 1.61597 2.38928 -0.443848 -3.51733 9.75586 8.27319 
7.97107 7.87708 24.1318 19.7823 -1.34045 1.99536 0.924194 3.17761 6.39648 8.47314 
2.50562 8.58655 1.46936 1.32898 15.8197 1.64343 2.07922 8.20496 0.239746 11.0946 
1.20105 -0.0292969 7.25012 5.97998 3.59448 -2.073 -5.63208 12.499 1.47107 10.8802 
-0.0369873 -0.810425 5.67493 -6.21582 9.37756 -0.453369 21.6346 -0.24231 5.76282 2.25891 
-1.41077 4.17102 9.31848 2.18323 2.53552 1.98804 18.4454 -2.9353 8.76917 6.44043 
7.18323 6.474 1.1958 3.01428 0.629883 6.96179 14.3582 -6.021 7.54077 4.28918 
2.41345 9.69128 -3.56555 -6.61267 17.2421 5.71375 2.65222 2.6687 5.8429 8.94946 
0.651978 2.45203 6.42212 5.98889 3.80896 0.629272 -3.54102 11.932 4.03442 11.5851 
0.0661621 13.7476 3.1438 4.0896 2.54016 6.18738 7.84302 2.74414 6.67786 6.45825 
2.4259 2.48718 1.68042 0.968628 1.20044 3.98926 -0.884399 -2.01318 8.50513 5.97534 
2.80786 4.29602 2.25354 1.92346 5.81262 1.81323 -0.257202 2.55664 7.77759 6.67712 
4.9873 7.1521 21.5504 16.1802 2.15955 -2.64014 -1.34949 3.25037 6.97815 5.93042 
-1.9928 -0.925537 4.10474 13.1315 0.480347 5.79773 -3.29565 3.36292 1.4696 8.77136 
4.12708 2.97314 -3.4679 3.78625 -1.22534 9.97375 12.8947 -5.58667 5.36133 3.2594 
-2.28784 4.45679 6.72815 18.1174 -1.82874 8.17639 -1.78918 -11.0356 5.17114 7.73303 
20.4368 5.5896 2.77502 -8.65369 2.8418 0.739502 7.42896 17.1788 1.37512 7.15076 
17.2609 3.7522 0.00585938 -0.667236 0.934204 2.44263 3.86475 5.4281 6.36853 7.33118 
-0.928955 3.62488 10.0551 16.3041 -0.204956 6.84375 -8.80872 -3.6886 11.5784 11.4691 
-5.0354 6.90698 7.27844 5.43372 3.04883 -4.19885 -2.76086 15.4542 6.75317 6.10132 
1.55286 4.92786 5.3822 -1.74622 2.88574 1.52344 12.2217 -1.24792 2.51611 0.626953 
-5.62207 3.18213 -2.40515 6.15918 11.3529 1.04492 1.20459 8.70483 1.89404 14.4669 
-0.904663 -2.39355 3.1593 9.35132 3.64807 -0.053833 -6.38037 9.68835 0.658203 9.30823 
-5.28735 4.73047 1.17175 0.941895 6.64514 -1.77173 -2.45728 7.94275 2.37231 11.8384 
1.33533 2.672 -1.47058 -0.888916 7.75073 -0.307129 -3.16931 5.50244 4.71594 11.4911 
1.19006 -0.0078125 -1.3103 6.21423 -0.368042 20.4344 2.98193 -9.8396 8.57336 13.3407 
-6.15381 7.29578 -3.6106 1.49988 18.0475 2.24646 -2.86414 5.30762 3.57434 13.5481 
2.45667 -1.10132 -1.88953 12.2932 -2.97034 11.5573 -3.33057 -6.32361 6.49231 9.66956 
1.41919 6.22388 8.23425 17.776 2.49866 3.95898 -0.974609 13.6265 2.98853 10.1023 
2.96143 2.42676 4.68079 2.78271 4.26416 1.58801 15.2704 -5.96545 6.69409 4.63574 
-6.6759 14.3745 3.83057 1.64111 5.7373 10.5887 4.67358 2.14343 5.92749 9.526 
1.7876 5.21606 23.0198 14.9191 -3.14539 -0.0285645 -4.05212 -2.19531 12.0675 6.76831 
-0.616577 -1.51184 4.40625 14.2313 -4.03589 8.74536 -5.9989 -4.9248 7.87854 12.3425 
-3.40833 3.32153 -2.43933 6.10938 9.43237 -0.266479 -5.16223 18.1573 6.0946 12.8851 
-4.09058 4.6405 1.42542 8.94104 5.12561 11.1056 0.669312 -0.0765381 6.17371 9.57385 
-1.33374 2.34668 2.37268 19.9435 -2.82788 14.7175 0.524048 -6.86768 2.1936 11.0475 
1.00305 2.80115 7.15015 10.3673 1.2262 4.35876 12.5112 -0.917603 -0.477783 -0.26123 
19.5455 -4.04968 7.64954 -1.25671 8.56921 2.15552 -4.15393 7.11877 0.970093 12.0059 
2.52393 3.05249 3.15247 7.88123 -4.66907 6.76917 2.91455 -7.47559 5.17249 8.3103 
-0.255005 5.01282 1.76685 24.5576 -3.08667 17.3943 -5.18738 1.396 4.06592 13.1652 
5.10059 -0.311523 4.89478 2.30457 -0.226685 -0.258545 -0.833252 -4.53796 13.0284 9.05212 
-3.34082 6.72864 -4.47461 2.01746 16.2467 3.17786 6.43665 2.93225 3.74707 13.1404 
-1.74561 6.88757 9.05444 20.3931 0.581665 8.13416 -1.92505 -10.1267 8.26721 9.34229 
5.53284 6.83997 9.21802 -4.73987 3.06018 -4.97937 10.1685 7.65503 -6.89978 8.19043 
-4.7821 2.41846 4.672 12.6637 1.40833 3.15613 0.651733 -0.55249 6.8053 10.0674 
2.59241 -1.97168 -6.13049 9.01599 4.5481 18.6384 -4.62012 3.40161 14.8998 12.8118 
13.9286 1.03137 1.53235 -0.551758 4.43127 -1.29651 -1.65845 3.24463 2.40295 9.33948 
-5.52881 6.86597 21.9614 16.6306 -0.816772 0.67334 1.72839 0.367676 8.39417 5.58386 
13.5299 -0.739502 -1.81494 -8.51196 11.1628 -1.87109 8.68689 7.74719 -3.00024 4.2168 
-1.40576 2.48389 -5.64136 3.63513 10.025 1.12036 -4.19019 9.26379 1.42627 14.063 
23.2616 0.356201 4.21155 -1.83081 1.9906 2.36438 -4.31213 5.28979 8.90454 8.95166 
-0.0809326 5.14502 2.18298 8.27551 5.36133 1.25098 -4.78003 16.7318 2.38159 12.1493 
-2.09534 7.73071 0.351196 -4.45374 13.1858 1.75977 0.17334 6.02808 3.9978 7.62585 
3.83777 4.6825 -1.58118 3.60657 1.0542 7.65845 11.7651 -4.078 2.02942 4.01782 
0.602539 -3.82739 7.78369 3.42065 8.35034 -1.59961 -2.85962 -0.228271 5.12073 17.7362 
1.52917 2.91943 3.59924 16.0834 -3.59009 10.6217 0.0670166 -6.69958 4.16797 7.27856 
-0.178223 -3.34924 -3.42932 7.8927 7.44397 26.889 4.96143 -9.20081 9.25964 16.822 
-2.17859 13.2269 5.823 3.38489 3.15125 6.66858 6.09363 3.55701 5.10303 7.2334 
-2.94507 3.47034 -4.91663 5.85779 10.0619 4.79968 -6.13123 8.45654 2.18018 14.7723 
5.90222 1.80945 5.20874 0.664673 8.53479 3.79688 18.2227 -4.00354 -0.444092 2.89099 
-1.15234 15.4547 8.10132 5.02637 0.991821 6.15063 6.88184 4.72705 6.84973 6.7085 
-0.434937 8.8656 -6.4397 -3.02356 11.7015 7.56323 -3.62646 3.89197 5.50391 10.8969 
10.4926 6.17419 6.77173 6.26794 -5.18005 16.1866 11.327 -4.87451 7.11572 8.74683 
3.13391 4.29187 3.82544 0.988647 16.6428 5.23425 4.21448 4.4198 2.37537 7.43213 
6.52722 2.80554 -1.12231 10.2343 -1.02759 13.9099 9.9751 -8.10913 2.95447 5.59705 
19.6583 4.6134 4.09192 0.758789 6.79211 -5.0282 5.03906 4.28979 3.01355 2.2572 
-1.68616 0.880249 -3.75452 6.89124 5.15833 13.8256 0.504639 -0.622559 5.28491 12.1038 
-3.46313 -0.856445 0.776001 4.53137 7.39355 -0.344604 -2.97021 5.05957 -0.464722 11.6488 
3.60693 3.55249 2.88318 0.133301 1.85327 1.10828 3.72681 5.8551 4.49231 4.18921 
2.88696 5.62048 10.9933 -2.65076 6.37793 -6.85266 5.97754 4.08582 6.80225 4.55591 
-1.33936 14.1359 7.01123 3.9624 2.99304 6.35632 7.82214 3.65698 6.08777 7.81738 
2.99573 4.37134 12.1124 6.53943 -2.72522 2.41541 -2.39844 0.818359 8.71826 5.99463 
-4.2854 0.237183 1.85974 2.63538 6.29346 1.5332 -4.2218 5.04089 3.59229 11.9125 
-0.526489 17.2761 6.87402 1.77881 6.25195 4.19092 1.98157 5.20264 5.80249 5.81494 
-3.95679 6.05969 -3.34546 2.49329 10.8245 3.75293 -0.0895996 6.62012 5.93335 13.719 
-2.39026 1.7467 0.761108 2.36328 7.28174 2.82922 -1.92078 5.48218 0.730347 11.9764 
-4.92493 4.50061 0.198364 -0.23291 20.8127 -3.22473 3.85083 4.56604 3.7677 4.86365 
21.7582 4.67749 4.25146 -0.3573 4.60547 -3.69556 0.491821 8.41443 3.4259 11.6995 
-0.890869 4.64551 4.12634 2.87903 3.40637 4.78735 -1.17529 -1.85095 15.0139 8.86511 
-2.86023 4.07837 -2.48779 -2.46289 11.8361 0.865845 1.81494 8.0415 0.129395 8.64758 
-2.31018 1.81909 -3.57251 6.03992 1.03772 12.606 4.26392 -2.4917 2.47327 6.71045 
-5.37463 11.0748 19.0667 7.24622 -1.38599 -1.57117 0.711914 7.50269 8.72705 6.85083 
1.09314 -1.62439 -2.89954 1.70972 9.67944 -1.73157 -0.032959 8.83777 1.30859 14.0616 
-3.82129 16.083 24.0908 6.19153 -3.41663 7.01636 4.32434 2.11877 9.47058 7.43115 
-2.39758 13.0406 4.91052 4.44409 2.67114 8.85535 5.55847 2.23633 5.12549 7.27759 
-0.251465 9.33813 14.67 6.77393 -3.5531 6.17114 3.05981 -3.229 6.52002 6.021 
-3.77014 13.0988 3.96472 3.15613 4.6665 3.3811 2.64124 6.71155 5.21411 7.67529 
-2.25269 4.26489 6.01306 2.88391 4.55774 0.556152 -4.65454 11.0667 3.00293 9.4364 
-7.55127 2.78101 13.4429 20.2596 -1.89648 6.22009 -6.09985 0.13916 7.41541 12.579 
3.87024 5.35034 2.89563 -2.03381 7.55444 3.27368 20.3314 -2.19141 3.77905 6.5199 
-0.397095 -3.89294 6.61719 7.27588 -0.331787 2.00293 -3.63721 2.41992 16.02 10.8506 
0.422363 4.49243 4.36597 5.90515 -0.763428 6.88306 1.50647 -5.77771 9.58081 10.0743 
-4.88611 8.84021 -1.94336 -0.751221 14.6031 3.30798 -0.989624 1.29272 4.39111 8.32104 
-2.17603 3.53162 -0.121582 3.93921 6.9989 2.15002 -3.13379 5.70349 7.35083 14.26 
-3.10303 10.7336 6.578 3.46631 4.80396 6.08752 3.85303 3.03052 2.51282 8.2113 
-3.27136 3.31873 -0.68335 7.20239 8.83203 2.17493 -4.7085 6.38599 3.93555 15.6375 
2.23157 0.234863 1.56116 6.54407 1.88318 4.10583 -3.76367 -1.15601 9.48462 9.20227 
1.91431 0.0233154 0.819824 12.5323 1.70313 15.9736 -3.94482 1.3551 8.09045 11.7556 
-4.48267 3.54468 -0.670166 14.9838 4.92969 5.2428 -7.04749 15.6404 6.84009 14.3688 
7.22473 -3.12317 2.68701 9.65662 -0.523926 19.9502 -0.506348 -0.977051 14.8137 12.9186 
-4.84094 11.537 3.0282 3.72766 6.72498 6.09314 1.69299 6.45801 1.67297 11.9685 
-2.5354 11.16 2.15015 3.48608 4.87378 8.8811 2.72766 2.74109 3.67041 9.66687 
0.264648 8.68103 7.90894 10.6235 2.52429 5.96741 1.52417 0.43335 16.0859 4.2135 
4.82031 6.047 1.09033 -1.86377 6.04272 4.13647 15.144 -1.38086 5.23877 5.08423 
7.46777 -7.13208 -2.19373 -1.60254 5.41382 30.985 -0.236938 -2.03687 17.4331 14.9667 
4.54858 0.34314 8.24353 -1.23596 1.61182 -2.44458 -0.939575 7.17773 1.45947 3.99622 
-9.21252 6.78284 -6.18237 3.42383 21.3333 3.82288 -3.21216 1.42737 5.80786 12.0515 
-1.15125 7.10864 -0.475952 -0.0402832 15.5315 5.80798 3.79358 0.78186 7.12512 9.90186 
2.32739 -6.04578 6.68457 21.4576 2.19373 -3.09546 -5.39551 19.1666 5.38708 16.6042 
9.18091 2.36682 19.5155 16.0419 -3.22729 -2.64258 -1.18359 8.0564 4.99365 9.00012 
-0.951294 -1.02075 3.18994 18.9907 -1.66028 8.28711 -8.27283 1.3678 5.7124 14.0828 
3.98035 4.36914 1.28064 8.3125 -0.467041 16.7979 5.01111 -5.64209 4.31152 10.3984 
0.112061 0.184204 4.60791 -0.0545654 6.9353 0.953369 18.3756 -4.47083 6.19885 4.89624 
1.77869 2.75696 1.79517 6.08508 -3.92334 6.59399 3.39111 -8.42883 9.62524 7.04871 
0.691528 4.41992 4.55603 3.15674 2.8783 5.24341 -1.71838 -1.10156 9.93335 8.32129 
3.49304 7.56689 8.28955 -0.0205078 -0.585938 3.49097 17.8527 -2.34277 6.82874 1.65686 
2.02649 0.378296 5.30469 1.31018 2.57068 -1.66809 -0.795898 5.61572 4.14917 1.66919 
-0.576904 1.13672 1.51892 10.3945 -0.050415 5.01575 -3.96033 -1.26233 3.42175 6.17908 
-6.54565 11.1865 7.71753 3.79736 3.1394 6.93201 5.93396 -0.22522 8.82397 6.2522 
20.6007 9.79919 7.79871 6.01526 0.874023 7.20496 -2.01257 3.67114 5.19153 9.34546 
2.10266 1.76111 1.43567 9.92163 0.304443 17.4604 4.03064 -6.64587 5.60718 10.1549 
-0.320923 6.11108 4.89917 6.86682 -1.35217 4.82617 3.23267 -2.16321 9.46008 5.43604 
0.548584 4.93298 -6.98547 4.30615 7.07996 8.46484 -4.57739 8.42224 7.72449 14.9166 
0.32666 10.2183 17.9399 -2.83337 2.18848 -2.16516 -1.28357 4.70056 9.30737 9.23962 
-1.7373 1.79797 -3.49414 2.44934 10.5825 2.35449 0.974121 7.54333 3.59094 15.1356 
1.82593 5.83508 9.81091 0.586304 -0.933228 0.130981 13.8307 -3.94556 6.90845 0.352783 
0.784302 2.86292 3.34448 12.3848 5.72449 1.9209 -4.65417 22.4298 -0.657837 12.0792 
15.3062 -5.59412 4.76978 3.70605 -0.371216 1.04309 -9.15149 3.8717 3.16699 9.02246 
-0.905151 3.35962 -0.223145 0.540405 8.07336 4.49036 -1.46521 1.08203 2.08606 7.9187 
5.93665 2.10339 5.53271 4.2063 -3.85889 8.98499 3.23938 -3.36731 8.55884 7.02319 
1.78674 0.226929 4.79553 5.44617 0.841431 -1.43298 -3.96191 10.5743 3.32605 8.15063 
-3.12793 12.15 3.14783 4.45789 3.83179 5.17065 2.48169 5.74512 4.26611 7.75623 
0.3927 6.27283 2.36609 7.39417 6.53857 3.80273 -5.57471 15.6309 3.50049 12.0378 
-5.94446 4.63428 -4.4292 2.44019 17.2762 3.95862 -1.97168 3.6947 5.58521 11.0685 
-4.31384 10.1442 1.65344 -0.755493 5.32166 7.87268 1.74561 0.91687 2.17078 8.77344 
21.0752 0.901001 0.429077 -1.59167 0.99231 2.005 0.393799 9.81287 -1.61133 11.5737 
0.00842285 0.788208 -1.93286 2.21826 1.86755 3.74207 0.546509 -2.7843 3.22815 4.87769 
2.96155 5.27649 0.0020752 4.54565 6.59033 3.76062 -6.50818 14.511 5.56653 10.5293 
4.91016 7.05066 20.137 12.6541 -3.30566 2.79626 -4.68579 1.74023 13.6528 8.88379 
16.5565 3.79077 5.08496 5.49646 5.29187 0.14624 -8.44958 4.07886 -0.0450439 11.8838 
17.9821 -3.69373 1.25281 1.61951 6.40747 -5.33423 -5.95776 7.61072 3.65222 9.13477 
-2.89453 -3.39368 -3.28638 2.9342 10.7896 4.34155 -3.84753 5.19128 2.39136 14.9338 
-3.20947 11.8629 1.18787 2.8822 5.03442 8.94263 3.85425 2.87305 3.94287 9.04041 
-0.160767 7.24548 3.33057 3.2522 2.76685 3.23218 -4.99072 6.02393 4.49475 10.7905 
8.56494 -0.118774 -1.45508 -1.05444 4.96411 0.80896 -1.28125 -0.880615 6.5592 5.17334 
-5.02173 5.34424 6.03271 12.1447 5.47827 2.68762 -0.992676 12.0458 0.488892 8.67468 
0.963379 1.31226 3.92383 3.18274 2.72485 2.3927 -3.45972 1.70398 11.9142 7.8031 
1.36963 1.68921 -0.791382 -2.08789 19.1212 0.534546 1.35413 2.52698 1.40295 8.60962 
-0.98291 2.57813 0.599609 -0.913696 9.85645 -1.62732 -0.950439 8.51599 2.21094 8.10925 
10.275 5.8606 20.7761 3.67017 6.16162 6.0929 8.04541 10.4512 2.55872 0.557861 
27.6171 -0.633911 -0.549072 -4.38489 6.98718 -2.7478 -1.71118 12.4764 1.16675 13.7772 
0.250854 3.67346 1.26123 0.3125 15.9832 1.02637 -0.104004 4.79529 1.30151 7.48193 
2.30017 9.30994 8.84875 0.269653 -1.74634 5.56323 13.5669 -2.15479 6.88074 2.4386 
25.7566 2.27197 1.11731 -2.69373 2.35022 2.1355 -1.43848 8.11511 -0.986816 14.5995 
-2.13452 1.39783 0.322632 28.0815 -1.45288 12.7145 -8.00842 15.6737 12.3287 19.756 
-3.83691 11.7057 1.1886 0.63269 5.40808 7.45715 3.01514 5.27954 1.61853 8.69458 
-0.050293 14.2352 9.09949 2.63831 4.08118 4.98865 5.10107 5.94641 5.15649 8.17859 
6.78381 2.19531 2.50977 7.92041 -5.2052 6.63757 2.06177 -7.255 4.85522 8.47766 
-2.27551 6.18372 3.68823 21.0354 0.976929 6.60632 -0.5448 -13.0461 8.82544 9.26587 
5.30688 -2.51709 -4.78027 4.7157 1.8833 3.35193 -4.5083 1.27515 3.45178 10.4279 
2.71582 1.21826 5.72314 -5.46887 -3.34778 -2.20435 16.1323 -0.723999 6.42126 -3.1969 
4.84619 3.29736 -1.46252 3.55981 9.72449 2.90942 -1.29565 17.5723 2.43262 16.777 
-3.03821 6.45911 1.27502 -0.172119 12.423 0.434326 1.54822 2.45898 2.01685 5.7937 
-3.08923 10.5638 3.29541 0.813477 4.73877 6.55591 3.85205 4.3634 0.940918 7.19336 
1.32275 8.13708 12.2317 4.81775 -1.38391 4.43018 1.23413 1.80286 7.53687 4.20203 
-2.94775 4.4762 7.68628 17.2865 -0.626099 8.17444 -1.02283 -6.13843 3.03955 8.16736 
15.8744 1.09424 1.99109 0.924683 4.4989 -3.41638 0.747925 6.67834 1.33118 8.11414 
4.9176 2.96973 1.68665 2.63647 2.17981 5.85071 5.47314 -2.84192 7.78784 3.68921 
-1.71448 8.57312 7.93884 6.82068 1.37317 3.98376 -4.92078 14.5358 5.66052 11.6636 
-1.28809 3.17102 4.79175 16.1865 -1.56763 9.9834 -0.0294189 -6.42981 3.17639 9.42651 
-4.36572 4.03198 -1.66016 4.14331 11.8799 -1.84998 -2.37146 11.7737 0.0447998 14.8546 
-1.24036 -0.521118 6.47058 -1.07544 2.8667 1.62976 16.6251 -3.20874 6.17371 3.27734 
-5.1709 6.72888 -4.11328 2.76831 14.7454 3.41309 -1.51416 9.31091 5.9939 18.3942 
-1.36743 4.67334 5.36377 14.7839 -0.718018 6.48987 2.28308 -9.96423 6.32092 4.26196 
9.19226 -0.419312 -4.36182 4.4541 2.82422 19.1447 -0.400879 2.96106 13.3715 9.81555 
9.6145 1.7395 2.97412 -0.207397 9.45544 -0.177979 2.18091 8.98767 -7.11047 5.03406 
3.27917 2.56384 19.0823 11.2432 -2.99426 -3.90088 -3.58289 3.71606 11.4248 5.88062 
-0.0727539 7.06531 5.07532 6.86169 4.37842 3.41309 1.03296 13.2124 2.05042 9.46912 
-0.653931 7.87305 8.63025 1.05603 6.4696 1.07056 1.22021 5.0592 1.50562 5.021 
-0.0686035 0.353394 -2.12402 6.47034 -0.0118408 12.3082 1.14612 -3.72388 6.16003 10.1201 
-3.14319 11.4609 1.84521 0.874512 4.33887 8.83203 3.67798 3.11877 2.02539 8.59143 
-5.39282 5.39453 10.7585 6.18372 -0.258423 1.29333 1.2489 6.59021 8.56836 4.1554 
1.12146 3.10022 1.82129 10.2729 -3.3385 11.0524 5.52502 -6.25232 4.91638 5.88159 
-1.32202 3.60486 -0.368408 6.67139 0.387207 6.38098 1.49463 -0.963501 11.5933 7.51563 
13.0621 2.14124 -0.623169 -0.793091 7.60901 -2.46411 -1.73352 9.11877 -2.18494 7.25476 
1.89734 -4.07886 1.06873 -1.03662 3.70959 3.10938 0.0977783 -3.63513 6.26025 3.21082 
9.20056 4.7428 1.52991 -6.82935 6.14307 4.00891 5.88733 -3.37671 11.8561 4.09839 
-4.12476 12.5831 5.56714 2.41516 6.35632 7.22595 5.12964 2.20117 4.13794 10.5065 
-2.96106 0.265503 -1.70239 -0.189697 3.39636 13.5566 5.16968 0.943115 11.0344 11.7959 
16.6641 -4.505 1.15088 1.31067 1.17249 5.22852 -3.75964 -1.26599 6.61523 7.51208 
-1.34583 1.09216 2.14331 10.9749 2.66101 8.83875 -1.36182 -2.13538 1.52466 6.65649 
20.4246 -0.397705 2.21899 -4.17517 8.30408 -7.50525 0.219727 6.3739 3.37048 4.71216 
-0.662231 3.5896 2.49329 13.1995 1.3916 5.38928 1.1521 -8.19189 2.76294 6.67908 
-1.67383 15.239 5.86169 1.42432 3.68201 4.85095 4.90845 5.13159 6.46533 4.39465 
-3.49182 8.40918 3.74268 0.0806885 13.1334 1.44897 -0.865845 8.12549 -0.826294 9.65771 
15.4534 2.5282 0.122559 0.544678 0.696899 2.05676 0.792236 1.67749 5.31567 7.24084 
-4.25574 -0.636475 12.3763 17.0699 -3.24683 4.29114 -4.7821 1.22241 11.0127 9.2373 
2.45642 0.96167 1.96472 10.7152 1.43335 2.92737 -6.80994 20.0563 6.43237 12.3708 
4.54968 1.0625 20.3075 6.53113 -4.95825 1.5083 -3.78955 4.17834 9.99402 10.0928 
-1.78979 2.33411 -3.77393 -1.12231 10.6526 0.994507 0.269165 9.40344 -0.25415 4.89758 
4.08569 10.1252 3.89624 1.76807 -0.0878906 4.41199 8.22107 -0.00952148 5.46667 3.5116 
1.34277 4.35718 -1.90918 3.14893 0.605225 7.89148 1.30713 -3.22034 9.1908 6.00757 
14.3567 -2.04919 3.49133 0.0535889 1.07861 -0.557251 -4.9762 2.61523 4.08569 4.80115 
-2.3512 1.1582 7.17078 5.45984 2.19604 -2.95276 -4.28406 13.3636 3.2207 7.01318 
17.786 2.1051 0.919189 -2.63086 6.18347 -1.57324 -1.22278 7.38672 1.06091 9.32703 
-2.48499 7.06213 2.96582 -1.74524 11.6244 -3.89783 -0.815186 8.13147 0.680542 7.47852 
-3.22742 1.50806 12.7517 19.4076 -7.07068 11.3607 -4.29736 -3.49695 10.1782 12.6608 
-1.36841 13.0923 6.13306 3.92542 2.34802 6.6239 5.52869 3.83655 4.70288 6.48267 
-4.75208 4.65076 1.27014 3.61902 6.34229 -0.0667725 1.30566 -0.916504 5.76538 10.3284 
-2.17688 -2.95166 1.30432 -1.0481 7.15759 -2.22217 -1.05127 -2.5946 8.88281 8.14844 
1.50903 4.52063 -5.37195 6.7301 7.87793 2.07483 -6.85889 16.5388 4.60742 12.275 
0.743774 5.72717 2.59485 4.27563 6.13293 -1.20337 -3.84375 16.3079 2.37744 9.29504 
-8.09534 14.2708 3.52454 3.60327 5.07776 9.26733 2.40979 0.356812 8.12378 11.8259 
-2.37439 8.23157 -7.13257 -3.15002 13.443 4.37708 0.641968 5.39575 3.85669 9.67273 
-4.21106 -0.925415 -7.00366 7.00793 11.3522 -0.878174 -3.41943 9.36084 2.32507 14.7162 
-5.14111 3.88684 -0.111572 5.53687 9.63062 2.83008 -1.62036 6.2113 3.07825 14.4408 
0.825195 4.21558 7.56848 13.2096 -4.39539 6.75525 -0.391602 -6.78198 4.21216 9.38037 
-14.0775 3.75415 9.37842 4.52625 6.9198 -2.2926 -4.21863 6.44824 15.7734 11.1683 
-1.89648 14.252 5.2345 4.83496 4.46387 6.52539 6.2002 5.17773 4.52673 8.20947 
-3.19336 7.34241 6.67029 13.3853 4.94238 1.38513 -2.22314 18.553 -0.09729 13.1289 
-2.42859 3.02856 -5.39478 7.19958 15.0735 4.07983 -5.93274 12.2526 -2.25769 22.3169 
12.9647 4.01917 4.21191 6.63562 -0.760864 5.75159 6.0199 -1.5509 3.5293 3.36829 
6.40015 3.87415 23.1821 8.91809 2.63892 -6.17981 1.2301 0.858154 7.32166 0.337402 
19.0424 8.53064 8.10657 1.15564 3.7583 -5.29077 3.53809 6.85791 -0.820923 7.64478 
5.7312 4.82861 1.63184 11.1304 -5.19678 7.38477 -2.24121 -4.03296 3.47339 6.90186 
2.33459 0.23645 -2.13391 13.1348 -1.94629 10.8628 0.327881 -9.84424 6.33655 11.5065 
0.0178223 7.30701 1.15259 10.4158 5.0708 2.92505 -6.16736 18.8391 2.31604 13.5598 
1.41528 1.10901 15.3641 -1.76355 9.49146 -4.05408 14.8234 3.29626 0.0952148 9.5387 
-1.46375 -2.01611 -4.11829 4.55505 10.9833 3.70569 -7.55493 4.28223 3.31006 14.8965 
6.06287 3.48962 15.4082 7.13025 -0.776978 -2.00916 -1.78748 7.79272 8.34924 11.2045 
-3.55933 -3.34021 3.67004 17.429 -3.09363 8.36902 -5.41785 -1.63501 5.54578 10.2091 
-3.16724 4.71753 8.39124 23.3165 0.600586 7.30688 -11.5057 -4.42224 7.85425 14.2709 
1.8446 4.21655 -1.78137 14.6707 7.61121 6.29712 -7.74915 30.2258 4.01538 17.1895 
-3.80225 1.33313 4.4635 7.80603 5.6543 -2.57361 -5.4032 12.3541 0.734619 8.29846 
18.9318 -1.63965 4.69983 -1.18982 -1.04663 1.56165 -5.58313 3.34375 3.03699 8.74255 
17.726 0.220947 4.47974 -2.58301 8.65198 1.98059 8.74451 5.62305 0.387085 6.09827 
-0.17395 5.67871 4.47595 2.61572 3.81628 -0.669189 -0.996948 9.0708 1.45959 10.5811 
5.95239 2.40344 -1.32739 8.53491 -0.417847 12.5762 0.901855 -7.45471 8.35754 14.1844 
7.02979 -5.91248 16.3422 4.84143 1.01611 -5.04028 -3.93701 7.08704 5.49524 2.80542 
-4.48389 4.16077 -0.769409 3.33447 6.224 1.1095 -3.9873 8.92529 2.41394 12.6118 
4.85144 -0.727661 7.17822 6.23621 0.108276 1.0885 -1.56873 -4.36438 8.59741 10.1498 
3.51416 2.13635 0.992798 4.12866 4.59277 7.87439 -4.14355 11.3658 11.793 9.61182 
-5.59778 3.89221 -4.3009 0.22583 15.3394 3.13611 -1.31921 5.78455 3.47656 7.64233 
-3.37988 3.24854 -3.104 0.734619 14.2734 2.53455 0.0566406 4.80969 3.29822 7.24084 
-1.6427 15.3901 23.6089 13.4545 -0.0107422 1.75964 0.963135 -2.14343 8.65149 5.52734 
1.44067 0.57959 -2.38074 2.55493 3.79675 3.77356 11.5659 -4.78418 4.90588 6.14563 
2.96606 4.21741 -2.93396 2.28223 2.78821 7.4458 12.3427 -1.19397 -1.34814 2.74744 
-2.05933 18.2926 8.81958 0.145508 5.65942 3.7843 2.40918 6.84351 6.20044 5.30334 
-0.193359 -3.55615 -5.50439 3.21741 11.5933 2.62878 -4.89746 6.66089 6.24573 15.115 
-2.20142 -1.99402 0.497559 -3.24792 9.52209 3.35815 9.10352 -3.69482 8.44763 -2.1272 
-0.0679932 0.186279 3.07117 1.07446 1.26978 0.143799 1.90479 -3.4447 7.73816 6.0127 
4.03113 5.40918 23.4553 9.76709 -4.44617 2.22998 -4.33606 0.675415 12.8513 12.2496 
-3.18433 6.7959 -1.7804 4.93323 9.16333 6.09253 -2.19324 3.11597 4.90308 13.1566 
17.2076 -0.116943 2.64209 2.03723 3.77856 -0.336914 -2.67786 8.19739 -0.886719 11.8959 
8.23303 4.17981 11.0911 4.05249 -3.2052 4.78687 2.01404 -7.90308 15.9856 3.63074 
2.90332 1.89844 0.197021 7.88489 0.958862 6.0636 0.0683594 -0.0887451 3.93677 6.71106 
-2.73486 10.6743 0.722046 1.10583 5.04895 4.9032 1.25342 5.34924 1.82471 8.97974 
-2.42395 12.4725 6.11597 4.08154 2.26563 3.19226 4.18933 5.13269 6.12659 5.15161 
3.41174 2.26636 5.99377 -2.52234 0.0078125 0.832153 13.829 -0.106079 1.29187 5.8396 
5.93054 4.78333 3.05835 12.5127 1.03967 5.61951 -3.26379 -4.177 1.04675 6.62048 
-3.61511 0.981689 -3.78052 9.61243 1.88257 14.1287 0.533203 -5.70581 7.38733 10.0087 
-3.8905 14.8201 5.17371 4.49866 5.58679 6.58667 3.88403 7.12183 5.0708 10.3975 
-3.26245 11.6554 2.4231 2.63257 3.99792 8.53809 4.41821 2.22888 4.96375 7.45691 
-2.46057 12.6382 4.60608 4.44995 2.94629 3.92004 2.30969 6.5199 5.04492 7.48267 
0.100464 2.36597 3.67981 14.3042 -0.721069 11.4402 0.446899 -6.27478 1.96545 8.84424 
-0.223145 15.0885 13.7552 3.31018 2.1969 1.24048 1.83875 6.46765 7.64832 4.96008 
2.07458 4.56812 14.2218 8.39514 -4.24719 1.67834 -3.07605 1.0885 10.7764 8.28552 
-0.703613 6.70361 7.0321 20.8287 -3.02063 10.8104 1.13464 -10.2008 5.64954 9.90051 
12.9094 -0.365601 -0.27832 -2.78613 3.42175 3.04553 2.02869 -0.278687 1.33337 5.75525 
3.98816 13.5184 17.5291 11.3214 -0.619385 6.32178 2.98401 0.172607 16.4282 7.255 
13.9999 -1.09497 7.26306 0.40686 8.03625 -7.20508 3.51892 4.15515 -1.2262 4.3562 
-3.53687 12.5775 4.57678 5.15796 3.92834 5.96558 1.93213 7.30457 4.00574 9.80823 
-2.57825 0.329834 1.67786 21.2153 0.557617 7.53162 -6.97998 -0.209717 9.66541 11.6704 
0.281616 3.10413 0.349976 4.63135 1.44446 10.4916 -0.122681 -0.730469 5.95068 6.86755 
5.56653 -4.14209 -6.11572 3.16541 4.33313 8.50818 2.28381 1.15393 4.67041 7.84302 
4.46423 7.01038 1.51013 10.4755 4.19629 1.57434 -6.81494 20.6771 7.94873 13.8405 
-1.31421 3.49731 -3.27014 -1.76062 12.9005 6.53357 0.539917 5.27893 5.15222 9.67969 
-0.176514 0.392578 3.59631 0.6427 1.41321 2.1543 -2.43091 3.48047 6.9624 7.6416 
-5.64722 5.60498 0.635864 8.41113 7.77051 5.8407 -3.09973 6.91309 4.35669 15.4314 
1.99084 4.4187 0.190552 5.59082 1.3407 5.72253 15.2762 -3.80896 3.1665 3.11133 
-5.63586 3.52832 -2.13525 5.2688 8.48145 -3.32227 -3.25452 6.25159 3.93872 12.8579 
8.94006 0.935425 2.38379 -6.49878 1.94165 -2.3418 19.6105 -3.71875 7.99792 -2.88818 
-0.255127 -0.144531 3.42725 3.47766 2.95813 1.25769 -2.66626 0.9021 6.53076 6.30591 
1.30176 -0.0339355 8.4043 13.5034 2.2583 0.125 -6.44373 0.734253 7.07117 6.20386 
-6.31287 4.98938 17.3054 2.97144 6.61755 -3.93091 22.3143 -3.39075 8.81384 3.66016 
0.828369 6.2395 10.5165 -1.62891 -1.34106 2.86182 18.4943 -3.15601 5.47656 6.90308 
8.50513 1.16016 9.1626 -0.175781 3.92859 2.69812 1.45923 2.37305 17.6888 9.65918 
-1.01257 1.1936 -0.570801 6.29639 0.588379 9.84814 2.55627 -4.14282 3.67639 8.12561 
-5.59485 11.8413 2.30884 2.0155 4.92102 7.26978 3.11035 3.28113 4.48364 9.30908 
-3.43005 5.58008 -0.284912 -0.234009 12.627 -0.937378 -2.75977 3.6366 -0.0197754 6.68591 
0.951172 1.41138 15.6458 3.7644 -0.396729 2.76758 0.403687 3.52124 5.94751 7.42712 
-2.8479 8.6228 -4.01318 -1.37988 19.3265 1.98633 -0.252686 4.51733 2.8678 11.0381 
-1.58533 9.18945 -1.02051 -0.0267334 10.0911 3.22144 4.17468 3.82361 3.31323 9.18579 
0.990601 2.48962 2.90869 8.19531 -2.8634 10.3818 3.60229 -8.38147 10.3641 9.97461 
-3.70825 12.9207 3.43201 3.81091 5.01367 7.3396 4.14783 5.9939 3.64148 8.7594 
-4.67163 9.01208 4.98755 4.83301 7.15564 3.46753 -2.65576 4.8324 5.28699 6.88159 
-2.8092 5.52649 -2.05212 9.05396 9.69421 6.67261 -2.90088 5.39819 4.85571 18.5665 
22.6626 -0.896606 2.08752 -1.46887 0.17627 10.9473 -3.84216 2.39063 7.7439 6.92139 
1.57373 4.72876 18.4943 10.3102 -1.35327 2.80444 -4.57141 2.45984 10.0493 7.03394 
-4.26831 11.8855 -3.0177 0.705444 18.693 0.991577 0.236816 3.45776 4.86047 8.57458 
-6.23132 6.15234 0.102661 8.70398 6.02405 1.17908 -1.46399 8.70593 5.22437 15.0507 
0.554321 2.30115 -3.28271 2.93481 4.74536 6.25085 5.64026 -2.24988 5.73352 11.2294 
2.68408 3.15295 5.85486 12.0863 6.67493 1.68799 -7.97913 19.8572 4.07727 11.1793 
-4.23914 13.2319 3.80457 3.75732 4.25122 5.80408 3.80811 6.68616 5.17139 8.57031 
1.79944 -0.186768 1.8844 2.83557 -0.854248 4.24658 2.85181 0.375244 9.34619 3.98291 
0.102417 0.112793 3.03528 6.54041 -1.22864 3.74316 2.85022 -1.33496 6.17078 5.13135 
2.20959 -1.31299 3.57813 7.3689 0.227051 11.7488 1.01233 -1.12488 7.87354 11.2134 
11.9812 2.10205 1.47766 -3.43152 14.828 -5.90698 12.3038 4.69238 -1.63599 1.36682 
-1.9834 0.691528 0.729248 3.24133 9.2998 1.8783 -2.44568 5.60034 3.41797 14.186 
-2.57092 -6.77698 -0.186035 2.77258 0.702881 0.415161 -1.33569 -2.2489 11.3459 6.57764 
1.00085 -0.130249 -2.33362 4.56995 11.0654 1.8252 -8.08435 16.2218 -2.25256 14.3419 
-0.715454 14.9795 6.7041 3.73071 3.74182 5.30591 7.68201 6.06433 5.50769 7.16516 
2.60034 13.4697 5.07324 2.03223 4.76001 4.43884 5.10425 3.24854 6.4115 1.62939 
7.49243 5.021 7.81128 0.450439 -1.71021 3.35828 17.6267 -2.9635 4.73206 -3.79382 
1.95691 3.63269 -6.41125 1.37634 9.8374 4.01184 -6.22156 15.646 1.38672 10.356 
4.54163 8.0116 6.25818 -0.740845 -0.397827 6.23572 14.0106 -4.15808 4.73779 3.16064 
1.6969 7.82104 5.99048 16.7712 -2.82288 13.1245 2.78308 -12.972 5.13062 10.7316 
-6.71826 13.877 30.7783 15.2749 1.4165 0.334717 1.16907 -0.0126953 10.993 7.5791 
4.13855 4.92834 19.3026 9.00806 1.62073 -0.932373 2.23779 -0.200073 6.9231 0.754639 
24.0109 4.21484 6.03174 2.67395 1.40381 4.98328 -3.69751 1.41187 5.53296 16.6926 
4.42517 3.29016 6.47729 5.6593 -2.01965 2.16943 1.90369 -8.40833 15.4082 4.04053 
-3.47388 2.60803 0.912598 1.49097 9.07495 5.86523 -0.667725 3.80066 5.81165 11.2532 
2.7616 1.97314 33.4304 18.6262 3.23047 -7.41797 0.944336 3.60181 4.86658 7.79443 
1.03125 -4.3186 -2.99097 13.7531 -0.609253 13.9016 -4.28845 -11.5763 9.70801 14.7239 
-3.28027 13.0587 3.80383 4.07434 3.50513 4.53577 4.3103 5.12549 6.23816 7.47717 
16.314 5.68176 7.44299 -3.38965 0.815796 1.04578 1.68494 6.76367 6.00891 5.02844 
-4.13806 0.866821 5.62219 3.50586 3.78601 2.50171 -1.59546 -0.530151 8.41003 5.8479 
3.83594 15.8918 4.33655 0.384521 11.241 1.28003 1.78137 3.39856 6.48389 4.72656 
-0.156738 -0.109009 2.22644 -2.18579 9.93115 4.37854 2.0863 -1.57373 6.02161 6.13586 
-0.405396 3.15198 -5.65479 4.08044 3.1106 8.46106 4.88501 -5.21021 5.75415 6.93579 
-1.34216 3.74084 10.8545 7.46191 5.62195 3.56226 2.99597 12.7463 6.61194 4.53918 
-5.80847 7.00964 -0.302124 5.99866 8.30359 4.02502 -2.21423 6.84875 3.82813 14.999 
-3.19006 6.17053 5.26685 1.45923 4.30933 4.1709 21.4702 -2.64575 4.02502 6.77478 
-3.54443 1.63306 -3.22876 1.89136 9.55933 3.32202 1.09229 1.28455 5.41089 12.7734 
15.4598 0.0522461 -2.82214 -0.0524902 2.62109 4.18005 -1.91895 2.64514 6.47217 8.36304 
1.7821 5.20117 3.10144 -0.780884 3.81311 4.05249 11.5892 -1.87573 3.73694 3.92847 
-2.60205 11.0751 6.61475 7.83423 5.30457 6.78979 -2.55823 6.17444 7.30933 13.6978 
0.674072 -1.13647 -1.95239 5.30115 3.53687 8.20593 3.22253 0.39563 4.03369 11.593 
3.05933 -5.65222 -0.0939941 -3.06641 6.74951 12.1447 9.65747 -0.675659 12.5098 6.22266 
5.45593 5.91614 3.94165 6.58936 -0.117065 5.29492 2.08606 2.53967 13.1536 7.73718 
2.33484 4.17737 2.67798 8.6698 1.9021 3.4718 2.67725 -1.75952 5.14355 4.25403 
1.22107 -0.930786 2.5437 1.86975 2.42358 4.35767 1.15723 -0.825562 12.5707 5.87036 
-2.58447 2.47241 14.9305 9.15234 -0.328369 -1.03638 -5.67896 2.21033 8.26086 7.29102 
7.43457 5.90637 6.23474 0.864136 -3.06934 5.23218 18.156 -4.54895 5.06409 0.570801 
3.19739 -3.18787 2.34033 4.84949 1.58594 10.6049 -0.273438 -1.84741 10.5659 7.83899 
12.7534 3.94995 4.53015 -0.112915 10.024 -7.59131 -0.778442 8.79822 -0.360962 6.6665 
-1.31616 7.50586 2.6322 7.85718 5.44006 -0.94043 -4.86401 18.9688 2.65186 11.2457 
-3.42957 6.92529 2.63 2.24084 10.7495 2.61096 -0.600098 5.13745 1.36682 7.48242 
1.33191 0.081543 7.87073 -8.01282 4.28601 -5.49988 16.4794 4.96521 2.06116 2.64282 
-1.42786 13.7034 5.97241 3.20544 2.12976 3.85095 6.33472 5.76819 6.49207 5.12964 
-5.56018 7.03906 8.18762 21.6991 1.75977 6.20435 -3.02588 -6.33044 6.12891 8.22278 
-3.28345 6.61829 -0.0910645 0.864624 14.6079 0.250366 -0.571533 0.747925 4.72791 10.8396 
-1.34241 6.38049 4.78552 9.14172 5.75146 0.349121 -3.78088 17.5132 0.62561 11.7146 
-0.767822 -0.935547 -2.79346 13.053 4.28613 7.58765 2.07837 -4.49426 5.23181 8.53003 
-2.83313 10.6097 20.1563 10.6788 -3.33667 2.36584 2.7345 -0.414063 11.2102 6.81885 
-6.27563 -0.782471 2.37769 17.5547 -0.124756 5.10413 -3.54248 2.86462 3.82703 3.9491 
-3.11536 10.5076 0.045166 -1.76855 16.9922 3.97473 0.178345 2.13171 4.65125 11.4078 
1.09351 10.738 25.2476 2.37744 15.4028 -6.95874 8.13464 -2.19165 1.74121 6.04956 
-1.3783 3.78394 -1.64453 7.76721 5.02197 9.44214 2.76038 -6.13794 7.13635 9.81677 
-8.08398 5.29785 23.6412 8.80884 1.72351 -3.25476 -2.08875 13.1748 4.94214 7.43896 
-2.24768 0.402588 7.11377 7.35913 1.20923 -0.944702 -0.110474 13.4261 4.34412 7.49805 
-5.38745 13.1245 1.94238 3.88599 5.20386 9.10852 3.56116 4.85156 3.50818 9.98669 
3.24329 5.04456 1.85571 7.63647 6.82751 4.32202 -5.70813 17.4617 4.18591 10.6997 
-0.465698 -0.271118 17.8734 10.9646 -4.96497 -0.113892 -0.861694 -0.273682 10.9919 3.2522 
3.42517 6.98132 7.29871 -0.216797 -2.80688 6.28406 16.0781 -6.72119 7.88672 4.44214 
2.11731 3.89771 3.84607 1.63354 10.104 -5.12634 5.75903 1.79895 1.38684 3.53711 
-1.25879 12.3033 4.47522 2.08484 4.4624 8.92224 6.16638 0.885254 4.56909 7.77588 
16.1533 -1.49219 -5.62878 -11.3706 12.0354 16.161 11.1868 5.77942 14.891 4.86047 
3.03308 -2.34412 6.16418 3.01855 2.16211 7.49829 -3.69128 4.77563 7.2959 6.0083 
-0.182007 3.93323 3.60559 -1.28418 4.16284 2.48669 2.15808 0.192871 8.49841 3.51831 
2.90344 9.7738 8.51721 0.251465 -2.12683 3.92017 16.4351 -3.49011 5.99377 0.90918 
19.1536 -3.98108 1.37524 -3.27417 4.01074 -2.90454 -4.81128 11.3052 -0.223145 7.79553 
1.10498 12.7966 8.1731 1.50732 -0.0465088 2.6593 6.28967 4.82166 7.76685 2.83386 
1.25134 3.85046 4.44592 3.42603 1.5686 1.69287 0.560181 2.82263 10.764 6.7981 
4.646 -5.1936 25.7806 7.09009 -6.31531 -6.34473 3.42737 12.9863 6.16077 1.65649 
0.664185 0.668457 -1.547 0.23645 5.05298 6.90698 -0.104736 3.01672 6.73352 4.82251 
7.99646 5.31726 5.05823 1.04639 2.57715 -2.04468 -2.15137 9.62671 2.99878 6.17383 
2.77258 6.29529 5.76672 14.7456 5.32507 6.05237 -5.83325 21.6724 0.398315 14.1384 
1.80139 4.11353 7.38892 -0.80835 7.45654 1.1366 16.8396 -1.70386 2.41736 6.28687 
2.48206 -0.515015 1.79321 4.75281 0.186157 4.60815 -1.37585 -2.61353 4.3761 8.07751 
-2.3894 2.29968 4.61145 14.4581 -2.00415 12.7277 -4.45349 -5.84399 5.29333 12.0884 
0.468018 0.0692139 -4.5769 1.66907 4.36975 5.19031 2.42969 1.10559 3.7843 6.745 
-5.89063 8.23645 8.69165 5.97009 4.59863 0.266968 1.92664 -2.84326 11.6655 7.57129 
1.96094 8.90381 5.75793 -4.43933 13.9796 1.89758 -0.389038 7.76978 -2.0575 8.60339 
-3.48987 11.9039 21.1747 6.45813 10.722 -3.24036 5.16943 0.606323 6.60461 6.60193 
-5.57104 7.08081 -1.26929 0.0155029 18.8849 -4.28796 2.00854 5.14026 0.117554 7.42041 
12.2544 4.52405 -2.7854 0.453857 6.04846 1.83472 1.34851 7.23291 0.964111 4.79114 
-1.50415 2.21252 3.8479 0.153931 1.64014 3.38354 4.56494 -3.8761 10.4525 5.32336 
0.401489 6.79102 2.97351 3.97705 6.62537 1.25452 1.52502 0.541504 9.34656 6.15918 
-0.857544 1.45923 2.86377 21.4164 -0.477661 12.6356 -6.06067 -2.099 10.5657 11.6788 
-1.67651 4.8075 -2.9209 1.53943 11.1786 1.68848 3.21521 3.65723 1.10632 8.05579 
-5.13501 2.07813 -0.123779 6.63525 7.16809 0.261841 -2.44922 4.88257 4.34045 13.3457 
1.01196 5.02173 11.1471 3.4281 -0.926514 0.0356445 5.16675 0.390259 4.69556 2.33398 
1.36096 -0.237793 3.83435 14.0427 5.4762 6.15198 -5.99365 20.5935 6.11206 13.6174 
3.50708 -1.69519 -8.33069 2.89673 3.85046 21.976 1.08655 -2.13416 9.2771 15.1088 
-1.19116 9.86707 3.04211 1.39453 3.27625 4.52478 3.07361 2.17004 7.28845 8.82251 
2.63171 3.07239 -4.29419 -0.0292969 1.97815 2.73633 5.6106 -2.94092 3.85254 3.87537 
0.0894775 -8.18494 -3.60388 14.8807 1.21558 12.0992 -6.45654 1.48633 5.95557 11.5358 
1.09814 6.63586 8.37561 -1.26563 1.23962 3.53857 21.1121 -5.16235 10.0797 4.70325 
19.9713 -0.237427 0.996826 1.26746 -0.160889 3.78198 -5.53882 2.00366 3.27356 9.9718 
2.08569 -1.625 -0.232666 5.68896 1.146 2.92419 -1.73425 -6.5022 7.55981 8.53528 
2.22571 4.93164 6.80579 0.0272217 3.00452 1.74719 16.037 -6.84912 8.40137 7.04175 
-2.69739 3.41467 0.624512 7.64417 5.797 2.41638 -6.43079 13.5917 8.99939 11.1404 
1.0675 2.07715 1.95178 13.4772 -3.55139 11.6984 -0.492432 -4.49561 2.09412 7.40881 
5.00964 4.49524 7.86755 -4.11255 1.39148 -1.97559 14.0635 1.17029 6.06458 -2.6051 
-4.55286 4.96985 -3.40869 2.98608 13.5061 2.38391 1.58923 3.46399 0.943848 4.19019 
-1.76245 1.71924 0.661865 2.37012 5.69788 -0.509644 -0.0366211 4.81934 3.24219 10.2114 
-1.83911 2.53369 -2.68311 -4.2655 18.5048 1.68018 2.3468 5.59644 2.46545 6.91809 
-4.63367 4.93762 0.421265 -0.122925 6.07178 1.97766 7.84521 0.780273 2.11804 6.00977 
7.00586 4.74463 0.295288 1.28979 -0.329224 10.9186 14.1384 -1.01416 4.21069 4.66138 
-0.437134 1.95618 8.66528 16.6409 -1.28882 4.63293 -5.18799 -6.86841 10.045 10.047 
15.6582 1.30005 10.7399 -3.23914 -0.272705 -5.57092 0.980835 2.58875 7.88135 3.86194 
-2.81921 5.11646 0.0782471 -1.58276 12.8018 -1.12268 2.46729 4.03967 1.43152 9.14001 
-4.11792 12.0778 3.47339 0.866333 5.37134 7.34009 3.94763 4.65393 1.32434 8.75305 
12.0439 -3.31665 0.317261 -1.72363 9.35596 -7.58459 -0.218384 12.5421 -0.799683 12.4978 
-2.23242 9.8927 5.79919 1.15881 4.40991 6.52063 4.19861 4.12842 1.76868 7.03687 
0.844116 10.1592 6.36682 -2.13892 11.8993 4.51941 2.36206 2.86438 -0.223633 7.61328 
6.05884 7.09875 5.61646 3.35608 8.92725 7.14038 19.9425 -2.09448 -6.13379 2.36865 
0.403687 1.66614 19.1057 7.52844 3.22717 -6.2699 1.67664 2.78955 5.93921 0.868652 
1.19836 4.61255 -1.56384 -1.24487 7.83508 3.61304 -2.74292 5.19312 8.05725 14.7172 
-0.0429688 13.0939 3.43103 4.6665 8.34546 -0.744873 -0.901611 8.88062 8.55298 4.88855 
-4.8938 12.598 3.68738 4.93005 5.99731 7.29785 3.04175 6.25879 2.76379 10.2474 
20.2682 -4.49683 6.1521 5.28296 0.678101 -1.7605 -14.4894 1.00903 6.67322 13.1998 
4.00488 2.67688 4.9751 0.348145 1.16516 4.81262 15.9497 -5.94177 5.81738 6.93359 
-1.31848 2.78333 7.37512 15.1648 -4.06396 10.7239 -4.93823 -4.63745 4.5072 11.0292 
-2.82764 5.69409 -1.22388 5.54675 9.81567 3.02197 -4.16528 5.26514 4.24988 14.563 
0.951294 -1.64868 -1.41235 9.91492 0.777954 14.5413 -2.00159 -0.458862 6.28406 10.4796 
0.487671 4.01306 4.20691 0.446167 -0.401123 3.52588 14.0128 -5.85425 5.66089 3.83594 
3.53845 -6.53357 -1.74231 1.45874 2.51282 6.05664 0.267944 6.26733 9.44836 8.97583 
-1.0918 4.62097 0.508911 2.42505 1.09399 5.32239 12.7201 -4.19226 1.72083 4.11743 
4.06775 4.00928 2.38196 6.02869 0.493652 14.6257 8.04614 -3.45764 7.31506 9.44678 
-2.80518 1.08936 1.40479 6.79688 1.62732 4.99451 -3.43909 6.80103 5.61133 11.7782 
3.60413 -0.854492 3.52502 -1.69165 9.02661 -1.29187 0.439209 6.02527 -1.62354 6.66187 
2.03748 -4.14978 2.37012 -0.51062 2.71704 -0.0129395 12.4576 -4.46179 5.23853 1.11157 
-3.27551 6.00171 -0.771973 0.740234 13.4713 1.44836 -5.28918 6.05322 0.848022 8.81177 
-1.37598 -0.753174 3.802 14.0558 1.29895 9.10461 -5.10156 -1.27197 4.1416 9.31299 
5.04028 -1.37622 -0.074707 3.0437 2.58521 -1.6051 -5.16187 6.19495 3.06946 10.4668 
-5.23755 10.3958 1.19458 1.29382 5.09851 5.90515 3.58008 0.423218 4.77283 6.8999 
-4.21143 2.97461 8.69092 10.2194 -3.28308 4.14282 -1.56519 4.4906 4.68506 6.08105 
-3.03772 8.64343 -3.25049 -3.52368 20.6139 1.96118 -1.91797 3.73059 3.37073 9.17712 
-4.67688 10.563 1.54407 0.970215 4.77661 7.22864 3.422 2.1532 3.42542 7.52551 
-2.901 2.93115 -0.88623 8.44934 8.06348 1.68628 -7.86182 6.53979 4.35144 14.7135 
-4.90088 13.578 1.25476 2.17407 6.90308 9.01855 3.90686 3.8728 4.29675 10.257 
4.27002 4.54346 9.39929 6.41956 0.952026 -4.42346 -3.65955 10.5706 6.44971 6.48328 
-4.8634 13.188 3.21326 2.46545 7.36938 7.53064 2.37622 5.63318 4.17712 11.4581 
-3.8761 7.93799 6.75012 4.92273 4.43628 2.80139 1.76758 3.33545 7.25452 7.98047 
-2.43225 6.13721 -3.7146 3.41528 12.9886 5.85828 1.31689 4.63062 4.85144 15.8586 
-5.10522 2.1333 0.324097 14.7917 1.84619 6.09814 -5.65613 -2.17773 4.54114 8.28894 
3.72363 -1.96143 -5.13062 2.55505 4.08203 14.702 -2.6792 -0.0911865 11.9226 9.75452 
-4.12183 5.64978 -3.63477 -0.078125 15.6748 4.59521 -2.55688 2.20056 4.77454 5.03064 
17.6263 0.950684 4.48767 2.87134 -1.93823 9.3385 -1.12085 3.74561 8.11853 6.93274 
0.658203 6.54297 1.96838 1.07874 5.03821 2.51855 -2.64624 10.5042 2.46472 11.0378 
1.41833 4.08936 2.23047 11.0553 -1.04126 8.93408 5.2262 -7.87244 5.66565 6.34863 
-0.82959 4.2738 5.29688 1.25037 5.34583 7.43506 19.9076 -3.61646 1.14673 4.62634 
-1.01733 10.2625 3.65869 2.03772 2.51404 8.40442 6.64417 0.0090332 3.04919 6.38403 
3.8717 6.47864 -2.27136 7.401 7.28284 1.95837 -4.44788 14.2815 11.8649 11.0214 
-1.50098 5.14941 -5.8136 -0.16626 4.90747 6.57764 7.32813 1.2207 2.85706 6.4281 
1.34546 4.55164 -1.35535 0.423096 8.75732 14.1284 2.1864 0.268066 11.5178 14.2111 
-4.51147 -2.40137 0.956421 24.1196 -3.04968 8.96082 -4.29834 2.4519 5.67566 10.2286 
-9.12158 0.102905 1.92859 19.374 -0.738159 8.96252 -3.91699 2.34509 4.14294 10.7958 
13.226 7.66309 2.13293 0.584106 14.2072 -3.47473 4.75146 8.49268 -1.02917 4.19434 
-3.75928 11.2983 1.55981 1.24048 4.12634 8.22485 3.90393 3.9082 1.56104 8.57019 
2.46155 1.1582 -2.71021 8.18958 1.26282 9.52893 5.17725 -1.39038 1.88232 5.08545 
-0.422729 3.39099 -0.869873 10.4177 9.80603 3.4823 -8.29724 20.6498 -0.370728 17.0221 
2.26526 -6.14917 -6.52747 3.4115 4.81067 8.46252 -0.833252 -4.38745 6.62744 6.8324 
1.00208 2.29956 7.25146 4.85364 0.251221 5.33472 -3.93774 -0.164429 11.9103 8.85889 
0.998657 -0.122681 8.0177 -2.55859 4.39319 -5.01392 8.92871 3.61926 2.35376 4.97314 
1.01416 -0.482178 6.60413 -1.68726 8.15112 3.28149 5.59106 0.344604 9.0896 3.0376 
-3.97192 11.8158 2.76111 1.52905 4.13611 6.88379 2.88416 5.77795 2.63611 8.02478 
20.9275 -0.69165 -2.04492 -2.87671 5.09705 -0.459351 -1.39197 8.19641 6.02466 11.7437 
-2.01001 6.02014 0.601196 0.85144 7.42737 3.604 7.11255 0.924316 7.2229 8.17871 
5.16931 -9.81763 12.7617 11.2867 -4.61719 0.990601 -5.43933 6.49451 10.2913 8.35242 
-0.567139 -3.82581 2.85132 21.0762 -3.29126 14.8031 -7.96521 -7.02576 7.45154 13.1815 
-2.50647 8.02124 -3.02002 -2.78784 19.1176 4.54114 -2.04541 4.20837 3.36792 14.0354 
5.5614 5.56848 10.9213 1.27844 2.25256 6.77661 16.5552 4.97559 0.317627 5.21887 
-2.11206 -1.17993 -1.48401 10.5454 13.4772 2.07605 -11.8339 20.6964 -0.0107422 16.9633 
-3.07312 5.35864 1.3877 1.83789 6.70459 2.51855 -2.85828 2.7395 3.53503 9.42871 
1.4845 2.80042 6.52246 1.7052 1.80017 -0.70813 -0.571899 1.33423 10.4924 5.96436 
-2.94104 13.6823 6.38672 3.79919 3.34607 4.5791 6.08728 5.90198 5.27979 6.80933 
-0.444092 4.13269 2.30859 -1.79651 8.19055 4.46765 7.06458 0.0212402 11.204 4.09546 
-3.83752 6.44458 -3.47412 1.81482 13.0298 5.93884 4.3761 4.98926 4.14661 13.8656 
2.78113 3.49927 -5.98169 4.55212 10.2621 0.635376 -1.09985 9.90601 1.34656 14.7339 
5.52368 1.34741 15.3054 9.22302 -0.719604 3.70776 -2.66406 2.37427 5.50769 8.42114 
-1.42419 4.56079 1.80334 8.24451 0.740234 5.61096 1.42969 -3.31152 12.1833 8.04602 
7.18787 4.74939 8.82397 -8.17896 2.55444 -2.95166 17.5884 4.78394 2.14404 2.06238 
5.74023 -5.08276 17.069 11.1448 -5.76758 -1.28333 -11.5989 8.99426 13.2096 9.90845 
-0.032959 5.37683 3.75452 7.14368 3.47229 2.59424 -3.82996 11.5872 1.12891 9.19385 
16.0508 -5.17773 -2.61487 0.876221 1.79565 1.0188 -2.06055 1.04858 0.528442 2.99219 
12.9951 0.0927734 0.477051 0.470093 5.27283 0.00195313 2.41541 7.47327 -3.72363 6.70862 
0.62561 2.50757 8.89624 -0.911499 2.59375 -3.66248 18.988 -4.3219 9.11902 0.775024 
0.0983887 2.61853 6.06421 4.21753 1.83618 3.72583 0.917969 7.70923 6.38171 3.64514 
2.68066 0.128906 1.90137 5.58569 3.55615 9.78296 -0.478027 0.703491 7.99512 9.69019 
2.39746 3.79541 2.89734 0.134644 2.11523 3.77429 3.37622 -6.48047 12.5233 5.86121 
3.5957 0.931519 0.758667 2.92395 2.84607 2.64746 11.6943 -5.90466 3.61707 0.558228 
17.2319 4.85803 4.77942 0.839233 3.42371 -1.5708 11.678 3.40356 3.06079 1.57434 
-7.03015 0.533325 -3.02148 3.99463 10.9772 0.75647 -1.89587 1.47595 4.93457 14.3177 
-0.629395 6.18689 4.75427 17.8018 -1.31299 8.80322 0.849731 -8.55139 4.18457 8.58179 
2.0542 8.97974 -1.08899 -2.03552 10.6342 4.9834 -0.870605 7.92102 3.32288 12.1761 
-3.70569 9.83545 0.445557 0.668335 4.3457 6.30713 1.74023 3.59778 0.946777 9.0885 
-3.00928 1.13306 3.15088 15.8494 0.324341 7.81995 -5.26929 -9.50012 5.65137 11.2577 
3.91296 2.85791 -4.72937 0.427124 4.21826 6.1814 5.54492 -1.19031 3.88403 4.45154 
-7.26221 0.349365 1.21484 2.72144 12.9464 3.96008 2.31982 2.71118 10.1726 8.42993 
-2.0835 -0.315674 3.47607 14.0204 0.0823975 3.68799 -0.967896 -7.6532 6.7771 6.9209 
-2.8595 -1.10754 4.58618 16.9268 -2.99548 8.54163 -6.18494 1.98499 5.33728 11.1951 
0.687988 2.78687 -0.341675 9.45508 -1.02356 15.6499 2.78943 -6.79065 4.51013 9.04443 
7.54932 -1.29541 -3.87671 11.7629 -0.578491 26.4728 8.01355 -7.53931 6.10547 11.5822 
5.45813 5.04395 6.17151 1.54688 1.62146 4.71045 14.3346 -4.58362 2.72791 3.02014 
-0.685425 -4.66919 6.21924 32.1876 -4.89868 14.5 -13.1675 15.9543 14.4299 20.6875 
16.005 5.38843 1.08313 -0.539429 2.74878 1.86096 7.5459 1.06921 2.1449 4.62585 
-0.377075 13.114 19.9985 6.68799 -4.92236 6.95471 3.64746 -4.97656 8.79395 5.28833 
-1.60791 1.38538 2.94165 16.5565 -1.82959 6.89465 -0.819702 -5.83423 4.41931 8.88086 
-6.74329 -1.76746 -1.87048 2.13623 10.8389 -0.600952 0.285522 2.47412 4.43738 10.2804 
5.06812 8.69678 23.6309 6.85046 -5.4928 4.73267 -2.15698 0.189697 13.3102 9.67249 
-5.24316 0.0830078 0.623169 18.8472 1.20251 9.79065 -8.44861 7.20911 8.35034 15.1626 
22.3511 3.85938 -0.681519 -1.74048 2.70874 -0.0369873 0.416992 4.73193 1.68774 7.70435 
-4.24622 3.27185 -3.14563 9.08411 9.51514 1.08215 -1.31165 7.4729 4.5459 14.301 
-1.85901 6.1012 -0.336914 3.68713 10.2679 9.40686 -2.08459 2.96338 4.24963 16.5776 
-0.764771 6.13184 2.20715 1.15552 9.84692 5.56897 2.73682 1.51514 2.6582 8.6886 
4.1134 2.82239 -0.143799 11.2197 10.0797 6.46118 -8.65601 22.6001 1.28528 12.209 
-1.67981 9.30005 24.1838 11.5278 -7.47498 5.65198 0.782959 -0.846313 12.2657 6.35229 
2.72949 5.448 0.374756 4.15601 3.03101 0.89624 0.769531 1.30261 6.78784 5.6781 
-4.13367 7.03235 -2.66638 -1.74268 17.467 1.91431 0.0541992 6.16345 5.56848 12.9033 
-2.55872 -2.07153 8.44666 6.54236 2.7804 -3.73901 -4.31982 13.1991 5.51416 6.97034 
23.2269 -1.03296 3.83057 -1.0813 5.04199 -3.88708 -5.48682 10.093 -0.0012207 13.3234 
1.66418 6.4397 3.44177 -0.273926 4.78186 1.3916 11.6993 0.137573 2.91504 6.41064 
13.2788 1.98816 8.80322 2.64099 0.0375977 -6.21289 -1.69397 6.625 8.3606 5.94043 
-6.09155 -1.45093 -2.25513 1.89758 7.70129 2.4198 0.357788 0.496826 9.45251 9.11401 
0.468628 0.943359 -0.471924 10.6208 -2.28369 12.309 2.14355 -11.1466 11.5059 11.5248 
-0.148193 2.61206 23.6317 15.7742 -2.37769 -1.48181 -8.39001 6.79578 12.754 7.46277 
7.24316 3.16711 3.78235 0.673462 0.841064 0.0163574 -1.41882 1.66772 12.0269 5.76953 
-0.612915 -2.34326 1.74792 -3.33459 5.91248 22.0574 4.87769 -3.66797 12.71 11.5782 
3.68701 -1.63379 1.37 9.1366 4.13953 1.65625 -7.0603 15.5364 1.21643 11.7429 
5.82336 -0.793457 0.328125 11.5 -5.72766 9.21106 -1.37598 -10.7152 6.67139 12.4202 
18.5842 2.62354 -0.910889 -0.0551758 1.88831 4.05151 1.68628 8.38232 5.22913 10.6204 
5.86719 0.793091 2.63281 -2.04443 0.490601 0.278564 5.54639 0.23584 7.53125 5.99707 
1.38416 7.08984 25.2084 16.4105 -4.73059 2.9054 -5.302 -0.0218506 13.0618 8.7915 
-1.70862 3.99683 5.38696 0.585449 4.53699 2.76428 -3.39819 6.17908 6.95337 7.01355 
5.02209 11.3372 14.276 6.61865 2.72229 -3.34412 3.21289 1.30042 15.4547 7.61279 
2.58838 0.344604 4.10901 6.96094 -1.56042 2.88489 0.284302 -4.53381 14.1362 8.43982 
-2.36487 6.41956 18.7399 6.71167 0.850342 -4.68311 2.79346 4.16345 8.07922 3.63452 
0.657104 6.0293 5.59851 12.6862 -2.62 15.8114 5.33875 -7.38757 10.9285 11.8102 
-3.49097 3.62866 -1.72668 17.2561 -0.597412 21.9835 2.65381 -4.07739 4.96936 13.0792 
9.67212 0.284546 -9.6554 0.113403 12.3049 3.07227 -5.9281 21.2412 -3.92896 11.1228 
10.4832 5.89783 5.02344 1.03503 0.552734 7.65479 15.0731 -6.77649 6.00439 4.64575 
-1.43408 9.11646 0.555176 -0.0490723 10.6329 -2.0116 2.74744 7.00867 1.13928 7.16992 
7.87488 0.0394287 2.88586 -1.00195 5.24292 -0.869873 0.0447998 2.21375 1.6792 2.98804 
-0.601563 6.75354 1.71606 4.98755 4.92224 3.51099 4.41907 0.817139 12.647 5.8197 
-3.84131 8.51611 -3.43176 -4.5094 19.4224 -1.68689 4.35364 8.03186 5.11914 7.43335 
-5.0658 7.7533 6.48804 2.82629 2.29028 4.80664 6.58167 -1.02869 12.3228 7.85278 
-4.68311 8.30835 20.6799 9.19214 -0.524536 -1.98499 4.22217 5.89392 4.30688 5.20764 
4.45325 7.85986 1.16809 0.854858 7.17334 0.589966 -6.05835 11.1934 6.20398 10.1798 
-1.93616 6.78979 4.03528 0.501343 15.8181 -0.858765 3.26648 1.11401 2.52844 10.1381 
-3.60938 1.72827 0.50293 3.93225 4.17761 4.81384 4.73828 2.53662 2.09558 8.97412 
-0.79541 6.29553 17.246 9.62793 1.86731 -0.0552979 -4.2002 7.21033 7.75269 6.31494 
23.3704 3.79468 3.55298 2.39612 4.45911 1.68457 4.16736 2.06641 3.79077 7.26245 
-1.00684 -1.98376 3.60315 14.3081 -2.70642 5.47974 -4.90649 -5.05908 7.55249 10.6808 
7.48596 -1.37183 5.6759 2.5564 4.19714 -0.370361 -3.29822 1.08191 5.18933 9.81152 
-6.73828 2.13647 -6.48438 4.26355 11.3856 4.02246 5.47351 6.25366 6.96448 12.9413 
2.69873 2.76672 4.35315 0.132568 0.938965 1.59692 9.83728 -0.693115 4.8457 -1.52026 
-2.20508 6.60938 1.15271 4.05859 5.90784 -0.813477 -3.44458 14.9099 1.70789 10.0406 
-0.67688 4.88354 18.434 6.9502 -7.245 3.18225 -0.271729 4.50842 9.58679 6.02112 
3.43433 -0.199097 -0.623291 1.74963 4.29736 14.8698 2.40295 3.59045 7.401 4.87939 
-0.120361 8.4707 5.2926 0.578369 0.0405273 4.11035 7.14551 2.91797 6.99841 0.446045 
-7.03723 14.1453 2.99426 3.09949 6.56689 9.14807 1.16748 2.27979 4.46814 12.5529 
-2.80933 13.5817 5.74084 4.9834 3.3136 6.96729 4.72705 4.99988 4.13098 7.91931 
5.21558 0.236206 15.7372 9.42517 -3.20129 2.11926 -5.84009 4.75037 13.2587 11.9316 
-1.62085 2.71558 2.77478 17.9652 1.7489 6.09033 -7.24719 -9.12964 8.29956 9.85449 
3.07666 8.69104 11.8143 -11.4189 3.65137 -4.87915 21.1018 4.59241 1.69287 -1.46021 
0.00415039 9.37219 5.59924 12.3021 4.85339 2.41016 -5.06152 21.0631 2.91907 11.3947 
1.38318 4.53162 2.47791 6.94519 -1.91504 3.50671 5.05798 -2.36902 12.4276 8.61633 
-2.48425 0.292603 7.9679 6.5304 1.01465 -1.69153 -6.83337 14.8112 4.3429 10.1268 
3.95886 0.544556 5.34216 -2.37866 8.53589 -6.40833 11.5377 5.88403 1.19836 0.360596 
8.86084 1.25708 15.3226 -1.25879 9.78491 -5.82935 2.47144 2.54114 -0.0140381 1.71826 
1.99219 -1.49194 6.49939 1.68323 3.30798 2.10999 -3.52881 -4.41907 11.5195 9.08105 
-5.63318 3.28577 -2.3667 7.69861 10.5322 0.069458 -4.72644 7.6012 5.53467 12.5551 
-2.27893 6.25952 -0.396606 3.73694 11.464 2.10828 -0.126953 3.80176 0.597778 10.1931 
0.422241 2.69824 3.00586 1.74915 0.564331 4.27002 -0.209717 3.90967 12.2397 9.51233 
-0.441528 -0.209351 -0.0917969 0.791504 5.43945 2.86377 15.4227 -7.73743 6.42822 4.65149 
1.92822 4.70459 6.25696 20.2356 0.171997 8.65881 2.24231 -12.8961 6.98083 9.45654 
1.14551 4.63757 4.75635 7.06775 1.70691 3.2157 0.857544 -4.3844 10.3706 6.31494 
4.22131 1.66028 -0.479492 14.2153 1.40771 9.453 0.728149 -4.79285 2.19189 6.2605 
-2.18201 15.1304 6.36096 3.2915 4.04761 3.76184 3.66626 6.64185 7.49792 7.60522 
20.1185 6.46826 2.41479 -2.0144 6.03259 -2.50427 6.12012 8.37048 -1.92529 7.6217 
2.42664 0.553589 2.72473 3.77209 4.17981 1.1875 16.8755 -2.31934 4.29395 1.84314 
-2.10339 10.4741 22.7086 10.3201 -2.677 2.76038 -2.88123 6.19763 11.9791 6.31238 
-0.741699 -1.06616 18.3304 9.79944 -2.58228 -1.02209 -3.3219 11.1753 5.26575 6.36865 
7.80017 -4.52991 1.07483 -0.143311 4.88977 21.1357 -1.79407 -0.439453 15.697 6.53979 
2.41016 7.35645 4.36938 1.07642 0.573364 7.08374 16.9647 -5.33582 7.35437 4.34473 
-4.52393 1.76709 -13.9084 5.77502 11.4725 4.58057 -2.29224 8.47217 5.03113 13.0166 
3.17285 -4.21582 -5.59729 5.63074 -1.19629 7.57031 2.66199 -4.34875 5.08179 7.74902 
2.72058 2.91516 6.84656 3.7085 0.855591 2.19641 -1.8783 -0.477173 13.8098 8.67676 
-3.73792 11.0559 4.1405 2.8562 4.53162 5.18982 3.42676 4.92932 2.62939 7.49963 
-3.43896 4.96069 -1.47559 -0.970337 20.9548 -1.4563 1.91895 6.37122 0.539429 12.1487 
-7.72144 14.2693 2.78381 1.27673 6.38904 7.96289 4.10791 1.7135 4.2218 11.0483 
4.6665 4.78357 0.192749 6.47192 5.79626 4.74951 -8.07788 15.8824 4.10828 10.8125 
-0.182251 6.29382 5.51404 6.0481 0.679565 2.31824 0.698364 -6.20142 11.4642 4.33081 
-4.03809 6.1864 -3.7168 3.89856 17.2667 2.8064 -1.1908 5.14343 1.66211 10.4861 
5.39343 5.34387 17.396 -0.794434 1.87476 -4.86182 25.0313 -6.62573 6.61157 -0.240356 
-4.61035 10.7637 -0.226929 1.56812 4.51843 7.80811 3.09729 2.55872 2.93506 9.48743 
3.92371 0.492188 -1.08093 2.55249 4.2301 7.06628 0.896851 -3.86279 13.972 6.61072 
-3.85681 2.6189 -2.87964 -3.7887 20.1649 3.72156 2.2572 4.08093 4.22473 11.582 
1.67212 2.37695 2.11694 10.804 -0.867554 9.61963 1.71265 -5.79907 2.60645 7.13696 
-2.84375 10.3119 3.12341 3.96448 4.0769 5.36975 3.31604 3.38098 2.55029 6.77051 
0.00268555 7.23999 14.3075 4.34521 8.38281 -1.08167 5.76147 -0.189575 0.185547 4.68616 
2.59729 3.17627 1.42834 3.68579 0.380615 4.1521 3.72021 -7.89014 9.74829 7.11035 
20.7302 2.40735 1.84119 -0.496704 7.40588 -1.67334 -2.26331 9.23145 -0.186401 11.8105 
-0.0751953 -0.406006 4.71851 11.1346 -1.26721 3.42566 -3.58057 0.720947 12.2595 8.01917 
-0.217896 1.10999 1.25391 9.65857 0.785645 12.0406 -0.90979 -6.65857 5.37061 11.7531 
-4.54578 -0.6604 -2.3739 6.20679 8.6449 0.148682 -3.46094 7.42908 0.344604 13.7045 
2.08984 11.2916 18.9023 10.9734 -10.3372 6.94141 0.689697 3.23779 7.02295 7.91125 
2.48157 2.078 -0.75708 -4.6676 13.8159 -6.07312 5.58826 4.05054 -0.968262 6.54126 
-4.8429 12.3646 24.6183 5.86584 6.29346 4.20764 2.90002 -0.123291 8.41431 9.78406 
8.3252 1.83728 -2.81165 -1.86072 2.26208 7.00024 2.93579 -5.09595 8.24524 4.61914 
4.70801 0.662842 4.96436 8.96289 1.3457 1.25586 -2.33911 -2.78943 4.16858 6.9436 
-0.650513 4.771 3.85229 4.79932 5.59265 -2.80554 -4.14429 20.1829 3.53662 10.6761 
12.4448 -3.36816 -2.15332 -3.37988 1.30518 3.06482 0.963013 -4.4093 4.66895 4.58765 
0.730835 6.474 -2.72888 3.46204 6.27612 5.85364 -1.48169 1.6864 6.45654 10.4404 
13.1887 7.09949 3.96423 0.58374 8.87573 -0.971069 4.38855 2.22534 0.573975 4.495 
5.24414 7.98242 19.766 10.2886 -0.499146 -0.504272 -1.70752 -3.64819 15.1652 9.35144 
-0.034668 2.86377 2.59839 11.3102 -7.06628 11.0708 2.32202 -9.22205 6.96765 10.5989 
5.96899 -2.76099 7.10742 11.484 1.63745 -4.48584 -9.4375 14.2849 8.07703 9.70068 
6.24731 8.21045 7.68713 -4.56177 2.43323 1.17749 19.9922 -0.10498 5.87781 2.73828 
6.48364 2.08459 6.66895 3.14734 4.18994 3.46545 -4.15381 12.9211 4.63916 7.76331 
-4.34802 5.15125 -2.39587 8.79919 11.7585 4.38342 -3.16785 6.61951 4.69153 17.0619 
-1.18262 8.86731 2.67444 1.771 12.2148 7.33179 10.2369 5.09961 2.72729 5.21838 
2.3905 4.0354 10.6776 0.888184 1.26746 -1.16089 -0.572266 1.29468 7.1853 3.87891 
9.26611 7.25452 4.88928 -4.45337 2.58728 6.53943 25.0544 -3.12939 7.45605 1.24133 
-0.522705 8.36987 12.3479 10.0153 5.03235 -3.76392 10.1559 4.59595 1.36523 0.355225 
-2.83667 9.15991 -6.34741 2.74292 20.7614 0.799072 -5.52954 3.93689 6.12866 12.8947 
-1.99451 10.0601 -5.24841 -4.6748 14.3989 2.85791 2.49585 4.47546 6.06677 9.32605 
-0.0810547 2.01599 2.86633 4.13342 2.22693 4.00806 -0.466919 -3.52283 11.674 10.079 
13.0616 2.92664 -3.34949 0.113037 4.05945 0.889404 -3.85071 7.37732 4.34705 6.04077 
-5.66687 4.38525 -1.45935 -2.42456 14.385 -4.18225 3.11694 11.7572 7.5387 8.42102 
-1.47717 7.26013 -0.418091 -2.98828 14.6732 1.21765 -2.02441 3.67261 1.64478 7.33569 
0.870239 -1.82727 -0.369629 4.95898 6.19763 17.4956 2.3446 0.05896 6.74072 11.3193 
3.3241 1.22803 4.15015 5.73608 -0.0178223 6.12231 -3.6134 -2.18835 11.0997 10.2173 
16.854 1.61462 5.7179 -4.34949 6.4021 -5.2821 2.50281 7.02454 2.07446 3.50598 
-0.396606 2.91455 2.82703 -0.175171 7.51501 0.327026 12.9984 0.618652 3.02917 4.50525 
0.684204 -0.602051 7.07263 4.78479 0.438477 0.495117 -3.30225 -0.142212 15.4424 8.37 
-3.73743 0.203125 0.979126 3.75635 10.0314 -1.90063 -1.29688 5.32642 6.52698 11.9647 
1.06213 3.64587 5.82251 6.04419 2.026 4.19946 -3.53516 -1.22815 15.7679 8.38354 
3.77539 2.57556 -1.88184 6.57678 -3.17456 11.8995 4.84131 -6.90186 5.63525 8.34192 
6.26794 14.035 13.042 -10.0757 1.78906 6.62 25.6377 -0.666504 7.91833 6.50098 
-4.39258 7.13208 -0.983643 4.73962 10.3333 1.51965 -2.74072 7.23682 3.77881 15.3186 
18.7821 8.94653 5.44714 0.674316 1.94629 0.541992 -0.862427 7.85803 1.03247 10.5321 
-2.83044 5.08008 -3.24988 -1.54541 15.9261 4.36243 -3.07629 4.6405 3.53394 10.7043 
3.0033 -2.95752 9.87854 -3.53088 3.64673 0.502075 -1.6427 -2.23596 13.1537 5.6897 
-0.237183 0.76123 1.59302 15.7573 6.03125 5.90698 -8.14905 20.9231 4.47314 14.5334 
1.23511 8.36572 3.58044 3.09253 3.82434 3.33887 1.97156 4.25159 6.55176 3.63892 
2.57544 5.495 3.74182 15.9644 -0.795044 10.567 6.32556 -6.22144 1.9281 6.29529 
-6.24866 9.19165 -5.50354 -5.78296 23.6821 2.81335 -0.394531 7.14526 6.84888 13.775 
2.56323 -1.89124 -0.918945 4.13306 -2.1897 5.10217 4.65686 -5.41223 6.27173 1.68848 
2.10498 1.70898 1.92126 3.41492 2.1217 3.38477 0.63855 -2.86353 8.91443 8.41907 
21.3239 1.81592 -0.792725 -0.799561 3.745 0.380127 1.32288 6.10059 2.7146 9.78088 
-1.86914 3.05725 -3.64185 1.44983 7.85974 2.64038 -1.75793 8.52319 3.37231 11.2965 
-0.887939 11.2598 4.17432 2.62146 2.14331 4.47986 5.43359 4.4248 3.98315 4.66284 
-7.90491 1.85571 7.59485 20.088 -0.879028 3.25378 -5.63745 5.35205 15.0614 10.5747 
-5.42004 3.24536 4.7887 20.4724 2.69629 8.78674 -8.35669 -5.16956 9.01648 12.853 
1.39282 6.12549 10.5707 -5.49658 0.0911865 -3.40503 18.7008 -0.768433 5.36145 4.55005 
-2.4458 7.69446 -0.557007 -0.680542 9.89404 -0.43689 -0.320068 3.26404 4.48914 11.1765 
-2.60999 -1.82397 -0.0303955 0.8302 8.27441 3.67224 -1.83337 -2.60278 13.3812 10.4271 
2.42212 3.06421 5.72485 4.39209 4.15979 -4.08411 -6.47998 15.5668 2.81433 12.2075 
-0.123291 15.9929 8.64514 -1.06921 5.48181 0.0803223 -0.212036 7.45227 7.01282 4.54211 
19.8336 0.442383 3.06653 0.307007 3.45459 0.781982 -2.94788 4.79016 2.43091 11.5557 
-0.0175781 -1.27905 3.78552 4.71704 -4.42224 7.76428 8.52197 -4.77368 8.672 2.27795 
0.267578 1.18506 3.56677 3.52161 6.31079 -5.29077 -9.31384 17.4637 4.92871 11.5454 
-1.7063 13.111 4.75928 3.92334 2.91943 5.67627 5.85791 4.4502 5.21118 6.34302 
7.23608 8.75073 1.35718 19.6112 10.8907 8.87476 -8.31274 36.2375 2.26599 19.9137 
10.756 -1.84558 2.79431 1.29517 0.541504 18.7994 4.62598 -1.51294 7.37366 1.43909 
4.45581 4.33862 18.9657 11.585 -4.44873 2.57373 -6.50098 1.71033 13.1952 10.9832 
-0.22522 3.62122 1.66565 8.88013 5.7135 4.78943 -5.646 15.5925 3.30457 11.0682 
-3.24463 8.31274 -2.08105 4.46021 11.0715 5.99683 -2.85034 6.85242 7.7052 15.2256 
-1.13818 8.60095 2.84961 2.23682 2.73901 5.57092 3.65564 2.64417 2.90039 5.32764 
-3.17517 7.44629 3.63513 1.00427 1.58057 5.4552 6.15857 -2.64172 12.1473 9.63635 
2.51074 -2.3396 -6.09045 10.1393 1.86719 14.2959 1.66382 -5.61169 6.59839 11.1383 
-0.648926 1.05627 19.2957 15.8892 2.36023 -3.45227 1.27612 -0.505371 9.45557 8.45325 
-4.67358 7.27441 -1.57019 3.17712 15.9263 -0.782715 6.0896 1.18457 3.66248 10.531 
1.88208 6.52722 1.13965 -2.72754 10.4354 5.72095 1.6825 4.36438 4.39417 14.3048 
-6.85437 3.61938 1.00928 5.24268 11.3464 -2.50464 1.93433 3.11755 1.04822 5.35181 
1.54089 7.81714 2.38977 5.44019 4.49731 1.01904 -4.29126 16.6426 4.19604 10.9669 
0.00708008 6.349 13.6483 7.02234 1.99768 3.10095 0.491577 7.05396 5.5199 12.8333 
5.44897 -3.13159 16.7026 1.94019 -0.684937 -1.34216 3.66309 3.32214 3.14026 2.8606 
-0.537476 1.95239 4.64673 12.0503 -2.48828 6.30261 -1.25745 -1.2467 4.63684 8.44055 
-5.47021 9.5094 -0.173218 3.30566 17.6284 -3.04016 2.13416 6.17334 -2.42163 5.37402 
-7.1604 4.82666 -1.87097 6.37061 9.96899 2.25037 -1.01868 7.96741 4.74951 16.0558 
-0.140625 15.0496 10.0503 0.953003 2.69849 2.31641 3.11499 6.3938 6.86292 6.70374 
-2.02673 0.182495 -5.63501 6.91614 8.49158 2.06458 -3.40015 6.34326 2.37122 14.9385 
1.60168 8.8175 18.6971 7.02393 8.44836 -8.2041 5.20081 -2.60291 5.99377 3.27417 
0.859253 15.1361 7.05627 0.621216 3.12598 2.80139 2.79333 4.57019 7.1366 4.96875 
2.74695 5.07544 3.24023 3.63623 3.3186 0.850342 -2.953 12.0272 4.27747 8.49048 
-1.38379 -6.32373 -2.38855 4.32544 10.3661 0.912476 -4.46594 6.85352 -0.0302734 15.4155 
-1.6167 4.2655 -5.83545 1.11646 16.4247 0.372192 6.14246 1.30176 4.55066 7.39124 
-6.12097 5.80164 -3.01282 3.77991 14.3047 -0.239502 3.54089 6.43652 3.03076 9.49695 
-1.24316 8.19202 6.21045 0.0854492 2.22363 1.51062 6.82568 -2.89612 5.39307 5.24646 
4.81775 2.20129 1.17566 -0.400269 1.17151 0.705811 16.0715 -6.18311 6.19434 4.09241 
2.90002 3.64783 -2.6554 2.5365 6.76672 3.30249 -9.14734 12.3956 9.19531 12.6738 
-0.881348 4.45081 16.9927 7.78809 -5.78088 5.99939 -1.03955 -2.03992 8.28113 7.68213 
3.70007 2.80701 5.73413 4.64209 1.41321 -3.01428 -4.38525 14.6721 5.32678 6.60583 
1.78003 2.85901 7.01086 2.83276 1.35107 4.52844 -1.33655 -0.630005 13.067 7.73462 
9.69104 -3.32532 1.75146 2.4989 -0.0423584 0.625366 -0.155518 -2.31787 4.98511 0.317627 
-1.34717 11.6915 6.56226 0.975098 3.54822 2.60449 0.154541 4.06372 4.60522 5.49243 
-6.39722 3.07214 -4.08276 7.37427 9.86865 3.00073 -1.81372 9.55444 2.27783 13.9194 
0.114624 4.76501 3.87366 7.30518 5.29126 0.829346 -5.17017 13.4656 2.07031 10.3071 
-1.94226 9.78052 2.51477 1.19775 3.78442 8.21313 5.30066 0.672729 3.07593 7.57776 
-1.82983 10.0695 3.68262 2.96375 2.27612 3.7876 2.78821 3.80615 3.59009 4.62097 
5.36389 0.816772 3.43665 2.91052 3.39722 0.746216 -5.60645 12.9652 0.261963 8.31909 
0.560913 -2.08337 0.183228 8.40771 -3.16638 9.96167 -0.680176 -8.57153 5.45972 9.27075 
2.58276 1.4679 -0.801025 6.7627 -1.17896 6.27649 -0.376831 -4.11462 2.81543 7.15479 
-2.25537 -1.29712 2.52576 15.9377 -1.099 11.1239 -0.706055 -1.82483 4.56653 9.2146 
4.12976 0.26001 0.859985 10.8102 -2.61145 14.7006 2.4386 -9.61963 9.24854 11.1156 
-3.97961 13.266 4.37415 4.3877 4.30835 6.67371 2.61963 5.91504 5.70117 10.0077 
-2.24194 2.2699 1.55884 13.4459 -1.07336 8.43359 -1.06885 -9.828 6.10657 9.03931 
1.39319 -2.11658 8.88086 4.03113 1.14136 4.21777 -2.26941 14.5129 9.42578 7.17041 
5.39343 -1.62512 4.7926 -2.79553 9.00171 -9.01868 11.1235 10.3177 -0.6521 4.14954 
-3.85486 12.3208 3.19897 1.16882 4.70459 8.71021 3.06873 4.15076 2.33594 9.03198 
0.610229 1.25623 4.99207 11.3541 -2.13452 6.0863 -0.794067 -5.95239 3.88672 5.59009 
2.90857 -1.58594 5.08801 -1.34888 1.35352 0.701416 -1.65186 -1.44873 10.9153 4.94263 
0.717163 5.72168 2.61279 2.10437 3.66479 1.11206 -1.53064 12.988 4.21533 9.82654 
2.02368 3.87305 2.44946 5.2052 -2.68665 9.36243 0.995728 3.9126 3.92737 6.54395 
1.89209 -4.33411 -7.67419 5.16223 5.62781 3.92139 -0.508545 2.8208 4.16077 10.5242 
5.82361 -4.13293 10.277 -7.09778 2.2688 -5.88062 4.18701 3.14758 0.111084 8.84619 
14.8257 1.96094 8.56226 0.946167 -0.690308 1.64893 -4.87231 5.72791 9.16174 5.83728 
18.2126 3.83655 2.99121 -1.15918 1.82593 -0.845215 -0.779785 4.19434 2.13513 10.4567 
-3.4342 12.3439 22.1217 8.04041 -3.61072 0.956787 0.435181 3.9082 11.7596 6.02234 
-0.462158 4.13928 3.63794 4.45959 0.97522 5.22119 0.609619 -4.43103 12.7998 9.91492 
0.70752 3.00073 0.702759 2.49219 2.32642 2.23779 1.12524 -0.328857 7.43896 3.02454 
3.64038 -7.75256 13.6295 6.35254 -2.15283 -4.92078 -7.02502 4.82568 12.6512 9.0011 
-3.35876 1.23865 2.99097 14.6036 0.599609 4.84106 3.46411 3.67798 5.12378 2.79492 
2.4834 2.52393 4.90881 5.26843 2.0553 -1.44849 -5.0575 16.5867 3.97961 9.5282 
-2.05823 12.2117 7.53479 4.71899 2.98877 2.52979 -1.26514 5.95471 7.4989 8.8042 
-1.49146 1.76697 3.75061 18.5868 -1.94104 9.34082 -1.87903 -6.97632 3.90454 9.93982 
21.7244 -1.94971 2.28296 -3.84998 6.71155 -7.0199 -0.000488281 13.4052 -5.79907 7.28967 
4.06152 3.50818 3.00598 11.0554 3.37085 6.1543 -2.06262 -0.607056 7.55896 4.46606 
-4.40601 9.34033 -5.19934 -5.1051 19.7299 3.96423 1.21765 4.59302 7.45068 11.8533 
-0.739624 9.06848 -3.95105 -4.15454 21.1239 6.98914 2.62476 2.0863 6.5437 14.3876 
8.88574 0.302368 3.45569 15.1393 -6.10559 10.0923 -6.24487 -4.00586 3.83411 7.35962 
0.859985 3.62012 1.01257 4.9032 0.327148 3.97864 3.21277 -2.12012 10.6801 6.25647 
-4.52136 5.74695 4.00574 4.02563 5.15771 1.2865 -1.40027 5.24854 4.69653 13.3202 
-3.16113 -1.07837 13.6025 4.05835 1.18176 -5.31702 2.39392 6.06055 5.58203 -0.342041 
-1.19055 0.291138 1.54187 10.3326 4.2876 5.43005 -4.34058 -0.703613 3.02869 5.36389 
-0.47168 2.1792 0.991699 3.05176 5.62439 3.96777 -1.82336 3.75037 3.14319 13.0703 
5.06128 0.417114 0.869995 7.57715 3.651 -0.890503 -7.88232 12.4794 4.43396 10.1443 
-2.84351 11.2491 2.59485 1.79761 4.52356 5.08972 2.51282 4.90552 2.9303 7.5011 
-4.40991 12.4858 3.21008 2.91907 5.57788 7.91284 2.4198 5.90967 3.3031 9.05762 
1.52124 4.32104 2.7937 12.3274 4.32556 3.27832 -6.46472 18.1385 -0.467773 10.9402 
16.8737 4.51416 -0.680054 -7.59668 10.2419 -4.4447 5.06677 11.9489 -3.02063 10.415 
-2.90259 2.83716 6.1366 -5.50488 14.0541 -5.0127 4.51001 3.66638 1.6687 9.37219 
-2.51318 5.69543 1.10559 1.729 3.48767 4.23596 0.124146 3.11499 3.26172 11.1042 
2.39783 0.692871 11.623 -0.294434 2.89819 -0.0968018 21.7729 -5.05847 6.93335 0.210327 
1.02197 -5.3114 0.658936 6.43213 0.828247 13.5375 0.00378418 -8.07422 11.38 8.95154 
-5.68579 3.5802 -1.64929 3.30859 7.4823 1.18872 -1.33521 7.97668 2.96643 14.0378 
-5.53882 13.4219 3.8905 4.6615 6.71204 7.59082 3.37451 5.43433 4.27039 11.601 
-5.41968 5.22791 11.7498 9.48743 -1.26782 -0.861816 5.17249 9.81958 5.04199 1.94067 
20.6194 3.25293 -2.58606 -2.56006 -0.64502 10.9042 0.305542 4.83813 15.1527 7.6792 
-4.96838 -0.607422 18.2034 9.7146 -3.55823 -0.536011 -5.25171 6.97498 11.5255 8.03906 
18.6692 1.1217 -3.50793 -6.87427 8.69214 5.29321 1.02661 6.24561 3.72815 7.34082 
21.0966 1.83545 15.0446 13.4772 -3.95935 0.163574 -2.32617 -0.408203 6.43689 6.57861 
-3.02502 5.03845 -2.56543 -2.63916 15.2146 1.17725 1.16357 8.75073 3.88928 7.90479 
-0.686646 1.13184 12.2668 -3.79944 11.6022 -2.96509 20.4408 -3.15894 4.896 -0.594238 
2.06226 4.48389 5.19336 12.5175 5.93396 5.26624 -6.58325 20.1989 1.53857 12.7379 
8.82141 5.32825 5.94885 3.047 2.78857 -2.71057 2.7478 4.46094 0.18457 3.80884 
3.51111 8.50684 -3.69434 8.70776 7.9137 3.19177 -7.99854 14.8904 3.30334 15.1346 
-4.5 12.828 3.10022 3.92676 6.28674 8.27014 4.12085 4.15417 2.56189 10.2249 
-4.39783 5.09888 1.07617 2.94556 16.2081 1.36633 4.25452 2.17822 3.63306 9.84094 
2.64819 1.54028 15.3407 -1.34192 0.0517578 -6.98401 22.0162 0.865601 7.26709 -4.39417 
-6.69568 7.90161 -4.88098 6.95728 22.1553 3.46021 -5.25488 9.55286 3.01843 11.6415 
-0.0419922 -1.94153 3.07898 1.64441 1.51221 6.57153 -0.0334473 -0.120361 8.58508 1.63928 
-4.70251 4.56848 -3.5011 -2.29785 25.1279 -0.265747 -0.426636 5.18811 6.04236 11.3402 
-4.02539 -2.79053 0.330444 2.85376 8.33838 -2.08911 -2.9646 7.64709 2.15088 12.7742 
-6.31531 -2.13672 -2.32776 5.74695 8.70654 2.91699 -3.24976 2.9812 4.79236 14.426 
-3.9657 11.5715 5.46716 4.99731 3.4845 7.0188 1.70056 6.39197 3.52991 9.66846 
-0.841553 6.24707 5.22595 11.7798 10.2921 5.14417 -10.6133 19.7159 6.27869 12.337 
-4.90234 2.79724 -2.50806 2.95911 11.7416 -0.10437 -3.41321 8.97913 0.0371094 12.4474 
-0.622437 -1.93835 -3.94202 8.31799 4.31787 19.6537 4.69531 -0.122192 11.8248 13.0103 
-3.7926 3.60388 6.21057 19.2137 -0.13208 6.99622 0.711792 -11.8265 9.95728 9.10474 
-8.03198 5.15503 3.53333 15.2161 5.01392 7.96326 -2.23669 5.974 5.64978 13.1511 
3.09387 -3.45581 6.53052 3.29077 3.79138 3.53137 -6.39917 1.23865 19.3309 10.9417 
-2.224 9.12402 27.4409 4.41846 12.0348 -9.49585 3.81299 0.0177002 5.04785 10.5508 
3.72058 5.9624 4.87512 13.2809 -1.46606 8.72375 5.58728 -2.44531 1.39282 6.36536 
0.0910645 2.37585 10.5979 -1.19067 6.13696 -2.19824 19.7716 -5.9707 5.50171 -0.4823 
-4.95386 14.7628 30.7594 17.4939 -3.45117 4.02002 3.62769 -0.146973 13.1813 6.29419 
-4.39233 23.4526 35.2932 18.5093 2.74963 2.45361 1.87134 -3.90051 14.4347 9.66736 
0.599121 12.0858 6.68372 2.02234 2.12 3.77942 5.90503 2.97729 7.58643 5.8042 
-4.25781 12.3292 1.96667 0.297363 5.45764 8.69275 4.328 2.61853 3.43921 8.48389 
-2.47522 13.9613 6.72949 4.5658 2.02014 6.04443 4.07861 5.38147 5.42004 7.52734 
-1.45422 11.0397 6.13916 2.3241 1.16931 5.19214 6.67468 -1.09937 3.47485 4.63892 
-2.76843 14.1519 5.65698 4.66931 4.20508 7.35022 4.71899 4.9198 4.19177 10.0249 
0.866211 2.57141 6.24341 1.69031 6.24573 -1.71948 14.8732 -3.21509 3.39453 4.17639 
0.83252 7.15039 -0.835693 -1.30322 11.9248 5.77551 0.256348 6.2063 5.08215 17.7087 
-1.20593 7.46118 3.34009 5.7854 3.35522 1.84058 1.04175 6.62512 11.0001 5.23535 
-6.3446 -0.0100098 -1.9104 -1.25891 16.2458 4.02698 0.0753174 4.4502 7.25171 7.99255 
-1.32886 0.877808 4.52161 16.1293 -2.94641 10.3237 0.50293 -5.30322 2.92664 8.43103 
-0.685059 2.29236 -2.84924 -0.859741 5.22852 2.89417 0.129395 15.806 6.57996 7.86438 
-3.48779 11.8521 5.01282 3.93848 4.30151 3.99927 -0.256958 6.92981 5.90833 9.55347 
5.52515 2.74487 4.78442 3.85754 2.38684 3.8512 15.2683 -6.60608 3.45752 4.58057 
-6.69299 6.3252 0.0672607 -0.309814 20.1239 0.407837 -1.60242 4.64319 0.266479 12.0616 
2.57495 -1.70911 -4.24292 2.4104 4.84253 2.58838 2.24951 0.108643 5.28235 7.55627 
18.4227 0.946167 1.25574 -3.77502 6.65662 -1.41431 2.88623 2.85559 2.026 3.47119 
-5.53442 4.43115 0.0488281 3.73352 19.1956 3.00586 -5.06531 4.7113 1.28748 15.8564 
-2.15723 0.803833 2.08093 3.10217 9.57556 -3.28796 -4.03552 13.6925 -2.70264 12.1583 
-2.08496 7.92334 0.0445557 -2.18872 18.09 -0.641968 0.906494 4.34509 2.84741 7.83374 
0.326294 3.89294 12.3811 7.17334 -1.72729 1.95984 -1.90125 -1.0437 9.53491 8.89063 
-10.625 9.28479 -0.0753174 9.14893 20.3536 -2.87354 -1.90417 0.603516 1.82898 14.0276 
22.7021 -1.36865 6.60156 -1.61707 -0.590698 1.90137 2.5697 -3.92175 7.78967 3.28711 
1.83582 7.09534 0.410645 10.3115 6.34802 1.323 -10.8248 18.5739 5.69543 14.7688 
11.9823 -3.17615 5.39014 3.86206 -0.99939 1.65015 -1.56177 -2.0719 1.20923 5.71436 
-3.63281 13.8571 6.07361 3.97656 3.68677 6.6665 4.05273 5.98706 6.41064 8.76514 
4.53101 -7.64526 3.8125 -0.999756 6.34607 -3.84387 -4.16235 8.04761 -1.29614 9.43176 
-1.9082 3.17029 4.32825 1.99744 3.03137 0.177612 -3.25513 5.15491 9.57312 7.27515 
4.17529 2.59644 9.62634 10.0986 0.365356 -0.529053 -4.9574 1.2583 14.8396 8.18738 
-3.75208 7.95178 6.771 -1.71997 5.54529 5.96265 21.8892 -4.70593 4.297 7.18762 
13.0399 -2.11646 -0.990845 -2.47681 4.02551 -1.98584 -3.65051 8.18774 3.57556 8.05579 
22.9507 0.802856 -3.38562 -5.85205 5.08704 1.89563 0.807739 8.04822 4.34875 6.32849 
-3.88635 8.89819 -0.539673 2.78699 14.0496 1.09814 0.220459 6.79517 5.98413 5.66919 
-1.91809 6.95288 1.44434 -0.172729 3.38293 4.1156 1.58704 1.77649 0.211426 8.65869 
4.29993 5.48328 2.25806 3.427 0.455811 8.56995 14.6456 -5.55408 3.41003 3.49622 
0.682495 1.06677 3.29321 6.00623 0.604248 3.82556 -1.14795 -4.92273 13.3231 8.40149 
-1.15161 14.5736 26.9458 10.6392 -3.40076 4.73523 -0.609375 -0.746216 10.683 8.62329 
0.244751 14.0896 19.1433 7.15234 3.15979 0.329712 5.38501 6.66455 7.375 3.24402 
2.36768 -2.6427 -0.500122 13.7571 -2.21228 7.89355 -4.48279 -2.19275 2.151 8.23828 
-1.22021 0.734497 3.02332 9.47473 5.29248 -0.952026 -0.657227 -3.41223 9.28186 6.53516 
-0.710693 5.13953 1.88293 0.197632 9.65637 3.87732 -2.18677 7.07397 -0.482422 9.35461 
3.604 4.21545 -1.49097 6.46326 2.1792 4.88684 4.6355 -4.40344 8.00049 6.26038 
9.07019 -0.343506 13.6312 2.42334 -0.6875 -0.000854492 3.86328 5.35364 4.0918 4.15576 
5.65234 1.46191 14.8243 7.56067 -2.58472 -1.20483 -5.047 3.12915 12.0802 9.64209 
-5.96118 12.9136 4.37402 1.78442 6.95215 7.40723 5.37402 0.307495 5.83667 8.53503 
1.49292 5.38904 7.8512 12.0646 3.90625 1.05115 -3.69263 17.8767 0.717407 12.5796 
2.78345 -0.309937 0.139893 5.90869 0.939453 11.1901 -1.69519 -6.61047 6.95801 8.85046 
-5.4165 7.30872 -0.544189 0.851074 16.2122 -0.742432 3.34656 5.77722 3.42493 8.09277 
-4.61292 5.89807 -5.98755 0.641113 17.0629 2.75391 0.143433 3.66577 6.31738 10.1318 
19.8438 0.625488 0.859741 -1.01379 6.10315 -1.2085 -2.45557 8.99207 -2.7959 12.376 
0.5448 9.65625 6.24573 1.18738 10.837 0.0128174 -2.39661 2.10571 -2.40979 9.79199 
2.34045 3.38257 15.7791 18.8209 2.63428 -1.10205 -4.66028 4.54285 -0.850952 6.34302 
-0.276611 7.61377 1.35461 0.84436 4.87927 2.40979 1.17737 1.87598 5.95154 8.06775 
0.644775 6.8031 0.755615 12.5424 10.314 4.55823 -10.313 26.092 4.32251 15.3627 
1.52722 -1.15759 -4.22363 9.77319 0.1427 6.15063 -2.73853 -5.22534 6.58582 8.80249 
-3.27063 15.292 9.83386 3.15381 2.73987 3.02246 2.14246 7.94897 4.97278 7.70996 
16.2522 -1.62903 -1.16772 -1.27197 3.13586 -0.0854492 -4.05188 4.04651 4.5741 8.12183 
-1.646 13.5438 5.53247 3.28882 3.02307 8.21497 5.96057 3.44604 5.92004 8.54663 
-4.34485 11.7715 18.0688 11.1035 4.43237 -0.309937 0.260864 2.63074 6.64307 6.37488 
4.86682 4.22949 1.60583 10.345 1.13574 13.9221 1.14587 -3.31702 5.37878 12.7347 
-3.44739 7.27612 0.615356 0.711182 8.86914 4.82666 2.95752 4.58423 4.45117 11.5721 
-4.31445 4.23535 17.7878 5.75427 -0.59436 0.353149 4.61694 6.20459 5.11584 1.11682 
-1.80505 12.1927 6.021 4.14478 1.96716 7.948 6.59009 1.64282 4.88708 6.29919 
12.8668 3.17676 3.88623 -0.931396 -1.30615 2.47192 5.62683 5.92578 -2.69495 5.13208 
-1.14124 13.8356 6.2854 2.8988 2.3186 4.55603 4.60132 5.47925 4.7583 6.03088 
0.779297 2.72717 1.29773 3.61646 3.06628 2.86426 2.33203 -2.62134 11.8745 4.78125 
-2.94861 -1.59009 3.1803 3.08777 5.5625 -4.58301 -4.79382 8.64148 5.40125 12.7583 
-2.96924 10.4563 0.811523 1.3584 4.23328 7.38794 2.76135 2.97192 0.781006 9.14038 
-0.765015 3.0271 3.19141 0.359497 6.82031 -3.86047 6.42883 2.23389 7.17749 2.16626 
-0.177246 -2.48767 4.0575 2.10413 4.01892 -2.12158 -3.6333 3.57837 11.7634 9.55359 
0.0350342 2.24719 3.32227 14.8297 -0.862305 6.91577 -2.56519 -5.12061 5.98657 8.75903 
-2.56775 2.83093 3.59924 5.67651 0.982178 0.273315 0.445801 -1.29248 10.5557 3.21265 
0.0412598 3.18677 -4.20801 2.60352 11.8806 0.0675049 -2.9386 5.7207 1.11072 9.5459 
-2.07581 -0.365723 5.29846 14.9681 -2.70496 7.36609 -6.24512 -0.786133 7.58423 7.90491 
3.16956 5.96289 6.73743 -0.740112 2.2511 4.0835 16.2638 -7.86975 7.00623 4.56665 
2.41479 7.17334 14.0902 5.50342 -1.27002 1.07544 -0.851318 1.98975 8.42981 8.0636 
0.848633 3.5885 1.27405 1.90991 3.23145 5.90881 0.394165 -4.09546 9.73389 4.99316 
1.71936 1.48718 6.13525 23.6666 0.235352 8.64551 3.52661 -8.70752 3.54065 7.70398 
-0.63501 11.67 17.63 7.34045 -1.90076 3.12683 2.74902 -3.0636 7.21289 4.99268 
-3.29297 13.3606 14.948 5.00098 -1.93872 5.52576 5.04712 3.10449 7.04639 5.11108 
-1.71155 10.7574 1.78247 2.71094 3.60474 8.82446 -0.45813 3.32227 2.56335 11.2987 
20.6134 3.79175 4.35315 2.43506 1.87646 2.15735 -1.46985 5.58044 0.917358 11.8049 
-3.17883 8.18896 -1.66431 -1.44897 21.9838 -6.15125 1.84875 4.79211 -2.42944 12.7125 
-1.51868 7.62793 8.9425 5.23865 4.17175 -1.80066 0.26355 1.06433 5.05212 4.35413 
-3.57629 5.10791 -0.220581 4.49414 10.5436 3.48206 -2.76074 7.9552 2.08289 14.3938 
-0.276001 8.09399 22.2762 13.5361 -0.663696 -1.05957 -5.10376 1.43372 10.822 4.95471 
-2.9928 0.661255 -6.30676 1.13794 17.1694 1.32104 0.77832 7.58838 2.92932 10.76 
-2.14001 -1.55603 6.20752 11.9706 -0.365723 2.95886 -7.85522 6.24207 5.23596 9.36523 
2.6543 -0.463257 5.78638 5.37708 3.23315 -5.07324 -6.36963 18.3136 2.84509 8.97119 
-5.4563 3.42151 -2.94373 11.4644 8.35681 1.91113 -4.28674 8.7605 4.00049 14.0685 
-3.33667 10.9961 2.39746 1.03564 3.91675 7.10107 4.59631 4.4679 1.80786 6.21326 
-0.484863 -3.67725 -6.97876 3.63562 8.89111 14.4141 2.02002 4.04602 9.72131 9.81018 
-1.89148 11.5461 23.8389 13.9182 -8.55786 5.16187 2.91968 -2.16455 10.7803 3.91638 
-2.3075 6.13171 -2.53967 -0.620728 13.0217 3.32544 3.82007 3.60803 5.23047 13.2367 
-4.43628 0.0992432 -3.09949 3.57678 10.0779 2.95679 -0.828003 4.29663 7.37427 13.8411 
10.6578 -0.45105 -0.33606 0.984375 1.43396 4.8501 2.23755 -4.20447 3.88135 4.69397 
3.15002 3.06616 0.210449 7.67468 -2.78687 7.53931 0.911255 -8.71033 5.00537 7.91357 
-1.53235 3.87195 7.42603 0.585083 5.34668 2.30713 0.0090332 0.585693 15.8473 7.10413 
-2.84009 -2.51526 -4.29456 15.0909 2.28845 20.847 -0.734985 -10.3009 8.89368 16.5524 
-2.99243 0.346313 2.32874 13.3152 -0.993896 8.20886 -5.11279 2.21973 7.16016 10.864 
1.57495 -4.08386 -4.07593 -3.06897 4.91467 6.99573 5.50891 -6.19397 8.02344 2.60229 
11.4622 0.886719 4.42102 3.68848 -1.15747 1.46277 4.7937 4.7312 1.00928 5.86914 
-3.0498 4.34912 0.263062 4.02759 9.77588 3.32361 -3.15405 6.44556 1.07373 13.1268 
-0.546021 6.7113 -2.48486 -5.46509 17.1091 5.17126 3.88892 6.66187 8.17102 13.4244 
0.557861 4.9906 6.11438 -1.20605 3.5553 4.52661 19.1057 -4.4989 6.69592 4.96667 
-3.66663 2.52417 14.6018 4.18896 -3.67285 0.990234 -0.403564 3.47705 7.93298 5.22144 
-1.72937 6.78833 1.55444 2.93713 4.48499 8.85742 6.16907 -1.65222 6.74402 7.88184 
12.5734 -1.53174 2.65051 0.787354 4.93774 -2.55444 -2.26526 4.25977 1.43884 5.5874 
15.8264 0.479004 15.2252 4.45447 3.82214 -13.4009 -0.0640869 1.09253 8.86829 2.39368 
1.93005 6.37244 2.16626 3.46851 4.67346 3.15369 -3.3811 11.3716 5.3324 9.69324 
-3.32019 7.00281 -1.3114 1.84241 14.1812 -2.4126 -2.09363 5.37427 1.90198 10.9883 
-3.63501 2.65295 7.26648 -6.99756 9.10754 0.471436 25.0077 -0.283447 6.14294 5.79248 
1.54419 7.89771 7.67212 -4.24377 0.00830078 3.43799 20.1394 3.04785 0.912109 4.7074 
2.07996 0.102661 2.21716 3.52625 2.18652 2.30115 -2.29126 -0.453491 13.9855 10.4319 
-1.71558 1.06238 6.49902 2.97974 4.40747 0.533569 14.5005 -1.0448 5.37317 4.63403 
3.44263 2.32043 2.74817 -2.073 11.5615 -3.31677 10.1814 2.39868 1.08301 5.41089 
2.14929 -5.46729 8.45789 0.104736 3.31934 0.378784 -8.54419 -0.718506 14.6405 9.37439 
-1.96912 2.17529 11.2289 2.19446 2.56836 1.41895 20.0144 -2.81384 6.95361 4.23938 
-1.43457 7.02222 -0.882568 1.20618 10.09 3.87061 -0.875854 4.41553 5.88916 14.3654 
-2.72974 11.2316 2.42615 1.64478 6.1239 6.21179 7.68103 1.35193 4.79858 9.10522 
2.73267 4.62744 5.21802 4.34875 2.14978 -0.4646 -7.01917 13.4327 6.31665 11.4646 
3.75647 10.3555 18.1938 9.18994 -1.13562 4.40515 -1.54102 0.0585938 11.8116 8.98767 
5.31982 0.550049 -5.64087 3.62573 3.98975 8.59912 0.501953 2.23828 -0.113281 9.05811 
-6.31482 4.99329 -5.18677 4.04663 11.9763 1.61304 -1.02234 5.67053 4.22278 14.5234 
-3.52063 -1.47046 -6.61292 3.70911 7.80103 2.15332 -2.46252 1.90198 5.69507 10.7362 
10.3179 -2.73413 0.419067 0.672974 2.5354 -0.777832 -6.18884 4.18127 2.00244 7.87878 
2.31848 6.92029 3.38745 4.80371 3.63867 2.10022 -4.49854 9.19434 2.87964 10.4055 
-4.45593 5.13721 22.0884 13.571 -4.91187 1.78931 -4.58472 5.03564 12.4363 6.76526 
-2.55933 8.21753 4.4762 8.55469 5.58545 -0.994873 -3.84143 20.3104 3.86487 13.1892 
-1.49316 5.07092 9.50916 -0.409424 2.31396 1.97009 15.6802 -2.48035 6.41052 6.33301 
0.484619 5.05896 1.15039 2.29651 7.10376 3.22229 -4.90735 12.5116 4.50891 9.24902 
17.9595 -2.51904 6.41748 3.59119 0.270386 -2.06689 -9.20581 2.45422 5.58154 8.53796 
0.107178 3.74475 3.4679 -5.75952 9.78918 0.647583 22.4984 3.31641 3.55347 5.30505 
8.80151 -0.440552 -0.535767 -1.34558 5.10059 23.2983 3.23633 -3.64319 11.7708 9.65027 
-0.0235596 5.3407 3.49927 -4.35339 10.8925 -4.84729 3.20398 4.21814 3.08765 5.06482 
-1.71289 3.05591 1.40649 0.268677 12.6598 -2.10889 -1.52161 6.9646 1.14929 6.05969 
2.55542 5.10095 -0.158081 3.5238 5.53772 5.25403 -6.70667 11.4191 6.43774 9.83813 
1.95422 8.66663 18.2571 16.6298 2.59448 -4.44873 2.66956 0.652466 5.17896 4.49988 
18.9399 0.894409 3.00916 -0.0280762 2.67139 -1.61914 -3.86633 3.75757 1.08667 7.6626 
-2.03931 1.60168 -3.23865 10.1057 8.04626 4.40479 -0.141724 4.60376 3.18396 13.433 
-2.29663 1.76978 -2.8949 5.51868 9.38562 1.40979 -4.43347 8.09668 4.61523 15.197 
-3.81689 8.44751 22.9185 12.2822 2.54004 -4.12415 0.208008 9.40283 7.48792 9.88257 
1.04297 4.83838 17.642 6.56543 -3.14844 4.72375 -2.38416 5.41272 11.1122 8.88586 
-5.45032 1.91638 -7.15063 3.23596 10.8724 9.42627 2.47571 3.80798 8.95642 15.2324 
-5.89111 1.98633 -1.56873 0.748169 14.6233 2.18958 -2.26294 3.04053 4.69397 6.64404 
-5.61475 7.81824 -0.57373 3.37781 13.1337 -0.805176 -3.4303 5.7489 1.30542 9.06738 
-2.27539 8.42725 14.3058 3.81958 -2.95239 2.07288 1.72461 5.46045 5.90771 5.00696 
1.84387 3.68225 2.29016 17.2729 2.19556 6.39063 -7.4729 -5.12573 8.76831 10.2972 
-3.09607 6.57764 7.1416 16.2831 -1.55322 4.797 -1.35779 -0.251465 4.79858 6.97034 
0.605957 9.88342 29.7534 12.724 7.35083 -9.68384 6.48267 -0.568726 2.31567 3.7887 
-2.82056 8.08521 0.288086 0.217651 3.64429 6.28674 -0.152954 2.27173 2.35876 7.4989 
1.76001 0.425415 -5.29419 9.36816 11.3649 2.91638 -7.3877 22.955 3.81555 14.2952 
22.3009 -2.99719 1.60425 -2.40552 8.26172 -6.9928 -0.705933 8.69604 1.17578 8.18408 
0.35083 5.20813 5.58569 5.94751 2.44434 0.178589 -5.4635 12.8605 4.50476 10.9264 
-1.37512 2.29797 4.12512 0.220703 4.38538 -0.45874 9.99561 2.07495 2.73462 3.28491 
1.24963 2.63794 -2.00452 0.473999 7.89575 3.35864 2.87085 1.6864 4.53137 7.28601 
-0.950928 12.319 6.51575 -0.186523 3.20801 2.36475 2.6322 4.18933 6.2052 3.35852 
-0.565186 1.44604 4.16846 13.2603 -0.110229 4.33643 -2.4447 -3.8363 4.11206 8.3429 
4.40161 0.187622 -1.25708 7.38477 0.348877 6.22559 1.73486 -4.08508 10.5938 12.2107 
2.40149 6.62817 9.88269 11.5261 0.98938 1.48499 4.66528 17.5211 1.28772 10.1263 
-1.68799 7.47302 -2.57935 1.948 10.9899 3.14819 -0.249146 3.45605 1.57861 9.93042 
1.03198 0.908569 2.08899 1.55872 1.40454 12.1445 10.9565 -3.38745 9.39465 9.22156 
-2.48865 2.02747 5.72266 -0.639771 3.90613 -3.09705 -2.43152 2.3125 4.82788 12.5007 
-1.32056 16.8274 26.7831 21.0291 0.276367 1.12488 3.1178 1.22925 14.5623 5.29321 
1.05054 0.213623 -5.82214 5.35303 7.64172 24.0032 4.06165 -3.85229 5.72607 15.0022 
-2.3573 9.91028 2.40356 3.82568 3.53479 2.84937 1.94067 5.34668 3.52185 5.76294 
-0.647705 5.39697 1.85022 2.78125 1.44531 4.85535 2.06079 -3.14465 9.96045 7.24548 
2.20496 4.30444 -1.97473 3.29333 3.3656 1.84277 -7.83252 13.2159 9.41138 11.1895 
2.42566 0.234375 0.292969 10.6401 -1.95032 8.55627 -0.322144 -8.12305 3.96533 9.15491 
-0.674072 2.39343 3.27478 -0.449585 3.89478 0.717529 -0.364014 10.2343 2.43591 4.94678 
-1.91284 9.41394 5.93213 1.81018 0.915161 1.49255 2.56384 4.54993 6.97571 3.35388 
4.41052 0.844727 1.18359 11.4148 -1.28674 16.0591 1.36072 -7.25586 4.43457 10.7422 
3.99438 -0.382202 2.04529 11.0211 -5.2207 12.6317 1.89746 -12.6256 8.28076 10.3359 
16.7296 1.89185 2.48169 -2.27393 7.82214 -6.39661 1.93469 11.3468 -1.56677 8.03882 
-0.750732 6.31348 1.43542 0.10376 8.00708 3.15442 -0.36438 0.6521 3.93433 10.5208 
-1.04797 15.0237 6.46484 2.98315 3.92322 4.66406 5.68274 4.8385 7.71692 7.53894 
-1.8241 6.72461 -3.29443 0.484375 16.3627 1.25391 1.28552 5.47229 3.51331 8.65137 
25.3611 -1.79138 2.90942 0.0889893 2.48914 3.56323 -6.16797 6.69519 5.66675 10.8746 
2.01526 5.55176 4.31287 -0.80481 -0.837769 3.56226 9.0387 -0.469849 1.61499 0.873291 
-2.8606 2.26868 5.69873 10.1812 -0.492188 5.63843 -1.62476 -0.816772 4.52246 7.3103 
1.81946 3.30896 -2.74597 10.832 -0.861816 11.0757 2.16675 -6.18689 4.28711 6.43738 
4.86548 7.14319 5.62097 -5.25842 1.20313 -2.33752 10.8335 0.845215 3.24609 -1.41016 
26.1505 -0.342407 2.96265 -0.445679 10.3759 -6.21777 -4.7439 12.0553 -0.0883789 10.7548 
-3.21851 3.4585 -3.47034 -1.38672 14.2705 2.02344 1.5011 3.81116 4.81226 8.79639 
-6.97974 0.946777 -1.30359 4.32324 11.6536 -2.65759 -2.50793 9.7677 4.14856 14.8689 
0.299805 5.151 -0.147827 3.7854 5.57031 -0.546143 -2.73071 11.0334 4.68933 11.0225 
4.18884 2.95923 -3.26001 4.23645 1.01331 16.5562 2.25488 -3.93457 1.09009 11.4067 
-4.22327 13.0496 2.1272 1.87988 6.16089 7.81604 3.30896 5.45728 2.84766 9.2793 
6.35095 6.60938 11.8173 -0.855225 -0.271851 -1.70691 8.68372 3.24365 -8.59839 8.46875 
4.65479 5.20947 3.31226 10.5123 4.1925 6.81079 1.93799 1.87244 14.1371 4.17114 
-0.900879 1.76147 -0.232544 2.45093 9.13953 0.095459 -0.137695 6.93433 0.80481 11.6166 
3.27234 -6.20129 2.16272 9.53259 -0.969482 14.3176 -4.40625 -0.803589 8.1748 8.65027 
2.92517 -5.24683 -7.0199 -0.404297 6.6925 20.5625 5.84277 0.321533 15.6401 10.9321 
-3.31775 -0.245361 8.67639 11.0817 1.28589 -4.39038 -0.998779 15.938 3.96301 10.3109 
-4.47717 5.88391 -6.2063 0.660889 13.2489 7.08142 3.35632 8.72351 5.04285 13.4512 
-0.249634 1.79907 5.61926 17.3337 0.0583496 7.37488 -10.6235 -0.430786 11.9164 15.6565 
5.10071 -1.07666 1.16992 6.99011 -1.95923 6.65198 -0.652344 -4.65674 11.5809 10.8711 
3.073 -2.78162 6.37646 14.7216 -3.15674 9.43225 -9.39685 -7.34875 10.3008 10.1276 
-2.70752 2.65076 7.91101 3.59241 2.84521 0.835693 -2.37305 1.04224 11.215 6.18835 
-1.53406 11.9968 2.63147 4.3656 3.12708 5.21082 3.95239 3.82007 5.69519 7.24377 
8.44702 -3.21765 -0.651978 5.70471 2.849 25.9072 7.00537 -7.09155 10.109 5.15515 
-1.63281 3.62573 1.10559 17.912 -0.114624 11.2571 -0.888428 -6.95447 3.89941 9.9657 
5.11914 -4.57776 -0.0231934 6.4928 1.18445 10.7629 1.3833 -2.74622 5.55811 5.61426 
14.4188 3.5708 -0.912598 -0.143433 6.75952 -0.644897 -1.51733 7.0459 -0.691406 7.43848 
-1.12866 4.52478 4.67322 16.5229 -3.90308 25.2537 6.09045 -6.84973 7.80969 13.0919 
-2.29358 6.12024 2.40356 11.0222 -2.97095 12.4314 1.56201 -9.41846 7.77136 12.1459 
0.827026 9.10779 8.77112 13.4707 -1.14429 9.01416 8.0188 -8.21069 7.44446 9.17664 
1.60852 1.44421 4.51575 4.11768 1.46875 2.79333 0.984009 3.2218 12.7992 8.34326 
5.91809 2.84167 3.93018 2.78149 2.2384 4.37219 19.0873 -3.51001 4.75427 1.68823 
-0.834351 5.89673 3.80115 3.98621 3.58997 -1.97339 -2.70435 16.9585 1.93677 8.31409 
-1.677 6.8999 5.60693 7.06201 2.70239 3.59009 -7.797 10.9445 2.78601 12.6113 
3.92065 4.59204 0.776367 8.66052 9.71179 1.85889 -7.91577 23.2561 2.35779 8.43848 
-4.81201 2.13977 6.40295 15.9958 -0.630249 8.46667 -7.56201 2.62939 9.19812 13.3387 
1.56665 7.67334 1.47949 8.39868 6.1189 3.91577 -6.08521 16.9161 2.94678 12.2368 
16.2865 -1.68921 5.7887 3.36108 -0.46167 1.28821 -2.297 -2.1106 2.58411 5.28796 
0.173462 -3.70728 -4.19763 7.28162 2.58801 10.2711 -2.00977 -2.17249 5.25842 10.8706 
-0.919434 0.425903 2.30029 2.96973 6.82837 -0.111572 -0.00634766 4.57629 6.05713 13.3973 
8.89453 1.53296 -1.13892 -1.047 5.06812 0.5802 -0.56665 2.86743 0.888428 6.401 
9.82813 4.7196 15.647 10.5002 3.61938 -2.41187 -4.99133 1.77612 8.20203 4.76941 
-0.343628 6.79749 1.07483 7.18945 -0.469238 12.2668 0.687378 -0.669312 8.1731 12.4252 
0.990845 1.25598 -1.90833 8.93604 2.15051 9.76184 0.947266 1.24756 2.7439 6.13745 
-1.85999 -0.349365 4.8147 18.925 -3.8136 7.83411 -5.52917 3.48047 9.09888 11.3815 
-2.55945 8.03723 2.34985 1.66748 3.48804 3.70288 2.13367 4.11743 0.952637 6.04443 
1.24817 7.92114 2.79102 2.67761 3.50696 3.62036 -4.14697 12.3512 7.88855 9.91528 
-0.598633 6.79871 9.27222 1.34619 3.60046 1.28772 -3.91113 8.91333 2.9082 11.2054 
3.17615 -0.818359 7.38977 1.98145 1.1687 0.873657 -4.61865 -1.0957 14.6292 6.90417 
3.45605 2.64795 2.20239 3.08704 0.448242 5.68726 13.6831 -7.70251 5.44666 4.25024 
5.31396 -0.278076 -2.50537 3.04858 5.59644 20.1716 0.871948 -1.80029 11.501 11.2208 
6.73767 3.48206 -3.15137 2.01086 6.40002 5.68225 -2.72205 6.19531 0.824829 7.98901 
-0.971558 0.892212 2.51965 14.9614 0.455811 5.55029 -8.70129 -4.74133 8.65076 10.197 
3.25757 3.8252 9.08447 0.721191 -1.98279 2.00244 7.62366 -1.37866 14.7998 2.7511 
-4.16394 1.46204 0.327515 4.33264 8.64026 -1.02466 -6.13293 10.0144 3.0083 13.5392 
-2.68188 2.51782 -0.697266 13.936 -0.328369 18.2791 4.73108 -5.88672 8.19177 11.121 
-2.39807 3.32471 2.61108 12.4565 -1.25854 4.78918 -1.40881 -4.78723 3.79822 4.32715 
3.30347 4.2522 -2.46265 11.281 7.98376 6.34985 -4.40454 22.2563 2.48132 13.6873 
3.74854 -3.5177 -5.65881 5.37524 4.20898 0.278687 -2.30237 6.32202 0.615112 10.6797 
-3.01538 13.3967 6.17322 4.26331 4.7522 5.33032 3.1925 6.62183 5.57813 10.0409 
2.33325 6.95764 5.41907 5.5238 2.75354 0.674927 -2.84119 15.7218 3.46899 10.4899 
23.5404 4.38818 4.67932 3.30261 5.15796 -0.837158 -4.69836 2.55627 2.80725 11.6146 
14.2833 -1.12744 1.06836 2.91296 -2.06934 5.06348 -5.08081 0.0148926 4.14868 7.96887 
-0.234131 2.33789 0.74646 15.521 -2.56958 10.4067 4.00037 -9.35974 4.57361 7.33325 
-2.57568 4.20605 1.81934 18.5767 9.19495 5.95886 -8.40417 27.1002 1.37976 18.0278 
-3.90967 4.49402 13.7097 5.83386 4.92529 -3.30859 -0.196289 3.11707 6.62964 5.50269 
1.48828 1.95911 2.72009 7.39636 -2.28394 7.97449 -2.74377 -8.43274 7.66052 8.88184 
0.15979 6.05054 9.96619 6.51306 -0.310181 1.60913 4.70203 3.59546 12.8403 2.71179 
-1.7251 12.8743 4.72717 4.43726 4.67273 8.13647 5.10278 2.68665 4.62329 10.0245 
0.723633 3.45117 0.890381 5.35645 -0.643433 5.07349 0.69397 -4.00818 17.2799 9.56702 
4.95032 5.30127 5.49451 -6.0332 3.45032 -0.656128 15.3749 3.23022 3.41772 6.422 
-3.89819 5.4895 17.6746 8.60974 -3.41785 0.341431 -1.86523 6.5199 4.5 8.02551 
-3.00281 -1.67188 1.71667 2.02527 8.51868 1.4137 -2.24768 4.00818 5.35925 12.1705 
0.187744 4.07666 -2.14917 7.88928 -3.57739 9.93774 4.6604 -9.70435 6.14514 9.5907 
1.64246 2.05115 -1.29126 6.22693 7.16138 4.21057 -4.88074 15.825 2.11389 9.34082 
-1.06372 3.03479 -4.13831 8.89832 0.582764 14.0653 10.343 -5.5979 5.66028 6.56665 
1.4563 9.25671 4.10352 2.74683 11.165 -3.49158 -3.65955 4.7229 5.31201 6.29138 
-0.0882568 4.42053 4.84985 3.76392 1.01611 4.34338 -0.159058 -1.03406 9.8783 9.25061 
1.2782 2.19019 4.04382 -0.668701 4.87268 2.3988 15.6921 -4.03918 5.41016 -0.682739 
1.89551 1.63513 11.99 8.38306 -2.52466 -1.72485 -1.04175 2.58032 14.6697 8.30518 
9.12744 1.12622 1.08887 0.829468 0.327026 8.50269 6.59143 -1.15027 3.55359 5.17761 
-7.63708 13.9083 3.91284 2.30103 6.72778 9.55713 4.16101 3.00977 4.85193 9.28784 
-2.53491 3.27478 -3.7063 -0.731812 19.0187 2.54016 -2.6582 3.76672 4.18262 6.28174 
3.3219 4.3479 6.66528 5.90564 -0.083374 4.72485 -1.85938 -3.65686 15.6899 7.32837 
-1.36951 5.92175 -3.85352 -5.81091 19.4829 1.95081 3.42371 3.04138 6.58289 11.5471 
2.28503 4.40845 5.14648 9.89319 1.44019 10.2379 -0.0350342 -5.25977 9.38818 8.74304 
2.48975 0.233521 1.55493 3.7782 0.741699 3.44238 -0.853638 2.35046 9.31628 8.04016 
0.497925 1.06384 2.38391 20.0474 -4.36438 15.795 -3.58716 -10.0775 7.63367 11.2151 
14.189 2.90942 1.98962 4.82654 6.41345 -0.540649 -0.553467 4.33301 -1.55298 7.2655 
5.8949 6.32849 7.9679 -1.28271 0.847168 4.85278 20.7253 -5.82153 7.01599 1.8855 
-3.61963 13.981 41.5846 16.7504 6.8031 -7.87842 13.7175 -3.72583 6.22803 4.89673 
-3.05151 7.43799 3.79443 11.5625 5.22607 1.56177 -1.1283 16.5098 1.91895 11.7224 
-2.60229 -0.775513 2.94702 17.8069 -2.08069 11.5728 -1.08691 -1.27295 3.10107 9.27734 
-0.97522 2.04053 5.93457 11.0527 -2.12585 6.11658 -4.20898 0.475586 6.60706 11.0659 
-3.82385 8.54822 18.0746 9.48083 -5.2135 2.06592 -1.77454 4.04883 8.3573 5.52405 
-2.08154 12.9635 3.47693 3.85242 4.30933 9.01184 7.35046 3.29626 4.55017 8.36255 
28.5391 2.74463 -7.27808 -11.0101 6.74377 8.87561 2.02747 8.00818 11.2095 10.5641 
-3.4519 0.481445 8.99829 4.97412 4.08545 -5.04944 -4.58484 12.4895 5.90784 7.57251 
4.74146 0.993164 2.46484 9.65637 -3.19446 9.24207 -5.73462 -5.49036 7.04553 9.41101 
-11.0295 5.35559 -7.11218 5.18762 16.5643 1.33118 -1.29785 6.80872 5.84058 11.4448 
9.42212 -2.02844 -2.76379 -0.0350342 10.1785 -2.09302 4.81897 3.24683 2.59314 2.79907 
-4.25464 2.54016 2.83667 19.6968 3.21057 3.13513 -5.38428 -4.06592 5.48645 8.24829 
-0.426514 0.36792 -4.00598 1.83276 9.72339 4.8512 -0.381348 5.16577 7.55957 15.9292 
-2.45361 1.22095 2.40869 15.3885 -2.78662 8.5592 -1.91248 -4.8573 3.6875 9.64722 
5.18616 4.47571 17.9337 5.25183 1.00256 1.35327 5.20422 10.8815 6.83667 5.89795 
8.4447 -3.13208 1.19812 2.84424 1.66553 -0.969482 -5.05408 -2.72583 10.0386 8.51685 
-2.08008 4.51819 -0.624756 6.125 12.5247 0.665161 -4.76941 10.869 -2.36584 18.4353 
19.3943 5.99219 4.35962 -7.51306 -1.60681 -2.80762 4.34082 6.17542 -3.32324 7.74792 
-2.11475 -1.9425 3.74512 17.5579 -0.45166 12.8613 -5.45325 -4.20581 3.30371 10.5586 
-3.64233 4.21167 2.08301 6.49023 1.10498 4.72449 3.15466 -0.437012 12.5596 7.78003 
16.1968 5.34668 9.12195 -8.17859 2.18604 -7.36987 7.67285 16.1731 -1.20996 -0.978149 
1.89148 7.83386 -4.10547 -0.00390625 10.1244 3.30469 -3.04346 12.1772 2.07996 10.4446 
-0.765991 7.01624 2.95227 1.76233 3.04114 4.3905 18.8823 -2.77234 6.07617 5.86328 
5.27979 -2.12939 1.57507 9.21509 -0.47522 17.5259 0.117065 -2.0459 8.26514 10.3455 
-1.76086 1.81372 -2.89514 -0.189575 15.3279 2.38586 1.14587 2.98193 3.89648 9.16187 
1.01587 7.00598 4.2926 4.72888 3.18921 -1.59106 -3.25281 17.686 3.72961 10.8245 
-0.765503 0.976196 6.44458 17.9696 -3.46399 13.2899 0.654907 -4.85242 2.49072 9.98669 
7.56567 -0.21875 -0.553833 3.93225 1.87585 5.37109 -2.41028 1.72021 2.39587 6.35364 
20.5769 1.09937 1.73279 -5.29468 1.86401 -3.46899 5.22217 2.08813 7.06445 3.79065 
-0.102173 1.55518 4.15784 1.86621 1.50513 5.56018 0.891724 -0.543457 9.95496 6.33887 
8.03003 4.71753 2.12634 3.82593 0.577148 5.44958 13.6227 -4.10107 3.03601 3.13599 
1.85205 2.84937 17.1409 8.50134 -6.302 3.43408 -2.15271 1.85156 10.7909 6.86084 
6.82446 -0.092041 -0.0447998 7.68372 2.34009 23.2125 2.46301 -0.815308 12.2996 10.5066 
-1.06775 13.373 8.71704 0.337646 2.21216 8.25134 9.35205 -0.0604248 5.63098 4.4552 
-0.778198 12.6633 4.46777 1.6825 3.25952 4.36914 3.53381 4.42468 5.52478 5.66443 
16.9822 -3.4624 0.490845 -3.63757 5.66211 -0.502441 -5.34961 6.04773 4.35876 8.4115 
22.2344 0.937256 3.66553 0.23938 1.92163 0.0765381 -3.44666 4.89832 1.31531 12.3041 
-0.921631 3.83472 0.498535 -2.495 7.39661 1.72217 5.71716 -0.728027 4.81079 3.40894 
0.624634 5.83691 -3.45093 -6.922 12.7668 2.84302 -0.19397 7.02612 6.30908 7.37024 
14.8903 -3.95947 0.8302 1.91467 1.33618 -1.69568 -7.22864 4.47034 5.03259 8.11731 
-0.807251 14.3257 4.01575 4.23694 3.95605 4.50488 5.51038 5.00989 7.16077 7.11682 
6.54626 6.30127 19.2372 5.94946 3.41711 -6.72559 5.19897 1.37952 7.495 0.429565 
-2.47913 2.84399 2.88416 16.6666 -3.44678 7.69714 -0.681519 -2.79224 6.91321 6.03748 
-5.05042 18.9653 30.4663 13.8037 4.59106 -6.00366 6.27576 3.63452 9.24438 1.40637 
-5.70654 1.03088 9.57495 6.3916 -0.112427 -1.86719 -0.919189 12.4285 5.70105 6.14856 
0.279663 3.24304 4.54248 6.97107 1.30347 4.05078 -3.04138 14.4952 9.12708 7.41199 
0.286255 1.43311 3.17249 1.02405 1.28833 1.94458 2.59802 0.532837 10.0153 5.12402 
4.77197 -1.17554 -1.92664 5.69592 3.84314 9.24683 -1.85388 -1.45569 5.11548 11.7615 
-1.55249 9.86597 22.6382 12.1503 1.92896 3.82507 -1.61169 5.42834 6.3938 9.43579 
8.66528 -2.86633 0.335815 4.96143 -4.26416 7.10522 2.31812 -7.30408 7.54004 6.94324 
1.75793 2.50647 3.35205 4.53503 3.70874 -3.47876 -5.80969 10.7444 5.54102 10.6886 
7.22705 2.24683 0.628906 -1.58582 9.98193 0.554443 9.76086 0.400391 -2.62134 9.91626 
-4.04407 6.92004 1.49707 5.42944 8.13696 4.31116 -1.4668 3.24377 4.82349 14.6086 
-4.94763 11.4354 -0.105957 2.31335 4.79272 7.47485 2.72534 4.03882 3.10254 10.468 
-5.01978 5.39746 -1.5144 -0.708496 17.0198 0.498291 -1.93945 6.16235 1.94446 9.07825 
-2.08569 12.248 5.91016 4.40845 2.49475 2.33081 3.24902 4.94666 4.80994 5.34155 
2.25562 8.59119 7.95081 2.68127 0.252319 7.66101 27.2966 -4.90283 5.43079 2.74255 
-5.25525 4.14526 -1.68359 -3.72302 15.9575 5.95935 -1.41736 3.42639 5.37292 5.96655 
3.11792 -3.37732 23.5098 6.19629 -1.98645 -9.06311 -3.39258 8.68079 9.03308 -0.370239 
-3.80249 3.5354 -6.50891 1.51819 14.984 4.06897 2.84949 1.72351 5.71777 12.2522 
0.41748 3.05359 2.4043 10.1025 4.72668 5.15613 1.04199 -3.03223 5.86328 7.43689 
2.10718 -0.356079 -6.86255 1.39026 6.02087 21.2544 8.06958 -3.03955 4.55847 11.0254 
-4.01233 5.92493 -4.38586 -0.323608 16.9725 1.58301 2.23242 4.74182 3.76868 12.5249 
1.58838 5.32092 3.80408 10.9688 0.0927734 2.60339 2.31689 4.81152 1.07751 4.36829 
-2.0083 5.05774 0.752197 2.92224 6.77234 4.60449 -3.68079 3.40869 2.95105 13.5374 
1.07727 -2.94226 -4.40063 5.43555 1.30115 11.6757 0.821411 -2.93384 5.30127 6.81531 
17.291 -2.97888 4.01563 2.74658 -1.05481 1.5791 -5.69995 1.82288 4.91089 7.23364 
-3.14478 12.4399 2.7981 2.20361 4.47839 9.51489 4.10034 3.85742 3.41199 8.77039 
0.249512 1.39819 0.34314 2.42615 0.519165 4.94092 1.47571 -0.281494 0.63501 3.21472 
-2.29895 2.79883 5.36377 14.2754 0.600586 7.61646 -4.23096 3.12097 7.35083 9.48743 
1.71936 4.78833 6.28223 4.98743 0.842773 4.99609 0.463379 -2.55139 12.657 9.52161 
-5.42163 5.38416 0.0683594 4.68848 8.08972 1.35791 -4.23755 8.38098 1.85107 12.9098 
0.453369 15.0327 6.25732 2.56714 2.25623 4.85364 6.30396 4.4104 7.78833 6.61182 
-1.83765 3.24463 -2.94543 6.83167 6.13464 2.92847 -2.69482 6.55945 1.37671 11.1208 
-6.14087 4.25842 -3.64514 2.30029 8.63171 2.20569 2.66956 14.196 0.209351 2.20349 
0.495728 3.19641 1.39148 2.79883 6.37207 -1.48279 -2.17896 8.69128 0.777344 13.0509 
-1.35718 -1.07117 -1.53491 -1.05786 4.71582 12.6179 2.20996 2.86768 8.96045 9.94702 
2.33936 -1.34558 1.24561 5.23596 -0.42334 14.7727 0.461304 -1.38098 7.99548 8.1626 
-0.318848 6.27454 8.64014 0.942139 1.74683 -1.50427 3.11267 3.32385 4.62146 2.78284 
-0.153564 2.86646 4.41907 7.41638 3.80762 0.349731 -3.04541 13.2887 -0.873169 11.8105 
-1.21863 6.44788 -4.86536 -0.913208 16.6836 1.55383 1.70789 4.26843 0.859009 7.81824 
8.86035 0.295898 8.92627 -7.18115 6.06909 -6.08606 17.1907 7.14868 -3.6178 -0.0325928 
18.9016 8.39929 3.46362 -0.202026 -1.69849 4.50818 1.56836 7.51965 -0.391602 5.46936 
-2.64124 10.8608 3.66028 4.52673 3.67114 8.66113 2.56287 2.81165 4.95398 9.49768 
-4.18652 13.4561 6.27893 2.81787 6.41394 5.78345 3.41418 0.605591 7.97412 8.75403 
-2.91724 11.5195 5.50415 1.97632 2.89148 8.42847 5.22974 3.31201 4.58911 6.14612 
27.3124 0.563232 0.980469 -1.96887 5.0863 -2.3158 -3.14905 6.28503 5.91052 12.5742 
-5.70129 5.72119 -2.34595 -1.85425 15.4063 7.55066 3.43347 0.355103 6.68152 8.505 
-3.04736 6.77661 0.134277 3.6084 12.3203 -0.338867 3.04346 5.16553 -0.762939 7.94226 
0.434448 -0.499146 3.06445 6.50977 2.49121 1.40234 -3.67273 12.7319 1.60278 7.36304 
0.58313 7.53308 11.1237 -5.47864 3.85022 -4.91418 24.0114 4.49146 3.87 2.33704 
-0.27356 3.25903 5.29834 15.2717 -2.9303 7.11804 -0.119995 -7.55164 5.00452 9.86499 
11.3995 1.49341 2.61511 -1.26709 2.39673 -0.0184326 3.42432 -0.115723 5.26794 0.637085 
24.6838 3.87781 0.595581 -5.39282 4.5437 -0.890503 1.59448 14.277 -1.91333 14.5043 
-2.32263 4.07056 -4.64343 0.0211182 15.3688 0.527466 -2.03442 5.12354 1.42126 10.5112 
0.820923 -0.500244 7.13916 16.9 -4.1543 6.12317 -4.25146 -7.92065 7.94995 11.6355 
22.8562 1.13965 0.963135 -2.70715 8.99622 -6.13696 -2.48315 9.43835 2.33105 11.2683 
4.09241 -1.06372 3.40417 0.828003 10.5409 -2.2926 16.0333 -3.78589 4.59229 6.20313 
2.4303 11.4185 5.2926 1.37793 -0.255371 4.52271 9.2699 2.84338 5.50159 3.11804 
-4.97656 5.01257 -2.11609 1.04419 11.2313 0.432861 -1.27539 5.96265 3.17175 9.62122 
2.42578 5.61438 11.3463 0.818604 2.00281 5.74182 14.0543 -11.0477 8.05896 4.37903 
-5.17371 11.8621 3.87939 1.9928 3.93433 8.38428 3.99609 1.61609 4.67102 7.37671 
-3.74072 8.32312 6.61316 15.3396 1.00403 5.9574 0.997681 -4.00513 6.71252 6.70239 
2.45496 4.80396 1.76404 4.37634 0.28064 6.15833 5.20972 -4.92114 10.8759 7.34021 
0.484863 13.6289 7.96411 1.90588 1.92212 2.06494 2.28064 5.10547 8.02808 5.3811 
7.43103 3.47034 15.7506 8.7179 4.81543 -5.54407 -2.60181 3.53052 5.88953 3.85632 
2.65039 -2.23853 -0.963013 9.19861 -1.54114 12.8336 2.48792 -9.30933 7.83154 9.40881 
2.79077 0.737061 12.7058 -4.60974 1.46008 -6.3208 17.7214 3.72925 5.08618 -0.510498 
-2.7467 13.6802 25.7678 10.8071 4.67603 -2.30762 5.17896 4.53625 7.17432 8.98901 
1.60046 6.89246 7.30359 -0.421265 6.6051 4.14172 -1.58105 9.84399 6.0979 4.41772 
-4.15063 3.63989 0.0506592 15.3091 3.61511 12.2498 3.35498 -3.12256 0.503296 8.47668 
2.49109 3.94458 4.98022 -1.83911 3.59998 2.00806 10.2405 -3.49524 3.6405 2.07861 
19.9717 3.39807 3.66309 -1.7196 4.15125 1.84119 3.51428 3.1156 0.96875 4.11121 
0.262451 15.11 5.52295 1.77161 1.95654 4.94055 8.59766 0.84436 10.2152 2.104 
0.963135 0.486694 3.9248 -2.10535 4.46631 -0.115356 -1.22791 7.91211 -2.64832 10.2212 
5.60059 0.452881 4.73145 0.0228271 3.45483 -1.48376 -3.1123 10.8936 1.64502 4.79492 
5.82922 2.15149 3.01904 -5.6449 10.3875 -5.23865 12.3599 2.99878 1.70679 4.50122 
2.4447 0.0179443 1.38647 -4.64661 1.6615 0.617432 14.6305 -3.97803 7.52246 -2.42139 
0.580444 4.58362 6.10571 1.73535 4.85791 2.35156 2.71326 0.48877 10.7264 7.50391 
1.37231 7.89294 -1.67041 -1.45544 8.38062 5.21265 -3.79858 7.71155 3.33057 11.7793 
5.17883 6.05029 16.0353 8.12427 5.12854 -5.32703 -2.64258 4.17981 8.44763 4.03979 
2.48389 0.480957 1.79517 2.15198 4.90149 -0.846191 -0.09021 2.95251 -1.02344 7.62817 
0.814697 2.71729 4.96436 1.4209 0.417114 6.13416 3.67273 1.00696 7.57629 4.66394 
-0.820557 1.76123 3.57361 3.3291 3.56604 1.01636 0.300781 3.04321 12.2557 8.66492 
-5.29077 2.22888 11.2231 18.5365 -2.03052 4.4043 -3.60266 -0.898071 10.4926 6.48547 
-2.74939 15.4106 6.16797 1.19495 4.81531 2.49927 0.548462 6.41541 4.8689 6.45447 
19.796 -2.86877 2.15161 2.29041 3.46936 -2.05823 -5.94202 6.20532 -0.557007 4.29834 
12.2772 -1.99988 2.43286 -2.37354 5.25806 -3.09436 -3.80444 4.36731 2.04614 7.15393 
2.91663 -0.0366211 -10.8701 10.8734 8.8396 7.07361 -7.06848 23.3909 3.14331 14.8768 
8.74268 5.31323 3.76282 1.1698 1.9375 4.18811 15.2283 -3.40723 5.50513 1.2616 
4.3103 5.6438 -3.41223 0.0842285 1.22021 5.68433 12.0414 0.257324 2.35291 0.459595 
-1.51563 14.7504 32.2393 15.5162 7.23584 -6.54419 10.7686 -1.40601 6.16455 7.7196 
2.18262 13.3219 2.26953 1.80518 6.55505 4.74524 4.79187 3.38611 6.43628 2.05066 
10.8015 0.60144 5.45581 -5.53906 8.42249 -4.31689 19.5579 5.00745 -2.01929 2.81714 
-2.2821 0.81189 1.37451 2.39478 7.96118 -0.580322 -2.07227 4.73816 3.60352 12.9265 
1.45374 2.24231 5.57727 11.0463 -3.08972 5.46387 1.0282 -5.26257 3.24939 7.03027 
-3.46338 13.0979 3.56702 1.99731 4.63293 9.62476 6.02271 3.30627 3.55505 7.9657 
6.39893 -5.30066 -0.376709 7.44727 -1.9325 4.69397 -1.32568 -9.13232 6.36072 9.20288 
-0.758789 2.06116 3.28833 -4.74841 9.29773 0.613647 19.1318 2.74805 3.45178 2.75378 
-2.12085 6.80969 0.117676 -0.549927 7.3595 5.57092 2.30078 2.80847 4.71484 10.4205 
19.9257 5.17261 0.892822 -3.96533 7.28979 -5.16223 5.31995 8.34167 -1.23193 6.72449 
0.59436 2.02771 -1.98804 -0.765503 4.29504 3.86377 11.4321 -6.10754 7.09631 2.37073 
19.8582 -4.00916 0.598999 0.343506 3.66614 -1.29407 -2.85242 7.94031 1.31396 8.84875 
18.1886 5.22021 4.69507 1.30786 7.31384 -4.9823 2.16113 4.69604 2.19995 5.79395 
16.6713 2.6051 1.66028 -1.81555 6.50378 -4.2251 2.49353 11.6948 -0.636475 7.09839 
1.17896 2.15552 2.53809 0.825806 1.48425 0.855103 8.28149 -0.345947 3.12842 -0.501465 
-3.09375 4.61975 6.43982 17.3732 -0.723389 5.74805 -1.69629 -4.21191 6.31775 9.76111 
2.60889 -4.5708 -3.61646 5.95557 5.8457 20.8644 -2.63171 -3.9187 13.5734 14.4969 
-2.45642 1.76257 -2.74585 -3.01733 10.72 0.17688 3.19739 5.34265 6.77783 11.3345 
0.197632 1.15515 1.60571 10.5673 6.34314 4.9259 3.99561 1.3551 10.5073 4.52917 
-4.41272 6.44226 0.264771 3.13159 7.99316 2.99402 0.057373 5.05945 3.11731 9.5354 
6.56592 1.23413 2.13647 -0.431274 2.09265 11.072 1.21594 -0.0286865 5.30139 0.981201 
4.61328 2.10205 -0.72998 2.14819 1.96252 16.1122 1.44592 -2.35693 12.0109 10.9734 
2.95959 0.875 6.81104 3.28296 0.703247 3.4502 -2.38135 -5.53882 13.0746 6.12 
5.74487 6.19763 5.29578 7.75061 -1.64832 13.0032 2.8584 -2.15369 9.12134 11.4156 
-0.0583496 2.526 8.50598 14.1389 -1.23145 6.01038 -7.32324 0.509521 9.36621 11.2954 
18.5277 3.09314 -1.32263 1.35791 5.43335 3.46912 3.64905 1.82007 1.45605 8.44934 
1.67236 9.50476 2.72595 0.793213 14.2638 -4.86023 3.65649 3.54578 0.146851 4.64893 
20.9277 1.7511 2.328 0.348022 3.19141 1.79614 -3.10217 2.53369 5.37708 11.8463 
3.97156 -2.80383 15.7964 14.9186 -2.2323 -3.73352 -6.50464 -0.45813 4.80676 5.2124 
-3.83948 0.282715 -4.55005 3.35889 12.5592 1.34973 -5.23511 7.24097 2.56433 14.1545 
4.99304 6.70203 2.55139 -0.788574 2.96204 4.30273 13.2133 2.00732 -2.33093 7.61182 
-4.55359 6.62036 5.19995 4.86267 1.729 4.47156 4.06555 0.379761 12.5837 11.8722 
2.30444 2.97058 11.4143 3.38867 0.80481 -2.8446 2.91418 3.79761 6.55823 2.92639 
-0.924927 0.814941 2.6792 15.4148 -3.08167 6.73499 -4.68774 -6.84534 4.91479 8.37817 
-2.2749 9.91589 2.4978 2.45874 2.88611 7.8689 3.797 1.80066 4.55737 6.9126 
-1.08044 -1.52576 25.4585 13.2333 2.03601 -6.62244 -0.0153809 -0.513428 8.64893 3.61951 
-1.81897 12.8821 5.02075 4.00159 3.27246 4.37939 4.75586 4.68738 5.2074 5.89917 
-0.130981 17.2119 9.06848 3.49304 6.50122 4.07568 0.161255 5.17065 6.57202 5.20642 
0.371704 -5.86646 1.43298 11.5732 1.6261 25.8679 4.02576 5.69214 16.3524 12.2609 
6.40466 4.16418 2.6582 -4.46277 5.38452 -4.22498 15.2889 7.01135 -0.221802 10.0309 
-2.13062 3.65051 -5.55603 7.10352 9.96753 5.34229 -2.43323 10.3175 2.82886 16.6696 
2.54785 1.25586 3.5481 0.236572 -1.13135 0.627686 3.42151 -1.54041 6.89795 3.66724 
10.3856 1.13135 1.04272 -2.71667 8.08215 -4.37451 -1.63892 7.82092 0.643677 5.71326 
-2.70715 7.66284 9.11877 -1.35596 -0.295898 2.03284 21.1926 0.414063 6.61633 7.18225 
2.97046 1.33398 1.99988 3.18457 3.7887 2.86023 12.8975 -3.35889 6.49597 2.48865 
-0.859497 1.4978 -12.767 3.64978 6.72156 14.3922 2.02795 4.41431 1.51038 6.95154 
-2.25452 1.04553 1.79089 11.5118 2.35388 20.4443 5.4751 -3.00342 7.81372 11.7404 
-1.17566 3.19141 1.9679 10.0382 2.22717 4.05042 -0.780273 0.715942 5.83997 6.47266 
-0.0969238 4.83289 3.5321 3.68311 2.47314 -1.97241 5.47192 2.00439 12.8429 8.19556 
6.50781 0.159058 9.04688 -7.38977 0.263306 -5.71643 18.1382 6.0293 -3.63928 4.69287 
11.8318 0.827515 18.4916 9.08594 3.60974 -6.13306 -1.2782 5.79858 5.37109 6.53247 
-3.45349 12.2017 1.22205 1.10449 7.33093 8.67883 6.40759 2.88757 1.40173 8.98914 
-3.4071 6.15027 -4.03259 0.473755 16.9521 1.87402 -3.92493 5.27991 -0.724365 9.94531 
2.0968 0.22522 0.510376 -0.615601 6.89136 15.0482 3.02539 2.67322 13.8661 6.89319 
-1.22876 7.61548 -0.991211 -1.26086 18.8882 1.33423 -1.38586 6.58594 3.45935 6.38464 
-1.27295 8.97192 10.642 22.132 -0.899292 4.25537 -7.68079 -2.49585 9.07153 11.6097 
1.40137 8.99426 -1.49841 0.504028 10.9958 0.732056 -2.93127 15.2034 1.88171 11.6481 
4.15686 0.755737 6.99084 3.00745 -0.852173 4.38586 -0.0822754 -3.26514 11.2048 7.46204 
6.52356 -0.412598 3.19238 9.08667 -6.6073 8.13196 -1.17114 -5.97852 3.20789 7.49841 
19.5978 0.166748 -0.130127 -6.86938 5.39905 -4.82361 -0.583496 11.4061 3.25085 3.0155 
-2.28394 8.37476 -2.30481 2.06567 7.63745 2.1593 -1.33167 2.77991 3.38904 10.0884 
0.15332 4.96033 4.63062 11.1381 -2.17761 5.323 3.94409 -7.27185 3.04468 6.28467 
0.00976563 -1.80847 -3.58276 4.03076 1.46997 11.476 6.64734 -5.40283 6.83716 8.11646 
-7.90393 13.3409 4.78198 3.5387 4.125 8.44958 3.66016 0.1427 7.91846 9.63208 
0.881836 12.0348 6.18262 0.990845 0.236816 3.66504 6.14209 3.48645 5.50647 3.04504 
16.8009 0.272217 2.08655 -0.0340576 4.06189 -7.41833 -2.56567 5.96753 1.83154 5.18042 
-0.222656 1.80066 -2.55542 0.00671387 10.8085 -1.87366 3.92822 6.28992 8.40564 9.90027 
-3.47485 8.72644 -1.04492 0.855835 21.429 3.61548 1.70435 2.75305 3.71423 13.7427 
-6.08191 -0.851196 6.80676 7.73108 1.52698 -2.48572 -1.3584 13.3229 4.4364 7.29944 
13.1531 3.43237 -1.89673 1.33826 5.76477 2.01636 3.63855 4.67493 -4.09277 6.65479 
-4.28699 12.3827 4.78394 4.90283 5.69922 7.79443 2.83472 4.57959 4.32397 9.99036 
-0.541504 4.9873 4.57532 2.79675 6.84119 1.05249 0.809937 8.96216 4.25305 6.67395 
15.3362 1.16907 -0.222778 -0.108154 9.42664 -4.67212 -4.89587 9.22803 0.103027 7.52344 
-5.08459 13.3346 4.09705 0.149414 4.98108 9.24719 5.63354 0.332275 5.88428 7.52332 
5.27917 3.19226 11.2363 -0.446045 -0.422363 -4.66992 18.8391 -5.18494 7.30273 0.204224 
-2.89124 9.83472 1.02148 0.325562 5.43542 5.32898 1.87244 5.25098 0.375732 8.62085 
-3.25195 6.05286 1.8407 2.27075 16.512 5.80737 3.90576 1.79138 7.14526 11.9294 
-0.432007 1.16821 -3.3678 3.38245 5.42786 10.0199 0.982666 -2.56226 7.66748 11.397 
4.0177 3.46887 5.49585 -4.8053 1.23938 1.51404 13.2308 -5.64417 6.89111 -2.93518 
2.62122 2.6814 5.57568 1.33826 -3.13623 3.79895 17.8214 -4.18823 4.68384 3.71277 
-2.89026 1.62915 -4.12268 16.4886 -0.941772 18.7977 1.30688 -10.8176 7.55237 11.3947 
4.68787 -2.15479 -5.78015 11.2858 6.71899 5.27515 -10.1462 22.663 1.74646 12.9747 
6.96704 -3.02014 1.28894 3.98669 2.84119 0.122314 -2.30298 -7.22314 10.8379 7.54248 
1.56702 10.8468 1.63306 -6.38599 19.4199 -2.04199 1.03821 6.85291 0.800781 6.40137 
-6.6908 13.4911 2.198 0.922119 16.6385 -0.921875 -8.20105 16.6975 0.499756 11.5636 
2.79138 3.59717 2.56909 9.19397 3.40259 0.538208 -5.12427 20.5845 8.12378 11.3654 
4.91406 6.3905 19.5686 8.43872 -2.63538 1.6239 -4.14478 0.0980225 12.6002 7.80286 
0.591431 -1.51038 4.81067 7.87097 0.176147 16.3152 -0.728516 -5.27234 10.3779 11.7844 
-3.28333 -0.0775146 2.0188 12.8806 0.821899 11.3069 -1.28589 -5.5332 7.26465 8.90698 
-4.1106 2.81458 9.53162 6.21265 0.981934 -3.52258 0.270996 15.8218 4.45605 6.81177 
23.5935 -3.75989 6.28247 3.24451 -0.215698 0.616455 -7.78223 6.46338 0.718506 10.5505 
6.95605 3.15576 4.2959 7.86108 4.92981 -4.13452 -7.96631 16.403 3.64014 12.287 
-1.66577 10.233 3.77576 7.69775 6.41772 -0.218384 -4.74902 23.7809 5.40247 14.2695 
-2.84131 1.28577 -5.28052 3.90051 10.8162 -0.876099 -4.95728 8.18042 0.656372 14.3431 
-0.849121 5.11279 6.32654 -5.17114 5.1665 2.88538 15.6139 -2.24231 7.22571 4.58887 
-0.71875 8.00549 1.58679 -2.09167 16.5085 2.18188 -2.25745 6.86084 -0.0754395 10.8451 
6.10425 9.13257 18.7194 12.2936 -0.675659 -0.659912 -2.63171 7.8302 15.5872 6.0011 
-0.544556 1.45728 1.00879 4.026 5.19543 7.13 1.28394 -0.181274 15.2916 7.84692 
2.89417 9.59814 4.34534 19.0601 -7.14172 17.5957 2.03955 -5.98792 3.06177 9.47485 
1.94739 1.02954 -3.0603 2.52747 8.2688 1.67749 -7.65759 15.5901 1.41406 11.0276 
-1.96912 7.69666 8.177 6.3927 1.85498 3.7113 0.317505 -2.00378 11.3052 6.31641 
3.64209 -0.474976 3.28687 11.5901 -0.424561 5.01855 -2.6178 -0.334595 8.76379 9.38831 
-2.29688 4.32422 -4.98352 2.00635 10.3435 6.8429 -1.46021 8.39966 9.77954 13.7675 
10.7836 1.40332 2.25012 5.21985 0.830444 25.3734 5.85437 -1.07007 9.79004 10.0906 
0.957031 1.33472 4.35889 3.21973 2.97937 3.30933 -2.50525 0.311768 12.4573 8.97375 
-0.665649 0.0161133 -2.56836 7.24292 7.34399 -3.86267 -5.39868 12.8401 0.865112 13.7297 
-6.3894 3.47083 -2.73376 3.78711 10.632 5.07666 -5.19543 4.55713 5.38794 15.386 
-0.819946 4.4386 4.95715 0.568359 2.15527 5.76294 4.24585 -4.34875 12.3823 6.23596 
-0.086792 2.36914 13.6235 -4.99426 -1.49084 0.0426025 11.8765 1.23999 8.16602 3.55615 
-1.95764 6.7749 17.2041 4.34436 -3.60022 -0.0383301 0.0755615 7.9209 4.85559 6.27271 
1.27271 5.63562 3.50232 1.01501 1.31018 4.64441 2.05896 -1.52563 10.4193 9.05579 
-2.65723 5.82117 -0.689697 3.94324 10.902 8.15796 2.34656 -0.271606 5.92883 11.3105 
3.06213 -6.01489 21.3284 14.4353 -3.43262 -5.27625 -9.47266 12.7148 11.6553 5.50513 
-6.65137 0.615479 3.05786 18.7448 -0.426147 6.80212 -1.71619 2.21252 3.45007 6.245 
-6.76917 1.47241 5.04199 -1.82422 8.50562 2.43945 10.3357 -0.10437 6.9292 4.6106 
-2.44043 8.34668 2.38391 2.22522 2.3197 4.38623 2.92981 2.90015 2.94006 4.36206 
-2.9635 11.6913 3.81616 2.99744 4.44312 9.54578 5.896 1.8429 4.20154 7.96252 
11.9497 0.202393 8.10486 -1.07397 -2.50061 4.31714 7.19141 3.23328 18.1432 6.12769 
-0.695801 0.105591 1.42126 6.42334 5.69763 -0.477173 -4.39453 7.19336 3.05981 13.8169 
-3.1355 2.87646 3.38684 17.1157 1.3717 9.1145 -3.46912 -0.185425 6.14636 9.47339 
-6.55762 0.613647 -3.34741 0.81897 17.8464 4.84741 0.362915 -0.2771 8.07166 8.76721 
20.9991 0.026001 -0.435059 -0.991455 4.87842 0.912231 -0.0415039 6.64709 0.257568 13.0385 
2.30371 2.26404 6.37756 4.95154 4.12683 -4.26074 -4.51831 17.1979 0.630493 8.86267 
-4.078 6.06738 -3.88745 1.69617 13.5377 1.62256 -1.78088 7.40039 5.10449 15.2864 
2.7207 -0.171875 3.04834 -3.36438 0.920044 3.40833 14.6779 -1.83411 2.11426 7.82471 
-1.33594 4.17383 6.21802 4.39832 7.09937 -2.16357 7.68042 8.52734 1.78796 9.16919 
-2.08533 13.0511 4.59521 2.31982 4.05969 8.57117 7.75464 2.64185 4.42993 7.24097 
-0.541016 3.22937 1.62927 -5.34033 11.9736 -1.14355 2.24512 7.81262 6.20679 7.05676 
-3.25977 15.0748 4.68701 3.37537 4.77917 4.49524 4.37073 7.06226 6.71619 8.21753 
0.623169 1.82654 2.9679 13.7423 3.81702 2.1311 -8.24951 -5.04077 8.43311 9.37195 
-1.77466 10.6383 -7.43835 8.52917 20.4469 5.68958 -0.215088 0.0463867 5.63721 10.6786 
-4.6615 2.71484 -7.62756 0.356079 12.6285 5.46277 -0.306763 3.90552 8.77161 17.5709 
3.37976 2.13281 3.36975 14.0627 -0.0512695 9.23438 -5.46814 -4.73438 4.60889 9.84863 
-3.69714 10.1617 5.43469 4.21436 1.79224 3.94922 3.87488 3.96765 4.46045 5.86804 
-5.26697 6.33447 -3.39551 2.59436 14.696 3.83704 2.33643 3.02808 4.71643 8.24597 
3.97693 7.49548 3.21997 6.69812 4.68823 3.3772 -5.72913 17.0709 4.30847 11.1277 
2.07715 6.44592 7.14343 4.64612 2.38745 1.22498 -7.21143 13.1102 5.73877 15.4305 
-3.39099 2.10046 3.78442 -0.21521 13.1313 -1.90613 -1.41895 5.69348 2.19922 8.08789 
0.266479 1.15186 7.90417 3.73132 2.07349 -4.13867 -2.80249 14.7911 2.56323 6.15466 
0.800293 4.45203 18.3173 9.84937 0.383179 0.320801 -2.00085 5.72937 9.40295 8.73206 
-6.86707 5.0144 -2.94824 10.619 7.56665 -0.830688 -4.44519 10.2925 4.38013 15.8193 
-1.31702 4.68848 8.62073 21.7715 1.55371 4.94702 0.11792 -5.77441 3.06799 7.51257 
12.4056 -1.06445 -0.133301 -3.76233 1.91638 3.073 3.79956 -2.95337 -2.06641 6.6156 
7.72412 0.380737 3.44006 6.63635 0.106079 3.04724 -4.53418 -2.61755 16.801 10.6604 
10.2209 -3.60974 0.491699 3.68494 -2.44922 4.86621 -1.95422 -10.1235 7.16016 4.30383 
2.62537 6.94788 5.22437 2.3429 3.31787 2.12915 5.6698 1.72839 14.8877 6.46716 
-2.76013 6.29602 -1.6731 -1.93274 15.2485 2.22766 -0.952515 5.65161 3.53503 9.53589 
23.6548 -2.05786 4.19995 -4.44885 8.15308 -6.40027 -4.65503 10.66 0.439819 13.2671 
-0.141235 8.57019 8.59546 -0.660034 12.6429 3.13831 0.490601 2.71252 -0.988403 7.41211 
-2.52881 5.88892 2.3927 0.941895 9.01648 4.06494 2.55908 0.273315 3.69531 8.24377 
-8.0127 13.8295 4.48816 2.39282 5.21204 8.38062 4.63745 1.28625 6.28894 9.23499 
-0.411011 2.72229 2.15674 13.6346 -2.30945 18.9841 3.97437 -12.5157 12.1239 14.6771 
1.52344 10.715 22.7394 16.7104 5.4502 -4.87817 2.27686 2.64502 8.31885 4.55713 
-3.74243 0.652222 2.9137 2.44299 3.74561 4.15308 -1.14722 -1.7677 8.97412 6.41418 
0.170044 1.04211 -2.72998 12.8246 -1.72888 10.108 1.39587 -9.28247 5.70837 11.056 
-5.56519 7.99182 3.12415 1.6991 10.9446 0.181274 -1.75488 5.92285 1.71008 10.8141 
-7.33191 4.16479 -1.07642 8.25476 9.23828 2.58069 -3.24329 8.01514 4.85999 14.595 
1.29504 2.32837 -0.593506 8.42407 0.692383 11.9866 5.28174 -3.0072 6.10107 9.12561 
5.04919 2.93347 15.26 9.12756 3.6947 -1.92175 -3.82141 3.53418 2.24597 4.64978 
1.52747 7.1637 4.60645 7.24316 3.08594 -1.17065 -2.84509 5.08777 13.2849 7.3186 
-2.09741 10.5321 2.24036 2.7312 3.81799 3.9834 2.00623 4.73706 3.27222 6.31177 
0.742432 -1.91028 -3.19434 8.01331 1.58044 10.8096 1.46326 -3.85999 4.17505 9.50793 
-2.83264 4.53455 6.86218 15.5852 0.894897 6.89978 0.085083 6.49451 5.17798 11.0382 
-3.77759 5.61328 9.08533 10.4319 -2.22595 1.69885 -3.60718 11.3712 5.36047 10.8513 
-3.77295 8.30884 -0.706299 5.44824 11.5535 7.172 -2.2771 6.97009 4.4552 18.2855 
-7.86719 10.8352 -0.0906982 3.0127 13.8811 1.73364 0.344238 2.55847 5.11047 10.8807 
-1.61987 6.56335 26.1223 19.8077 10.0569 -2.83875 6.4198 -3.96655 -0.0185547 1.62903 
-0.962769 2.59021 4.88794 -0.118286 1.37268 3.97815 1.97559 4.64587 3.24353 4.5614 
3.25818 1.51001 4.21606 -0.407715 4.9762 -4.51868 11.2053 2.38464 3.08496 1.87769 
7.77698 2.68884 6.27014 4.38989 2.19336 -2.44995 -3.13257 2.83203 4.69678 1.59863 
4.8252 -2.84058 6.44885 11.5508 -2.31226 25.5319 -2.77014 -1.31958 13.3259 11.665 
-4.96472 6.48853 0.547607 4.74829 9.99146 2.76245 -0.903809 7.27319 4.00049 15.8317 
1.90125 0.379761 -1.57336 8.85999 -1.49707 7.0033 0.963257 -6.92188 5.75635 8.21179 
6.48096 0.622437 -6.72473 -3.19128 6.30518 12.5651 6.75867 5.7196 7.74292 4.37659 
-5.58997 5.92773 -2.58643 5.77002 11.7307 2.81702 -0.394897 4.87292 5.96533 16.1023 
-1.40857 10.7338 17.7513 13.027 -2.94128 2.32874 1.01855 9.28662 5.52209 5.97534 
-0.994873 15.847 7.10498 3.69995 1.8031 3.95801 6.45886 5.56323 7.41724 6.15637 
-2.72852 2.46375 -7.2793 2.53992 14.23 6.05029 -6.50671 7.20032 2.8429 19.4706 
4.71057 1.46082 1.09033 5.84839 2.28418 5.32861 -0.384155 7.26343 2.00867 3.12109 
0.238037 1.7478 3.74792 16.7166 -1.00916 10.4644 -7.97766 -0.0349121 9.23267 15.7866 
15.5851 10.1664 4.23267 -3.91858 -1.25366 -1.50159 4.97473 9.22876 0.385498 5.74707 
3.33923 2.32104 -1.10266 0.231079 6.3551 5.40295 13.1696 -7.53882 5.74707 6.48035 
-0.542847 2.01428 -4.33252 3.77747 9.22205 2.64038 -5.21692 7.93152 0.60022 15.1215 
1.67419 -2.01953 3.02173 5.34448 0.342896 4.93579 -3.505 1.7439 19.0144 10.5824 
-11.1372 4.10461 -6.2428 4.77222 19.6281 1.85999 -0.291504 3.34607 3.86609 14.001 
19.1923 2.76904 3.1936 -1.8418 1.94604 0.295898 1.28381 3.57397 6.5697 3.61108 
-0.00109863 6.15601 -2.13647 -1.81042 10.792 -1.66785 5.17651 2.78711 4.84265 7.62097 
1.96899 0.211548 -6.7157 1.39319 9.92505 3.64355 -0.620972 8.13403 -0.905273 7.35461 
0.932129 11.1906 20.4337 8.70837 -5.25415 6.07898 4.18164 5.18079 9.74402 2.62305 
-7.53442 -3.15234 -8.05554 3.57715 11.9923 5.72314 -0.421387 10.1388 4.7915 14.6198 
21.8326 -2.90674 2.27576 -2.4325 7.68408 -4.80359 -4.2229 10.8687 1.16028 10.6453 
-3.19995 10.3042 4.82507 1.91357 1.99695 7.08081 6.85156 2.37891 4.40442 5.60876 
12.8237 2.72351 3.4281 -2.30762 0.300171 -1.69019 0.94104 3.16785 7.48071 3.79077 
-1.24194 2.2522 1.11255 10.6343 2.26306 5.2749 0.94397 6.44385 0.170288 7.65002 
3.12976 14.256 3.54053 2.17847 8.97424 1.11804 5.32532 2.10046 8.51868 1.05078 
0.095459 9.33032 9.98999 -0.746826 5.18018 5.34241 19.845 -2.91492 2.84058 5.05469 
-1.03467 -1.43835 -1.81238 11.3063 -3.20215 15.2476 1.33752 -9.17456 8.55286 9.78809 
0.84668 2.62805 2.79993 4.51306 0.447388 4.49084 1.83411 3.3324 9.47058 8.16882 
-2.03088 12.9587 6.06433 4.43213 2.55798 5.09961 5.8606 4.98206 7.03052 7.08264 
5.76294 4.01782 1.3302 8.63232 -1.72412 14.223 9.2605 -11.2572 8.30762 9.3584 
2.96021 3.0647 3.6488 15.4668 -6.18164 12.9301 -0.394653 -13.1078 8.62781 11.3667 
3.04248 -1.13745 5.35828 4.77734 -1.43518 10.1078 0.0336914 -3.08545 8.05286 7.12122 
17.8643 3.87439 2.03564 -1.3855 3.82153 2.25562 9.29041 2.64319 2.03967 2.23865 
3.6969 -0.718018 1.55298 25.8728 -0.848755 14.3213 -10.5826 -6.47864 12.8691 16.3572 
-0.424683 1.44495 0.00744629 9.92761 0.267944 14.1418 -2.12524 -9.99976 11.8556 12.0585 
4.55664 2.39697 0.904541 3.44946 0.576538 15.2048 6.38074 -2.25562 8.06604 2.63 
-3.6759 5.57788 -3.34595 4.47632 9.82385 1.42273 -2.99329 6.21375 4.66162 11.1238 
0.826294 8.05127 20.3481 4.3905 -4.82666 7.005 2.78467 6.79834 4.79016 11.1836 
-2.90869 -0.641357 8.72595 4.24988 2.24207 -0.236816 -3.81079 2.51636 12.8793 7.86755 
-3.96912 0.0501709 9.88562 7.06592 0.131348 -2.78748 -4.0166 10.7495 3.92517 6.68176 
17.2979 -0.983154 -0.412964 -0.144287 4.86914 0.0319824 -0.800415 1.93701 2.00317 8.73425 
-5.42822 9.24963 1.36609 3.06396 19.7488 -4.89417 -0.567505 8.10999 1.89063 12.0914 
-0.603638 6.1427 0.625854 1.37317 7.63501 1.34937 -4.52698 2.73547 2.84314 11.1823 
-2.56689 12.2048 5.2915 4.48535 3.07422 3.69849 1.69849 5.85815 5.36731 7.93384 
-5.44678 4.62451 1.79761 2.5481 7.17285 2.71875 -1.42883 4.2677 4.55347 13.3142 
-1.73132 7.78955 3.48303 6.62219 5.36206 -0.537842 -4.31592 21.5096 4.57117 10.8188 
4.0249 -0.873047 5.34973 4.82556 4.7583 -3.32544 -2.55554 10.999 0.069458 9.19373 
2.37927 5.35327 0.859131 -2.73364 4.71033 8.86877 7.12158 1.88794 4.61511 1.40979 
5.81152 1.43115 1.61475 8.71436 -0.449463 8.46643 -2.88 0.127686 3.22083 7.57349 
0.860229 6.63928 20.323 9.53149 -7.79431 3.59631 -1.29529 5.60803 10.368 6.22302 
15.5226 1.87476 2.70642 -0.45813 6.74146 -3.36426 4.69824 2.28308 -0.967529 7.18188 
-3.06836 -0.253906 -4.76917 4.1532 11.4037 -0.00964355 -0.264893 7.13159 3.70508 12.5978 
-0.508789 14.9795 7.44604 5.28479 1.0957 5.33606 7.73682 4.54053 6.20288 6.45972 
8.66577 3.68152 3.33325 1.0592 1.41956 -1.55408 2.50562 0.822754 9.25793 5.87756 
1.52332 1.07263 -1.66895 -0.243774 1.86597 3.18225 8.05042 2.98511 0.128662 5.0564 
-0.348877 5.28406 23.4857 20.5712 -4.63562 3.78577 -7.48279 1.4491 11.172 9.05994 
0.801025 -1.45544 3.12219 16.3414 -1.31067 9.64319 -8.95435 -2.34277 4.81738 13.6531 
0.600098 3.6532 4.01794 -2.4187 6.35669 -0.699829 -2.69788 4.4458 2.151 8.07288 
4.29602 -1.64233 6.48792 1.56433 3.88428 1.33618 20.2595 -7.04504 6.52954 0.617188 
6.81604 3.85852 15.9567 6.24329 2.26025 -4.63464 7.93689 3.37683 5.198 3.17944 
-2.50342 12.2921 4.69629 4.19739 3.92578 8.03723 5.16907 3.86047 3.57129 6.52832 
-5.48926 2.67383 -3.3064 6.02307 9.75159 2.85852 -1.43433 5.17151 4.94348 16.7201 
-2.6167 12.6323 1.98083 1.37366 4.70691 5.46155 2.56689 4.99695 2.43054 8.21472 
-3.61157 2.83704 3.56311 12.3552 3.06128 6.96973 0.0462646 -1.65381 3.35022 8.66455 
3.34265 4.47363 0.27356 4.38171 2.36194 10.5594 12.2343 -3.49731 3.35999 7.5968 
5.40759 0.185547 3.02502 5.84119 -1.6405 14.3956 0.585571 -2.76172 7.04211 8.98291 
17.3015 1.85974 -4.23914 -3.7644 5.77234 -0.676758 -3.19519 6.53821 5.89319 8.7876 
0.365601 2.37732 1.92578 7.73572 2.80188 7.39526 2.45471 -2.46887 2.3678 2.72839 
1.57507 -6.22168 3.72375 2.09631 5.74365 2.88147 -5.74854 1.92834 12.2827 11.2413 
1.28918 2.27283 2.12537 10.3206 -0.963135 7.32166 2.40649 -6.68567 4.65332 5.82178 
2.20569 5.75134 1.88281 16.2224 -1.79944 13.3492 1.94519 -5.13965 3.62231 9.02625 
2.21399 -1.15112 6.28113 0.585327 7.26575 -4.6366 -4.07483 13.2705 4.02502 8.80493 
-3.98218 4.22144 9.26086 -0.805786 6.46057 1.98523 13.157 0.059082 4.73206 1.63928 
2.32922 4.6123 3.3291 0.329102 2.40991 6.36206 6.57312 -3.78821 6.19397 4.84045 
24.7389 2.11536 4.91895 4.45288 -1.96399 2.76111 -9.33582 2.87903 6.85571 13.8959 
-4.19324 13.0957 3.63672 2.52002 5.12512 6.82544 2.90381 5.92505 4.16248 9.45447 
-2.11902 4.08984 -3.85938 -0.991577 13.6362 3.29688 -5.30225 4.85791 3.33362 11.8857 
16.6685 -5.95679 0.759521 -0.926758 3.25977 -0.909302 -5.88403 6.21716 -0.334595 9.00049 
0.615479 2.45947 1.45496 1.19275 1.75696 5.64319 14.0214 -7.77063 7.07581 5.5675 
-3.06421 -0.932495 5.17908 3.90112 2.77002 -1.22205 -2.66064 6.98352 6.73547 10.0563 
1.65845 0.713501 3.47937 3.00122 1.46912 6.17957 -4.66895 -2.02441 13.0511 8.26807 
-4.39807 11.7701 1.31348 2.79248 6.19299 8.2699 4.0896 1.76721 2.54883 10.3035 
2.11145 9.51233 18.5884 2.69202 2.11377 0.721558 1.90491 1.50989 8.8457 6.4447 
-2.77551 8.25854 -1.35864 1.70667 5.44849 9.62085 6.12317 0.477173 4.96716 11.4774 
-2.07971 2.0061 -5.92188 6.35608 9.70203 1.00403 -0.594238 7.98315 0.49939 12.951 
8.85754 2.72717 0.472534 3.41333 3.05115 17.6208 6.46082 -1.13574 8.84595 12.0245 
-4.62842 -1.17651 -1.80493 5.48291 11.2758 0.259277 -1.72095 7.57642 4.76221 16.657 
1.80713 5.52942 4.21338 5.7113 3.30652 1.80127 -6.38647 15.9109 4.82446 12.4294 
-2.58606 -0.134277 2.3092 12.741 -0.709839 5.25159 -5.40942 -1.64819 7.51929 8.64368 
3.62769 -4.22742 -4.65234 5.07935 6.02271 4.60315 -6.28748 16.6337 2.1814 9.11353 
1.15698 2.81689 0.912598 2.11487 4.41296 0.688965 -1.42346 1.84851 9.5127 8.38208 
28.5248 6.76111 3.21631 -1.69897 0.729614 3.24731 3.69177 8.16064 6.9342 9.53003 
-2.30396 12.7294 7.15735 3.41394 1.98132 7.49609 5.82739 2.48743 5.66174 6.37939 
-0.385986 -1.15662 3.48706 19.3296 -1.06616 6.29602 -9.02429 -8.87915 9.12 14.183 
17.6498 0.804565 0.117188 -3.78235 -1.49207 4.50684 2.96228 4.35999 0.190552 5.9646 
-1.90796 9.46899 1.36108 0.288452 19.1421 1.47546 1.66431 2.4823 1.99597 7.57971 
6.87671 7.00403 3.94922 -0.148438 1.151 2.81433 20.4193 -0.119873 3.22266 -0.0427246 
-3.02307 12.3827 5.6886 3.28186 2.84961 3.8999 2.96265 4.67773 3.69324 6.09802 
17.5364 -0.798218 4.3761 -1.03552 1.91565 0.274292 -3.76062 -1.15894 6.28687 8.27087 
-2.19922 -0.768555 13.6423 6.7063 0.48645 -3.55481 -2.08447 10.0277 8.98328 4.28979 
5.40979 -2.78821 -6.93506 0.544922 4.41528 13.8026 -2.25598 0.620361 7.45288 8.77185 
4.29175 2.46997 1.46472 -0.017334 -1.39404 7.77808 8.52698 -12.0557 12.0382 3.03503 
-1.22876 1.81714 -6.24304 -1.32129 14.5146 2.41345 -2.18274 4.58679 4.13782 9.37878 
-7.37903 5.81311 -6.74133 -1.3811 21.1414 2.30896 -2.21582 3.42554 5.85474 9.17712 
-1.80957 13.2952 5.64758 2.00024 6.91711 1.97534 -3.32751 8.30457 2.07092 8.46558 
-1.95911 14.2412 6.78015 3.79395 2.85095 6.62866 6.64075 5.07007 4.80713 7.54565 
3.91907 -0.17334 -2.35583 9.10571 2.88867 24.4634 2.86621 0.249023 13.2076 10.7377 
-1.72974 3.26294 -5.26099 2.25024 12.2083 4.74805 2.23999 3.36487 1.5271 8.42126 
4.6283 3.65344 4.84863 1.45715 0.354614 3.01929 5.80859 -1.073 5.09973 -0.0427246 
0.757935 6.17285 16.1487 -1.3783 3.00647 -3.22607 17.1483 -5.06799 2.79089 3.97278 
17.5812 3.47461 1.03662 0.626465 -0.815674 0.599731 -0.509155 0.041748 5.5896 7.35364 
2.24585 2.27124 4.89185 -2.25708 9.14185 -4.33264 7.99805 8.08594 0.881226 2.00391 
-4.6958 2.44287 1.69373 6.67517 6.67883 -0.43103 -6.80566 6.68213 7.38062 13.6072 
0.0175781 11.6255 21.1515 8.67273 5.06763 -1.44226 3.27368 -2.60437 8.5791 5.54285 
2.90674 8.62268 1.93359 -5.99133 8.74463 -0.247681 16.3934 3.4198 1.51489 5.60535 
0.734253 5.54626 22.0845 17.5189 4.32837 -5.53455 1.5575 1.07703 7.08569 6.12329 
2.00891 2.69373 -4.8457 3.11072 7.88123 5.62817 -6.15918 10.5548 1.98669 10.399 
-2.33533 7.83276 0.382324 0.806763 3.58057 6.0553 1.34216 2.92676 0.836182 6.60352 
5.15784 4.88025 1.21167 4.3584 3.94482 2.172 -6.52808 13.2172 4.77869 10.4576 
-2.50342 5.10437 -0.32959 8.75696 8.05212 2.01965 -3.77637 7.72351 3.63879 15.6969 
-0.149048 1.70215 -2.87683 -1.41687 13.9004 2.18701 9.23181 -2.52832 9.98267 10.1368 
20.2201 -3.35083 4.48438 -0.925415 2.60107 -1.82654 -5.68152 5.42395 3.54504 9.14673 
19.5497 -2.29932 4.79468 1.69836 5.19934 -5.45068 -9.18799 8.0459 1.73608 11.8784 
-1.96399 1.69739 2.54932 16.0917 -0.980469 4.43384 -3.06445 -2.09717 3.97498 8.5033 
2.07117 1.82971 1.99158 3.43286 1.47449 1.95837 0.204834 -4.88452 10.9246 7.00513 
0.0124512 9.39209 16.8452 8.13855 -5.92334 6.57373 1.69763 2.922 8.12329 6.7157 
11.7402 7.31592 20.3715 3.34009 5.4458 -9.83679 8.27661 -1.28833 7.60205 0.536377 
1.89795 3.96338 1.40723 14.0841 -1.74731 10.2637 3.68909 -2.73096 0.411377 6.76819 
-2.18677 14.1545 4.40918 4.33679 4.6261 8.08203 5.974 3.11096 5.72961 10.4381 
6.42651 6.45789 7.24158 -0.0853271 1.50574 4.82312 21.8187 -1.40637 2.83752 0.379028 
26.1285 0.747559 -0.156738 -2.96533 6.79089 -2.47778 -1.76758 10.3169 1.76294 13.1847 
-0.39563 0.470093 -2.51587 9.75208 2.93152 20.7612 1.33533 -4.5719 11.9655 14.4634 
2.2218 3.83459 1.02588 -0.34314 8.79651 -0.371094 -2.95874 13.6603 0.475342 10.991 
1.12561 6.33606 4.01843 10.0085 -0.0227051 4.98755 -5.26001 15.2722 10.8608 14.6754 
0.688965 -1.4502 -9.59912 6.14148 9.73291 1.09741 -4.17517 13.5449 0.728394 11.9872 
-0.509155 -0.38855 22.1233 5.05066 7.32214 -8.14185 7.99402 3.32813 2.8291 -3.82837 
5.31335 -0.856323 3.34119 -1.34277 3.16895 -1.97253 14.2791 -3.45313 3.39124 -3.26111 
0.842773 2.15991 2.74573 0.367188 5.28064 1.17932 -0.122803 9.31982 3.25525 7.10376 
1.98608 2.2373 0.582397 -0.47998 4.12866 3.6908 -2.75061 3.37415 0.685547 5.21716 
-2.25415 -1.35803 7.41931 6.69275 2.29126 -3.28271 -4.48267 12.5802 5.70044 8.42078 
5.06226 0.454346 7.10791 7.5321 -5.06726 7.40564 3.55554 -3.03381 5.85071 3.43896 
1.8363 4.849 0.0874023 4.86877 -0.30835 5.62903 14.0828 -4.14648 3.7323 4.47302 
1.89819 1.45715 8.15381 8.13098 0.949219 5.73438 -3.77356 -4.64478 12.5336 8.64221 
-0.986694 5.63464 3.94629 3.5863 2.78442 5.44238 1.31079 -1.17297 7.77209 8.32141 
2.00574 2.61389 -1.51257 -2.87146 14.0818 0.950928 3.45227 4.87097 4.01245 6.81848 
5.85437 -1.2594 7.3313 -2.24524 4.5697 3.02917 12.8641 -8.86096 6.49158 -0.631714 
-1.12964 4.70154 4.14465 10.0913 3.5835 1.50342 -1.96265 3.74353 15.8035 6.75977 
2.57751 5.02112 2.26282 -0.520264 13.0718 -3.71985 -0.0045166 1.97192 -1.33472 5.18884 
-3.80811 11.537 1.7179 1.74475 5.5459 6.33154 2.48071 5.6665 1.10339 9.04504 
0.586548 6.40015 24.4115 10.4423 5.12158 -4.63843 12.2367 4.70837 4.51331 1.52405 
-2.75708 0.259766 5.88208 6.96216 -0.610229 3.39331 0.136841 2.44922 14.1392 9.19128 
1.82251 8.10974 20.6929 8.10742 -5.6012 4.62073 4.10767 2.12988 1.23035 4.94714 
-5.0033 1.85144 4.14954 19.1897 -0.0306396 6.54968 -7.40674 -0.760864 5.08777 10.3734 
-3.1449 -4.12439 -4.06531 4.88672 9.67249 0.885986 -4.07617 7.93091 4.87903 14.0839 
-2.42017 9.14368 -1.33118 -6.21655 25.3153 -1.33643 2.28174 3.51013 1.00171 7.30334 
13.2644 -2.77661 -0.762817 -0.832764 1.90942 1.33545 -3.53906 5.59448 2.63599 7.89441 
-0.916626 0.710815 3.3064 7.70911 -0.879272 6.48901 -2.0708 0.368774 7.0907 6.07813 
1.12378 3.67212 2.48389 6.10754 4.12708 -0.698364 -5.09363 20.2123 3.50281 11.8318 
-7.06201 2.95483 8.41504 22.7496 -1.56653 9.63562 -8.59595 -2.8938 8.38928 14.2362 
5.81433 13.3528 22.7141 12.3359 8.26611 -1.32764 -2.10217 2.37598 10.5703 7.55896 
-0.90686 2.24866 1.46277 15.4205 -0.803711 8.25964 -2.84558 -6.19739 5.55444 9.35803 
0.404663 3.90076 3.72144 19.2908 -1.13049 8.60779 1.74988 -8.58923 2.68286 7.27014 
2.18408 3.58704 0.842896 2.54651 6.8457 0.0556641 -2.17505 12.6746 1.96838 9.57996 
-0.428467 -0.857422 0.229614 12.626 0.837769 2.80347 -4.5376 -2.31299 7.43469 7.73804 
-2.64417 5.88757 -2.49768 -1.14099 14.0858 3.60547 -0.89209 3.00806 4.59631 8.8197 
16.3347 -3.99048 1.88367 -3.29321 7.85901 -5.63953 -2.05151 10.7126 -1.40613 8.16455 
1.01013 5.75977 3.80896 -2.05554 7.06836 -0.713501 12.8146 1.55139 3.01477 7.68274 
1.79688 6.85925 17.4747 5.7135 -8.10291 6.17981 1.79443 2.58215 6.79834 7.56494 
13.8469 -0.230835 -1.4187 -3.37695 9.70544 -2.43689 -5.21228 10.6339 -1.63074 9.27368 
5.82813 1.6582 -0.45874 1.31152 0.775635 5.40906 0.533081 -2.5719 9.7113 9.18091 
-2.60718 13.9915 8.17383 2.45862 3.85193 1.30664 -1.3252 6.93677 5.80042 8.49292 
-1.07996 1.16443 -3.30054 4.78772 1.15625 7.75195 3.7395 -6.47278 5.47339 7.69409 
-1.67505 3.65515 4.50928 12.9949 -0.706177 6.43005 -3.7157 -0.50061 6.63391 7.99988 
6.18054 -4.57288 -0.756104 -0.971313 4.44543 12.2253 3.21826 -1.73413 10.5272 7.49451 
-7.35742 8.04626 -3.64038 -3.33325 16.3529 1.3468 5.42603 5.03137 6.54822 8.39148 
-2.19751 15.8575 4.61108 2.49915 6.01221 4.17859 -1.90076 6.10046 4.22046 7.75488 
0.17627 4.46484 -0.47168 0.697998 9.80811 -2.32202 -2.49768 16.6024 1.71436 11.0983 
-0.725586 13.9194 6.953 2.61011 6.4082 3.46069 3.17432 4.08875 6.41479 3.24133 
1.22742 -3.44214 -4.78516 10.2299 2.48218 9.39807 -1.35205 -6.32251 7.4541 5.00354 
8.84521 4.66296 -4.53833 3.44067 5.96118 3.15564 -0.201294 15.0778 6.25305 10.993 
8.62195 2.672 4.03723 6.44092 -1.91394 8.19519 3.23291 -1.93433 2.14722 6.15845 
2.11072 3.89832 2.86365 6.90466 2.30896 4.25098 -6.97632 10.3489 2.79858 7.61658 
-0.592163 0.899292 6.02612 13.6149 -1.89221 9.02673 -2.44128 -4.20068 3.25549 8.32727 
-3.92358 7.87109 23.2301 8.91553 5.16504 -1.73547 11.9778 -0.13269 4.97986 2.14221 
2.35596 9.15649 14.36 8.66492 3.80322 -2.90686 2.22717 0.127441 6.43811 0.721558 
2.80103 2.98828 -4.71448 4.95276 12.2318 2.43994 -2.62964 15.6658 3.41895 11.7429 
1.37073 3.86853 9.23914 12.4495 -5.51343 11.1687 0.623657 -4.77429 7.62085 8.20508 
-0.704102 0.325073 4.92371 2.83728 0.0257568 -0.116943 0.355835 6.96729 -0.146851 5.02539 
3.54102 5.72046 3.27783 12.2395 -3.69617 11.3328 3.51282 -6.36267 5.20715 7.48181 
3.34045 7.12683 -0.844727 1.26306 6.54846 -0.905518 -6.10889 13.726 5.2002 10.0518 
7.43274 -4.17041 -0.911987 0.654785 3.24756 2.32092 -1.4281 -5.70154 9.25879 6.80005 
0.219971 -0.778198 -2.22998 2.8689 7.2876 14.9869 1.4668 -0.103516 6.34985 10.298 
1.71252 5.297 -1.76892 -1.68945 10.1819 2.15283 7.33337 0.0439453 4.01013 5.20105 
4.92993 1.35095 -1.547 -1.16504 5.71814 11.4706 0.791992 -2.65857 4.45374 7.16858 
-3.63782 15.7113 28.7814 18.1567 1.6217 0.940918 -0.592529 6.88928 12.5736 11.1084 
2.7085 3.42407 -3.29102 2.13269 6.37317 5.30933 2.29517 4.1416 3.60913 6.84607 
0.676147 -1.19495 4.15076 -0.521851 3.57373 0.85144 14.6719 -3.91943 7.12842 3.34253 
-0.155029 -6.72717 -7.37463 11.646 4.47021 22.3845 0.358032 -4.30176 12.6563 15.6129 
5.97852 0.752075 13.7257 22.342 -5.86292 6.10059 -9.47632 -12.2961 9.67566 11.9774 
5.97473 -2.32031 7.09717 1.57935 12.9338 -7.31287 16.7679 -0.708374 0.0367432 4.65063 
-1.36914 5.41992 10.4276 9.8822 6.6073 3.93994 0.252563 18.6116 4.38586 8.02673 
-2.7749 6.76001 -0.797729 -2.14307 14.4005 4.04358 -0.0916748 3.19922 3.36108 9.71558 
-7.48193 13.7837 3.02014 4.02942 3.86584 9.43555 1.81384 -0.198242 6.62512 11.9944 
5.73938 4.14551 5.52295 10.2765 3.47888 -1.84058 -8.37549 25.1042 3.2041 14.7832 
-1.56079 13.3322 6.01208 3.13843 3.33423 6.27014 6.02771 4.06848 6.04065 8.17749 
0.359863 1.92712 1.15906 4.98706 1.23425 10.7445 3.87268 -1.49622 5.19824 9.74646 
1.052 11.1682 21.9835 7.80542 0.246216 -0.913086 1.52478 0.0100098 7.62488 4.18665 
2.70313 -0.227173 11.4622 16.6985 -7.82495 8.85327 -2.91028 -0.144165 9.66113 10.9072 
6.1615 5.005 -4.14868 -0.804443 2.24829 6.4032 10.4547 0.524658 1.0885 2.50488 
0.780273 1.9989 1.96692 13.8182 -1.06982 9.32092 2.7074 -8.90332 4.74036 7.31458 
3.61316 14.8148 14.6932 6.36243 -6.49805 9.31726 4.78052 -1.09705 6.43237 8.84741 
-0.240479 2.70886 -6.71948 -0.923218 17.1349 6.6283 4.36414 5.06689 8.02637 16.7987 
2.93066 -6.43762 16.9288 6.02332 -1.79272 -5.3136 -2.60645 5.55847 8.31433 4.1106 
1.3728 6.07666 6.03699 -1.9115 2.67883 4.31335 17.9712 -3.8468 8.17102 2.68787 
2.91858 9.76831 0.955078 4.26929 5.42285 8.19019 0.671265 10.821 2.3623 11.9976 
-6.19714 3.10645 -3.60291 -0.275024 21.0476 -0.836914 -0.0615234 4.74097 4.06238 9.23279 
8.86084 2.82581 7.53845 12.2368 -3.71802 8.56567 -5.9707 -3.27588 4.30542 8.53613 
4.17249 7.04163 4.27905 12.3335 1.2002 6.08643 -0.341309 -7.85413 15.2358 7.14465 
15.7748 6.19336 3.12891 1.5144 6.51929 -0.847412 2.94324 2.36475 -0.657104 4.81128 
2.08093 2.98413 -0.796875 4.22131 -0.239014 8.03796 14.9194 -8.15942 4.68774 5.75903 
-0.563965 12.8319 27.8903 15.7119 3.8147 -0.96228 0.437134 3.97168 13.4423 10.8989 
-3.45325 11.4982 1.19495 0.307739 5.03455 7.52368 1.39917 4.29236 0.717896 10.0094 
4.93506 3.37378 13.0306 -0.751465 0.497559 -2.56201 24.1809 -5.50757 10.0996 -2.36121 
-4.06323 -2.4054 -4.41992 1.94946 9.47607 11.849 1.97852 2.76624 7.18347 13.4586 
-2.37939 -0.527832 3.53345 10.151 1.64941 8.61499 -0.451904 2.45117 3.4884 7.25122 
-5.55969 6.52087 -0.0670166 3.26624 10.8015 3.97534 -4.37817 5.797 5.13965 15.2483 
-2.87634 13.2484 5.82422 4.5072 3.18262 4.84485 3.17383 6.32361 3.71912 7.07739 
-6.4707 2.8855 -4.72437 7.00842 10.8779 1.92651 -2.84558 11.0068 0.82019 15.1306 
-0.30835 -1.40979 1.79492 16.1898 2.01855 7.69702 -6.6189 1.18201 11.046 8.83813 
0.974365 5.65198 10.772 3.11621 -1.30371 1.17896 -0.82666 0.73584 8.52869 5.16553 
-3.62756 10.3976 1.67493 2.73816 4.57617 6.24377 2.7688 4.79333 1.43542 8.16174 
3.86133 1.59521 0.558838 3.10767 0.685913 4.72766 2.92114 -4.33484 10.1794 5.80396 
-0.544922 6.98987 -0.179077 -1.99182 15.0184 -3.05933 3.00024 8.35083 -1.39722 6.89111 
-2.60449 7.56238 -6.07104 1.64783 17.9403 3.44409 0.365356 4.06958 3.68713 11.047 
4.62842 5.79248 4.50146 -0.570068 1.01599 5.54285 16.2388 -6.50342 4.66772 4.94202 
5.92236 -0.161987 -0.476807 9.34692 1.30005 9.50024 -3.72742 1.45959 2.82153 6.44092 
6.07397 -0.057251 6.92529 4.35803 -0.196289 0.782837 -2.34277 -5.3479 12.842 4.40088 
5.10669 6.23926 4.9928 1.06812 1.06152 4.07654 18.0886 -6.91772 4.25732 4.09448 
-5.10095 1.04138 -1.24622 4.38745 7.88831 3.01453 3.45361 0.46167 2.48206 8.69641 
0.690186 3.59631 1.53235 1.79871 6.25574 1.09509 -4.28674 14.4337 6.11572 10.3177 
-3.13 5.48474 4.05359 6.03699 5.56433 -3.15515 -2.70251 16.6904 0.759521 10.5126 
0.28479 5.0957 2.38342 5.21533 1.26709 5.32019 -0.61731 -3.35693 11.51 9.1228 
7.59778 6.01917 14.6385 3.85791 4.57874 -3.47656 13.6826 2.35095 -5.1073 10.0779 
-0.316406 1.22339 -6.9054 5.50452 10.845 0.862549 -4.89783 10.0178 2.26563 15.2915 
2.15381 5.27747 1.90076 7.11011 6.31958 0.0855713 -5.37134 11.7941 3.48767 12.2299 
0.842285 2.45459 4.38818 8.30847 -0.377197 6.39063 5.33423 -1.97168 0.380249 2.33533 
-5.74634 5.07654 -1.88916 9.85669 8.75146 1.79114 -1.5332 7.87378 5.8418 15.5778 
-4.6554 6.94141 -4.05981 0.0892334 17.9724 -1.62817 2.92041 9.05176 1.06445 10.3418 
19.4424 2.58008 5.14294 2.59277 -0.852295 1.74719 -2.22095 0.274902 4.80176 6.57324 
4.61768 -1.44495 0.766357 7.11218 -2.50684 11.446 0.526855 -4.98694 7.67322 11.0856 
-5.44629 -1.58044 -5.39429 0.435791 13.4275 3.63 -3.35889 2.79041 6.28381 12.8073 
-1.57483 8.94824 8.35083 -0.125488 5.49182 4.2467 13.4733 -2.44141 6.67834 1.8042 
-7.71948 8.00684 -2.53223 3.67639 19.2416 -1.56946 -3.47742 9.26111 4.5177 8.49109 
-4.72815 13.3285 1.8833 0.503662 6.073 8.51099 0.421997 3.78577 2.58752 12.0278 
-2.698 -3.68933 15.3594 6.89453 -2.39673 -1.34802 -5.15613 8.75012 6.37146 5.52881 
-4.84021 0.115845 4.27722 18.7258 0.223145 11.2612 -5.62195 0.120728 5.05469 11.7234 
21.2443 -9.31531 5.88745 -1.0835 2.13538 -2.97241 -5.4762 3.36243 1.32178 5.9054 
28.2544 2.67517 2.32141 -2.25073 6.15369 -1.35229 -3.44348 11.8126 2.10217 12.9342 
4.95349 10.3871 23.0609 9.88464 -7.75024 8.80688 -0.79834 -2.65442 13.2245 9.95227 
3.59937 2.82971 3.40247 -7.18921 2.85217 0.942505 17.4783 -4.03491 3.27759 -4.66199 
3.13635 1.99585 15.8594 -0.730957 6.83923 -6.76648 25.8428 3.51721 -0.585327 0.724609 
-1.41223 3.16833 -2.07605 7.45642 -0.627075 12.5566 12.4999 -7.63599 6.06299 6.12585 
-1.98254 4.52246 5.02686 7.57666 4.9491 0.884766 -4.08057 16.5449 3.55542 8.31543 
7.93005 3.56201 2.30444 -0.18335 5.43811 -2.19849 3.67871 9.13599 0.0952148 4.19409 
1.22021 -0.0922852 5.77588 -2.54175 3.92334 0.71814 1.51331 0.995972 10.2867 3.36548 
-3.38843 4.80518 2.66174 -0.0178223 4.03955 4.30676 17.7113 -3.6261 4.21606 6.14124 
-2.43555 5.2749 3.01147 -0.349976 17.3339 -0.596802 7.77661 3.04456 1.49353 5.08789 
-1.80237 2.17834 -0.862427 -3.00745 8.40405 1.70105 5.40552 7.27356 3.19299 7.22156 
-5.3335 6.84851 -2.17139 6.78711 9.94226 2.87354 -2.95654 4.24036 4.60669 15.5106 
13.6729 4.00098 1.72095 -0.522461 2.59424 -1.73767 4.7074 1.68408 2.85352 3.56091 
0.874268 0.587891 2.46277 9.51147 3.59204 1.69958 -4.95129 17.2244 2.68042 10.2776 
2.71875 4.29712 9.39355 14.7865 3.64856 1.80286 -7.54407 -0.236572 13.1691 13.1738 
-2.46008 11.5304 -6.54187 -5.75513 18.7234 4.29614 0.258423 3.40686 7.18604 10.7786 
-0.440063 14.1973 27.8228 14.7601 -4.5835 5.01917 1.16162 -4.18506 14.405 7.38416 
-1.60144 9.08923 4.72266 1.78357 2.15076 0.445923 0.568359 4.54089 4.47803 4.16772 
3.24866 4.12024 5.27026 3.349 2.74634 0.829712 3.91638 3.83594 15.121 7.2467 
2.35278 4.77466 5.56128 2.78699 0.197876 5.9436 4.97791 -9.28625 19.2423 5.70422 
1.48596 -2.74146 -3.448 5.75317 3.3324 16.5651 3.34912 0.635254 7.31677 10.1882 
-6.76392 1.70325 -0.651611 7.49292 5.15833 -1.82202 0.305542 4.6499 3.03162 11.0394 
4.73523 12.7498 19.2654 7.38 1.56738 -0.566528 7.59546 3.62207 8.21729 3.29614 
2.25854 3.45166 4.25439 10.2684 2.78076 6.46289 -0.746094 12.6729 9.29492 11.5284 
-2.06628 10.6327 5.78577 4.34265 1.95557 3.00244 2.31897 4.19153 3.52002 5.0155 
2.66919 -2.66211 6.48486 -0.0858154 4.22461 1.34656 -2.92493 1.73206 10.2679 7.48657 
1.62573 5.23999 1.8656 2.12549 -0.88916 1.81433 3.50159 -5.3092 7.88782 5.83777 
-0.036377 5.47388 0.566772 10.4834 4.60522 5.04395 -0.265015 -4.64661 11.0242 6.54749 
2.93201 14.1307 16.2146 10.6296 -0.540527 -1.60608 2.05273 2.31519 9.68225 0.276245 
-2.67932 6.16931 6.44604 9.21252 4.80835 3.99255 -4.79358 14.5529 7.05066 10.2356 
1.63098 2.48865 1.28918 3.43445 0.453125 5.17163 13.6469 -9.76855 5.78076 4.31323 
14.8699 3.71423 4.39954 0.556641 4.70984 -2.37744 4.73425 2.22083 -0.452026 2.11511 
-1.78076 14.637 9.02014 0.158691 4.25476 3.84644 1.20129 5.10059 5.7876 7.23169 
1.35986 11.0607 17.3716 7.5293 3.45178 6.32324 0.16626 4.26294 3.80688 8.56396 
2.75 6.18591 -1.26892 1.21509 4.27551 3.4895 -4.22107 8.51831 4.61255 8.43481 
-0.196533 14.1865 7.5802 0.323364 5.32056 1.23291 0.455933 6.15332 5.33228 4.19128 
23.5753 1.71069 3.65039 -1.37268 5.04126 -5.51038 -1.55139 8.05151 4.34253 9.99878 
-0.749878 1.46899 12.6824 5.3949 -0.0820313 3.29456 -3.02222 0.839111 10.7185 6.57202 
-4.26868 8.34412 7.00464 22.9789 2.9209 7.12317 3.16248 -6.33545 4.15039 6.34924 
6.49878 3.34814 0.139282 3.05688 0.342163 11.2229 18.2195 -4.77637 5.22241 4.39453 
11.0118 6.65442 0.790405 2.90283 5.31665 0.423462 3.54236 1.76477 -0.186279 2.45386 
2.72583 -0.624512 0.568237 9.18774 -0.120361 23.6912 1.16443 -7.18787 8.97754 14.6636 
-0.166748 9.0625 9.40393 20.6259 -1.99561 7.16589 -1.45947 -6.95667 6.7771 9.78113 
1.03015 -1.49878 9.31885 3.0188 3.71545 -4.61499 10.8239 -0.505615 1.71594 4.29578 
2.52271 6.10449 24.4601 4.37451 3.78186 -3.22021 -0.803223 9.6731 6.21228 6.70837 
3.82544 3.76794 1.927 2.63574 2.91345 5.3429 2.74023 -1.91626 12.592 7.58459 
-0.923462 4.26282 3.66919 3.21533 1.61108 3.57104 -0.689941 2.60693 3.56201 7.29858 
23.9083 -3.79968 3.66858 -5.54944 7.98047 -5.82056 -3.90918 6.50879 1.57837 9.7467 
-0.470337 12.2222 5.12817 3.19763 2.32312 7.44019 6.72705 1.72791 4.58203 6.65283 
-3.05859 11.8298 2.95435 1.31934 14.7704 -3.51965 -1.98462 7.95251 2.05469 6.82886 
0.083374 7.30957 20.6365 13.7959 -9.47913 4.80396 0.440552 2.32361 10.676 6.9469 
-5.41113 13.7611 4.23657 2.0238 6.45935 8.82996 3.67859 4.54871 3.84863 9.57776 
-5.75452 13.4236 2.57434 2.22449 7.20361 9.40259 5.34583 2.92871 4.13831 8.37036 
-5.60754 7.94006 0.312744 2.34204 13.8105 2.41187 -5.39111 7.53564 2.28418 10.286 
-3.72559 6.22717 -2.66687 -1.96509 14.3837 5.04285 -2.70886 0.981201 6.26196 9.7074 
-5.54712 8.12341 -1.10571 1.43811 18.1575 0.596436 -1.54663 8.6123 -0.581543 8.57764 
-1.96851 7.49609 1.07996 -1.2356 14.2213 5.54626 -3.41602 4.1167 7.19189 8.57776 
-2.02747 2.62903 3.9043 3.93286 1.79333 0.111694 -2.04077 10.8192 1.39697 8.10779 
-3.21973 9.99963 2.32324 1.05481 4.28162 6.3291 2.90942 3.70691 0.710327 8.34253 
2.49707 2.14648 -0.21936 2.58289 0.410645 7.16602 12.2991 -7.38855 6.23682 5.48523 
-4.82263 11.5697 22.9952 14.0258 -0.76062 2.03406 9.30225 0.702026 11.2709 4.32971 
1.80627 0.81189 -0.961914 3.29138 4.70813 5.42383 -5.40344 -1.71741 6.10974 11.4854 
-6.5542 3.60754 -4.73828 4.24329 10.309 2.86963 -0.991089 5.74719 4.10938 16.1075 
17.6185 -2.23022 4.33301 -0.165894 1.91077 -2.94019 -3.18042 5.78088 -0.635498 8.19153 
12.3263 3.83984 0.312134 -1.849 0.922485 0.563721 5.65015 0.852661 5.81934 4.21594 
-0.0860596 14.6506 5.91333 3.55457 2.71436 4.52014 7.12268 5.28003 6.2146 6.20959 
2.14343 7.67383 0.823364 4.5813 0.376953 3.93909 5.97791 2.62073 11.8383 4.21838 
3.15588 4.37915 0.989624 2.95056 2.33118 3.47876 -0.226074 -1.43945 7.68518 7.81653 
-5.047 6.96863 -2.1239 -0.296021 16.9178 1.10803 -0.490479 4.62341 3.02136 11.4963 
-3.59131 0.579712 4.75525 15.6211 -0.76123 7.65771 -3.40112 1.8114 4.82532 9.29602 
-5.66882 5.42407 -4.69189 -1.97742 22.252 1.35864 2.79736 4.66968 7.85803 11.8466 
-1.34717 7.16821 14.0188 5.64868 2.15662 -1.1311 10.8921 3.21716 5.56763 -0.598145 
12.9254 -1.36816 1.5896 -3.21228 7.4801 -9.01855 0.0196533 11.4419 -3.37231 8.40247 
7.49231 3.22632 4.3042 1.37744 0.748657 6.40002 15.6837 -1.61035 5.02698 -0.757935 
-0.0206299 14.5498 5.40967 3.25159 1.64758 5.45215 7.94751 3.17114 6.45654 5.61157 
9.90833 6.95105 2.53687 1.99585 3.14673 6.62976 13.4589 -2.61108 2.69788 3.77051 
-2.73364 10.9836 6.79004 3.60022 1.24231 2.62402 3.54456 5.51453 6.84045 5.42212 
-0.949097 3.06567 23.7261 13.2565 -6.25073 -1.22595 -6.88171 11.4209 9.03064 6.65649 
0.744263 4.1792 15.1925 6.10852 4.7926 -6.56238 -0.471924 3.36035 6.80481 1.95374 
-0.315308 13.2345 25.4672 9.91956 -2.38721 3.28809 4.13782 -2.06445 11.319 3.93457 
-5.59253 9.96667 1.03687 0.731812 4.96558 5.48157 3.83411 2.86157 4.39917 8.25134 
2.48474 -1.50012 14.6931 5.14771 -1.81396 -3.66077 0.0753174 -1.42908 13.2599 4.71387 
-0.492676 -1.24817 -1.16675 14.9172 1.61328 6.59058 -3.40564 5.64636 2.28076 9.71094 
2.42859 6.18408 2.84106 3.25854 2.20581 7.03528 -5.27759 9.73254 8.4375 7.28589 
2.77637 -4.89148 9.43469 1.90894 3.76941 1.20789 -7.05518 -0.0285645 10.7549 7.5636 
-0.0515137 12.7715 6.85547 4.68823 3.23682 5.89575 3.62769 4.2135 8.02637 9.23743 
24.4865 -4.01904 1.23145 -1.17932 5.64221 -4.89246 -8.02869 8.19128 5.83203 11.4661 
8.43372 -0.799194 -2.69788 1.83838 1.51477 5.12231 1.7467 -3.57532 2.96838 6.71326 
-1.61609 8.27087 16.234 9.72107 3.38562 -1.08826 -2.23206 7.68188 6.72205 9.3988 
-1.15894 12.2207 4.46729 2.21558 3.52698 8.80664 6.11292 0.954224 5.59644 7.22607 
7.35889 4.34888 4.68774 -0.270752 -1.24927 1.39404 6.01758 -3.70459 2.55103 2.06213 
2.51978 1.05042 2.64099 -5.39587 10.271 -4.39929 14.4331 3.0072 4.37585 2.85669 
22.1747 -0.300781 2.93237 -3.09717 5.58337 -4.94788 -3.73877 7.65625 2.08069 11.5432 
0.0618896 12.3062 5.8761 4.14722 1.86304 4.28162 3.62109 5.46448 6.62231 7.86804 
1.3844 0.777954 6.1239 2.09143 0.204834 3.20898 14.1115 -3.90405 2.52759 6.63586 
-0.724487 5.25208 16.2471 4.55994 3.70923 -1.67932 5.48193 2.4375 5.10852 1.96191 
1.39502 0.256958 -2.3811 7.11877 3.69043 5.57837 -1.16003 0.227417 4.02539 8.06323 
-2.44385 11.8087 3.42236 3.31323 3.67651 7.5354 4.43225 2.79297 4.73743 8.14124 
1.86389 4.33752 -1.44885 10.3411 4.76355 3.22925 -4.54395 15.9044 13.7672 12.6926 
-5.49609 8.96521 0.197876 1.63916 13.8768 -2.36975 -2.44165 8.3678 0.669312 5.21729 
1.46375 0.634033 2.45007 8.18933 1.08997 2.44946 -1.21252 1.10962 14.1321 9.04712 
3.93628 3.52332 12.4985 3.66199 -1.03601 -0.869263 -2.58765 3.62134 8.28552 6.46521 
-3.30627 11.7708 2.81323 2.52979 4.75378 5.52075 2.84082 5.69702 3.46094 7.86475 
-4.36157 6.12207 -2.98193 -1.16956 12.5913 1.3418 -0.982544 8.18225 -0.258423 9.57349 
-0.446289 -0.133301 4.12805 10.218 1.51746 10.9377 -2.00818 -3.12988 5.30176 7.46948 
5.13855 -1.89502 4.13794 1.31177 3.31873 -2.5033 -3.49365 6.77075 11.5043 9.78625 
-1.69861 1.49756 7.44043 14.4471 3.11694 8.52551 -1.73755 0.180908 -1.24146 10.5231 
-6.39307 4.27759 -2.05322 8.04041 10.925 4.59314 -2.53772 9.28674 2.61243 16.7075 
-1.56982 -3.96265 0.146973 4.92517 9.97827 -2.02344 -4.62488 7.5625 -0.600098 14.7622 
0.404419 7.76489 -0.337769 0.0751953 12.8827 1.17871 4.00598 3.48999 -0.771606 8.54492 
1.51611 -2.18408 1.03821 4.97144 1.71558 6.25439 -4.96106 3.24817 10.067 11.6326 
2.54626 -4.83008 3.29712 13.549 -4.82129 2.20398 -2.01587 4.10742 5.06445 3.552 
-1.22327 9.1272 -5.32922 -3.48792 16.0026 0.310303 0.55542 3.89929 2.76123 5.77283 
3.09546 2.90552 -6.10144 0.262573 9.68372 3.46851 -4.50403 15.7094 -0.779053 9.34229 
-4.52185 15.1276 30.8523 15.1927 -4.19763 5.06824 4.17859 4.33435 12.5015 6.17688 
0.938965 3.83008 16.3346 7.50183 5.70679 -0.821045 -0.0101318 19.27 6.86365 8.86755 
4.28809 -2.02197 -4.04272 10.6414 3.91968 15.0073 -2.92957 -6.22595 4.25537 12.7958 
3.91357 -2.91357 9.67871 6.96545 0.131104 -6.43567 -5.87012 19.2227 1.8103 7.99939 
18.6661 5.07886 3.34851 -2.6355 2.42737 1.97205 6.74158 8.49768 0.725586 5.65759 
-3.75696 8.46655 4.28503 2.07117 13.8633 1.604 6.24011 4.20789 3.89319 4.724 
-0.0198975 2.35498 -0.915649 10.1222 -1.53284 4.69189 -0.650757 -3.30225 2.37341 4.59521 
-1.58447 10.8536 10.1959 15.527 -0.730225 9.00256 5.77515 -3.94934 2.31812 4.65503 
-5.79419 14.47 28.5977 16.5341 -6.5199 5.41516 5.35095 -1.17273 12.6815 6.62891 
-3.40027 2.56104 4.02722 -1.8877 8.82642 -1.35022 11.1167 1.17517 3.13794 4.19421 
0.465698 5.82227 -0.895752 1.5896 11.3689 0.765259 -2.0708 13.722 1.88721 11.9901 
6.54297 4.45178 7.16016 6.16626 1.60876 3.31177 16.1199 -0.830444 1.55835 -0.744141 
10.944 1.30212 0.115234 -0.0772705 3.55518 1.63403 1.45093 -1.75903 2.9928 5.21094 
21.0699 -1.29895 6.26025 2.48474 4.31775 -7.26465 -5.57959 10.3242 1.59351 9.89539 
-0.981567 -1.32654 9.70081 -2.02039 5.63098 -6.32678 21.557 5.93274 1.97363 3.94617 
3.46301 -0.362793 4.82678 6.58923 7.32373 2.6239 -6.98877 18.5721 6.08167 12.1163 
3.84644 7.17029 3.03271 6.21729 2.07935 3.34644 -6.21301 14.322 7.20789 11.0964 
19.952 -2.61133 2.36475 -0.528809 3.51855 -2.46948 -4.13733 7.83215 1.98364 12.7183 
4.17175 -7.12073 -3.2666 -0.240845 4.95483 15.7595 -0.452637 2.82507 13.6417 7.09229 
1.41504 -2.07727 -5.3634 6.9281 1.44934 11.2078 -0.660522 -4.26636 6.71753 10.1444 
2.03284 -0.017334 3.14612 2.59949 2.44739 2.25293 -0.269287 0.213257 12.2784 9.91882 
-2.27051 12.4769 4.82239 3.39734 2.68066 2.98059 2.74854 6.10425 6.13953 6.59741 
27.0927 0.40979 4.61084 0.215088 -0.496094 0.425537 -3.84619 0.984131 9.81982 8.85339 
1.88049 5.30884 4.0415 -1.8877 8.3313 4.99768 1.3457 12.8883 -0.580444 9.88416 
12.1956 -4.32385 -1.26196 -3.35315 8.95215 -0.108765 -1.00793 6.01892 -1.84277 8.83459 
-1.96826 12.3887 19.0309 11.6405 2.29065 -2.05908 0.868774 4.87683 12.1461 4.72913 
-0.421509 -3.46106 3.41907 3.16968 4.69348 2.7782 -5.15527 0.948486 12.2269 10.5242 
-1.87085 11.8536 3.98596 2.8877 2.75842 2.96826 3.42029 5.10071 5.3053 5.23486 
4.12036 -1.48914 0.772217 10.0686 -1.0271 20.4314 2.42407 -3.38867 12.0796 11.2622 
13.7783 -3.85413 1.85474 2.58191 -0.108032 2.83569 -6.31958 6.66125 2.26672 9.18518 
4.43591 -0.257813 0.111694 9.46472 -1.47705 6.03601 -0.553711 -5.21448 11.328 11.6802 
1.75195 0.712402 3.31934 3.10974 1.1283 4.42639 -0.643799 -2.8761 11.9061 5.80811 
22.8334 -1.13159 1.73303 -3.80811 6.12646 -4.10413 -2.32629 11.6353 2.62903 10.5166 
2.34546 0.219849 3.58264 11.7983 -3.56519 7.74463 -2.30774 -6.49854 5.4425 9.60718 
-2.35815 10.2534 20.9923 15.5618 -3.43799 3.75342 -2.81543 -0.523804 10.0303 7.48535 
0.756714 3.99622 10.4995 10.4141 8.87134 1.0769 -6.09656 26.8275 3.2981 11.7823 
-3.42334 3.14209 11.6954 11.0034 0.684692 -0.237305 3.72522 12.311 4.25134 6.91968 
8.47437 0.0804443 5.06226 7.23315 0.521606 -1.76599 -5.27795 -1.5575 8.71094 8.88245 
2.33545 5.46106 6.7262 2.19568 -1.76428 6.06018 21.8861 -8.71765 9.77368 5.6604 
-2.74866 5.62524 -3.64624 1.72791 16.1973 3.33899 1.41138 5.74731 2.38123 8.01782 
-2.79163 5.1405 3.77466 12.2214 5.18884 1.4978 -0.685913 12.0646 1.40686 11.5293 
-1.33789 -1.48425 -4.9856 3.06592 2.15857 13.2178 3.23584 3.95032 6.88293 10.4205 
3.73938 -0.117554 -0.857788 3.83557 0.732422 10.0442 4.34814 -1.83301 1.76318 3.89661 
1.32422 -1.56335 -10.3905 5.75854 6.17944 14.3038 -0.840332 11.9895 9 12.4285 
0.703857 6.74451 14.2913 4.08154 1.66345 -1.30359 2.16101 7.0791 4.46436 6.1521 
-5.90686 1.41992 0.495972 0.829346 9.21106 2.27332 -2.41626 5.32947 5.91284 13.9564 
1.41895 4.81604 12.1664 7.4668 0.775269 -1.46472 -3.5658 2.84192 6.74512 5.60132 
-2.63306 5.17664 5.27698 5.88855 -1.08545 5.55554 2.21472 -1.02686 13.6273 7.72192 
2.40601 4.26184 2.24365 0.215454 11.1906 2.50623 6.44653 2.70337 4.85815 7.84058 
2.79993 -0.101563 0.113281 0.81189 -0.532837 3.86182 9.69006 -1.7937 3.33264 -0.522217 
-0.0505371 3.56079 10.0087 5.82483 -1.15527 0.852661 1.50134 1.2998 14.7384 7.29492 
7.38928 4.74658 4.52686 -0.994873 0.981689 2.38281 10.7693 -0.596802 3.77856 2.63599 
4.53552 6.42896 0.970581 6.86523 1.22986 14.5001 7.38562 -8.31653 2.08521 4.55823 
26.9132 0.64563 0.815308 -4.42542 4.61145 -3.39478 -5.7063 6.47339 10.0524 9.96704 
15.2747 -5.1925 4.26013 -2.52551 3.28174 2.28394 -2.47754 -3.86121 2.48901 4.06641 
-1.05664 -2.49573 6.18262 5.97021 2.7135 2.98621 -6.24146 -2.69727 18.8356 12.9697 
-2.65247 -1.20691 9.18005 6.28418 0.849243 -6.69702 -3.51709 13.1965 5.47754 8.60547 
2.95703 4.85632 -0.282715 -1.02417 8.05347 3.31311 14.7245 1.75146 2.66052 5.02002 
-1.98438 11.9486 6.16028 2.56531 5.27185 1.72937 1.0885 5.20654 5.89807 2.53027 
-2.25964 5.70251 10.186 11.8727 3.10645 0.614014 -0.779663 16.0602 2.74316 9.15491 
-4.9021 12.1415 2.46191 1.28516 6.10864 8.22168 5.40723 2.16077 2.96436 8.72107 
-4.38489 13.344 5.40002 4.46887 5.31677 7.65625 3.22852 5.54712 6.10901 10.0696 
-2.427 11.5272 27.0516 11.5574 9.2168 -7.61389 -0.100952 5.44336 7.85425 10.4353 
4.23059 8.90625 2.47144 14.0851 11.6285 5.28784 -10.7859 28.8842 1.28711 16.6432 
-4.91553 7.82825 1.20239 -0.701538 17.1008 -0.645386 0.661865 5.83093 0.184082 6.74719 
19.3396 6.55676 0.931152 -4.41235 4.83459 1.22815 6.11548 2.29712 9.07678 2.6731 
23.7947 -1.81885 -1.04639 -4.45081 7.43677 1.04407 -2.19727 10.1293 2.5094 7.25513 
-0.309692 5.03296 -0.186401 8.18433 8.26843 4.12549 -7.43518 17.3512 1.80737 13.4187 
2.77222 -2.11145 10.3931 8.63416 -0.802368 0.300049 0.257324 16.6334 8.67639 11.4712 
-4.24915 8.46021 7.34924 -1.18152 4.71948 2.89221 22.1416 -1.52942 2.7489 9.10242 
-0.353882 3.21802 0.829346 16.2577 -3.46863 12.9685 0.957642 -5.24463 3.3916 8.87512 
8.27612 -3.14368 3.2688 11.1534 -3.26904 3.40991 -4.93591 -5.53003 11.375 9.46729 
3.13574 5.03992 0.319702 2.32312 -0.343384 5.09717 12.7864 -4.27673 4.72253 0.660156 
-3.62317 8.85803 -0.487305 0.0144043 18.54 -0.852539 1.12585 4.93042 2.68933 8.59863 
-2.38293 7.40356 24.08 15.8917 0.261597 -3.42798 -1.6969 3.97791 11.4611 4.50427 
15.5226 -8.59375 0.421021 -2.03284 9.50464 -2.61011 -4.46057 7.42798 0.184692 7.05444 
-3.92322 8.0863 2.755 2.19678 4.74731 3.13855 0.56958 4.98206 4.83191 11.9741 
-2.27051 5.62109 -1.50342 -0.566528 15.4847 -1.32373 -2.65527 6.62207 -1.08813 7.74658 
21.0087 1.73535 1.43433 -3.22595 6.08813 -4.42798 -0.391968 11.7921 -0.523926 12.53 
0.161133 3.47949 -0.435791 11.0219 -4.37866 14.3505 5.98315 -10.6569 6.79871 9.59424 
1.29358 1.59448 2.71667 5.95105 5.39478 2.24548 -6.34473 9.61877 2.92676 9.47827 
-0.566284 4.01355 5.34082 6.87256 1.13342 3.72302 -1.01294 -0.838135 14.9951 8.11035 
6.91858 14.2594 16.7939 11.9387 1.21436 8.63782 5.651 7.25134 8.0791 2.84167 
-3.9292 6.39221 1.45764 1.83643 5.56787 0.845581 -1.46655 8.38672 2.80334 10.9502 
3.68628 6.20642 4.1012 -1.10413 11.9417 3.19861 14.073 0.534058 0.859985 7.15515 
3.44397 3.44849 -2.18958 4.24438 9.44958 4.1394 -3.22571 18.7766 6.10474 11.2383 
-4.29919 12.9404 2.40637 1.22754 5.83105 8.65979 3.28333 5.00378 2.10461 9.42676 
-2.21765 12.9734 6.47839 4.96277 2.45081 6.56787 4.28735 5.21887 4.06201 7.55054 
-5.79321 3.43457 8.87036 10.7709 2.76257 3.46021 -0.287476 5.47424 8.7218 10.0385 
3.92139 3.62463 4.47412 2.41565 0.938843 4.0177 23.5673 -4.56311 3.4386 1.3833 
-0.670776 4.41052 -0.335327 1.36902 2.65552 4.13538 14.1742 -4.54822 5.96594 5.02856 
8.0011 13.6553 12.7668 6.29724 2.80249 9.26331 10.9509 -3.79419 3.26807 9.47473 
-4.49084 1.17505 -3.85693 7.25842 8.86353 0.264648 -0.392212 6.01355 1.28088 13.9478 
-2.07947 13.119 6.39502 3.26147 2.50586 2.58362 3.51648 4.66333 6.42798 5.38879 
-4.625 4.93811 0.173828 9.20996 9.1355 5.44556 -2.93164 8.77698 3.67566 17.4916 
-1.46643 6.30908 -0.436157 1.65686 13.3416 3.53931 7.1366 4.19299 4.34705 12.9027 
1.4696 7.57825 4.53955 10.0214 2.51721 3.77222 1.12622 0.723389 20.1085 7.96326 
1.62866 3.36084 1.84631 17.0631 -1.48145 13.5625 1.58716 -11.0841 5.29468 11.0908 
4.1886 6.15063 7.85779 -1.55774 3.49927 4.25708 21.2742 -4.71143 3.24414 3.71301 
-7.13647 0.570435 -2.45471 2.21606 11.4949 9.70203 5.56409 0.214478 6.56396 16.8654 
-0.045166 3.03369 3.30078 10.9816 -4.36157 14.9316 3.48621 -5.11548 6.81592 6.00598 
3.47083 -3.29797 -0.656494 0.194702 12.2581 -0.696655 -1.64685 10.0585 -5.901 10.6119 
-0.952881 2.44873 6.18811 -3.8407 6.71606 0.188965 17.4144 -2.69629 6.67651 4.26318 
2.00012 10.2568 18.4232 7.11401 7.20691 -0.529419 -3.6947 3.83887 6.95813 9.08374 
-1.65808 9.62646 -1.27258 -0.592529 22.5553 -1.26294 -2.84424 12.1078 -4.28223 6.00269 
4.83081 7.96643 10.3997 0.979858 -3.28003 4.55811 19.5447 -2.51428 5.2832 -0.817383 
3.13562 1.38721 -0.468872 6.9198 6.06934 -0.111694 -2.28101 16.9901 1.45728 9.52686 
1.4386 7.35669 3.86877 10.6389 6.5592 1.92712 -6.03613 21.5542 2.30872 12.0798 
16.0863 2.52393 3.16077 -5.75647 1.52002 0.360229 6.37231 8.36243 2.177 6.64294 
-1.31836 7.7251 4.52466 -1.50732 4.52502 3.76587 17.083 -4.78577 6.99268 2.79834 
2.08521 5.78809 11.2401 1.72131 7.77039 2.98901 22.7382 0.443726 -1.56567 3.4447 
-1.49304 1.24963 2.78821 0.144653 4.02161 -3.16589 -0.274536 5.07935 2.35229 9.08789 
0.200928 8.77393 -5.4325 -3.2428 10.9524 7.11243 1.53601 3.17981 4.14319 12.1365 
0.928589 -2.93555 3.33704 6.85889 3.36157 2.2323 -7.04736 5.17139 9.74475 9.71155 
-1.13037 1.62891 0.485474 13.3098 0.103394 9.72583 -0.78479 -5.52124 4.55786 9.68347 
-1.46924 1.75793 1.45764 17.5558 -4.7605 16.8712 2.18774 -12.6522 8.93188 12.0619 
0.314697 3.20508 10.1415 22.8447 -3.0387 9.18066 -5.07605 -2.9552 13.2214 9.86609 
-2.37488 7.96899 -1.38623 -0.286743 13.0691 -1.39819 -5.63196 11.7075 1.44165 10.7307 
-6.6886 2.05847 -4.54956 8.3739 13.7454 -0.0112305 -0.7948 10.6691 1.59998 18.4452 
16.7192 2.38452 3.69641 1.73157 5.92261 -3.88208 -5.52124 4.14038 5.43909 9.1189 
21.2759 5.23047 4.22803 -1.50708 3.37671 -1.38513 4.82275 0.628906 2.86084 4.88318 
0.888672 3.82825 3.45203 12.9128 -6.505 12.3796 3.32153 -10.3241 8.7345 11.8739 
6.34778 3.75317 13.3429 5.2312 5.80811 -5.729 -2.13586 6.7428 6.85706 3.23303 
2.45984 -3.84363 0.882568 4.1908 0.664551 12.5828 1.26782 4.23218 9.10706 7.71619 
16.3915 -1.78674 -1.38623 -3.58228 5.42322 -3.60217 -3.58972 9.45972 2.76526 9.10986 
-2.2146 6.18896 4.67859 6.28271 2.24133 0.474609 -1.06323 14.9192 0.80835 9.54468 
-3.40015 12.4949 3.30896 2.56299 4.55396 9.245 5.91516 2.27539 3.83203 7.73499 
-2.6449 13.1066 6.08301 2.08252 3.4353 2.85376 1.90894 6.16443 5.40173 6.89136 
-1.41614 12.3928 5.55371 4.20422 2.01538 2.71533 3.38062 4.29944 5.97644 5.14221 
7.76648 0.869019 0.738892 -1.24768 4.74487 -2.80664 8.85547 3.8855 -1.87585 1.52673 
3.18701 4.02991 -2.84082 4.1969 6.92554 -0.397217 -3.19238 16.9391 6.3418 13.6 
3.81592 3.56274 -0.048584 6.97021 -0.00524902 8.28784 16.7153 -5.90417 3.83728 0.857544 
0.886841 -1.33069 5.64368 6.91675 4.0686 -2.88757 -4.05994 10.3945 -1.51941 6.46692 
-8.25879 1.77869 -3.40588 -0.0936279 13.7074 6.17041 0.945679 2.72144 6.05566 14.6963 
1.45142 2.52063 -0.699463 5.13013 -0.108765 2.78918 9.75415 -2.41431 4.36853 1.02173 
4.5874 9.16992 9.00879 -1.08838 -2.81982 5.34766 19.0205 -2.85425 3.33801 0.398804 
-2.6073 8.4093 -4.81104 -5.46204 15.7703 4.34583 0.325439 5.49036 3.51245 11.6155 
-2.80957 7.85059 -0.658203 1.44788 4.69995 5.32642 1.4137 4.36975 0.239746 7.89368 
-3.271 9.67395 -5.14172 1.05835 24.4326 4.87915 0.226563 8.85645 0.768066 13.0273 
1.31726 2.69177 1.41174 11.1641 0.638184 9.58704 3.56458 -2.58667 -0.265625 5.84595 
-0.0588379 14.3368 5.7124 1.84497 2.64587 3.28479 4.71899 5.07397 7.30408 5.47827 
-0.932983 14.6887 7.12854 3.61255 2.35547 5.70715 7.20593 4.17822 5.95667 6.42664 
4.89075 7.60535 17.6313 6.24512 7.271 -7.16785 3.09583 -2.68494 5.66809 3.56433 
0.116577 7.84167 14.5254 4.56335 -2.29663 -1.04065 1.5675 6.37048 6.86877 3.86609 
-3.90942 8.85669 -0.179443 2.81775 11.3835 6.73206 -2.20313 0.785889 4.88647 10.4014 
-2.40454 12.8491 6.96362 4.14636 1.61755 5.77832 4.2074 4.46985 5.15332 6.17651 
15.448 -1.97278 -0.597412 -2.02649 9.29346 -3.67126 -4.71094 13.3032 -2.92078 10.2015 
3.30945 -0.786133 -0.0429688 6.6272 1.62231 2.95483 0.0617676 -5.55029 10.0044 9.69397 
10.1316 -2.80896 5.11523 2.98376 -0.49353 2.6908 -4.11536 9.38013 11.9769 7.90051 
3.49841 4.51672 2.93457 2.54028 -0.0998535 6.13306 18.624 -3.8634 5.1615 2.53601 
-2.2865 3.17957 2.44421 14.6665 -0.608032 6.3396 2.7533 -5.19177 3.23218 5.58972 
-6.19177 0.743042 5.94507 1.3999 7.86963 -2.67371 4.14026 3.80505 14.8287 9.32227 
28.8344 -3.97766 4.13281 2.12732 2.25024 1.80579 -11.257 9.47668 3.01428 14.8004 
14.5466 -0.483887 4.29126 3.6156 3.98584 -3.06006 -5.90015 2.14001 3.48303 8.01538 
5.20996 -2.95471 11.3419 -0.467529 6.4967 -4.53979 17.1162 3.6261 2.01855 1.65027 
-0.213257 4.47668 7.64771 9.00598 -1.44092 5.37659 -1.17053 -3.51538 2.99719 5.08691 
-3.48987 -0.518311 5.11926 17.538 -1.05249 5.20862 -6.14587 -1.86609 4.65381 9.72546 
13.5974 4.83118 2.0946 -2.52222 4.36426 -0.358276 7.00708 2.03833 4.03027 -2.68408 
1.56689 2.12512 1.76208 6.85498 2.71484 2.42297 -3.24438 6.22839 1.078 8.32947 
-2.09436 16.152 7.99548 3.81799 3.06677 5.3291 4.56934 7.38135 4.89844 8.56958 
-3.31726 7.19153 7.70605 6.3335 1.3186 0.430786 -3.005 12.4867 5.45947 9.32849 
-4.18518 12.7449 2.48657 2.01636 5.32617 9.13464 4.97693 4.53467 2.26282 8.50586 
-4.72888 13.2252 2.74097 1.73438 5.94287 8.81201 2.34631 5.07434 3.2439 10.0801 
-0.0266113 3.14063 -1.67725 14.4537 0.62793 8.16296 -7.55786 3.88831 9.4104 11.8964 
0.698486 11.4769 6.93359 2.63464 0.411743 3.56995 12.1056 2.36194 6.75989 4.15112 
19.3605 0.655396 -0.258179 -0.791626 5.72607 -0.670654 -1.12329 12.6709 -0.795654 7.6438 
-1.91431 -4.6803 1.11377 6.25342 6.42542 -2.68311 -3.82117 6.80432 0.485962 13.9073 
-2.62585 1.66394 2.77881 1.55176 4.43726 -0.83374 0.792358 5.39453 2.06653 7.76599 
4.80957 2.92078 -2.36926 5.56213 6.38379 5.34766 -5.74377 13.4756 8.10498 9.22644 
7.42053 -5.19995 -4.99878 -2.16211 7.98242 25.6313 -0.981323 0.327759 14.2631 10.0869 
-1.51624 6.72241 -9.11523 -1.56555 23.8065 1.55725 -1.10925 8.61584 3.42383 14.5917 
-7.70959 11.7389 1.69312 1.38354 5.92212 7.1886 4.15405 1.56763 6.71362 8.89514 
-4.17126 8.89343 -9.01672 2.59399 17.1312 4.74036 -2.85425 7.05725 2.47339 9.59155 
2.81458 1.41052 6.97412 2.77258 -1.88635 4.43604 0.452759 -3.45691 11.7439 7.99817 
1.1554 4.20337 -1.02124 1.76038 9.23145 2.42139 -5.16553 7.32166 8.65588 17.6482 
-0.888306 3.76257 -2.52661 -0.794067 7.74585 10.0139 5.08557 0.800781 7.97961 6.0929 
-1.29846 3.59753 9.82703 15.9801 -2.77454 4.04236 -2.75952 2.32532 5.5271 7.42883 
3.4928 5.28223 4.80969 15.2415 -3.91174 20.7764 6.19873 -13.3232 9.36755 12.7159 
-0.837769 14.4675 6.67212 3.13745 4.73071 3.90771 3.46753 5.68274 6.58545 8.08313 
-5.62134 0.592285 -0.240967 2.28552 6.47583 -0.0736084 -2.30823 5.9126 5.29688 14.6835 
4.35632 -1.19763 1.18701 6.43188 -0.200928 2.87524 0.525391 0.013916 10.0579 9.04895 
0.312988 4.39209 7.62549 5.19849 2.4668 2.39966 -3.34131 3.04529 3.13513 6.99866 
2.0083 -2.46533 6.05652 11.6112 2.72974 -1.30969 -7.54517 12.5992 3.52893 11.7307 
-1.93591 1.28723 4.28137 10.0737 -1.25879 8.37781 -4.20081 2.38928 7.65027 9.94238 
0.226074 5.18713 -10.3173 0.324097 13.3243 3.61658 -3.90698 9.1001 7.08154 17.4197 
-5.495 5.45471 -3.03137 6.85974 10.8112 3.63403 -0.478882 7.98474 5.27344 16.1704 
19.0608 3.51611 6.27026 2.73657 -2.32495 4.70886 -3.42505 3.79492 7.91052 11.3466 
-0.962524 13.635 4.34741 3.95813 4.8678 6.56067 2.09229 5.10901 8.34705 10.6989 
17.3508 0.894165 -0.846069 0.180298 5.60852 0.78186 1.40857 5.02002 0.363403 8.18616 
3.38269 11.5939 17.7708 7.65137 1.91589 -0.190552 3.67493 1.66028 6.75525 5.28088 
-1.66235 0.650513 2.03381 4.94348 3.47742 -3.10925 -1.58521 5.76624 0.483154 10.6333 
-0.705688 0.455078 2.04321 17.0249 2.01392 4.91028 -10.1219 -5.78406 9.91211 9.45728 
-4.75757 -0.40686 -2.47803 6.65979 9.30908 4.05298 -2.68738 5.7179 6.69946 13.457 
3.3147 2.57642 0.708862 17.2985 -1.30847 8.31885 -4.3446 -6.77319 5.17786 9.36011 
0.116943 2.64929 3.37183 16.995 -0.644653 9.58618 0.384277 -3.08228 3.3811 8.21448 
4.16846 -0.321655 7.04431 1.87659 1.46912 -2.04907 14.1707 -3.98071 4.90479 1.0387 
-0.255737 12.262 20.3951 7.28552 4.32996 -3.35706 -0.548462 0.54187 9.57092 4.37549 
-3.85681 5.11523 1.33044 1.81079 6.56458 4.80261 -0.91748 2.76697 3.86963 9.87415 
-2.42883 1.78564 -5.58313 2.48608 9.63782 2.2666 -2.47095 8.74048 3.03345 13.2709 
4.31555 -0.524902 -1.65027 6.70374 -0.231812 4.97949 3.14294 -5.99402 8.75586 9.22522 
-4.51001 5.47705 5.4021 15.5017 0.0170898 6.78845 -2.21631 -9.32874 6.60083 10.4651 
0.890503 7.79602 10.1606 6.13586 2.25427 0.439209 -7.68042 13.1066 4.50977 13.3534 
-5.56042 7.30957 -0.752075 0.998413 15.3745 1.85583 -0.334351 3.97534 5.71301 10.8873 
11.4083 -4.53308 4.05151 1.46729 3.18286 -3.01111 -4.05688 3.76929 0.884888 7.75806 
-1.89063 7.8689 2.52124 -0.293213 12.4305 -1.52637 -3.03076 7.65771 0.369263 7.13208 
4.22925 5.53906 -2.54468 5.83826 8.09888 2.78955 -3.70557 15.6836 -0.0168457 11.7217 
0.971069 5.89722 7.49768 3.77576 1.38525 4.1228 -2.31604 -3.09607 14.3344 11.1667 
-8.96228 8.29089 -0.581909 3.75183 17.2097 0.827881 -0.494873 3.25781 1.54138 9.1792 
-2.82861 -0.367798 -8.61267 4.16907 9.38391 3.34802 -2.95471 10.609 2.85547 13.2183 
-1.74548 3.58789 3.34412 3.21082 3.71155 3.02344 3.0282 -4.2832 15.8066 4.8457 
-3.72949 7.04883 2.6814 0.688965 1.35352 4.797 1.44189 1.46582 2.18738 8.65576 
-0.522095 6.39978 -0.293579 6.68408 7.6593 -0.455933 -3.62268 7.99646 6.99341 13.9248 
0.414063 5.14514 2.44727 4.07849 4.36584 1.24121 -4.96484 11.5695 2.66516 6.94128 
-0.0743408 4.86816 -0.280884 10.0708 3.30383 10.9614 8.59143 -11.6533 7.80676 10.8265 
-6.44458 3.81091 -7.0155 12.4725 9.37671 1.71912 -5.1311 9.15198 5.80664 17.3302 
4.37817 3.35913 21.7728 10.9396 -3.64734 1.2384 -3.74756 6.79712 6.3197 6.79688 
9.03955 -4.55457 -1.18884 3.19531 -0.560547 1.08545 -2.0144 -3.41357 8.9834 7.25647 
2.19885 11.3688 16.3932 9.30957 -7.36255 8.95972 2.64014 -5.35571 8.55029 7.08484 
7.27466 -4.099 13.9398 7.41418 -3.1925 -1.65576 -7.28235 8.86951 5.03003 5.15906 
17.4536 -1.67639 -0.679932 -0.708496 4.08801 -1.22205 -4.51526 7.24829 4.04895 9.87781 
3.82642 3.94397 19.0179 9.46558 -0.0246582 -4.94141 -4.44861 4.30737 8.22522 6.27087 
3.02698 3.11853 16.5981 14.0662 -4.65771 3.33301 -4.5813 1.00427 13.4355 10.5931 
-2.10815 6.18652 5.67554 20.7228 -3.13171 9.04651 -4.32642 -8.7229 6.26477 13.2804 
1.36633 -0.271484 3.45068 4.75476 1.04419 2.64172 -1.48804 -1.10632 9.21033 8.6687 
-3.89832 7.39636 -3.16101 5.16565 24.0828 0.955078 -0.999023 -2.07349 3.0918 10.9166 
5.48584 6.09204 6.91333 -1.56213 -1.02014 5.93469 16.9087 -5.71436 5.57141 3.50098 
0.783081 1.61084 0.952148 1.32837 1.73364 5.49316 0.838989 -5.23926 8.72046 3.89319 
2.88074 5.26294 5.66321 -3.79224 21.8042 -3.9801 6.83105 5.01074 2.88037 16.1746 
8.33179 -1.99609 0.687866 7.60889 -3.88452 8.88696 2.05359 -15.0577 13.6003 7.91199 
-5.97131 11.0966 23.303 13.7986 -7.12805 3.36572 2.03296 -1.33984 12.4417 5.09424 
1.73682 6.21875 -3.47668 -3.58496 16.6775 -0.226685 1.58911 1.44812 4.1969 7.59131 
1.36426 -2.50171 9.53406 -6.80334 4.95728 -4.65186 20.3838 -0.546265 2.2395 5.81836 
5.34216 -0.857666 6.44531 8.98279 1.42151 -0.458496 -7.15588 13.5939 11.3082 9.8717 
-4.70081 6.28088 1.3103 6.73035 8.8501 1.30139 -3.38416 5.87012 6.08997 15.7518 
-0.533813 4.2467 2.03235 12.4945 -3.30725 7.89526 0.627441 -9.23926 5.95251 9.64709 
-0.319946 3.48596 3.401 14.1965 -1.00879 5.49036 -3.35742 -7.32971 5.82275 10.3928 
-5.74866 5.98523 -3.79956 4.0929 13.6766 0.97876 -0.954224 6.91113 3.98352 14.5287 
1.08044 10.2021 3.04724 -3.46863 11.4281 -1.44226 -2.77625 5.72192 3.4209 6.59009 
-1.8363 -0.913086 5.42432 14.3046 -0.333618 10.2167 -7.28015 -3.15405 5.82813 9.8175 
-3.48743 11.0941 3.11951 3.55115 3.14685 8.71875 2.37695 3.54724 5.1449 7.99146 
2.60522 6.44653 3.5752 -1.44202 11.3898 5.44604 -4.86902 8.19604 -1.82556 9.03638 
-0.183472 -1.36377 -5.85986 -1.86487 10.1678 2.61511 6.05933 -2.57678 7.39893 8.89709 
0.966431 2.93201 -2.36829 11.6659 11.947 1.75012 -10.9342 24.5955 0.0111084 15.8 
13.3792 -0.836914 3.05457 1.25464 3.87085 -0.0090332 -3.72656 6.05847 -4.07947 9.52551 
7.36853 1.77966 7.37561 12.1921 -4.8595 19.608 2.53491 -4.39258 8.42004 11.4246 
-3.26477 6.25854 -1.91248 7.43225 9.328 3.47327 -3.71887 7.88623 3.12976 17.8745 
2.82446 1.74597 8.49182 -6.1377 3.40881 -6.40552 8.90942 3.82312 1.74414 10.2662 
19.3875 -3.40466 2.0481 -2.71497 4.06519 -1.97925 0.138184 9.85107 0.115356 2.78247 
-4.18665 5.29175 2.56958 -2.2876 18.1555 -1.95374 0.18335 7.33484 3.62219 7.66113 
4.67957 5.74988 12.4031 -0.584717 22.6929 -6.39148 5.92273 -5.14636 -1.59302 9.27893 
-2.50745 7.97705 9.61096 -0.153198 9.09326 -1.39929 4.1886 5.96387 3.67029 6.34155 
-2.97644 2.0929 2.78516 -0.296143 7.56311 -3.31165 2.66309 4.99121 4.4364 5.77295 
-1.85547 3.88135 7.09668 -3.84326 3.5968 -2.58716 17.8771 6.56177 4.33459 6.76526 
-2.9906 13.25 5.17737 2.58423 4.04651 8.45056 5.94226 3.80371 5.27258 8.44177 
-0.710815 -5.83057 17.7407 11.5474 3.22559 -5.24841 2.83813 6.16968 0.730225 -1.16528 
1.94421 4.04187 1.80396 18.4288 2.29944 8.47559 -5.36902 -0.379761 8.82556 10.1588 
-1.823 1.82556 10.9893 7.30591 0.0599365 0.090332 4.69324 5.45959 4.38342 0.0311279 
2.63989 2.40796 -1.42224 4.99524 1.73633 3.28638 6.93079 -2.47913 0.586792 5.17261 
-1.34717 7.74976 -4.58325 -3.74475 16.0186 4.35046 2.94226 4.38257 7.44934 11.6302 
11.8585 2.69019 -0.735596 1.15247 0.0700684 12.2295 0.623413 5.61487 9.10999 5.10449 
-2.74304 5.38977 -1.38977 2.43481 10.063 3.27332 -0.821045 5.85156 6.18005 14.7725 
0.609497 9.9917 10.5066 0.687866 1.13904 8.76331 24.3727 -3.77441 4.48999 4.0531 
1.85095 4.33252 1.34424 6.63977 1.86023 1.86523 5.46094 -2.46436 11.9115 4.21191 
4.45166 -0.410522 0.0229492 1.47217 7.06409 18.3339 4.71045 1.4021 9.18054 5.88037 
6.1322 3.27039 3.43591 0.971191 -0.60791 4.29651 10.2749 -2.87939 2.55103 1.52917 
8.38574 -0.106934 2.08142 1.31616 1.03064 3.68005 2.71997 -4.07227 1.89417 2.15601 
7.32092 -2.07544 0.19751 1.21631 -1.6084 4.83472 1.1167 -6.04419 6.81104 2.72791 
-2.66284 2.5791 6.0957 1.77039 6.79895 1.07178 20.8097 -2.67712 5.14783 7.04456 
-5.62488 4.87463 -3.02673 0.192017 13.9435 1.81421 -0.664673 5.48669 3.29419 8.46545 
-1.39941 14.3119 6.32239 2.34583 2.45728 3.37756 4.9364 4.9021 7.09277 5.13696 
5.61707 2.43433 4.7262 4.49939 -4.16309 4.46777 3.41772 -6.70032 11.2637 6.13086 
1.90442 4.95471 -0.00622559 3.1759 1.64563 1.67969 10.7545 -1.0061 5.37354 -0.143311 
2.83289 -3.28113 -0.871826 5.37268 2.01587 7.85669 1.00244 -9.36768 6.8894 2.95386 
-4.32629 16.0442 26.5443 10.3533 -6.22766 6.56812 4.11792 -2.49646 13.4449 5.94421 
5.9884 1.71936 1.04834 -1.01611 4.88269 14.5198 3.75403 -2.10181 11.819 6.85352 
-1.58008 3.48547 -0.846802 -4.29907 14.1498 -0.770264 4.33325 2.38818 2.10559 5.89124 
-3.05469 0.681274 -6.65747 7.86951 6.21167 17.6244 1.71069 -4.526 7.76404 10.7239 
10.5756 -0.435913 -1.79492 6.27991 3.2085 22.2625 -1.21802 1.38464 13.5093 10.2952 
-0.22998 4.99207 -0.321533 -0.988037 9.78772 2.59265 2.13989 2.93457 1.16028 7.38428 
3.98474 4.14209 1.92419 5.77979 6.03638 2.37756 -5.35706 16.6469 4.06934 10.4557 
-2.37537 -2.1145 6.1731 4.6095 6.19006 -0.963989 -3.23938 10.8104 4.47522 10.5226 
13.6687 1.48096 -1.79419 1.59033 1.09521 2.59631 -1.60291 8.70972 4.90344 5.42114 
3.83765 3.28027 0.380859 -5.59863 8.68628 1.70825 0.576172 10.8475 5.67236 10.3575 
-3.41235 0.739624 4.50232 2.98706 3.62378 4.56348 -2.05664 2.01233 10.7097 7.16553 
0.883423 4.20886 14.0447 4.77539 -2.74365 2.87854 0.290161 -4.7218 9.28003 4.61487 
-0.209961 9.58435 18.146 3.67908 -4.81226 -1.19238 4.50317 6.8739 6.4342 4.0647 
0.0714111 0.562988 4.08972 19.3387 -2.9823 7.25854 -2.6001 -10.1095 6.38013 10.2114 
0.0373535 7.46326 2.51343 9.1637 5.77551 2.30835 -5.76025 15.652 7.37158 12.5245 
16.9918 3.46021 3.56763 1.29248 9.3656 -6.58496 -1.72021 10.9901 -2.69373 9.83459 
-4.36548 10.0465 1.10571 1.151 5.86011 6.94031 4.27112 1.85669 4.74133 6.83667 
-0.784058 1.39966 2.8252 2.1748 2.18738 1.67468 0.124756 0.0825195 10.0845 6.05408 
29.6807 1.44617 2.56421 -0.150269 0.055542 7.89856 -3.30518 8.25024 5.57776 12.85 
0.897705 3.03491 4.0658 11.5428 5.10608 0.32312 -9.04468 19.0557 2.01917 12.5586 
-5.76636 16.4912 6.93457 1.40491 5.04016 10.1624 5.14844 4.1394 4.48718 10.0518 
-10.6549 0.884155 -7.37671 13.824 15.2203 0.543579 -0.860107 13.1871 3.98877 21.3289 
2.34717 0.96814 2.98767 4.16821 1.10803 4.46448 0.0322266 -1.8905 11.7618 7.84839 
-0.531494 5.84644 4.05908 12.7626 7.93921 2.32935 -7.15234 21.054 -2.13025 15.4785 
2.47815 0.323486 -1.05237 11.9829 0.188721 21.2026 4.2041 -5.60022 5.875 11.7942 
-1.52209 -5.54858 -4.91101 7.52527 2.90906 11.0317 -0.0526123 -4.76831 6.3551 12.8591 
-4.56372 3.87646 -0.313354 3.72876 7.68628 3.10156 -2.9165 5.52759 3.92371 12.6086 
-1.40417 16.2026 6.08496 1.71838 7.88013 2.89026 0.203369 5.79749 4.87402 5.02771 
0.387939 6.94006 5.58752 16.0712 8.38757 3.54895 -11.2539 23.5118 3.05981 17.071 
11.9127 0.571777 -3.14294 0.112793 7.74976 23.983 2.23022 1.45801 9.65881 8.27527 
-5.97168 3.67688 -3.85645 2.07947 14.6505 2.54407 0.492065 3.15356 1.89172 7.45715 
4.80908 1.46606 0.20105 8.61523 -0.831787 6.34766 -3.36438 -5.52075 4.95471 10.6045 
-7.08252 10.6401 1.7887 0.575073 5.27148 7.20557 3.8573 -2.06189 8.83923 6.99426 
-3.84229 1.70068 9.77954 5.45349 0.794189 -0.00646973 2.44849 2.89917 2.85217 2.8075 
2.80127 10.3427 19.5699 9.17371 -6.98975 6.2511 1.41223 1.15759 11.795 6.68518 
-2.74487 11.8767 5.4303 -1.02747 7.34485 8.88892 10.2347 2.26843 4.69055 3.83459 
4.14307 -1.16675 8.74719 -6.80127 7.12695 -4.20898 22.1499 -3.05701 2.94922 2.72388 
4.40637 0.991333 9.172 -4.44678 2.87695 -2.74658 20.5635 -3.33557 3.51355 1.81995 
5.60522 2.96692 6.20056 -5.91626 11.7559 -1.39905 2.06897 7.52393 2.24414 -3.4397 
2.41003 14.3582 5.87195 0.785156 1.0719 4.68677 6.96313 3.10022 7.38831 4.95837 
-2.31311 9.7937 3.70129 3.52856 2.01343 2.61694 2.6969 3.9281 4.77991 4.74231 
-6.56677 5.85461 -3.37012 2.65051 15.5944 0.920532 -3.71851 5.95605 4.07629 8.76563 
29.6918 3.45605 1.79407 -5.14331 3.00879 -2.76392 -2.46509 13.2959 -0.207275 13.2941 
1.71826 1.76843 1.6344 3.29956 3.06946 -1.81763 -4.60657 11.9301 1.54077 7.93066 
-2.2395 6.4502 -0.803223 0.349731 18.8597 0.877441 4.17114 5.5686 1.77051 8.1925 
3.41016 4.52686 18.718 13.2323 -8.86011 2.06335 -4.75098 2.66931 13.7998 6.5802 
-7.16699 4.35437 -8.35168 2.52063 21.5294 -0.815552 -4.755 6.80054 -0.179321 13.502 
11.0072 0.664795 -0.107178 3.22449 6.552 -1.28613 -4.52148 5.67712 1.97546 6.11304 
-0.932495 -1.86365 7.96802 -4.02954 2.83069 -4.04761 15.6658 3.90063 1.77161 5.79565 
-3.70227 6.53699 -1.61426 3.95398 10.8514 -0.103882 2.45471 2.33972 4.55713 7.96301 
-3.81689 5.45105 2.90515 12.8643 10.7798 0.89917 -6.23962 19.7056 3.37231 12.3374 
5.62744 4.59326 9.24133 4.5459 -1.41675 4.55347 17.1779 -2.45251 3.31055 -1.31653 
-9.41589 -0.0922852 -0.754272 4.31836 10.3584 -1.15833 0.597046 9.21191 3.23865 13.2316 
6.86792 0.513428 -2.84119 6.44653 -2.88428 18.3785 4.11316 -3.66516 5.3501 7.40259 
4.72974 -1.18628 3.22229 15.2633 -3.39587 8.66406 -8.76172 -8.02124 3.08545 12.1188 
-3.27026 2.74463 -9.92578 -0.00292969 25.5868 -1.15601 -5.92114 6.35498 3.34863 14.6854 
0.794922 7.9054 8.06909 -4.25757 2.01404 2.49731 21.0211 4.04675 -3.02722 5.29272 
5.73059 -0.86377 -4.15149 0.755005 3.53845 16.1198 4.2417 3.01062 9.5636 5.37671 
18.7986 -2.93921 -2.85083 -4.74255 -0.248779 6.75293 0.0665283 2.85754 5.28455 1.67737 
-0.275024 13.0192 4.20142 4.98645 2.43628 6.50159 6.28735 2.93408 5.53772 7.59131 
4.24292 0.888062 4.72461 4.69885 -1.67444 3.08594 1.09229 -5.22278 10.8687 7.4082 
3.0155 6.10657 5.43445 4.23657 5.30811 -2.49414 3.35876 3.91772 13.7484 8.17212 
6.18347 1.42871 19.8545 7.08923 -0.214722 -8.92139 -3.31079 7.40076 9.81152 3.58911 
3.91602 3.46619 -3.05859 6.98499 0.26001 6.11682 3.2738 -2.29272 9.81409 6.41528 
-2.08484 2.0946 9.06323 20.0745 -2.42676 7.41187 -5.77051 -11.5269 5.17175 13.343 
-1.26196 -1.99561 -5.11438 5.46985 3.63147 16.5221 0.135498 3.23059 8.62 11.1973 
0.180664 3.54272 3.10193 5.1803 4.7229 0.410522 -3.94141 14.0291 1.83752 8.64807 
1.27612 2.95581 5.85022 8.19226 1.43408 3.22461 -1.13098 -0.996582 15.9093 6.53491 
11.8762 4.37732 5.24841 1.86523 10.9698 -6.45886 -0.916016 7.53894 -1.6969 5.16821 
4.49097 -0.0379639 -0.174561 1.56775 4.30005 0.827148 6.14233 -4.54663 11.7847 8.72986 
0.0146484 -2.00049 -7.44238 7.80884 2.93933 14.7516 5.96252 3.49487 4.0575 10.1276 
-0.557373 9.04492 3.27124 3.02954 5.91138 1.38916 -5.34119 13.2833 8.23328 12.5153 
-0.812134 15.292 8.91797 3.58313 2.68445 4.3468 7.68933 4.88013 7.12842 6.83472 
-3.54736 11.955 1.47412 3.45117 5.41724 6.92847 2.5448 5.90222 1.91614 9.20618 
11.2285 -0.690552 0.876221 1.72375 2.12695 -0.508789 -4.69543 5.58179 4.18262 6.35693 
-3.46362 11.2229 1.49426 0.216309 5.07654 7.55884 2.55481 4.54297 1.05969 8.55859 
-3.54529 -1.12085 4.38818 18.5369 -2.50818 4.99097 -5.65173 -1.99194 5.40796 9.45764 
-1.53235 0.824585 7.97705 5.1377 2.91797 -6.67944 -6.95569 18.2915 6.59167 9.19153 
1.98181 5.96912 0.572632 2.98975 1.75342 3.75586 6.8197 0.155151 12.2202 3.34998 
-0.946411 -3.71509 0.354492 5.55542 0.413208 12.2566 1.52441 10.1324 9.38245 7.53333 
9.54761 4.80579 2.25928 3.22693 3.61438 0.900391 6.45325 0.230103 -0.19458 0.400635 
-2.64978 5.85791 5.005 10.3214 5.95642 0.620239 -6.35876 19.3429 4.12122 11.2858 
-3.81653 13.2246 5.12024 4.005 4.28223 7.02576 4.25293 5.11829 5.12415 8.46985 
-5.43811 12.0955 3.64746 1.57251 4.15149 8.35522 3.3938 4.05151 4.76794 8.63599 
16.9353 4.09888 5.45935 5.51892 4.00476 -2.09399 1.44678 4.92688 -0.401001 7.72339 
-5.05054 14.053 2.70862 1.87476 6.81152 9.18652 3.02075 4.05884 3.37537 10.9904 
-1.02539 12.9972 6.16174 3.60315 2.34741 6.61353 6.53125 3.46777 5.11328 7.10962 
-1.20813 8.93054 -0.446533 -0.337769 10.578 -0.154541 -0.29187 3.51746 0.975708 7.67444 
4.75452 4.3147 4.35181 3.40344 -0.788574 11.5117 8.86487 -2.13184 7.90259 6.26147 
-5.55444 18.1484 26.0807 12.4108 -5.14087 6.61792 6.7135 -5.42896 12.6395 6.28162 
-6.47595 6.37305 5.99683 14.7922 5.23157 1.46558 -0.921631 19.9377 0.5354 12.3339 
-0.875854 -1.59143 8.46313 -3.17883 8.52966 -6.48303 19.9767 5.67041 2.01184 2.66223 
-0.109375 11.2651 17.3656 3.93457 -5.25635 2.26294 3.18701 4.07104 9.65649 2.60657 
-9.10339 0.570068 1.92139 26.8513 -0.641846 9.36304 -0.930786 9.3186 2.85925 12.3986 
22.0304 5.05859 1.00366 -3.9762 6.74939 -0.655518 -0.0645752 11.3606 -3.26563 12.8549 
3.15332 6.17029 15.6786 6.8208 7.10229 -7.0614 1.6665 2.75061 5.98743 4.19202 
6.31128 2.5011 -0.00793457 6.01123 1.77209 4.79114 8.04248 -0.813354 8.82324 0.61145 
5.4231 0.662354 -3.37524 5.46936 0.566162 19.6294 7.42737 1.42078 7.83984 11.2952 
-2.94214 6.94189 -2.91504 2.32104 9.75037 1.9342 -1.06006 5.64783 3.40149 9.95703 
7.77698 3.52856 12.1049 -5.02795 7.8689 -8.48035 18.8884 3.58484 -0.844971 -0.06604 
-1.99524 0.403442 -0.259155 3.6344 9.4248 -3.83215 -3.54541 7.41028 3.62939 13.943 
-1.09753 -0.186523 2.31592 0.926147 9.04102 -4.83582 -6.09863 14.5192 2.1344 12.9227 
0.296021 5.55151 24.6061 15.4436 3.57629 -9.88965 2.53296 5.58191 6.98584 2.40198 
-2.8855 12.4028 2.79712 3.07214 4.93823 8.2052 5.67371 2.16321 4.07214 9.19751 
-1.47693 -2.42444 6.21924 21.2979 -4.17236 8.54187 -6.23779 -2.96997 9.50818 12.0341 
-2.9563 1.69604 9.17993 -3.21912 4.7699 -0.0917969 18.5605 -5.13306 7.63831 4.09766 
2.75793 6.86963 4.02588 -1.80725 11.8535 4.17786 8.26868 1.60083 1.50269 8.94861 
-3.66907 13.1304 2.70056 4.02661 5.83398 6.47925 1.92908 7.08618 3.05591 9.69629 
-0.575928 -2.08569 3.02051 6.45837 -2.81213 5.70789 -0.312744 2.94275 9.52539 6.19641 
0.798828 4.59082 24.1381 13.6815 3.88416 -5.51379 4.12744 2.62341 8.20276 2.04871 
-2.48694 8.60803 0.348022 -2.17822 20.7842 -1.78284 -2.74927 4.84302 -0.82666 9.76233 
21.1249 0.956665 -0.75647 -2.81714 1.39026 3.71472 -2.17212 1.8418 5.03723 7.85193 
2.27588 -0.446411 -5.17017 2.96912 4.72583 8.8374 2.33496 -2.60681 3.95178 10.1973 
-3.13916 13.8131 5.25854 3.3009 4.30981 3.17871 2.04871 7.28992 6.25977 7.73291 
15.2235 -2.828 -0.223633 2.51611 2.08789 3.72229 -8.75037 2.07214 1.4447 8.87 
6.2583 3.60828 7.93054 10.1136 -1.99207 5.28101 2.41614 -1.24097 14.8689 7.24609 
8.18323 6.49573 23.4813 3.83496 5.15015 -7.76392 12.1671 0.959717 5.07922 2.91992 
0.967529 -0.330078 5.08105 1.89539 4.84766 -3.67102 14.662 0.378784 5.97266 1.2666 
-3.93042 10.1008 0.842285 -2.84033 18.693 0.981567 -1.07446 8.7384 1.44849 12.7533 
0.814819 0.975464 2.93384 -0.795166 6.02368 -0.675049 -0.924438 5.73816 -0.102295 7.04602 
-3.08057 0.790039 3.82715 12.3719 1.0448 7.83276 -4.1731 -3.84607 9.91199 12.085 
-6.43152 4.64026 3.51709 2.41162 8.38733 0.400391 -0.718018 6.7561 7.10107 12.6844 
-1.0752 6.28711 4.17688 0.942505 3.38318 6.33118 9.22534 -3.86536 4.97937 5.74695 
-2.15381 12.6608 5.13391 3.95288 3.11365 2.92188 2.16248 5.81201 5.80676 7.14905 
-0.208374 1.93384 -0.0603027 1.62073 3.58521 2.62732 11.7386 -1.99744 4.78943 -0.455566 
1.54199 2.76953 4.44373 8.42334 2.30054 17.9999 4.87781 -10.3715 11.3655 9.7345 
3.6947 1.59326 -0.270142 6.22131 5.03784 2.02136 -4.18958 16.3179 3.13806 10.3627 
-3.3512 4.80615 -1.28809 2.93042 8.73682 3.65039 -1.7041 6.54944 1.69409 15.5625 
-1.66003 10.4684 19.4843 5.70142 -0.23938 0.262573 1.3988 3.23169 9.63855 4.28711 
17.5238 3.1665 4.01172 1.69434 5.62585 -5.10938 2.17029 6.80371 2.00342 5.36658 
0.606567 6.39026 14.8877 7.72437 -1.88 3.51013 -1.26221 -3.45349 11.033 7.69592 
-0.806152 3.83484 7.48608 -1.80249 0.879517 -0.498535 13.5065 1.95898 5.64343 8.37891 
10.3146 0.737915 0.762085 1.70361 3.66589 2.48853 -0.328491 2.63843 -0.841553 4.41687 
-3.52515 10.8687 3.55005 2.99707 5.29431 5.85876 2.33459 5.16589 1.97205 7.8363 
-4.2124 8.96667 -1.48047 0.786255 19.0226 -0.290405 4.57935 2.93762 4.83252 10.8158 
-0.430176 0.782471 2.84302 15.5251 1.0929 7.83582 -5.52454 -5.66858 9.13586 11.3536 
-3.00452 4.09595 -0.119751 2.90479 7.93726 3.09351 1.77979 -0.99231 4.01465 5.71326 
-4.46497 14.7188 26.9269 11.045 -3.59253 6.07019 3.81897 -0.115601 10.8037 8.08459 
0.168945 0.0270996 3.0575 5.60693 -0.0229492 7.07434 -0.956299 0.541138 12.9409 6.95325 
-5.24646 8.1626 4.82397 3.97644 1.80505 3.70813 7.91467 -4.24915 16.6945 3.89111 
17.3708 1.66907 1.90601 3.81104 2.6886 0.656616 -4.33154 8.40979 1.98804 10.9943 
-0.577881 2.64258 5.21521 3.98462 1.10315 0.932861 0.121704 1.57263 9.82349 7.28784 
-0.321411 -2.12109 2.17822 2.94507 1.36072 1.65894 -1.64148 -3.69812 9.02002 5.39233 
1.27881 -0.514404 -3.50049 6.2887 5.67639 2.93982 -4.03699 6.19971 1.70459 11.2273 
10.1876 1.47388 3.79211 5.56799 2.06238 0.909912 -3.35303 2.26025 0.47876 4.81714 
-6.85486 3.32483 -8.64429 6.64514 13.6849 0.812622 -2.48132 10.577 4.04614 16.5869 
-0.820923 8.14282 11.6572 -9.92419 -3.35095 -0.791992 23.5133 1.64453 4.19336 2.24792 
0.484619 7.55884 6.94336 7.29199 -0.734863 4.06299 -0.786743 15.8275 5.96021 7.58411 
-1.9585 0.885376 5.29785 2.90405 3.24243 7.15198 21.3396 -8.07617 5.3728 3.33069 
-3.24341 -2.19714 2.36804 16.462 -1.87708 6.93018 -5.47559 1.36816 6.60046 11.52 
2.47266 3.24097 -0.435791 7.27087 6.13086 6.17188 -10.3514 -0.528564 5.61987 15.7103 
-3.42908 0.886108 2.81812 15.6508 2.56909 12.0283 -3.29089 -2.23657 6.54504 11.0347 
-1.26611 4.89539 -2.01282 -0.582642 9.27051 4.17651 -0.0593262 3.76025 3.30505 10.4917 
-0.901123 2.3042 5.45886 8.62683 3.31445 -1.19299 -5.62585 14.979 -0.317627 10.4708 
-2.54016 3.33289 6.34033 9.77576 5.20776 -1.52161 -6.65088 20.0286 5.51294 9.60107 
-2.00159 5.52209 6.96558 6.19373 0.414185 -1.11267 -0.785278 12.3658 1.09949 10.4546 
-1.61353 8.05798 -3.00562 2.26404 13.9048 -1.31897 -2.01367 7.08191 0.782593 7.95801 
0.896362 -0.954468 2.3551 2.70557 5.15295 -4.9762 0.595337 4.14917 4.27454 8.73975 
19.6257 4.59778 1.48389 -3.72388 8.0271 0.320679 6.2749 4.43164 0.933472 1.71289 
-3.77185 4.54626 10.6112 3.04272 5.25354 1.11914 14.7549 -2.06567 8.00806 5.62341 
-0.0863037 7.82153 0.623535 0.423218 10.2225 7.50757 1.94751 4.79309 3.16345 11.7323 
5.32898 0.739624 0.189575 4.75928 6.41443 3.05847 -1.64551 -0.780273 6.21606 6.35132 
-2.6687 4.17664 -3.3606 -2.20703 15.7997 2.43176 -0.646606 5.25916 6.05359 6.97156 
-0.495605 2.67041 20.3112 14.3539 -2.80029 0.505737 -6.04626 2.36438 11.3945 4.6864 
1.65466 1.71106 -5.16687 4.55469 11.3396 0.970581 -4.09082 16.4855 1.55249 11.3104 
5.0979 -1.9718 20.4569 9.10291 3.71045 -6.30518 -2.62744 4.40894 5.12488 1.14587 
0.725586 7.7887 4.54724 3.29663 -0.496826 5.87598 4.70166 -3.06848 12.6381 8.53857 
-1.11523 16.4017 7.50732 -0.355591 5.49646 2.4939 -0.697144 6.62244 4.58179 5.40857 
18.7836 -0.0826416 3.83057 4.22925 -1.42004 2.80591 -4.08948 0.123413 3.64417 8.35498 
23.5492 -0.536011 7.73596 -0.0644531 -1.41101 -0.297729 -3.41528 0.422607 4.04333 10.0293 
1.64404 4.90417 7.4541 5.20288 0.379639 1.34302 -5.77551 10.7285 6.49316 11.4833 
3.97327 -1.22168 6.44836 4.35938 5.47083 5.57031 0.551636 -0.909668 13.8643 7.48523 
4.30261 4.92322 4.1543 15.1359 -4.63342 8.87854 0.901489 -4.6073 1.49805 6.17981 
0.519043 3.45837 4.03003 8.40308 0.426147 6.45105 0.140259 -4.44812 3.59729 5.45105 
-1.32141 5.21436 5.54761 21.2313 2.02185 7.70068 0.876221 -6.91675 2.30029 7.87427 
-5.4729 14.7738 3.70203 2.06567 6.24829 9.91443 3.07483 4.23926 4.42065 11.6277 
-1.20093 3.76514 0.263184 11.5883 1.72961 6.02905 -2.86145 1.698 7.86255 10.844 
1.82336 3.89111 4.28845 4.297 2.56653 -0.8479 -5.35742 15.983 5.27173 10.4982 
0.280762 1.07532 -1.00964 4.30298 1.74597 3.56433 13.9886 -1.87378 2.88452 -0.611694 
-4.0929 11.6149 1.57935 3.1449 4.74377 8.6676 4.92847 0.442261 6.0658 8.05261 
-3.26306 1.00647 0.0137939 15.0851 2.57654 6.08154 -0.563843 7.27478 2.24658 8.49207 
-4.82935 12.7469 1.89917 1.10864 5.46899 9.70679 4.35693 0.842407 2.7251 9.23022 
5.69238 4.94727 4.16138 1.2655 1.72375 3.48047 15.6385 1.27551 2.97485 -0.461426 
4.71655 5.00061 3.5614 -3.24988 10.0457 -6.31384 2.9104 6.74683 -0.387695 2.46741 
2.45337 -2.23132 -5.16394 3.95752 6.63184 14.6837 -3.29578 -0.704956 9.83215 8.66699 
0.864746 7.04578 10.2023 5.89575 -2.05212 2.10596 3.59778 8.4093 2.59375 5.39038 
2.70911 4.7478 5.45471 -1.56531 14.5771 -6.39673 0.3927 5.78186 0.978149 3.2644 
3.36157 4.81067 3.61194 5.43665 2.66052 0.927612 -6.71326 16.4591 6.05286 10.879 
0.964233 3.14111 0.671509 9.69409 -4.04285 16.0286 5.84583 -6.49426 4.29126 8.86414 
0.305664 2.16321 4.40881 4.29565 6.46875 -3.06958 -4.31238 2.5968 7.85376 11.2096 
0.761719 -4.65759 -2.50525 6.03577 1.4137 8.09399 -3.47949 -3.8158 6.69214 8.27185 
3.46985 1.4762 1.65295 6.74084 2.6925 6.53284 -2.55103 -0.829712 8.55908 5.14026 
-0.520264 5.02307 -8.52991 -2.75891 16.1851 3.41162 -2.09326 6.99219 2.03259 10.3929 
-5.26794 0.919067 0.160278 3.84888 7.21936 -0.581543 -2.25391 6.61731 3.09253 13.0016 
-0.938477 8.05115 -2.85803 -1.60181 11.292 5.44666 -2.67932 7.23633 5.68408 17.1915 
-2.23853 9.01807 1.91528 2.65173 3.47131 6.41846 3.33337 1.40503 3.31458 7.13354 
3.0509 4.82629 4.67273 -1.78149 1.58594 6.49231 11.8619 -6.01685 6.89819 0.417847 
3.05469 -1.03674 1.42078 1.46729 6.85437 8.46741 -2.6416 4.43469 7.10376 6.65686 
10.1919 -3.20715 2.03748 2.86792 2.64746 -1.91406 -2.35254 6.95325 2.17017 6.17407 
-4.34851 12.6641 3.5658 0.604126 5.43152 8.94104 6.23157 2.30273 1.78662 8.9541 
2.50903 1.32739 11.2283 15.5142 -6.08752 10.4316 -2.11035 -1.05615 6.43579 7.68201 
-1.14624 7.06372 6.88525 12.6434 4.16858 2.48828 -2.78955 14.9099 8.87378 8.01025 
18.8424 -2.74634 -0.405273 -3.71448 3.57874 -1.54517 -2.30225 5.96057 4.26318 -0.231812 
-1.25537 2.71753 -3.55078 12.7733 3.51416 10.2192 -2.57593 5.23157 10.2067 12.6699 
-2.52051 4.88794 -1.64514 0.465088 17.4242 -8.29907 -1.84326 10.9752 0.928101 9.50525 
2.07703 -2.08557 2.4043 0.0483398 2.45593 1.81445 -2.60815 -2.37085 8.74683 8.92517 
5.74646 1.9104 21.6036 12.9467 -7.03674 -1.55261 -5.37024 7.93762 13.3704 8.12366 
2.17261 13.4863 18.1973 11.3478 -2.97083 5.15479 5.22693 -0.594604 9.53406 4.12024 
19.4828 -2.38281 -0.386719 -5.90881 4.24707 -1.85376 1.31238 1.51306 8.60803 5.29749 
0.478638 11.3689 24.4259 10.7897 1.22668 0.766968 3.7113 4.74426 9.77502 7.97888 
6.07593 2.61768 1.49622 2.23901 -0.476318 10.9551 4.73364 2.34338 13.8473 6.2467 
-1.59302 10.4242 0.591553 2.18896 3.88525 8.58594 3.48669 0.945801 3.36829 9.20142 
-2.20886 -3.76062 2.9093 1.13416 5.3009 9.63721 1.56494 1.92517 5.32104 6.08923 
-2.79675 10.6915 0.498169 0.684448 4.98499 9.01343 2.22168 2.94604 0.805542 9.33411 
5.72205 7.78259 6.43506 -1.13123 12.8937 -4.67297 15.1809 0.0473633 -2.17688 3.18372 
1.33765 4.93896 5.15149 1.57788 0.346313 4.4281 2.79395 -4.58875 8.54761 8.44629 
2.39038 6.68408 3.27039 8.53906 -0.0284424 1.14246 1.01501 -2.17688 11.7662 3.85413 
-8.74146 3.05542 -0.202637 7.95679 11.661 0.935059 -2.7998 6.46069 5.42981 15.7611 
-4.8175 12.6226 1.26599 2.4552 7.02734 8.31006 4.7876 3.18396 3.3656 9.25598 
3.39478 7.92859 11.3868 2.22974 2.26233 0.748291 -3.61853 5.60803 8.83997 9.34534 
-7.1958 14.4086 2.88782 1.17114 6.99048 9.6698 4.50171 3.30359 4.99451 9.34631 
3.73206 -1.43042 3.52368 13.4899 -2.17566 6.11243 -5.0686 -2.89087 6.59509 7.78699 
1.13916 -2.18994 -4.60559 4.14209 2.68469 19.9435 1.98401 -3.84351 6.93152 12.8562 
-5.16101 13.054 5.1438 3.86157 5.70691 9.04358 4.69995 1.23755 7.41284 9.28076 
20.9261 1.17847 2.77283 -4.82666 0.773682 -0.584106 2.03381 8.17334 0.71875 3.84033 
-1.84766 -1.53931 0.0303955 2.38037 5.86084 0.924438 -3.4939 11.9401 -1.91504 12.9818 
-0.178101 3.10681 -3.62683 -1.64209 17.0255 3.52026 -0.869019 4.99329 4.2583 8.09045 
-2.71216 6.88245 -5.93408 0.115356 14.2395 3.10779 2.56885 4.35547 2.49634 8.09656 
-3.84338 -1.21997 4.04285 5.13245 3.23914 1.70435 -3.20508 -0.77832 10.3093 6.0188 
-6.91833 3.69836 5.14868 12.1473 2.5127 5.15771 0.501831 4.83826 5.99475 6.96814 
3.95361 6.953 10.2102 4.34534 -2.35364 4.78882 -0.0130615 1.65369 9.59363 8.69116 
-1.34534 -2.43323 1.01819 5.84534 3.2655 18.1423 3.21497 -2.64209 3.47437 11.9602 
-1.94153 4.23792 -3.81909 2.36548 10.8188 4.21008 -2.63892 5.5885 2.35193 12.9255 
6.86438 -1.82983 9.91895 10.1877 -3.86572 -1.79138 -2.82178 15.1031 1.75085 5.57727 
7.64868 6.63599 9.22717 0.165161 -1.07214 2.77771 15.0629 -0.953613 3.62427 -2.04321 
9.16064 1.88953 4.17078 -5.74292 10.0073 -3.67102 10.0955 7.21228 -8.16382 6.04419 
0.216797 10.7286 18.964 4.50281 5.53491 1.92786 1.51843 0.862671 6.88318 9.86841 
18.2778 2.70813 1.44458 0.243774 8.06445 0.745117 -0.861084 7.89111 -3.11218 10.4547 
13.4015 5.6084 2.74023 3.21606 2.79028 -0.899658 2.87524 3.77332 0.0561523 4.36914 
18.9161 -0.833374 1.66541 -3.67603 8.22668 -2.22461 -2.23828 7.7207 -0.351318 11.5214 
1.33337 0.178467 -8.90637 -0.861694 5.01965 11.2119 3.1272 8.52515 13.0991 6.37537 
5.54602 1.53198 5.43652 -0.226685 -0.268921 3.55627 4.07507 2.48865 15.7963 6.57483 
3.73145 0.579346 5.3562 10.6193 -0.896118 2.05383 -2.3916 10.7417 10.1794 6.91418 
-0.932739 12.6816 4.37781 3.42566 2.44434 4.97156 5.81653 4.31213 5.13318 4.88684 
2.69812 -5.95679 -4.91895 5.10706 1.86084 8.49817 2.57471 -0.520264 5.57532 10.819 
8.5282 4.86633 5.89563 5.47205 9.77283 -3.14661 -1.26782 1.68359 -0.101685 7.87146 
0.777954 1.07617 1.07263 16.4725 2.61926 5.96558 -7.42749 -7.09424 8.34546 10.6823 
4.33508 -6.02246 1.98755 2.9845 -1.10925 4.05737 -2.3385 -8.16174 10.658 7.41138 
9.40759 -3.01465 -1.31677 -0.188965 2.40381 22.3357 6.39319 -6.82544 9.14539 9.26758 
-1.4906 14.6536 5.95056 4.15552 3.46179 5.6001 5.76624 5.75354 6.0802 8.33789 
1.1554 3.12292 -0.0584717 4.58716 2.45801 5.98584 1.90051 -4.98767 15.5134 10.1899 
1.62317 6.09863 15.6472 7.95691 6.53015 1.63782 6.19275 -9.30273 7.74243 4.59595 
5.84851 2.92383 1.33716 -3.99744 11.3651 -2.90662 4.58484 5.88867 -2.2782 1.90723 
-3.55469 4.28345 -2.87939 -0.450684 18.2692 -0.897095 -2.09058 8.2821 0.307861 8.74951 
1.2522 -4.16492 2.61597 1.90063 6.65186 -2.85327 -4.70239 5.31274 1.98865 11.1013 
-6.95044 -2.96729 -5.01294 3.04529 11.6064 2.32043 -0.0303955 1.68701 5.88794 15.1816 
7.38159 3.25171 10.2396 -9.23425 5.29956 -5.75317 18.8452 2.70972 -0.724243 2.68579 
8.2334 5.60718 12.3086 8.953 0.642456 -1.7052 -1.56641 5.68127 6.96326 5.84265 
-4.35437 1.57288 2.77271 20.1554 -0.487793 7.74915 -3.54431 8.17151 7.35168 13.0425 
1.22119 5.20276 4.84167 17.4545 -1.65857 13.1816 2.61914 -8.75476 3.66943 8.56262 
9.56018 2.41687 -1.54333 -4.95361 8.71216 19.3304 8.42615 -0.0245361 9.50293 4.14746 
-0.296265 2.45264 6.3927 -5.66138 2.22302 -6.28198 11.4445 9.4978 2.75745 -0.441406 
-0.543701 8.3656 -4.95923 2.15393 20.5896 0.100708 -5.63733 6.3562 -2.9856 7.13879 
3.24182 2.98132 4.82666 2.18677 3.6604 -0.212769 -0.671387 -2.68628 12.9523 10.0881 
25.2179 -1.70166 -1.90625 -4.94556 11.3419 -1.73926 -4.49377 10.1022 1.41528 12.5148 
-2.15796 3.36084 1.40784 1.7002 9.40186 2.30823 -1.52209 3.20239 4.82654 9.95667 
-4.78577 -2.50415 17.8929 9.69861 -1.47998 1.57227 -4.18115 2.69531 9.41187 9.90442 
-3.73328 5.07471 5.33142 6.22095 2.21875 2.44812 -4.07361 3.07935 11.172 7.52405 
-2.5918 1.28259 10.8258 16.3811 -1.55798 3.70703 -6.75232 2.19373 10.7056 10.8795 
6.20544 4.91345 9.82935 -5.25098 2.28625 -5.5813 17.3765 -0.702393 4.47974 -1.86621 
-2.73279 -1.65381 -8.47791 0.916504 10.1122 4.63684 -2.4729 11.8364 4.40527 10.4164 
6.58435 -0.133423 -3.08887 7.64526 -0.176636 19.5897 3.27283 -3.6897 5.49609 9.99316 
-0.610107 7.71118 1.15625 3.50671 5.46472 6.4187 0.553467 6.32031 2.67322 8.47083 
6.47559 13.2614 21.5385 8.33875 -4.93286 5.95349 -0.835815 3.85278 12.5013 8.15088 
-2.14429 -1.39917 2.4585 1.24219 6.47961 0.214722 -3.71399 7.56189 2.7406 13.7085 
-0.0255127 4.74817 2.82312 5.1897 18.8585 1.77209 0.0267334 -1.13501 0.730469 10.6379 
-8.27344 5.26123 -6.54834 5.81177 12.3693 3.01453 0.942505 6.19836 5.41602 15.3612 
-2.09204 11.786 5.13721 3.76465 3.1936 7.16992 3.8573 4.53613 3.46265 6.49438 
-1.4469 8.66174 21.8804 10.3568 5.28894 -4.28503 6.47412 3.83899 7.88513 0.460083 
2.72485 1.89001 5.88403 7.96472 -0.0162354 5.28528 -2.17114 -2.08643 16.7991 8.81848 
4.1781 2.96094 5.47034 3.00818 4.07178 -6.00427 10.7245 1.37952 5.35376 0.520142 
14.9268 -3.32361 4.5033 3.32568 1.57141 0.104004 -8.93518 1.54688 3.24194 9.02075 
-3.84253 1.96545 5.19775 9.67615 3.39368 0.794556 -1.29895 10.772 2.96265 8.46362 
21.9196 6.05408 4.52222 -2.83594 1.48718 -0.870728 0.952881 5.80371 2.68701 10.3682 
-10.798 2.1814 2.1217 2.90051 5.94788 -2.29565 -1.79541 5.3761 5.69519 10.996 
-0.637695 8.16357 2.78528 2.3031 2.20251 6.4397 3.46887 1.46985 3.48022 6.20276 
-1.54297 12.0929 5.32385 2.43262 3.59692 2.8158 -0.104736 4.05994 3.25085 6.27661 
9.77234 3.99951 9.88403 2.51221 -0.569336 6.99255 4.28821 4.854 10.5265 6.91248 
3.45911 0.603027 3.36218 12.6981 9.50146 4.75464 -11.0757 21.0695 3.77393 13.4324 
16.3676 2.90479 0.985962 0.0444336 -0.429321 20.8739 3.97888 3.85034 13.6705 6.30664 
-3.86243 1.8999 -4.31177 10.0135 8.02429 5.15063 -1.99121 4.67163 8.45044 15.3383 
-3.69165 2.56165 0.0529785 5.40735 8.12622 1.92517 -2.3855 7.22009 1.31787 13.6305 
-1.97449 11.8386 6.53259 1.98206 2.82983 2.68567 2.12292 4.85498 4.7666 4.79858 
-5.33191 4.49304 9.02759 2.60022 7.36365 -2.78198 -0.316406 5.01318 2.94421 12.3165 
3.91711 -0.313232 -2.20459 5.08081 4.88098 8.67407 3.61121 -5.01135 6.95239 14.4427 
-6.20679 1.00049 -0.00793457 2.18201 9.1095 4.92749 -4.60571 5.76404 3.72119 14.0936 
-2.43359 3.06543 18.0524 10.7218 -0.697388 -1.81079 -3.58252 2.01489 1.94556 5.89758 
2.01184 6.77002 -2.87549 10.0978 2.05334 24.9552 19.8226 -11.552 10.688 11.3219 
17.8969 -0.955322 -1.97375 -0.604492 -0.481812 3.07434 1.42517 0.602905 7.93481 7.79431 
-3.82507 7.14221 -6.35059 -2.59875 22.7643 2.23621 1.28931 5.83972 1.823 8.95557 
-6.36768 13.6904 2.00171 1.22961 6.63525 9.92273 3.88428 1.71594 5.16003 10.509 
22.3041 5.47852 3.52856 -5.23865 -1.63599 2.26379 3.21692 6.32178 -1.42493 12.187 
-1.34216 6.12341 7.03357 6.03601 0.000244141 6.44641 -1.66382 -1.03418 15.1243 9.04358 
-7.85657 5.71143 -5.20251 1.85791 12.5914 2.84998 2.71985 7.5293 8.29199 12.9564 
16.457 1.05298 -2.92896 -8.19226 4.67639 3.88428 3.22534 10.0093 -1.91003 12.6847 
-1.48901 4.60608 0.0539551 9.04761 -1.31152 6.453 0.675171 0.118408 10.2378 5.97974 
-6.36963 1.03247 -1.8999 3.73035 11.5341 -1.05933 -2.36304 9.06836 6.06323 14.8501 
1.60864 5.9469 3.50098 -0.172852 3.31323 6.28955 4.58936 -1.18762 13.8816 3.99133 
-0.00634766 3.29932 -1.15576 1.91125 9.28235 0.731934 -1.34753 5.03894 4.2865 11.4541 
-4.71692 5.53357 -0.431274 2.94226 14.4241 1.61157 3.43921 -0.164673 1.55103 6.99304 
3.05554 4.88281 10.0441 5.01465 -1.65308 1.78894 3.63513 -6.14282 7.177 3.98657 
9.36499 -1.13489 -7.11987 7.81641 0.921875 24.7205 4.96375 -1.74707 4.49646 10.8851 
-2.12109 7.95959 3.49585 8.51038 3.42236 2.08118 -3.16418 13.1621 4.12109 10.6017 
1.04871 -3.17053 2.55212 2.42212 4.48499 -4.03687 -3.46484 5.82898 1.88965 11.0811 
-3.10913 5.8053 7.41052 4.34167 1.68286 5.82043 3.52991 -2.11926 11.9856 13.1244 
0.221191 -0.873291 -0.100098 1.02588 9.38574 -1.77686 -0.894653 8.83459 0.621582 11.12 
3.58899 2.93604 9.00903 1.67456 0.498657 5.03625 1.13196 -3.18616 16.1931 5.8728 
27.9822 2.36975 3.80737 1.21252 2.3446 0.94812 -7.94836 7.84143 1.65808 15.7628 
-3.45313 -2.67981 3.74329 1.32947 5.84375 -0.416626 1.71912 2.99182 2.12708 12.7952 
-1.77087 0.470703 0.563599 3.40674 10.7737 -3.95703 -4.01489 12.172 -3.06165 16.1218 
-1.19287 1.14893 7.82764 0.733154 4.01465 -1.8656 16.7725 1.1344 5.91626 6.85962 
4.00525 3.01733 1.01624 4.90991 1.27747 2.95862 2.95056 -7.43713 11.7816 6.33618 
-2.20789 0.57666 0.0252686 1.36218 10.0243 0.500854 -3.08875 6.69641 0.202393 13.6042 
-7.5791 3.36316 -2.89856 4.85986 12.2867 1.48279 -0.520752 9.34326 5.89197 17.894 
9.76624 0.264038 -1.02478 10.4952 2.63464 26.3308 -0.344116 -5.11145 12.2904 8.34192 
-0.276733 5.59741 -3.23877 -0.199463 9.11462 5.28979 -3.82104 5.34363 6.0636 15.9619 
3.10559 3.33252 6.10449 3.47974 0.675049 5.88525 1.57544 -3.7207 17.5199 9.66943 
2.48352 1.52368 3.2561 3.78418 3.27075 1.46118 7.45801 0.938965 2.49622 1.28857 
-2.66687 11.687 5.06079 5.08618 2.91089 4.29431 2.97632 6.41956 4.74182 7.43164 
10.5967 1.58972 -0.951416 2.36426 -0.473389 3.65625 -0.0322266 3.45911 3.13074 5.7384 
-7.72864 1.95789 1.32104 18.7019 3.33496 9.0885 -6.78552 4.19568 6.0802 11.9554 
-0.0351563 4.1936 4.07751 11.7444 -1.55713 7.94995 -3.99902 0.641724 7.88672 10.886 
-0.149414 -2.57825 -3.47803 6.32947 4.61157 11.4855 -2.97461 -3.17957 10.2463 10.567 
-3.97046 10.2748 16.2205 9.41699 3.10522 -2.38623 0.333008 2.65247 5.73096 4.89612 
-4.19861 13.8073 5.83582 4.69385 5.48743 5.58301 1.17407 7.66516 5.63733 10.6031 
5.04712 6.49109 6.5575 -4.5155 -0.774902 0.570801 13.0793 1.15735 3.57593 -1.75452 
4.27808 -0.910156 3.96643 8.84387 -1.88965 6.83777 2.97253 -2.3772 -0.246704 4.71838 
21.9562 0.786255 0.853638 0.0820313 3.30225 0.577393 1.59851 2.48804 2.93591 8.52271 
1.57214 7.35107 21.7595 8.74866 -3.64087 4.05042 -3.22656 0.11853 10.5757 10.3286 
2.5824 5.68616 4.55237 -0.000488281 2.70166 3.23645 0.771362 -2.07178 12.9437 9.57617 
4.17786 6.14172 16.4327 11.2473 -5.87366 7.26733 -4.69031 -1.10986 5.43823 10.1084 
8.31519 -1.23962 -4.7168 5.21985 5.67419 21.9797 1.07202 -1.65625 12.2064 9.91443 
7.42102 5.7478 6.85547 1.46094 0.0637207 6.83032 17.2369 -6.51758 4.50769 1.48303 
-0.98938 -1.48914 19.8636 10.1573 -0.865234 -2.13843 -4.80298 3.45679 8.68201 6.03101 
2.80371 2.36365 1.42041 17.4879 -3.23108 8.66492 -2.37549 -8.29675 4.20227 8.47168 
15.3372 -3.33289 1.49182 -0.981567 3.42041 0.53125 2.01794 6.22375 -0.791748 5.78723 
-3.08923 8.75793 21.1089 9.13867 7.3335 -3.677 7.23975 1.9917 0.547852 2.32129 
5.58325 6.5199 15.2168 3.30383 8.22595 -5.96057 10.8907 1.78894 2.67261 1.48743 
-1.57898 2.31506 6.02283 -0.849365 0.165405 4.31909 12.8243 0.430054 -0.0124512 4.38184 
-1.49023 11.1523 -3.7196 1.21912 20.739 -2.81604 3.22412 6.86707 0.128784 7.15942 
0.526489 -0.455811 4.5824 16.9294 -2.41431 7.89307 -7.74512 -0.134033 9.25256 14.939 
3.2865 -1.82983 -4.38452 7.2511 2.12793 12.0366 1.67883 -2.02014 5.44824 10.7826 
3.47644 1.99146 -1.38428 1.79053 4.08118 11.929 2.06348 3.08716 10.1786 7.52869 
-4.07214 13.2777 3.1936 2.24341 5.28271 8.63123 4.53613 4.81946 2.60889 8.68213 
0.358765 -1.24414 -2.71899 12.5477 9.23682 2.31165 -10.8571 26.6686 3.86902 17.0597 
6.03955 9.04224 14.7577 5.34167 -0.0582275 -1.02246 2.25964 3.31763 8.24585 5.05225 
1.01221 14.0197 6.13025 2.29773 1.09326 4.64807 8.27222 4.22363 6.92285 4.22864 
5.35974 3.39453 1.26135 -2.44958 9.89514 -1.875 10.4417 4.83179 -2.0249 9.15771 
-0.940918 -0.799805 1.55261 0.617065 11.9476 -1.87012 -1.17212 3.59924 4.85547 11.084 
-1.61707 16.7025 6.17285 5.58557 9.50122 4.54468 -3.13025 8.83325 8.33191 7.84937 
3.68384 2.75647 -0.864868 8.62476 5.271 7.28333 -9.34521 -4.88635 8.39343 15.2448 
-5.74146 1.8429 -2.30615 3.02161 12.0135 -2.68091 -2.61438 10.2404 2.07922 16.2151 
-0.912842 1.47009 -2.25659 8.03235 -2.0426 9.45276 5.39233 -6.17627 5.24353 6.6394 
2.67517 -0.491333 -0.603516 4.21448 -1.00708 7.5647 4.17786 -4.12708 7.32739 8.01233 
-4.27783 13.7971 4.0741 4.146 5.84778 6.39038 2.40552 6.68457 3.84424 10.5021 
1.77185 7.31616 9.48145 2.85657 4.03516 4.03516 19.385 -2.79736 4.995 5.1488 
5.79749 4.73987 18.5978 10.4402 5.18701 -2.10767 0.477173 1.27966 3.67761 2.86011 
-8.0968 14.3116 35.0411 13.5852 4.16162 4.35352 6.52148 1.67249 10.9093 12.1898 
2.81055 -1.12976 2.60522 5.58447 3.07983 5.4823 -4.67615 -3.26855 15.4294 9.05261 
8.24231 -0.559814 -5.60242 -4.0343 13.3839 2.78784 11.0194 -0.674316 -0.85376 6.23425 
-0.804199 1.20911 5.89111 4.2262 0.319092 -1.29028 -0.190308 12.9906 6.90002 5.47266 
-1.15173 10.0322 3.19604 3.19104 3.88806 8.77576 4.21387 -0.242188 2.87927 8.79187 
-3.97791 9.19141 -1.41565 -3.91052 16.5117 3.71277 2.31201 3 4.56189 10.5359 
2.66125 -1.84656 7.88269 -4.224 3.13513 -3.87793 8.11536 1.31433 -0.988647 3.19946 
14.2015 0.411011 4.13403 -6.84497 -0.173828 -3.27002 1.03137 10.0844 1.80164 4.04968 
6.78198 5.82935 9.82495 0.816895 10.6593 -6.10522 13.1685 5.20996 -2.82117 1.11914 
16.7968 0.486084 -2.76697 -7.0127 9.18713 -2.68835 -0.406982 9.98987 -1.59644 7.34583 
-1.19495 1.15955 -6.15662 8.26404 5.69873 8.91577 3.36975 -7.36536 8.60706 8.64514 
4.12317 -3.78772 4.03845 14.0011 -4.90088 5.48218 -6.63135 -6.67029 6.18982 10.9221 
4.60437 4.54614 16.9972 7.18896 7.11658 -8.8407 -0.955811 4.84204 7.43054 2.15991 
2.42773 2.55518 9.50977 5.16626 -2.46875 4.51025 1.55933 -3.42908 7.98206 6.60388 
-4.85364 -1.4248 7.49475 24.4357 -1.78528 10.0702 -11.7428 -5.22571 9.65332 17.2566 
3.15613 3.80872 8.34473 -1.47339 4.22205 -0.123047 11.095 3.69177 -3.35046 3.71167 
-4.48523 6.95642 1.0874 6.98853 4.41858 2.84448 3.83154 -6.05371 10.9071 7.65735 
-7.56653 -0.69458 1.526 3.6272 8.29456 1.81396 -4.63757 7.29614 5.52148 11.0801 
6.03674 -4.76648 8.1283 -1.63562 1.95374 -1.72974 -1.21008 2.98682 5.2926 2.93823 
4.76038 5.50256 6.04761 13.3281 -5.22473 19.0449 5.0741 -11.166 6.1344 10.5969 
-6.28369 0.529175 3.40332 14.9243 2.55029 6.89978 1.51257 1.22144 -0.207642 4.62866 
1.23901 -2.85498 5.92603 1.93286 4.58435 4.28613 -3.97595 3.56067 11.5239 9.55066 
5.1106 -3.43396 4.23303 4.57458 -1.57886 13.4384 -1.01465 6.92651 11.3699 7.80786 
-5.33679 6.40454 -7.21313 2.86646 22.4318 -0.319946 -2.55627 6.35852 0.668213 12.3428 
0.175415 1.1366 0.675293 7.604 -2.43347 12.7404 5.97546 -6.25049 3.67017 7.15051 
4.68604 -1.23682 11.4426 7.41125 -0.732788 -1.88489 -2.45923 -2.05151 6.51392 4.64709 
23.1721 1.03516 1.8407 1.07007 4.37207 -0.947998 -1.54895 7.82312 3.11426 11.7997 
9.92761 -3.36438 -0.288818 -1.0542 3.79773 21.0155 4.62756 -4.18079 9.94446 4.51343 
5.53308 4.81616 0.260254 4.14001 2.18213 7.57068 16.2338 -4.15735 4.41272 2.4165 
-1.80505 3.42773 1.02917 11.9071 6.57227 2.08801 7.75745 1.276 4.49243 2.78931 
1.38831 7.24622 17.803 8.8999 6.35278 -5.27136 3.91956 -3.42822 4.01013 0.220459 
-1.32922 4.02966 4.72363 3.51501 3.19409 5.3562 2.12268 -0.0671387 13.4143 12.5341 
0.564697 5.71484 1.27795 17.4111 0.797607 9.78223 3.48779 -6.96118 3.51794 7.90149 
-3.78979 -3.72046 -4.422 7.98462 9.43652 1.33984 -3.3418 1.20532 5.98633 16.64 
-1.5144 5.11523 0.365845 2.07141 6.52979 1.84937 -2.40039 5.26379 2.66479 10.3214 
2.66772 1.43933 -0.84021 11.1375 -2.79663 12.0577 1.55286 -10.939 9.22266 7.57568 
-2.57056 3.71838 5.59192 6.67395 0.059082 -0.727051 -2.01123 12.4291 2.02539 9.11353 
-6.36133 7.57422 -2.51086 1.72937 10.8497 3.70276 3.53809 5.06396 4.9563 14.7925 
-4.55371 -0.350586 2.16968 3.49963 11.3542 1.63098 5.84888 2.85156 8.65979 10.4572 
7.60522 8.3313 3.26013 -1.05652 2.37134 6.91064 17.6755 -3.08582 2.10352 2.05591 
-1.53357 6.21106 4.92944 9.35242 6.33875 -1.87634 -5.92334 18.8966 1.35364 12.4501 
-2.19019 9.40588 2.72424 2.9292 3.28455 7.08057 2.58789 3.29932 3.09717 6.57837 
-0.240479 2.84131 12.3994 22.5276 0.0679932 1.61597 0.226318 -6.90771 4.77551 8.43945 
-3.04492 6.60059 2.78857 3.94934 0.310425 4.01086 1.26086 6.44922 0.391235 9.24268 
-4.2395 0.783447 5.77063 11.9591 1.58191 6.61108 2.60889 -0.835083 2.7467 6.2655 
3.39148 2.71582 -3.19922 4.55444 3.48315 7.76929 12.5408 -5.35693 0.344849 3.6875 
2.38062 1.54114 -0.232788 -1.69263 2.7782 5.38623 15.4 -8.66858 6.80017 5.67419 
26.3715 -1.05298 3.65002 4.17798 2.64563 5.14417 -10.1005 8.56396 2.54797 14.2999 
-3.69312 2.96619 2.67322 1.39551 6.9364 -3.41858 -2.13452 8.30994 1.85901 13.0597 
21.8712 -2.2439 3.68152 -4.09851 5.04932 -1.05896 -2.17249 7.09717 2.0752 8.6947 
-0.287354 13.5138 6.22583 0.353027 4.76392 2.39136 -0.263306 5.12122 4.19214 5.45203 
-4.67761 9.98352 -0.501587 2.5481 7.80676 6.91211 -0.632935 2.7843 4.81421 15.2872 
-6.37549 5.68042 -2.09485 3.93835 14.2747 4.09229 2.33667 7.07104 5.54016 18.0482 
-7.44153 12.6959 24.1813 13.6831 -4.43726 3.54297 4.74475 -3.60876 14.6042 7.09204 
3.61816 1.83594 3.22192 1.86365 1.30981 4.68823 -1.66162 -5.18433 8.60339 9.47375 
3.79749 4.05847 -2.17688 3.35303 3.75879 5.604 4.78271 -1.27979 7.05835 5.60083 
15.0776 5.36523 2.63379 -0.0112305 5.29492 -1.40234 7.39038 3.85461 0.489502 0.697021 
-3.29126 13.6221 7.35815 2.28955 4.198 6.48914 3.49463 6.18518 4.46631 8.75903 
2.81543 5.89514 2.28381 -0.489014 5.49402 1.4425 10.6322 -0.590576 0.460571 8.40088 
-3.20728 4.72351 -2.49011 6.96716 8.29602 1.95935 -1.2915 7.55139 1.69897 15.179 
2.8833 4.03137 4.43494 6.35071 4.25964 -0.253296 -4.69226 17.6438 2.28174 11.4674 
9.38281 -0.387817 3.99658 6.57666 -2.52368 10.8972 -1.66943 6.60754 14.3224 7.41272 
0.330688 1.18994 1.78467 15.1039 -3.94946 14.5024 0.824707 -5.96216 4.1012 8.77869 
-3.91968 5.36353 -2.81775 1.61475 22.1385 2.45911 -4.92224 11.158 1.51428 12.1915 
-0.529907 -0.853149 4.53503 7.09619 2.71289 -1.06409 1.30591 10.6638 -0.466309 8.48157 
6.73206 9.14917 3.22046 -4.81384 15.1267 -0.956421 10.4092 1.21448 -2.53113 5.97546 
-2.17859 2.44019 -8.85803 6.18481 13.2103 2.75964 -5.31616 11.6333 3.70386 18.2385 
-3.74146 -3.61646 -3.07629 2.02808 9.09558 2.43958 -4.76611 -2.90735 7.84802 12.9796 
-4.65295 4.78589 -6.97363 -2.86206 16.5604 2.57996 -1.07495 8.48547 2.55176 13.6917 
9.57397 3.80383 5.97327 17.8585 -1.77844 15.5798 -2.52722 -9.73303 8.3302 9.28259 
5.21875 5.35815 1.77258 -0.901123 0.85083 7.16772 21.8998 -2.59595 5.36499 4.64392 
-0.712524 3.25977 3.57275 11.9495 -0.741699 5.92358 -0.370239 -7.06287 3.42175 6.34741 
-4.08167 12.3007 2.31653 1.88281 5.66333 6.68323 3.53711 6.22131 2.0979 8.50513 
-3.71411 11.4316 2.38757 3.5094 4.87769 5.01306 2.00171 6.27502 4.22253 8.27344 
0.03125 1.99683 4.46252 -0.181763 3.52783 0.116333 1.57312 3.91785 2.83557 3.92322 
2.53088 1.00244 5.33105 -5.1814 1.29688 -1.88403 18.1649 0.300659 2.10229 3.40491 
-7.04309 5.13037 0.156128 6.25745 11.1427 0.712158 -0.592163 6.46667 3.97778 14.9403 
-3.73706 11.8652 4.32263 2.54651 4.32361 6.2124 3.50024 5.49646 3.92664 7.0835 
4.15552 2.35181 1.0415 5.12561 -0.47644 3.20288 1.63306 -6.73718 10.7582 10.6508 
-5.68591 2.48462 -5.92358 4.54321 16.7333 1.04797 -1.89905 5.02942 0.859741 10.4287 
-1.12695 13.4521 6.02881 5.26855 0.902466 10.1354 6.50647 -5.27051 0.886963 8.93494 
-3.79956 12.3396 1.3833 2.19507 6.27124 7.7843 2.99377 5.55212 2.60071 8.81238 
-3.2262 5.61658 -7.40564 8.27295 10.8256 4.22144 -6.22729 5.84607 3.49463 13.5156 
0.504272 6.47107 -2.24255 2.37952 8.5144 4.13171 -1.86633 7.34827 6.13696 14.7289 
-2.69958 7.27026 -2.90137 1.5271 11.6229 2.39661 7.72632 1.73474 6.93164 14.1326 
-3.56165 -1.47754 12.0692 15.0093 -7.2124 7.30969 -0.0372314 2.45544 7.69727 6.57629 
3.55359 4.51648 1.07178 1.27087 3.55981 5.87561 12.8339 -4.8147 2.2605 4.31775 
5.59973 -1.95313 0.495483 5.03101 1.50769 7.25366 0.192261 -0.987915 11.5968 9.68604 
-3.00354 14.28 5.83704 4.40906 4.81299 5.62366 4.49109 5.40613 4.76831 9.46472 
1.23401 3.70264 4.04761 4.91724 -0.106934 7.62524 15.5732 -9.99402 7.86719 6.11108 
23.3823 1.17175 1.45728 -0.537109 2.04797 -0.0118408 -7.46631 7.48779 4.94128 11.6168 
-3.52893 8.87817 -6.11194 0.984375 21.5624 0.683228 0.321167 5.26013 3.151 13.2294 
-5.8075 13.3588 2.5509 2.00757 7.29431 9.54065 3.98267 4.1908 3.15125 9.93958 
-0.359131 2.80566 3.94788 15.1748 -0.92041 3.46924 -4.87708 -4.99744 5.36511 9.49719 
-2.24976 6.46362 1.62756 2.43872 4.87341 2.28015 -2.8678 7.0155 2.90027 9.28857 
-0.314209 5.14551 1.49353 7.24927 5.49426 1.39026 -5.30017 14.1506 -0.0499268 9.26477 
-3.35095 3.69434 0.0922852 -0.079834 12.7457 1.39917 2.17212 6.04858 4.65784 8.71301 
-4.11804 4.29578 2.28955 3.99866 6.2572 5.59106 -0.590454 5.35461 4.34167 14.0499 
-1.59509 2.43774 -3.73389 6.80884 1.55298 7.72571 3.91809 -5.9679 6.4259 5.95715 
2.224 14.5535 7.19067 1.89807 1.24426 4.70801 7.22815 3.24158 7.96863 6.677 
24.3463 1.78809 3.30359 -0.16748 -0.76355 -0.0854492 -5.48206 8.12646 -0.540771 13.5094 
24.2849 5.50635 4.90906 7.35889 6.01685 1.802 -0.898315 3.97339 0.979004 11.9932 
-3.80603 12.8583 4.50854 4.8291 5.40784 7.87073 1.59338 4.54688 6.09534 9.44519 
-4.78857 14.3051 6.38782 3.58374 5.02039 8.15503 4.01343 5.45776 5.49353 9.15601 
6.25647 8.50586 8.59998 0.500977 -1.92554 3.52283 12.7819 -2.51575 6.66199 0.934326 
2.22046 8.60913 20.7445 9.97693 -5.46289 5.91309 -0.608276 -4.03491 11.4221 7.5033 
-3.15991 14.8358 5.99988 4.77551 4.01807 3.85559 3.60535 7.01392 5.41272 7.34875 
-5.4552 5.01868 -7.95374 5.03699 12.9342 4.51282 1.49011 8.90588 3.30005 15.4955 
5.07703 -2.57678 3.44116 6.81482 -4.00085 2.54797 2.29785 -3.06799 12.8754 8.10071 
-4.48633 6.13379 -3.18359 0.680054 17.6383 0.630127 -2.17078 7.46997 1.80737 8.14441 
22.4838 0.81665 1.71301 -1.91357 5.66101 1.83875 -7.77576 5.02759 5.52893 7.81128 
3.99622 6.68604 1.32642 14.2618 -2.66199 12.8944 0.0634766 -5.4978 3.8075 8.89258 
4.62292 0.717163 8.49731 -4.5116 -0.0648193 -2.10876 12.9194 -3.64771 4.36963 5.72742 
-3.14551 8.75354 -0.831299 0.481812 18.2061 -3.93311 2.4696 4.84863 4.10266 8.46729 
-3.55908 3.64343 -0.152222 7.38916 7.52344 3.91882 -5.11768 7.44556 5.21057 13.4928 
12.9026 1.68115 1.5061 0.750732 1.08069 3.55371 -2.6521 2.92627 0.0332031 11.8766 
4.04163 4.96191 1.96082 4.76355 6.93896 3.17456 -5.09534 18.0419 4.00952 9.91968 
-3.39099 9.93176 2.26111 2.22986 3.66382 5.6897 2.84778 4.42285 1.81091 6.60217 
2.79004 1.90503 7.17627 -5.70911 3.61401 -7.89624 14.3932 6.51807 3.26184 0.999512 
1.33057 5.70557 1.90845 9.67639 0.814453 9.87756 3.31201 -8.36157 5.57642 8.44226 
-0.053833 2.63464 0.789551 0.484741 6.25684 2.44629 -0.537964 7.24707 2.43823 5.67493 
0.971924 5.69446 6.27405 17.9822 -9.71765 21.6655 4.45447 -8.08093 9.30457 11.1853 
9.02148 1.87512 25.2341 19.5109 -2.75488 -0.794922 -7.8678 2.83374 16.8157 8.57861 
6.28455 -0.606445 -5.62085 1.37842 3.02185 15.3691 -1.88318 3.33264 11.4563 10.4635 
-3.1842 12.803 1.97668 0.776978 5.55505 9.31702 3.49207 4.40601 1.89832 9.42834 
-1.33716 2.26379 2.64441 7.8728 4.52441 5.69983 -3.34058 -4.43298 10.2992 9.32141 
2.68457 0.919067 3.69385 5.37732 -1.15674 7.62061 1.30444 0.540649 6.69421 4.65076 
-2.84705 6.12683 -1.40454 3.58997 11.9561 -2.39917 0.480835 7.21899 0.373413 8.69592 
3.33679 4.76489 -0.360107 4.27148 6.26978 5.39136 -6.87451 14.8573 5.2699 12.6603 
15.4023 5.30164 -3.25916 -0.46106 9.00659 -3.1676 1.39587 8.45508 -1.13843 7.96545 
6.94824 3.4248 1.18005 1.24756 0.220215 8.41272 12.287 -3.36902 4.7926 4.58813 
2.69482 1.03601 0.645508 10.1555 3.21826 0.872803 -7.84949 18.9448 6.48071 12.1132 
2.7395 0.636963 6.6897 -0.39563 2.19263 -3.6084 3.18176 3.13953 1.38452 2.51794 
1.40247 6.65369 25.562 11.8456 -5.52295 3.70728 -3.20874 4.98157 13.5527 10.3538 
0.0333252 2.9165 -1.69434 11.7533 0.595581 13.411 -2.33569 -4.35486 0.548218 7.07031 
2.5249 3.07556 1.09973 6.19104 -2.6488 5.27527 2.31177 -8.0553 9.63135 8.1554 
-4.86719 13.1982 3.37061 3.43213 6.03516 9.19141 1.97339 4.04688 4.34399 11.028 
26.3937 -5.40894 2.29907 2.93408 3.54041 1.28369 -10.2333 8.66309 1.11279 14.5557 
-1.88318 1.45264 1.09961 0.611084 7.26379 -2.02551 2.73694 5.2522 7.24402 6.38416 
5.23938 2.09497 1.25037 9.00098 -0.34021 15.6713 2.12317 -4.46704 4.7522 7.13025 
2.35791 5.27124 4.79382 12.3779 7.83765 5.22632 -4.78662 25.2604 4.42529 14.6962 
-2.72034 9.98621 -0.213013 1.32043 4.65271 7.59143 2.52759 3.19531 2.13416 9.21069 
3.56262 3.30029 0.0255127 4.93384 1.4635 4.20471 3.52197 -1.40381 4.50867 2.87207 
-2.26978 0.327026 2.02356 1.96899 2.29382 11.6827 6.9408 -1.12817 8.37097 10.7784 
-5.29028 11.9542 0.710205 1.04956 5.13403 8.45337 0.988403 2.76563 2.90186 10.6005 
3.24707 -0.309692 3.59363 9.4198 -1.86853 3.42285 -4.39331 4.96228 3.62073 10.3214 
19.2355 0.385864 3.74402 -4.74744 5.26855 -5.59094 -2.81763 2.45264 5.12158 6.83911 
14.5415 -1.91028 -1.51086 -2.32971 4.32043 3.15039 -2.54114 -2.27527 7.35608 7.90735 
10.0575 7.58801 2.86462 2.54749 1.25964 2.97888 18.8416 -0.00622559 2.80371 0.0961914 
20.179 7.28076 0.143311 -9.16699 10.5928 0.373169 4.00208 10.9749 1.20654 11.2188 
4.11462 0.867188 4.68079 12.2181 4.40942 4.71497 -3.55481 21.6647 5.94983 12.1512 
-2.64355 2.43567 1.47339 15.0963 1.89661 3.60217 -7.58032 5.58472 4.22034 11.8905 
-4.83777 13.0831 3.52686 1.90674 5.7782 8.58215 3.23096 5.8219 2.63708 9.42908 
-1.90002 1.02942 -0.52124 2.05579 7.21814 0.293701 0.654541 -5.91089 12.6741 5.5719 
-4.97229 4.28735 5.59521 18.3174 2.62061 3.19873 -1.68896 -3.16418 3.72241 9.40088 
-7.65808 1.31726 -6.20056 10.4612 11.2852 3.00049 -5.08179 6.4989 6.17554 17.5219 
-0.977539 2.87756 6.35034 9.03284 1.48596 -1.03357 -3.2793 20.5692 7.72266 12.2378 
13.4746 0.148071 1.47388 0.72644 -0.365112 2.47168 -1.56458 -2.31384 7.9209 5.3772 
17.7936 -0.398193 2.53589 0.0540771 0.907959 1.88635 -2.0835 2.37354 1.80847 6.80872 
7.43445 0.463745 2.83569 4.79797 -2.22827 10.1857 0.708618 -3.8562 13.2582 6.79089 
-2.24866 6.41943 -4.72546 4.21509 8.80396 2.95398 1.12122 4.62073 2.28894 11.2439 
8.20435 1.07922 0.522461 3.28796 0.485962 7.95972 6.4353 -2.56104 7.48755 5.28894 
-3.03125 0.719482 -6.27637 4.98804 10.899 1.4895 -3.32532 6.94592 1.92395 15.0645 
-0.0733643 3.89038 1.17639 6.00134 5.29785 -0.441895 0.765259 2.85754 9.7179 8.73181 
1.34119 -0.386841 7.00659 17.5632 -4.79797 8.94727 -6.01208 -9.23682 7.04822 12.0763 
2.13196 1.18152 15.8381 8.32605 -1.1012 2.15186 -1.67957 10.2941 2.13281 9.71777 
7.04248 -3.4397 10.7244 8.09241 0.119507 -7.08948 -7.30872 18.6128 -0.322998 9.3125 
2.86511 9.15649 20.1007 17.7999 -2.51196 4.78772 -2.41589 1.51953 17.7633 9.82593 
-3.0144 3.19177 -2.59277 5.34412 11.1703 3.203 -2.71423 8.26111 5.81519 15.7372 
3.70654 -1.45288 -2.36548 7.36792 5.03577 2.91296 -6.91638 9.85266 2.00818 11.5782 
-4.76257 10.7561 19.5718 10.6124 2.5614 2.30432 -3.95972 6.15833 5.302 6.47095 
-3.92493 13.6838 6.57764 4.26111 4.26196 5.56299 2.10657 6.5238 7.67432 9.6521 
-1.27588 14.2826 7.45715 4.11804 1.81531 4.08484 3.63647 6.08789 7.35706 5.97974 
-4.49304 0.273071 3.57581 16.3875 2.41138 8.26343 -7.35181 0.167358 10.3861 15.4512 
-2.9978 4.05493 7.52112 4.96741 1.04456 -4.22693 -0.51062 16.0515 5.14087 8.60242 
7.36206 -1.38074 -5.24536 10.4258 0.900146 22.3137 0.494141 6.62988 13.2134 10.7166 
-0.126343 4.05603 3.75415 9.1676 -1.67468 5.46033 0.793335 -6.38794 5.80078 7.93896 
-3.07092 10.911 4.34912 3.11169 3.40405 1.45508 1.65039 4.93237 5.06335 5.37842 
-2.12561 -8.05566 4.34717 4.98901 6.4729 -0.623047 0.643799 -1.20569 3.55566 15.7535 
2.26294 0.221802 6.6322 5.19141 0.142456 -2.37451 1.5188 3.36475 10.4946 4.37 
-8.40161 13.6167 25.9136 15.2612 0.629272 2.17297 5.16418 1.09558 10.6329 7.16199 
2.54224 6.82776 14.6891 7.30554 -2.50134 3.4718 2.42871 4.67688 6.54578 5.95813 
-4.00842 5.81506 24.6449 13.5558 4.50244 -5.57764 5.05762 2.14453 5.12537 3.60815 
5.45715 0.302124 -1.68481 0.0693359 2.43127 6.10327 5.8855 -10.1792 8.55957 4.83728 
3.28699 0.456543 5.17175 2.92322 0.336792 -3.255 -0.345093 2.33289 11.3584 5.604 
2.25513 4.69165 -0.0999756 5.90039 1.67542 9.22351 3.05798 -1.38159 7.59888 9.48047 
-5.1626 6.85522 3.77258 6.74353 6.59412 1.47607 -3.2345 16.0787 6.92346 10.6748 
0.836548 0.500732 3.39282 11.5544 -2.41162 6.06921 -4.20728 -4.6936 4.03979 6.54382 
-0.780762 4.32153 0.164673 7.83398 3.2124 2.63782 -2.2887 1.12646 12.4733 8.1925 
-6.86121 1.4502 -6.07239 11.9786 8.97681 -1.35608 -3.51465 11.5927 2.06323 18.0538 
2.68518 3.03271 6.34851 7.97925 -2.74854 3.89026 -2.15686 -3.00073 9.27979 7.47876 
4.19409 0.675537 1.0188 3.0072 2.02734 3.83704 0.955078 -3.96289 6.97754 5.72827 
1.99731 5.06665 1.78674 1.68823 6.60596 2.87024 19.5283 3.01685 -4.23816 4.54382 
-0.164795 3.71948 2.52185 4.01062 0.92749 1.45837 1.40417 -2.38428 9.94128 5.43933 
-4.0387 7.39502 22.4288 7.53381 -6.64148 3.96851 -1.62756 5.00037 9.39221 6.90271 
1.24976 0.574585 0.160767 12.0338 -1.50378 8.80359 -1.84338 -5.46265 4.31531 8.19043 
-1.36548 0.344604 2.70044 3.47681 5.61475 -1.63953 -3.13416 5.26501 2.36353 10.8613 
-3.97522 4.72156 3.21216 6.51306 5.25378 -3.52661 -4.01794 17.585 4.84351 9.8053 
5.60486 2.95496 -1.83057 11.66 -0.303589 16.0302 3.18665 -0.169678 2.03467 9.58679 
2.1156 3.67285 3.84131 2.39661 4.3125 5.01514 16.5693 -0.848755 0.259033 1.49683 
4.36572 11.2999 19.1428 9.04028 5.34033 -4.83386 3.19861 1.80005 7.66467 6.36108 
-3.08215 4.82922 2.40259 0.84082 6.96912 0.391724 -4.5636 5.56555 7.09631 11.5082 
-2.14661 8.34631 14.7821 6.48682 2.73804 -3.18604 4.42273 -0.102539 5.72339 2.0885 
4.15503 1.17529 6.7041 1.9281 0.378418 3.49377 -4.12683 -3.62036 12.459 6.69104 
-0.190552 3.72058 -1.89685 0.764893 8.90576 7.15356 4.87793 -1.79822 15.2118 8.9552 
-2.65967 13.8971 5.18494 3.96216 4.27991 3.81604 1.31567 7.40588 7.27783 8.91748 
-0.760376 2.28906 14.3864 -2.09668 8.974 -6.2428 15.6095 -0.136108 0.636597 3.80847 
1.50281 -3.79553 6.3855 3.19946 3.06311 -1.23499 -4.38818 -5.25708 8.5575 6.91467 
0.249756 0.292969 1.74841 3.36011 4.14478 1.93799 0.986328 5.55408 11.6429 9.61316 
5.43225 1.16467 -2.44373 12.693 5.1427 -0.159546 -10.4788 19.9968 1.29224 15.3938 
-7.54822 7.16357 -1.2384 7.83533 11.7181 1.88574 -1.08325 7.84631 3.49951 15.5142 
-4.77344 13.5712 3.39294 2.99634 6.35205 9.43323 3.69177 4.35046 3.49927 9.95313 
6.21045 1.82642 2.97559 3.83301 0.700317 2.08093 -1.74756 -2.08081 6.37146 8.65796 
10.1267 2.88989 -1.75317 0.385376 6.7887 1.20337 2.69519 3.1842 1.01648 6.8075 
-1.7981 10.2675 3.61877 1.92078 3.0918 5.38879 2.57715 3.71069 2.80188 6.83142 
-7.44653 5.93225 11.1006 11.2986 2.85645 -3.53418 -2.06006 15.368 5.87524 8.2865 
4.70496 1.19714 18.9264 14.73 -1.89746 1.81702 3.44666 0.710327 3.58752 3.20593 
33.3315 0.318115 5.63867 2.32617 3.79309 0.174561 -5.97241 8.43652 5.03308 13.7786 
6.16016 2.81848 -2.08533 5.27942 7.31555 3.12292 -2.86682 18.0327 -3.98816 16.8751 
2.224 6.64124 2.53699 4.31006 2.76379 10.9358 8.63367 1.25586 3.45728 5.2738 
-4.28821 13.6536 4.60254 3.54126 5.49426 8.74585 3.90063 4.53906 4.73914 9.63501 
1.61035 2.2439 -2.4082 2.18994 16.1034 0.186768 -3.83789 5.6134 -1.91443 17.1104 
28.0187 1.94397 7.93481 2.4845 -2.39417 1.91272 -5.69836 6.82349 6.68127 11.9423 
4.57117 3.45544 12.1527 8.85974 -6.18701 3.78784 -1.44983 -1.61584 8.7406 9.58533 
18.3181 0.805176 1.81152 3.08008 1.6532 -2.57764 -0.178589 4.33472 -0.364014 5.14697 
-0.00231934 -0.612183 -5.62854 6.74316 8.5155 0.469116 -0.246826 9.77759 3.21362 14.4084 
-3.73169 -0.630493 6.04333 7.75647 1.78455 -1.36145 -3.77673 -1.45105 9.4386 7.18567 
2.01599 2.9165 -2.00745 1.03882 4.33533 4.19141 15.4042 -2.8374 1.92615 -1.31775 
-4.49609 3.73071 19.8152 9.10889 3.07727 -0.620728 10.0815 4.82813 2.19946 3.12195 
-8.21118 1.05933 0.763306 21.5671 -2.5437 8.12952 0.784668 7.27246 6.40955 4.95862 
2.57544 0.0858154 -1.79944 3.72449 1.15283 4.65759 5.54126 3.15747 1.71985 4.05701 
-3.01709 3.4812 1.52502 18.9736 0.359863 5.45471 -3.89917 -7.50696 4.41516 9.47473 
0.231201 6.75366 3.70801 3.302 1.42688 7.57703 3.76123 -6.12402 8.24927 7.76514 
14.6251 1.44531 2.34338 2.37317 0.293335 1.15173 3.13721 0.0650635 2.36096 4.05005 
1.1427 5.31091 14.5629 10.3264 -2.14465 -1.44031 -0.881592 0.153809 11.6571 5.72192 
-1.25964 13.4851 4.7301 3.24658 3.55554 7.91907 8.24573 2.69666 4.74707 8.55627 
-4.42944 13.5414 6.05103 4.66528 4.052 7.36401 4.46497 4.89246 7.27844 9.8833 
-5.1604 10.9711 2.65845 0.334229 4.67969 7.00061 3.32104 2.13184 3.48901 7.09912 
-4.50476 11.7819 2.7019 2.36426 6.02588 6.44287 3.97668 2.39563 6.15527 8.75854 
-4.84009 7.56494 -6.13086 -1.01477 21.6245 5.91162 0.698975 4.70776 5.69727 12.9904 
-4.27332 12.7933 20.1014 7.49951 10.8456 -4.23181 0.209351 -1.93567 5.53918 7.90417 
-5.94763 7.44604 -2.98535 4.22485 12.761 4.61938 -1.26538 7.99915 6.09985 16.9738 
4.66003 8.86877 3.9469 8.91064 1.72888 3.29944 -7.68933 17.9242 5.28662 14.8979 
-1.69031 -1.51282 8.16821 2.96387 5.03528 1.17847 6.0365 6.4231 5.42517 2.97827 
-3.27722 5.77112 2.93494 -0.803345 10.9917 8.25439 8.59192 4.8241 9.99841 12.3865 
1.13086 9.23413 5.75476 -0.572876 -0.00012207 2.31335 6.55701 2.22375 5.09082 1.22754 
-3.79858 12.6726 2.13013 1.44104 5.06421 7.56897 3.42419 5.06213 2.53577 8.74426 
1.13916 9.72217 14.6702 7.69189 3.69263 -0.614624 2.39441 -1.7041 7.63428 2.64551 
-4.83472 13.371 3.18713 2.44873 5.51111 9.77905 5.39453 3.42493 3.60449 9.85095 
-3.96289 1.68884 -3.62537 7.45471 10.7037 0.89917 -2.19727 10.248 1.10095 13.8319 
-1.8927 -0.404663 -3.16577 6.49353 6.37292 4.55493 -1.11462 6.71228 4.17542 11.8779 
-5.45984 3.64673 0.447998 4.77429 8.36865 2.10779 -0.0935059 3.63501 4.13013 13.6354 
-0.63916 11.8258 3.35107 2.48608 5.35071 5.06665 1.40381 6.96692 5.00964 4.83435 
20.9316 5.50024 -0.141968 -0.160278 8.2323 -3.05835 3.27966 8.27942 0.771973 6.68921 
5.44653 5.62646 16.3105 -4.11938 1.63525 1.58838 4.9729 7.66785 4.91479 2.42407 
23.8595 0.381104 0.944824 1.18494 3.37842 10.104 -2.71191 3.60706 4.1366 11.7695 
4.59338 1.70276 17.7417 3.89368 2.99243 -4.48206 1.8291 4.03882 7.7135 4.75098 
-3.1665 10.528 -0.685791 0.888062 4.53308 8.49109 2.63672 3.30859 1.45984 9.07312 
-2.22559 11.4681 3.88501 4.6759 3.19946 3.8219 2.2688 5.04846 4.71643 6.599 
-4.57349 5.67737 -4.59631 2.39856 17.722 2.03955 -2.39209 5.83008 4.04834 7.83337 
2.66052 0.658936 -0.447632 -2.64172 14.8553 -2.85779 9.81897 1.57764 0.845825 7.9176 
-4.5564 7.68176 -0.697388 1.59485 11.7672 6.10779 -1.48779 1.69263 4.26013 12.5277 
-4.51294 12.2909 1.52332 0.7771 6.68262 8.79419 1.51343 4.75659 2.28357 11.4005 
-0.480347 0.963135 0.842041 9.49072 -0.605469 11.8647 0.849976 -5.63806 2.03369 5.66895 
-1.94861 11.1813 3.86926 -0.765259 11.2399 2.24963 2.24951 0.797852 2.90015 8.99072 
-4.39136 3.22327 -6.42505 3.29089 13.2771 3.17041 -1.56689 5.34131 5.28955 16.7466 
-0.799683 5.47021 0.332153 1.72913 5.64563 4.99219 -2.2511 4.05884 1.81226 10.517 
3.37183 8.34656 6.00342 13.8645 9.93018 4.71362 -6.8573 28.1938 1.78296 11.0222 
-0.130859 5.76855 -2.14966 -0.55188 6.61169 4.38843 1.87891 5.77234 2.94995 5.90381 
0.972412 3.71692 0.768555 4.65662 4.6925 17.2383 1.17798 1.60876 8.44788 11.4724 
-0.281982 0.925659 6.07361 1.07019 5.79675 -6.91919 12.301 -0.313232 6.91833 0.186646 
-4.50208 8.20093 24.2498 9.53943 -1.47546 0.904907 6.76587 6.49109 5.70923 -0.577637 
-2.4071 5.09485 10.8955 3.88684 -3.66626 2.01294 6.31189 -0.253662 3.74915 5.33179 
7.73035 -0.415161 16.4896 7.07141 5.09692 -6.53198 -3.2395 2.06433 4.89319 4.74231 
-1.28381 11.4712 11.1912 4.41272 2.63037 4.23181 3.91394 -4.41809 12.504 0.775757 
16.5396 0.974121 0.499023 -9.45691 3.14465 -2.46033 3.99768 10.3406 -2.22205 7.19238 
4.38538 6.90271 4.48462 1.48486 0.420898 8.14221 18.0579 -4.88025 2.11389 1.37634 
-0.317993 0.593384 -0.015625 1.00696 5.21021 0.375122 -3.02917 5.76758 2.03711 8.86707 
12.6096 3.08533 -0.784058 -0.392944 3.69128 10.5643 18.4354 -1.1416 5.12366 0.0883789 
3.50598 11.0859 7.85522 8.49548 -2.22791 6.40613 -0.710205 -3.08887 5.94458 7.93652 
-5.90369 3.22144 -3.46301 7.59119 12.5902 -1.42188 -1.37524 9.86316 4.01392 16.017 
-0.88916 3.23523 -2.3186 2.14417 7.56482 3.91333 -4.60413 15.1539 -0.196289 10.5397 
-0.201538 4.5033 7.67883 12.9058 0.705444 2.83008 2.31287 17.0051 2.31689 11.5764 
-2.5979 11.491 3.87439 4.4021 3.36609 5.12097 2.28894 6.77209 5.34448 9.26489 
-5.43921 4.57397 -3.91858 2.32458 15.9801 2.71545 -2.64795 4.13831 4.72253 11.9247 
1.13928 3.74365 2.21875 2.41675 3.91516 7.66272 4.99377 -2.69141 17.203 7.2113 
4.52075 -3.30151 0.843506 3.4115 4.02454 22.9531 0.905884 -4.276 16.0056 15.0098 
0.52356 0.540039 6.18982 17.8055 -6.74353 10.593 -3.66968 -9.94666 3.93079 12.7181 
-2.41821 8.73816 2.38477 1.71252 13.0353 5.53198 -2.15991 3.8009 3.22375 10.1403 
1.63525 -0.142578 5.05579 19.3582 -0.378174 5.23633 -6.72192 -3.50281 11.4026 9.72058 
-6.20056 -0.409668 -3.01074 1.84705 19.5133 -5.09253 0.884399 -1.35547 8.4259 12.7332 
1.7793 2.4187 -0.337891 3.77417 3.96558 2.64734 -3.94214 7.09045 0.272095 9.17432 
-3.09973 3.13025 7.01526 9.20056 1.10913 -0.141602 0.799316 18.0518 1.87891 7.26099 
-2.23035 -2.19458 -7.7312 8.95862 4.45508 19.4825 3.15015 1.92126 9.27527 14.0126 
15.1989 -1.90002 -0.262939 -0.776611 7.82593 1.51477 -1.63037 8.57813 0.147705 9.50403 
-7.07727 1.87952 11.5037 7.61511 -0.0301514 -5.6676 0.818115 16.0664 6.59607 2.07837 
-6.89636 7.67395 -5.68127 3.52319 21.7205 1.15674 -5.69702 7.81421 3.78394 8.64404 
7.10205 1.57751 -0.352539 -6.51025 4.15125 5.12854 5.48596 -2.96509 16.0154 11.0657 
1.33826 -0.168945 7.36438 3.47046 1.19116 0.275879 -2.8335 -0.566772 7.61536 6.40869 
-2.146 9.52966 2.32385 -0.103271 2.90442 7.41748 4.23145 2.60474 2.23523 5.85376 
6.69885 -0.368286 -3.26331 3.1123 2.11072 26.6154 7.18152 -3.42175 9.95178 13.1454 
-4.9812 3.75195 5.17212 28.3302 -0.239502 14.58 -6.42334 -7.84009 9.45715 12.6204 
-4.22107 1.86096 0.0568848 3.90698 7.42676 0.88501 -2.61621 9.23999 0.135986 13.3815 
0.0174561 -5.34521 -2.99988 0.0296631 8.53784 24.6963 12.1094 -8.56934 8.60742 8.6416 
-4.96008 7.67468 -2.96814 6.75195 11.7091 5.2052 -2.06287 6.92944 6.39868 15.9261 
-2.08582 -2.84949 4.12036 8.04199 4.1731 1.15662 -0.848145 8.95544 2.8645 11.3507 
5.95044 5.12537 0.274902 0.852539 2.22192 7.09509 15.0635 -8.51282 9.04846 4.99829 
-4.43567 5.28955 -5.90649 10.5684 10.9543 4.47754 -3.17261 8.60193 3.77478 18.416 
26.1083 -4.0304 3.20325 -5.48999 8.63806 -5.20886 -2.62378 8.30457 0.350098 10.7496 
1.74646 1.46362 5.56995 22.0146 -3.64343 15.6252 -7.4386 -9.16528 9.71997 13.2369 
5.62415 4.39746 6.87585 2.55432 -2.01843 7.25452 20.5546 -5.47412 5.34497 3.70032 
-1.17969 -2.46606 -0.0881348 12.1926 -1.37231 6.32629 0.472778 -0.17334 3.15259 5.4834 
-4.45325 0.634888 -1.72424 5.82312 10.0952 -0.647827 -1.8252 7.44739 5.1344 14.1925 
3.72705 -4.08862 4.37 6.24011 -0.0114746 1.78296 -6.30615 -4.39355 13.4031 11.1338 
-3.18298 8.80396 21.7634 6.45911 -5.91895 5.83936 -1.35596 6.40466 8.224 8.11426 
0.264404 7.39404 5.39893 -3.88354 4.42175 3.62378 1.59705 -0.866943 5.72485 5.88623 
-2.55188 12.3518 4.5459 2.46057 3.77856 9.25134 4.86755 1.8783 4.64368 7.83191 
5.06799 8.91187 16.0995 10.9153 1.54077 4.0481 -0.54126 -3.52881 6.05884 4.04834 
3.06775 -0.484863 6.18604 4.51697 -2.80554 4.22852 -3.97949 1.1781 12.6886 9.12512 
0.597046 11.9882 12.4468 -0.674561 0.903564 9.01294 27.2198 -2.7782 4.07141 3.33179 
1.24329 -2.63306 1.36389 0.44458 3.36011 1.35718 3.36414 -5.54431 13.194 3.77539 
-0.956909 2.65063 0.432129 11.1578 -0.718628 15.8403 5.54565 -6.0293 4.30225 9.44275 
5.24561 0.245239 2.20776 9.27173 -5.62854 9.20825 1.16589 -5.5708 2.46436 7.17432 
7.88049 2.4635 4.4314 14.0621 -0.224976 3.9314 0.977051 -2.1427 1.0553 5.79639 
-2.44324 0.738037 0.776855 4.92297 6.6814 -4.71997 -3.5448 9.49854 4.2478 12.66 
-4.70056 6.49194 -5.07166 -1.02734 20.1775 3.03308 -0.498657 3.52295 4.3147 8.53796 
-4.51904 5.70251 0.647095 2.72485 8.73352 5.84717 4.45996 0.373291 2.13208 10.0583 
-2.72534 4.98779 24.2239 16.0604 -2.63818 -0.392822 -4.5708 7.42761 8.26331 6.52222 
2.8042 0.0775146 -0.706421 4.98755 3.94409 5.42444 6.10498 0.243896 5.31091 10.8862 
-1.11975 17.7577 9.4834 0.768555 5.90405 2.19727 -0.194702 6.40625 6.73975 5.11353 
0.898315 -0.334961 -0.485229 9.76855 -3.20093 11.5056 -0.518066 -8.18811 5.85889 6.47681 
-3.44824 11.2129 1.05188 1.04358 4.92212 7.86157 3.4176 5.09949 1.19434 7.84668 
-2.03186 4.94275 4.63452 3.46802 8.36829 0.790283 0.869141 0.466064 3.37317 9.28699 
-5.65466 4.50818 -5.57922 5.39197 19.3655 3.04712 3.74548 5.96338 4.64392 13.2885 
-1.2135 14.7255 5.64404 2.31946 3.65198 4.1449 4.07471 6.49377 6.66479 7.26306 
-3.06311 1.52441 -0.136963 3.01453 15.3794 1.46423 6.04736 0.627563 2.80591 6.06213 
-0.608276 6.36389 7.26489 0.7854 9.83301 -5.79822 11.8186 0.447754 1.46179 0.853516 
1.70337 2.42749 4.23254 16.8142 1.51648 6.51697 -2.73962 -3.57886 10.3379 9.89392 
0.0203857 -0.274292 0.456543 8.38354 -0.911133 7.09119 -2.12805 -4.6908 4.36182 8.47107 
-0.665161 3.88501 -2.20691 7.63062 12.5288 5.01392 -1.74585 8.37366 6.53516 17.9996 
-3.05212 10.6927 2.08533 2.14563 4.36084 4.54724 2.67908 5.54724 1.79028 7.35303 
-2.70935 16.9747 22.6486 12.4822 -0.71582 2.5885 0.283081 0.706055 12.3163 5.75623 
4.43274 10.458 21.1708 13.6517 0.115234 -1.26794 0.164917 6.61853 14.303 6.07397 
-5.37573 0.796021 1.86267 15.8895 -0.120728 9.99194 -0.352051 -0.953491 1.7533 7.4751 
6.52454 -0.192749 5.13123 13.5596 -4.54834 9.38403 0.187012 -8.66418 3.22522 8.10388 
26.7366 -4.19897 1.67847 -2.62463 3.82263 -2.39722 -6.20972 7.75635 4.80908 10.0488 
-3.46619 7.60522 24.849 1.62292 9.98157 0.960693 0.0428467 0.637939 6.41821 15.7067 
-3.71533 6.88123 0.819824 3.81421 10.0623 5.44055 -1.32019 5.50842 3.50562 15.4999 
13.0057 1.77625 4.07959 2.64954 4.31091 -4.36377 4.12549 2.33301 1.54529 2.74182 
25.0604 -1.20544 -2.67651 -6.15503 5.19019 10.0897 1.47583 6.1073 6.40222 6.47144 
-3.16638 -2.34717 2.76501 3.89124 2.927 -5.26135 -3.87756 7.85339 6.72229 9.2196 
-1.18982 2.92578 -1.33459 4.04419 4.30237 5.80029 0.612915 -0.728271 1.83557 9.83118 
0.607666 0.912109 -1.23499 5.20972 0.325073 7.375 15.3882 -5.19568 3.98022 0.362793 
17.5475 0.00195313 5.28589 2.88452 -1.22083 2.67883 -5.03833 -2.8125 3.83521 8.52454 
-2.21094 -3.96362 1.52173 1.62964 5.95618 -2.06641 -1.88904 6.04382 0.492676 11.9379 
-2.87598 -0.763916 1.20923 19.5122 0.569458 7.32385 -9.32227 -1.9325 7.33081 13.0061 
2.40149 0.747314 2.91052 2.58276 2.47607 2.41431 -6.63123 6.31836 10.2629 7.83765 
2.10266 2.85022 8.99744 2.77979 -1.35645 4.89099 0.27478 -5.84155 12.8457 6.49695 
-5.19312 7.59363 2.57446 -0.135254 12.8236 -1.5968 -1.72583 4.61536 0.556396 8.79358 
-1.16235 13.4835 5.43188 3.8739 3.20178 7.45496 6.08569 3.37585 5.31079 8.59448 
-3.74341 1.66321 -0.871582 3.4231 7.8927 -1.27185 -0.744751 4.03711 3.15979 11.3273 
1.92725 -2.54883 -8.23535 2.77393 6.37378 4.59229 -3.86426 9.97632 0.460571 9.39575 
-1.33569 4.33667 6.93127 6.12915 1.92651 -0.891724 -3.02686 15.1428 1.05688 9.47961 
6.44336 6.69421 18.9856 5.43933 1.64197 -3.41565 7.14514 2.50476 5.58704 3.16931 
-0.525269 7.81116 8.79785 9.92078 3.83179 3.80249 -8.92163 12.4381 6.11255 14.0354 
-5.22485 -5.75391 -3.51917 4.48071 8.02063 5.17114 0.808472 2.52527 5.37878 13.2081 
-1.42847 6.89417 0.225464 -0.849243 8.4021 2.21594 0.420654 5.39441 5.09534 11.7643 
2.03735 3.77917 -2.16541 5.95776 1.75806 8.63538 7.28064 -1.86816 5.38306 8.00598 
-1.01929 -0.805176 1.60181 3.17651 5.85327 -1.86694 2.02625 7.21375 5.79382 10.7072 
1.6814 4.04919 0.779419 5.44409 5.73584 16.0759 1.80737 0.727295 8.01074 8.13611 
-1.8219 14.0934 7.43384 -0.396362 2.18469 3.3147 3.2522 5.14624 4.83289 4.5459 
-2.75781 11.7411 2.61365 2.1532 3.36255 5.16943 3.25842 4.76367 3.36072 6.89893 
7.73242 -0.996704 8.10791 0.521484 4.45276 0.851563 -2.79004 -1.44421 18.7931 10.8728 
-2.43799 -0.988159 2.27954 10.6064 1.59094 1.90833 -4.18604 9.10962 9.46021 9.43555 
5.97986 -3.44299 -0.169312 5.65588 1.97974 18.1392 5.37793 -1.52161 7.86987 12.3154 
0.93457 10.7412 4.65356 1.56677 1.58044 3.43726 3.77588 4.07947 5.30054 4.24805 
-4.00879 3.18042 -6.66602 7.01416 9.89343 1.96619 -1.48486 8.3894 1.52258 12.2748 
11.7275 -2.02148 -1.61743 0.108276 5.55823 22.585 2.4823 -0.803589 16.4298 6.51294 
2.02588 4.86365 6.24841 16.0656 -3.60242 13.4159 0.106201 -9.599 6.15979 10.2131 
3.82617 1.74487 -2.46106 3.89136 2.85547 15.8081 5.20544 -0.436157 2.21106 5.26575 
-3.45569 5.00928 -0.593262 0.791748 8.46667 2.63 1.69348 6.42212 1.03381 9.26965 
-2.20618 5.37646 -1.6106 2.31848 6.81458 1.39758 -0.94519 5.23657 4.6748 10.7161 
-1.5321 -4.28101 -6.49585 4.51794 6.78894 9.23682 3.86145 -2.91528 9.17603 9.09509 
-0.676147 3.23291 0.882446 4.48462 5.34363 2.87329 -3.10364 5.83691 2.95239 11.0375 
4.95459 -1.77759 -2.37927 14.3704 -0.928711 7.08459 -2.47717 -1.71582 4.57568 11.0961 
-0.0805664 10.3842 5.30566 0.660278 1.22656 2.79846 4.03772 2.43384 5.03662 3.5614 
-4.22791 5.22705 -7.14758 10.5101 11.6091 2.73279 -3.31665 9.77222 5.23511 17.526 
24.4423 1.70032 3.28003 0.580933 4.86377 0.342529 3.70508 7.80432 -0.85498 7.65479 
-1.20337 1.65332 -6.25671 7.7085 6.18469 1.84729 -2.76355 8.0105 5.26721 11.0021 
-0.985962 7.69067 6.08691 15.2878 5.01807 1.72571 -4.896 21.8291 0.261475 14.4987 
3.7948 0.828735 1.45801 4.13916 2.20459 14.5176 -0.45166 -0.956055 6.63879 7.25623 
-3.30786 8.99548 -3.10901 0.25354 15.4789 3.63965 -3.49402 3.89221 4.86157 11.2062 
-2.89221 5.85596 -1.52173 4.0072 8.66211 6.59534 -2.70618 8.02112 3.29492 15.0287 
1.69641 3.51416 17.6062 4.1593 4.61206 -2.64282 8.45227 1.5105 5.60754 3.84045 
18.0734 0.233398 4.4032 5.3396 -0.514282 7.36548 -4.87598 -1.12231 3.77258 9.72852 
-1.96106 13.0281 3.54016 4.56982 4.46057 9.44031 5.69556 1.87366 4.90173 10.1581 
15.8746 -1.14709 6.01819 4.61267 0.96582 -2.46802 -3.50378 3.49304 0.499268 4.59143 
0.359009 5.84998 1.89392 4.48108 -3.03333 8.71082 3.47327 -6.48706 5.98657 11.8544 
-3.09009 9.14441 2.51917 0.619263 3.70166 6.10046 3.07715 3.78857 0.456909 7.1106 
-1.92468 8.69226 -5.39709 -1.72571 18.2433 -0.931274 3.04907 7.604 2.44275 8.25867 
-1.05774 4.08899 -6.09692 5.70764 7.44653 1.7605 0.205322 3.86084 2.68298 11.6774 
2.08875 4.59595 1.75867 16.5206 -2.32739 13.6356 -0.0107422 -9.75562 4.44141 11.0963 
-3.60303 3.08655 1.84155 11.9807 4.31262 6.16248 -5.22119 1.38037 4.07446 11.5747 
-0.435791 1.77002 1.51563 0.306885 6.25415 0.321899 14.7712 -4.2384 6.14429 3.52051 
-3.76855 12.7653 2.67798 2.05273 5.60925 10.5979 6.14575 2.22485 3.90833 7.30212 
0.973999 -2.43665 -3.44592 6.31812 0.762207 11.9149 -1.26489 -7.99939 6.3252 9.75391 
0.945679 6.56702 23.2174 9.36902 -5.16406 3.47815 -4.39111 3.89404 9.547 9.60168 
0.422119 3.42908 0.509888 6.66394 0.227417 8.86426 1.40991 -3.45349 4.15576 6.8335 
0.0378418 1.14807 9.36633 1.37622 4.70728 -2.60059 2.26733 3.77051 3.34802 4.5498 
0.627563 6.03113 14.9014 8.08728 2.17737 0.250977 -1.88062 2.24805 6.91675 7.30066 
13.3129 -0.0155029 2.00171 3.90686 0.065918 3.36633 -4.72632 4.80017 1.25208 7.49902 
1.22571 3.12012 3.67078 -0.400513 4.73975 3.32983 -0.895386 1.62488 4.38379 9.39307 
6.3927 5.50989 20.6492 9.57959 3.53589 -2.04175 5.4436 1.54102 2.88843 2.64331 
-2.77246 7.25854 8.18091 -5.86316 6.72339 2.9718 18.1168 -0.726074 6.37476 3.05212 
5.93396 5.0166 6.12976 -0.555176 3.96057 3.73706 17.6121 -7.68481 4.80322 4.06653 
27.8907 1.31213 0.786011 -3.05713 2.76978 8.90002 6.47168 3.32642 7.03857 6.99585 
-4.29309 12.5197 5.99707 3.31836 6.17957 7.03369 5.48901 4.03931 5.99841 8.53149 
9.22961 10.2369 12.8351 10.472 1.84924 3.77698 4.89966 2.57324 16.9945 4.75903 
23.8904 2.21936 1.18054 -4.90234 3.61865 3.49207 1.67969 11.6189 3.58923 6.90698 
-4.86877 -0.335571 3.91504 18.495 2.8053 7.11145 -8.57727 0.730835 6.73071 12.7549 
14.0099 -2.45471 1.17114 0.0872803 5.65161 -0.250122 -3.52698 3.92737 1.46704 9.36975 
-0.762207 8.33984 17.3063 9.09949 -0.699341 -1.55786 -2.93921 3.33154 9.42139 5.1582 
-2.96362 2.1123 -7.7002 8.77319 4.05823 8.10181 6.76941 3.75366 5.71069 8.19495 
6.07397 2.64868 -2.15356 3.24072 2.67578 10.8054 3.91577 -2.72412 5.323 7.62622 
3.70178 4.51917 1.6687 17.9675 7.19128 8.09119 -10.5092 27.9873 0.466187 18.1466 
1.49512 3.66565 -2.64734 2.65613 7.44092 3.60645 -4.31042 6.47839 4.82776 13.7466 
3.93738 1.94714 1.06055 8.52869 -1.03931 9.40308 -2.1062 -0.519287 4.9834 6.05933 
4.83521 4.41882 -1.2124 10.178 -1.48779 10.9974 1.87012 -6.82336 3.63379 8.02783 
12.7375 -5.20618 -2.55554 2.19568 6.12537 1.83215 -2.28809 -0.89209 1.72449 8.04639 
2.34119 1.76514 6.54346 4.78345 0.674316 5.71252 0.370361 -5.05811 11.896 6.89014 
-4.45227 -0.590454 -1.87805 -0.824585 9.63367 6.38318 1.42249 4.02014 5.58545 10.9575 
11.8695 0.419922 -4.61084 2.69397 5.93018 25.2236 -0.40271 2.79761 12.5894 9.57581 
16.845 4.37183 3.38574 -0.321411 8.86621 -5.40063 -1.71997 9.46887 -2.1322 7.13745 
0.115601 0.067627 4.36719 20.4515 -0.574707 8.29468 -9.89465 -8.44934 9.11206 14.1582 
-3.89978 21.0234 26.5612 6.05652 -0.644043 4.76917 11.4249 3.98096 6.79358 4.83557 
-0.600342 -2.23694 -3.45911 2.00989 5.50745 5.45483 0.0826416 -0.509033 3.67627 5.09534 
-0.385742 5.31812 -1.198 0.929688 8.40601 5.69653 0.411377 2.77625 4.31641 11.9001 
13.2749 5.12915 1.04272 -0.66748 2.90088 -0.177246 7.17859 0.92981 3.19324 3.78857 
3.26965 5.96667 2.65564 7.75464 1.84412 3.75354 2.35608 -0.179443 13.8564 5.87549 
2.59021 -0.763916 9.21313 6.68311 -0.835449 3.22302 -3.9519 0.0233154 16.1372 8.05981 
1.54956 6.48645 1.02417 0.36084 12.3396 -1.79944 1.41162 -0.141846 0.470581 9.73901 
5.52368 -4.11328 -1.14685 0.0308838 1.6969 3.47083 2.87622 0.491943 1.3551 4.8053 
7.29834 2.8407 7.401 3.88379 1.86914 3.28369 -0.318237 -5.83435 11.5164 6.02942 
0.457031 6.49011 -3.50317 4.40088 3.69458 5.31824 2.75134 -0.417358 15.926 9.79797 
-7.75598 6.45361 -6.06067 0.130493 19.8055 2.12402 1.31519 7.4873 3.00586 12.5883 
2.17725 1.62952 -1.94092 6.39502 2.01367 17.104 0.988647 -6.38818 7.83484 12.4095 
-4.08813 8.71179 -9.04053 3.27014 18.1007 -0.293579 0.268433 7.99243 1.11926 11.5861 
5.3042 5.72681 -1.24146 -1.11414 1.48938 6.78918 5.08008 -5.56482 8.33447 8.63171 
-1.21924 -4.52356 -6.35339 10.938 1.14978 17.9318 1.52258 -12.5011 8.28699 12.4192 
-3.5376 6.86487 -3.92822 1.77271 12.9318 8.04932 4.01196 2.69617 5.26587 15.2084 
-3.38684 0.180664 -2.03906 5.41455 9.09912 1.87048 -1.74597 5.52173 1.42908 9.79407 
3.16895 10.2739 11.0006 11.067 2.38733 1.45129 0.664917 8.1947 8.50732 3.5332 
0.259155 8.13684 22.0011 11.8109 -4.12158 3.32654 -4.28125 1.76782 11.5436 8.88098 
-0.773438 13.1095 5.71814 4.46277 3.9176 7.37317 8.03711 3.84497 4.42102 8.63293 
-2.13892 19.4296 19.7968 11.3484 0.126831 5.92896 9.1781 3.44458 11.5093 4.10229 
1.56006 -1.46619 4.84058 0.31311 6.89026 -1.02734 17.019 -2.68127 3.43091 2.86572 
0.399048 5.94275 7.07117 2.81946 0.572021 4.26221 1.96313 -1.16187 10.7452 5.98889 
7.04773 -6.17542 7.25598 1.04456 1.41199 -1.56787 -4.76392 -1.15674 15.3452 8.27417 
4.28796 3.37012 -7.91589 0.145996 13.7682 4.3136 -4.51721 18.1501 -1.30176 12.3513 
25.7114 1.89392 0.14917 -0.459229 4.60571 1.60181 -7.48523 9.48206 -1.6626 18.0385 
1.77991 4.05664 7.39868 16.6492 -4.1001 10.6447 0.973022 -6.97681 3.27734 8.20068 
-0.0861816 4.76953 7.12305 -5.52515 7.01428 -0.892456 23.2654 5.93518 3.17078 6.88452 
2.45239 4.98889 9.95898 -2.67688 3.43481 -6.9165 11.6578 -0.623657 7.49451 -2.42725 
-0.899414 4.96631 -2.43591 -2.2439 11.2397 2.42395 4.30713 5.32263 8.96802 8.77368 
0.0772705 1.55823 0.149658 18.4039 3.29578 5.54712 1.45068 -2.26697 2.87891 5.46924 
4.26416 -0.759033 6.4314 10.2655 0.890991 2.64709 -5.5459 5.07361 15.6123 7.22571 
7.53296 -0.422241 -2.71375 0.978149 2.92139 2.27087 3.06848 -2.14258 8.91101 8.42883 
-1.91345 6.20276 7.08398 6.2511 10.7936 5.58337 -7.79285 11.5081 5.40894 12.027 
1.62158 2.38733 10.2158 8.77234 4.83557 -3.86987 -4.3634 6.06372 6.729 4.89124 
-1.67419 12.9414 29.5162 11.2285 -8.86194 10.2633 2.06897 -2.5791 11.2777 11.4912 
9.70532 -2.84448 3.1427 -2.92041 3.74341 -1.14307 -1.6687 0.0196533 3.59094 7.40674 
20.4246 -1.85364 4.64209 -2.71826 6.60388 -3.81018 -3.7373 5.61255 2.28943 10.3148 
-5.58057 5.34351 -1.52539 2.8291 9.49121 3.32556 -3.03455 4.99768 5.21667 11.6765 
4.10388 2.33972 5.25256 22.5856 -8.17542 11.413 -4.34253 -0.022583 7.04163 10.1237 
0.10376 4.11853 -2.92883 1.13708 8.24036 2.70374 -3.91089 9.25867 3.55627 14.3295 
-0.126343 -3.00195 3.25171 -2.00293 5.71411 -3.83179 -0.93689 5.65808 0.90625 8.46521 
-0.592773 14.1062 6.44861 4.3512 1.66003 4.58777 6.28809 4.78967 6.6189 6.02905 
-0.978638 2.82104 0.547729 0.588501 8.85168 -0.607788 -3.29675 7.62354 4.68909 13.6682 
0.843506 0.338989 5.14331 6.6731 -0.940308 5.0293 -3.50159 -0.334106 15.7816 8.01135 
-1.31335 5.74915 5.2804 3.64917 3.53491 5.02747 17.7872 -1.88708 2.3158 3.22046 
3.27942 4.69348 3.91626 2.82617 0.602661 4.18665 15.4316 -1.70874 4.13367 0.331299 
-4.73865 3.59766 -2.67175 -0.811523 18.9457 2.17908 4.13074 4.80469 4.75781 8.17126 
9.06641 -0.564575 13.2443 12.1672 2.57031 -7.30481 -1.14758 8.76538 0.642944 11.7521 
1.43665 3.95911 3.08716 -6.00342 1.94312 -1.34961 11.7661 4.13562 1.35278 0.87439 
-4.34058 -0.0281982 -4.93909 7.82141 8.13696 0.789795 -1.77686 8.52612 3.24329 14.2219 
3.11169 0.228027 18.8699 7.21558 0.109985 -5.35645 -1.26111 4.13208 5.76953 2.28247 
-1.18359 7.72461 -0.270142 4.29443 7.68408 3.46399 1.5946 1.75208 10.505 5.40527 
-0.969482 -2.38721 -1.88318 9.16467 0.256714 12.7894 0.613159 -3.22644 3.46594 7.51611 
-3.79126 6.72375 1.08301 1.80627 13.0553 -4.21143 -3.21631 11.21 0.0830078 7.00952 
-4.61597 -0.769775 -3.18787 13.0753 -0.117188 12.4603 1.71545 -1.70178 4.46118 9.52954 
0.81543 6.46631 1.82996 8.2478 2.9491 4.96826 0.170776 16.8176 0.370972 10.49 
-3.69946 1.92029 0.761841 4.42859 7.62781 0.743286 -3.44263 3.34985 3.32703 11.7706 
-4.97131 5.10388 -0.89856 2.30591 10.8848 3.19385 1.48987 3.86951 2.7583 12.2649 
-4.03467 8.00562 -2.12695 1.12195 10.1481 5.27917 3.18506 5.6709 5.13599 14.8657 
1.11548 -0.0118408 16.3103 7.6344 -4.01038 2.15125 -4.80225 0.0922852 11.8525 9.91248 
-0.533569 12.8467 5.44055 3.47852 1.98694 5.38 6.13013 3.65503 5.84338 5.67798 
2.93018 4.0769 -1.80847 3.22009 1.03687 8.51465 8.34839 -4.40027 8.50281 6.78943 
-4.81677 3.45557 0.249146 19.1962 2.7467 7.16406 0.88208 -7.81433 4.77283 7.69299 
-2.80164 8.65649 -1.58118 1.89172 15.7268 4.75989 -4.00293 3.60168 4.76758 9.96387 
12.9436 2.68359 -1.02856 0.844604 4.62671 0.745972 -0.756714 5.86963 1.38379 6.16736 
-6.87939 5.91028 13.4226 5.95569 5.52502 -0.490723 3.8501 7.90894 4.75781 3.83899 
1.39172 0.653442 2.46399 5.30212 -1.29907 2.77625 1.24451 -5.21887 12.549 7.01526 
-7.15588 9.00134 6.1748 12.9929 0.949463 4.2948 -1.323 11.4739 5.94128 11.1903 
-4.42676 6.77698 -3.48022 11.2141 9.91248 5.31921 -4.99451 10.7395 5.99219 18.4088 
4.60144 2.43347 6.1217 10.6238 -0.322266 3.80542 -5.54138 0.751465 3.427 8.22766 
2.79492 5.69092 3.12 1.50623 12.3008 4.39709 11.9519 3.74512 -0.436279 5.81226 
1.66052 -0.202759 2.84375 -1.67383 6.37012 -7.18591 5.06824 6.98096 6.22632 0.464844 
-2.27454 -2.51282 -4.64526 13.1177 0.773193 13.2762 -1.95532 -0.86377 5.15869 7.5907 
1.53064 5.97742 6.56409 -6.49365 9.18115 -5.85498 12.1946 9.45068 -0.614258 2.72156 
-7.67102 19.5463 25.9343 15.0291 1.44446 0.14624 5.84985 5.34058 11.2004 6.89661 
-0.438843 1.92786 5.35242 8.58801 -1.66418 3.26233 -2.83899 -2.19214 4.68201 8.22131 
-2.21045 5.81995 -3.77417 0.0930176 11.094 6.36304 1.06348 5.74231 6.60645 13.601 
0.411499 9.09314 18.802 4.86731 4.8147 -0.873901 5.94934 1.21704 4.91138 9.23669 
-1.21631 1.62512 7.82813 -0.565186 6.04822 -2.12048 16.3994 1.36511 3.44763 4.37878 
15.7416 -0.397217 1.74463 1.72559 7.45764 -5.92993 -3.33765 8.14563 0.112671 8.59485 
21.2809 -1.42249 3.34106 1.5592 2.48706 -1.37695 -7.29749 7.14441 1.02979 11.3943 
8.02515 3.44165 1.27673 -6.81494 1.23938 -1.52637 10.5195 2.86499 5.90552 -0.215576 
-3.14868 12.5193 2.02197 3.8927 5.17737 8.99316 4.13452 3.19812 4.14282 9.91077 
3.61243 5.41699 8.32532 4.07483 -1.88403 2.85071 -0.652222 3.0188 6.87109 7.82092 
1.3783 3.92603 4.1925 2.58447 1.11829 2.81946 0.0515137 -3.32336 9.89453 5.64233 
4.10571 7.77209 2.02466 3.95764 2.93872 4.24329 -5.77026 13.7184 6.66528 12.0253 
1.05078 3.43176 1.52502 0.319824 4.85071 1.96521 -0.671631 2.03394 3.96155 10.4994 
12.2168 -0.0239258 3.11926 -3.07532 4.42102 2.28467 5.17798 -1.19275 15.627 11.1725 
1.58728 7.43872 23.6373 10.2262 -8.08789 6.55054 -2.01538 0.429199 11.8788 8.65747 
21.0291 -3.16455 4.78174 -3.11548 6.69287 -7.95935 -3.5304 8.302 2.72864 8.06067 
-11.4519 6.13123 -2.44836 3.7854 19.4712 3.67444 2.22314 6.49792 6.43469 10.7805 
-1.63062 3.03857 5.34729 11.2931 3.9458 -0.981567 -5.28418 20.5404 0.019043 13.2311 
-3.56995 2.07434 4.49573 7.875 2.23535 -2.3689 -5.08594 11.601 0.847412 8.51477 
1.71252 -0.758911 -4.64063 3.47656 2.28662 14.6947 0.0623779 -1.09741 5.84253 6.4812 
25.5941 -4.43787 5.59741 -5.02783 5.71362 -3.26575 -2.35083 4.38989 1.76135 9.04346 
0.154785 4.19336 -3.80298 1.90503 5.20691 7.73267 3.47766 0.963623 7.57422 7.66382 
1.60645 6.0116 11.9519 -4.21619 2.57117 -4.57886 17.6671 2.80322 1.3512 2.56042 
0.740234 8.30664 3.4928 -0.513428 16.9482 2.96655 -0.0194092 7.69202 -1.77612 11.0031 
-3.21387 1.64502 4.78662 -0.509888 4.35681 0.95813 14.7604 -3.51831 8.20215 3.56116 
6.08264 6.8949 -3.17297 4.48254 7.50354 4.96167 -4.95715 16.3201 8.245 13.9908 
2.03223 10.2976 -5.65869 -8.53137 20.4103 2.95337 5.88794 4.70093 9.05212 9.95032 
-2.18774 1.46729 5.75476 12.8502 -3.56787 8.11401 -1.51514 -1.4292 3.31299 9.17908 
15.2788 1.35229 -2.02136 -0.330322 5.63586 -0.292969 -3.97546 6.35815 -0.783447 7.9137 
-0.753784 -1.88184 11.2684 7.34094 7.10706 -6.59216 -3.54907 21.7861 4.39807 9.47083 
7.54236 2.17041 1.04504 -0.0579834 2.67017 12.292 7.64478 -2.65759 8.10303 4.83984 
13.0796 -1.8429 -0.442871 1.68701 3.729 0.88855 -1.59155 1.51331 1.35083 7.17566 
1.31287 4.19702 2.93542 14.9301 11.0316 -1.20972 -11.1072 33.6902 3.71619 14.3535 
-5.12415 3.29858 -3.84875 -0.297241 15.8905 2.18445 0.140503 5.68018 5.2467 13.7924 
-4.67505 14.145 23.9722 13.1057 -4.21594 1.08557 3.37329 -2.23987 11.3102 5.66699 
8.79211 2.46875 1.03894 3.67993 1.9325 1.13037 4.18115 -2.66443 0.394409 3.88843 
0.669922 5.95813 3.94507 3.20764 1.83582 5.16565 2.43738 -5.28613 13.5338 6.39966 
-0.13916 3.22046 0.342285 1.56213 5.66687 4.13159 -2.64734 3.57483 0.516846 11.6134 
-9.2998 -3.28052 -7.7373 7.55896 12.5466 5.03931 -3.27039 11.114 5.57971 13.8075 
1.60925 5.05457 2.16882 -2.86035 10.061 2.87866 6.49316 3.48193 2.13403 5.59094 
7.87085 -5.89453 16.3738 9.75183 -6.44519 -1.49207 -6.31128 2.64368 10.4617 3.9657 
-2.70667 8.60925 0.0809326 -1.93115 13.238 3.83105 1.57849 2.29321 3.91077 9.2439 
2.84595 3.5874 0.738037 0.871704 1.60596 4.1925 14.3232 1.30322 -2.63074 3.85217 
1.81262 2.1355 0.486572 8.7627 4.58984 3.58337 -5.96802 19.118 9.10449 13.9419 
5.23694 2.16541 -2.58887 1.00085 2.48694 3.2146 3.90002 -3.64099 9.36633 8.65552 
8.10352 -1.14038 8.30249 13.0833 2.06445 -4.09888 -6.61328 18.3667 14.5632 10.4204 
0.802979 3.95959 6.00769 -4.23303 1.00134 3.70728 11.4979 -4.88623 8.10449 3.07593 
2.8656 2.55359 -2.35864 7.41516 7.65369 4.54504 -8.91406 2.33057 5.97156 15.4536 
-3.58801 4.36707 -1.3866 -1.26367 17.3809 -2.11157 2.06738 7.62927 2.31689 10.262 
-5.94324 11.3403 3.1532 1.11987 3.95923 7.23254 2.6604 -0.38208 5.01282 9.10583 
-2.07458 2.7196 2.57324 10.4546 -1.8313 7.92725 -0.628296 0.267578 6.0459 6.14124 
0.106323 4.74048 5.55396 5.68225 3.27344 -2.26721 -4.13672 14.3704 1.17883 9.90967 
2.59949 1.61755 -2.52368 11.2136 -0.374634 10.1772 4.71655 -4.41504 2.63147 6.27686 
18.402 4.81128 2.45886 0.553101 0.119263 3.35156 7.01599 1.31995 2.33044 6.67847 
0.899292 4.62585 7.76892 5.06116 1.2157 3.77344 -2.07544 -1.59058 10.7451 8.49695 
-6.11121 3.69958 4.6543 9.45862 8.24902 6.04907 -3.89355 11.2228 10.0662 10.7993 
4.31299 6.1582 1.0105 10.8829 7.11768 3.04517 4.99915 6.89966 4.69995 8.93091 
3.49854 0.567139 0.345947 -5.22974 2.13599 -1.2738 9.82202 2.00891 4.37244 0.0793457 
-1.33374 5.30225 1.05933 -0.210815 3.13525 4.03955 0.923706 0.0556641 1.03174 8.13062 
1.8158 4.38086 3.89172 22.3623 -1.6366 8.72791 -1.87854 -9.39294 7.04749 7.85657 
-3.20496 6.94983 -2.30322 8.74231 12.6769 5.44568 -4.24243 8.66553 6.14404 20.3068 
-1.03748 8.25378 15.1649 9.24487 -5.39502 4.72009 -0.908081 3.82117 7.48938 7.10791 
1.80334 2.43201 6.39404 3.69373 0.431274 1.22266 -0.598633 5.67871 6.12122 2.23853 
-2.90576 -1.5155 -8.37512 8.35706 8.00562 5.09497 -2.42981 3.52881 5.43359 10.0295 
11.0808 0.088623 16.3439 3.06836 4.30396 -9.98108 -3.42737 4.12 7.26575 5.48303 
-0.641724 11.9 5.16016 3.4895 10.318 1.08728 -5.02722 7.3927 6.65381 11.0021 
0.873535 -1.70935 4.36926 6.05701 -3.59729 0.831787 1.25842 0.616211 12.3429 7.45276 
-3.15613 2.53137 7.72205 12.543 -0.61438 5.12207 -6.14685 4.03345 3.83557 9.37048 
5.5918 3.21375 18.9088 12.3199 -1.58887 4.76904 -4.30115 -0.264282 6.01233 9.54651 
-3.59705 0.603149 -1.91492 8.92749 9.37585 1.50732 -2.7301 -1.22009 8.3031 11.882 
5.25037 9.42371 9.02747 -0.52832 -0.0388184 9.2428 23.2585 -5.57178 4.17749 0.790649 
0.468872 4.98889 1.24219 4.22717 -0.565186 6.55212 7.50305 0.522461 10.9031 5.37524 
-0.702148 8.51831 -5.04053 -5.03198 14.9662 8.88074 3.6344 2.96545 9.52209 15.0767 
14.222 -4.88293 6.29797 -3.76294 7.51611 -9.78772 -4.04492 11.1339 1.92493 7.33606 
-1.53235 12.8971 4.83215 3.76379 2.68115 8.74121 6.84265 2.25684 4.29602 6.17004 
3.39233 4.40381 26.5715 9.63416 5.04907 -6.75977 5.04089 -3.83765 6.4375 2.25769 
1.68567 2.37122 1.59302 6.21411 0.439453 3.38965 0.88269 -1.14893 14.8929 9.93115 
-6.00818 4.79932 -3.00354 -1.91431 18.0292 -0.311279 2.42188 6.82251 2.50146 7.46533 
10.5321 -1.47876 0.876343 3.99524 1.63013 17.4978 -1.45374 2.17725 12.5178 12.454 
3.48779 6.04517 17.7233 5.11865 -2.0564 -3.03479 1.34277 8.85754 3.94556 9.20776 
2.80261 8.20239 0.739868 18.3169 9.31055 8.12146 -7.24438 28.1989 2.67969 17.6642 
3.38745 0.0697021 2.3512 7.48755 1.88623 4.48877 -3.08838 4.69666 11.1951 7.32092 
-2.95215 14.8325 5.12231 3.33691 5.03931 5.96094 4.0636 6.53589 6.28088 9.67017 
-4.78052 13.6825 3.6499 3.42627 6.45483 9.04333 4.59839 4.92493 2.63159 10.1595 
-4.93665 1.26868 2.87634 13.1964 -1.16162 6.60254 -0.863037 -3.7843 6.57312 7.81287 
16.9209 -1.23779 2.52087 1.30334 2.66736 0.231201 -5.24524 4.59827 3.0105 9.0802 
4.75671 0.477295 7.27075 16.6 -8.50525 15.3269 -3.74805 -8.87012 6.26404 11.3734 
9.21143 -0.486816 1.79712 3.13403 3.45325 20.3176 3.46448 -3.09082 8.60522 6.97327 
3.48425 2.33252 4.21472 8.12292 5.28308 5.93372 -4.8147 17.7388 2.05554 11.1152 
13.5796 -5.15979 2.55957 -0.0336914 2.19434 -0.708618 -5.24451 3.97913 3.45288 6.16797 
5.29407 2.35962 3.38318 17.7188 0.295044 6.74084 -8.97864 -7.90503 7.09875 10.5679 
-2.72437 11.1398 4.14197 3.63782 3.07996 5.34302 3.50281 3.95215 3.43701 5.98071 
-8.35303 -0.608521 0.758667 5.38721 3.20496 -2.88074 -2.86292 10.0601 11.1438 10.4253 
-5.72913 -0.00158691 3.15454 23.1769 0.00341797 11.2753 -7.69983 6.5061 8.7489 13.4039 
1.05457 -3.35535 -0.693359 -1.97058 2.87561 8.849 6.58777 -7.08667 7.65869 3.10779 
2.37354 2.26123 5.07776 15.3121 -3.62659 6.53931 -6.03613 -6.87256 9.27722 12.5281 
-8.08789 13.4948 3.38428 3.30066 4.9071 8.52307 3.04541 1.76221 5.12292 10.6686 
-6.2384 4.27136 3.45654 11.3209 7.18372 -0.362793 -5.05554 22.749 9.61707 13.1201 
1.12 4.02051 6.83325 12.3391 4.8949 1.85706 -10.0477 16.9308 7.62744 13.9899 
-6.38806 -5.34363 -0.356934 30.8527 -3.64563 11.7383 -6.35913 13.3754 9.3667 17.5588 
26.4515 1.25525 1.37061 -2.75708 5.44141 -2.40942 -0.864868 8.88281 0.682983 14.4792 
1.02405 4.22388 6.36804 0.390747 2.10107 1.87659 1.64355 -2.67346 13.3254 7.26331 
0.788452 6.95862 -3.44556 -0.972168 17.4698 -0.155029 4.45813 3.72449 0.107178 10.2085 
-0.217407 0.871582 3.86768 3.19775 0.67688 2.31763 -1.55212 0.182495 10.5187 6.82178 
4.4812 5.47607 14.0481 5.23914 -2.54541 1.22156 -0.0974121 -0.484863 12.5273 7.51257 
7.4812 3.92493 17.4889 -10.1475 4.43018 0.614502 12.6132 7.60913 4.90308 1.91162 
8.89404 11.1072 6.06458 0.779297 0.973511 9.15112 12.7729 -5.28101 2.2312 5.48108 
-4.74963 6.45654 19.2209 7.19641 -2.69421 -0.455566 0.566406 1.42664 9.08838 6.51172 
-4.11182 1.05151 -1.88147 7.1687 9.28943 1.01685 -4.61902 6.21912 4.1427 14.0676 
-1.0238 2.92773 0.412476 0.0592041 8.09998 2.16797 -3.04504 5.71851 2.73193 5.0885 
5.84937 -1.276 -2.77612 9.11365 0.652222 6.26978 -1.61389 -1.38635 1.09485 6.56018 
-7.27222 -1.91809 -6.12195 9.96912 11.1145 -2.35388 -1.75867 11.2039 0.244629 15.7725 
21.4731 0.73291 1.53015 -1.24951 6.72595 -4.39185 -2.25696 10.7906 -3.50293 9.35071 
-6.10657 2.14722 -4.42395 4.9082 11.7306 6.5481 -3.21167 3.43945 7.52087 15.38 
-3.33691 2.47668 0.333862 3.70032 6.73181 8.27234 0.427002 1.66968 4.39612 13.1641 
0.0280762 -1.76709 3.32202 -1.39685 3.27136 -1.14038 14.7896 -0.503052 6.99219 0.658325 
-3.62109 2.04785 -0.55188 -3.7439 10.7507 -0.882324 5.50964 -1.71069 4.72095 8.86157 
3.53333 2.42139 20.0703 9.04578 2.82959 -8.53271 -3.21399 11.403 8.74402 1.41089 
-4.11487 1.89941 6.16992 0.849609 2.06226 -2.84058 1.15601 2.67834 4.59595 9.604 
3.52014 2.78442 -0.99292 -0.642456 7.40039 -0.654541 -2.83923 11.4292 0.740601 8.44897 
8.974 -0.729004 16.7795 3.92773 1.07947 -4.30042 -1.41321 7.16394 7.06372 2.7439 
-1.92065 13.989 9.20068 0.543823 3.07458 2.60364 0.187378 5.04614 4.5 6.57556 
0.834229 14.317 5.63574 0.647827 2.08276 4.41125 5.94238 3.79504 7.50769 6.20093 
3.62769 6.20044 4.80518 1.41577 1.43445 5.30396 15.3601 -5.39478 3.67212 3.57849 
0.149048 7.16345 9.11182 6.49512 3.44263 2.82715 -0.921997 14.0577 4.63403 5.68884 
0.72522 7.32373 -3.3374 -5.41931 11.1199 4.91846 -0.539063 3.6189 4.40515 12.1221 
2.00964 -0.199219 2.68677 1.34949 5.18616 -0.708862 -5.09839 9.30774 0.41394 7.12793 
1.63293 -2.2699 -0.0726318 10.5382 -1.23889 12.2412 -0.589722 -6.18335 8.89832 11.2804 
-0.647095 4.65125 -3.96423 1.34814 10.3141 2.38403 4.46863 3.02307 8.09595 12.7627 
7.10046 0.197144 9.46753 -4.31384 -1.98755 -2.99768 5.16699 -0.76355 3.86926 7.64172 
3.84119 2.71448 2.86316 8.87292 3.65576 1.5553 -3.21008 -1.46021 15.2408 13.1442 
3.05933 -2.92151 17.7235 10.3881 -0.263794 -4.26245 -4.03137 2.48755 4.14612 4.526 
-1.48792 12.7704 4.07092 2.39648 3.42969 7.22998 8.8728 1.74304 4.92126 7.61829 
2.43457 7.6969 9.77063 -4.59546 10.366 -0.586426 -1.84448 7.66235 -3.06445 12.5227 
-3.35742 5.10547 -4.63623 0.835205 13.877 1.51709 0.451172 3.86475 2.06384 7.65527 
7.13757 4.11609 0.0239258 -0.515625 2.89661 12.6913 1.79773 4.2832 6.62769 3.64368 
-2.94666 3.37939 2.67395 5.29028 4.06433 0.838989 -3.03699 8.99023 -0.133667 11.9861 
2.08264 6.83203 6.84631 -2.61755 2.0249 4.59839 13.5754 -4.62036 7.62146 3.44373 
-2.25623 13.8704 3.87976 4.43823 4.651 4.04297 -0.423584 6.10767 6.56555 8.80884 
-0.197754 3.89001 6.37891 20.9 -2.87598 12.9476 -3.93616 -7.44702 6.30701 11.6703 
-3.06018 10.4857 14.51 6.21509 3.84644 -1.57617 1.47278 5.52551 5.8363 6.63391 
5.24219 5.03381 2.31384 4.26563 0.695557 14.616 4.30249 2.34827 10.3942 3.20068 
-2.35608 1.19031 5.13855 0.276245 8.07581 -5.99268 -2.55981 4.45129 3.28271 10.0294 
-4.98474 3.10596 0.814819 5.55896 6.18835 -0.105591 0.145264 2.67163 3.63965 9.88916 
1.31226 -0.436279 1.3938 14.0713 -2.05261 8.42053 -3.77747 -4.6637 5.26819 9.50122 
2.16028 5.7229 9.04358 -3.45508 3.68896 -0.811523 18.9994 -4.16858 2.04126 7.79199 
-4.22595 13.47 2.42322 1.21082 4.23914 9.80969 2.83789 2.80176 2.44458 10.0276 
-0.443115 10.9586 4.99805 1.62732 2.58777 3.13403 3.19861 5.21533 3.72815 4.80054 
-2.54236 9.95483 -3.64087 -0.478882 17.6285 0.745117 0.821289 4.59668 2.9397 8.84302 
-1.92603 4.94421 9.79065 1.01062 5.22412 3.63257 26.1272 -2.66248 1.46423 2.88989 
-0.610352 2.34717 -4.49731 3.70728 14.0729 -1.49915 -5.09265 8.46069 4.06055 16.5311 
0.270752 7.00342 2.48608 13.0245 8.20361 0.524414 -8.90454 20.5275 1.7356 12.5668 
5.3938 -0.61792 13.3877 5.05957 -0.168823 -1.24548 -2.42041 5.89966 2.47632 5.22632 
-4.27136 12.4568 4.98047 3.89575 5.61255 8.31982 2.76086 4.31409 5.40649 9.78259 
1.99695 -0.887329 -1.91821 9.59558 1.57935 16.3547 -3.60828 -6.22229 12.5392 14.6222 
-3.44189 12.7551 6.05359 4.2998 2.86731 4.46643 2.98877 5.23669 3.8717 6.61902 
-5.08618 5.16016 -4.87341 -0.675537 16.5199 1.19397 -1.6792 4.92603 3.08704 9.43982 
2.91931 7.96411 8.1073 -1.27844 2.32471 3.24109 16.1766 -2.86597 3.91797 2.90588 
-3.90247 0.686401 5.97693 24.9305 -0.609497 11.175 -10.7019 -0.962402 6.49963 17.0867 
-16.4663 3.22839 -1.94336 7.56909 12.8235 0.324829 3.93811 3.27454 15.9119 4.30371 
-1.25378 15.0077 8.48303 2.87122 2.14307 3.09131 5.13196 5.8363 6.6958 5.79163 
-4.1134 12.4821 1.8457 2.76892 6.72778 8.75562 2.65039 4.30237 2.02234 10.5461 
13.5933 -3.29761 0.96167 -1.6825 1.51196 0.216797 1.38416 4.90405 0.115723 -0.0318604 
1.36011 3.1875 4.10815 12.7072 0.111084 8.73743 0.522339 -1.58936 8.03552 10.1931 
-0.978638 13.488 7.70752 0.905029 3.6947 3.11584 0.237305 4.79175 4.15149 5.55603 
6.33667 4.29663 0.227295 1.55603 4.23877 6.52112 14.6101 -9.48291 3.7417 5.28406 
2.00183 5.29626 2.90894 8.69226 -0.633301 4.44421 5.44812 -2.89978 12.9117 5.27783 
-3.83337 4.13464 -0.861816 -1.30383 14.627 -0.546875 5.07263 8.05017 8.46851 8.20972 
-4.50293 2.00903 -1.31177 5.20056 10.4777 -0.348022 -2.24902 9.01599 3.46765 14.634 
25.1786 -0.721313 5.71973 -2.58801 -1.09558 -4.00195 -5.56616 6.27051 2.04492 7.50989 
2.5542 6.5874 3.86487 7.78125 5.84753 5.8844 -5.29077 17.219 6.84607 11.7356 
0.722046 3.05078 2.87646 14.5731 -0.177124 7.64368 -1.91614 -2.64026 3.09399 9.55432 
16.197 -1.05701 -0.264282 -5.00354 -0.528442 0.893677 2.55078 10.7628 -2.05798 1.30042 
4.74512 3.7063 13.902 1.34949 13.6801 -0.148071 3.87976 -0.967529 0.672974 6.52869 
-4.79285 1.94348 -5.53186 6.75903 8.71875 -0.322388 -2.83203 9.44678 1.16467 12.6458 
15.5951 -0.313477 2.75195 -8.17676 -0.746338 -5.22766 2.94092 12.1174 -2.45862 2.03088 
4.99792 2.82239 5.80811 -2.61926 0.266724 0.357666 13.2208 0.468384 -1.54858 5.42273 
5.02502 3.06494 2.92273 0.289917 1.84399 7.90466 12.2725 -5.27307 7.94458 5.0509 
6.88904 6.75732 6.55896 -1.21021 -0.105103 4.35242 17.52 -2.75049 5.87524 -0.105225 
-2.46985 5.17578 6.04871 22.5903 1.17078 6.05322 -6.88928 -10.4503 6.67017 7.7644 
0.731934 2.15686 8.07312 -2.14636 0.0285645 -1.55664 15.244 1.18115 4.94897 -1.39465 
2.22217 4.15161 -0.103149 11.5522 7.44275 4.3667 -6.54358 24.3217 1.02771 14.6244 
-1.09375 1.39233 4.25879 6.12207 4.51892 -0.757446 -3.30823 13.6069 -0.483643 9.89014 
2.33484 6.8031 18.8888 10.7056 -3.42175 3.35596 -3.57178 -1.87952 10.5131 10.5651 
3.33826 2.63232 5.55835 4.50403 2.82532 0.281494 -0.39856 1.41174 11.5782 7.00854 
2.8717 8.37109 8.58459 -8.01648 11.9908 -2.37927 20.3258 4.21631 3.66846 3.79492 
22.0427 2.30408 2.91003 1.27661 -0.380249 -0.411011 -5.28955 7.72034 4.50513 10.5969 
12.7073 -3.35669 5.64185 0.398804 3.60339 1.78564 -9.97778 -6.05286 13.1385 8.3457 
0.842041 3.14746 2.47278 8.27808 -1.13208 6.82715 1.11682 -6.20032 5.33936 6.6897 
26.51 0.435547 2.94995 -3.68445 7.26111 -7.50671 -3.05933 11.6709 -0.260254 13.4396 
-1.88879 11.1438 15.432 11.0255 4.76587 -1.62268 8.52502 4.76135 6.43848 3.34534 
-0.606323 -0.802002 -1.32239 -2.06873 12.041 0.965942 -1.00427 4.11548 4.30884 9.48035 
-1.86426 6.20239 5.90002 2.13025 5.53882 5.33606 -0.502197 -0.744629 14.0153 5.06177 
2.95874 2.56763 2.50574 13.2504 -5.91614 12.0347 2.67981 -9.15918 2.99158 8.86548 
2.82031 14.66 23.501 8.8988 8.54651 -3.92468 3.47412 -0.102295 10.8176 5.01074 
-1.93237 -2.3446 0.299194 4.64111 5.53406 18.2758 -0.541748 -2.21082 11.5453 12.7789 
2.00562 1.99707 4.12024 19.3054 -0.991455 8.0636 -6.04138 -7.44775 4.46753 9.69653 
-0.706055 -3.53699 2.28247 5.23511 5.2478 0.976685 -6.11035 4.32703 6.68921 10.1206 
0.453735 3.51953 5.74902 4.95337 -0.65625 2.42041 -4.69775 0.837158 11.1552 7.66882 
18.7606 -2.11658 3.6709 -2.33313 5.39697 -1.52734 0.686768 -0.236084 2.7179 6.72021 
14.8661 0.246704 -1.56848 -1.59094 2.43408 0.281738 -1.30859 1.25403 7.47583 7.09778 
-6.64661 13.3899 2.72473 2.91296 8.62329 8.62964 1.83606 2.14648 5.68652 10.3381 
-6.15002 6.12903 -4.01367 5.08252 13.4238 3.8606 -2.74414 9.92847 4.55725 17.4036 
4.48425 -8.90149 -0.676392 0.0820313 6.98901 22.163 -4.72546 -1.98669 16.7229 9.56335 
-2.72424 10.2429 2.99878 2.09143 3.72449 7.33984 3.74548 2.36462 4.25488 6.77344 
-6.21155 1.83374 0.476196 15.5264 0.182007 9.48181 -1.99866 3.29175 4.88135 8.50513 
-4.0415 5.70825 -1.81384 5.39502 10.847 1.12427 -3.21545 9.74121 1.1333 15.4447 
3.28284 7.40601 5.95068 -0.85498 1.40967 5.33557 18.5497 -2.95593 3.34583 2.849 
24.0376 1.35779 4.53638 -8.62598 -0.937744 -4.13879 1.49292 9.81702 0.141724 7.00354 
-3.3468 12.3994 1.49756 2.11853 5.02393 7.62256 3.87097 4.88025 1.854 8.34839 
0.361328 7.23926 -0.763794 -2.32813 16.339 0.338257 -0.453491 6.45178 0.192505 5.5769 
-2.49731 11.3539 4.55713 2.6449 3.28784 2.77588 1.98145 6.2605 5.25305 6.71399 
-4.32959 4.38623 11.9857 9.02576 8.94287 0.315796 -2.83167 21.4747 10.5671 5.71606 
-0.936646 10.3027 3.17554 1.86316 3.87659 8.48389 6.00586 0.443237 3.89343 6.84595 
4.39221 3.99451 16.569 4.31616 2.89355 -0.491699 6.37976 8.1969 3.50439 9.30127 
-2.37231 0.335449 7.56494 12.5624 -2.86865 2.8053 -1.96814 4.22278 11.4478 5.34631 
-1.01563 6.96362 10.0691 9.82385 0.217651 1.74792 3.69104 14.2395 1.08447 3.48938 
-6.21826 4.28711 -7.78027 10.9849 12.1342 4.26501 -3.7406 11.963 3.5885 17.4384 
-1.90063 7.05078 4.87439 12.2961 3.54456 0.880249 -2.46265 13.9658 4.0304 10.8022 
-3.85266 5.06738 -1.98767 0.570923 14.2021 0.0291748 3.56897 3.78577 4.94836 7.72107 
-2.64246 1.60779 -10.2642 6.42188 11.3724 4.41846 -1.49597 5.19116 8.45557 13.7649 
-3.07764 2.60791 -6.19189 7.17944 10.6816 1.99353 -2.25867 6.64124 2.828 13.7108 
-1.65796 2.29834 0.597168 13.1324 0.778442 8.09106 -2.90735 0.579712 6.91357 9.83875 
-5.6322 1.60803 -0.220459 2.32129 7.79346 5.11047 -3.6095 2.47058 5.22449 10.2383 
2.76697 14.0433 21.473 12.9076 -0.533936 5.77942 -0.193726 -5.46924 12.9376 10.7209 
4.74072 3.75061 4.28064 5.8949 1.49707 2.65125 2.03479 -0.307251 14.5356 6.47375 
0.556763 5.71289 11.2501 3.17334 4.79138 1.24634 -1.79016 0.425171 5.59241 8.00488 
-0.0203857 7.75745 0.248413 1.3562 9.24756 -1.49585 -1.87817 17.3069 0.547119 10.6854 
-2.88684 14.5906 6.41016 4.12732 2.75439 5.96729 5.59106 5.83313 4.85791 6.92529 
4.17896 -7.0387 -0.459351 7.20959 -1.16907 3.35596 -1.33191 -6.2572 5.77136 8.50806 
13.3407 7.42175 2.11365 2.50037 7.52002 1.24902 4.97131 1.70374 -2.38586 3.60327 
-3.84998 -0.214355 1.97742 1.42932 8.84546 -1.93433 1.94775 3.75891 8.09839 13.5094 
-0.766602 13.2427 7.6084 -0.217285 -1.38086 2.54602 6.88342 2.06885 7.45361 2.32617 
17.8961 -3.01184 -0.0357666 0.747192 1.63135 0.925903 -4.18555 5.35681 4.68164 9.85986 
-3.01282 10.0035 2.80212 2.5354 2.91455 4.97095 2.93506 4.17358 3.12573 5.89014 
2.44482 4.17285 8.15234 8.06604 -0.30481 -1.23035 -7.96143 18.1481 6.54102 12.3385 
2.68945 2.2229 -0.505493 5.36011 7.40393 0.841309 -5.96924 18.4833 0.172852 10.5138 
2.8667 0.0244141 -5.63879 5.56677 7.41772 2.62524 -7.60327 7.06555 0.401978 10.512 
-0.554565 0.619263 5.86975 -5.95264 6.45142 -0.314575 21.9332 -0.0510254 4.06787 3.93604 
-3.99207 -1.17468 2.3877 1.64844 5.31091 -1.64636 -0.370483 4.47595 0.574219 12.583 
-5.10437 0.568726 -0.903809 1.08972 7.96729 5.06909 -3.06848 5.68518 3.97827 14.5706 
-5.58167 2.78503 -2.21143 4.24255 9.91162 -0.59021 -0.255249 8.96948 -1.80701 13.2545 
6.5155 4.19458 13.2382 2.74329 4.30396 -4.29724 1.48608 3.0896 6.12122 3.53503 
-3.30652 10.516 0.858521 -0.635742 4.43823 8.36377 2.56982 3.01941 1.3689 8.78284 
2.84521 2.60791 2.70654 -8.21216 4.48767 -5.61804 11.7698 10.9285 -0.28186 3.40601 
-3.25671 11.6558 4.98474 4.4292 2.62866 5.67908 4.03406 5.71436 3.77161 6.48755 
2.85718 1.47095 -0.116333 21.2623 -2.84119 11.6501 -4.30652 -10.1176 6.94958 12.4021 
1.76282 7.91882 2.9281 11.7571 2.39661 14.3007 6.71814 -8.9137 10.5271 12.1464 
3.32874 -6.32739 9.69519 6.39368 -3.52881 -3.59009 -6.27466 9.41174 4.22473 6.29858 
0.3479 15.9581 7.74634 4.18652 2.4895 4.78809 9.97839 4.18323 7.0022 6.57031 
2.245 0.124756 -7.9054 7.21497 6.29077 4.31311 -2.14709 5.64441 0.921631 11.4446 
0.420288 -1.12854 0.297241 4.99365 8.0094 1.81897 -6.70996 15.1671 3.1571 10.8185 
2.32715 5.39282 3.47083 -0.835083 4.14282 2.95154 12.8199 -3.91748 4.08838 6.03528 
-4.48474 2.6637 -7.80115 4.92932 17.1578 4.41077 1.37146 7.45715 3.05371 15.5547 
2.755 -0.880371 -3.3916 7.02502 0.906372 10.444 -1.87415 -1.37732 4.27563 8.5061 
0.988647 4.27954 9.17224 10.7147 2.46252 -1.2146 -3.43274 19.3994 -0.948486 11.1346 
1.31116 -4.48486 0.540894 -0.585938 6.11182 -1.42908 14.4294 -1.34595 5.34155 3.72021 
3.84265 6.59705 5.2384 -0.445557 -1.73816 2.70288 7.81726 -0.565674 4.87598 1.57117 
-2.96716 2.77539 -2.7196 2.14453 9.66125 1.64148 -5.49658 7.79749 0.462769 15.3542 
-5.04199 3.29297 -4.90454 6.44714 11.4166 0.019165 -6.40747 8.85901 3.95886 16.4218 
6.08936 8.3363 10.1115 -3.49548 1.09448 0.266235 11.4764 3.61218 8.74426 5.86536 
1.95142 5.08533 3.91504 18.4075 0.659912 9.35107 3.20886 -7.89429 2.76208 7.03735 
3.06995 2.80493 5.71436 2.86792 2.39465 5.10571 18.5321 -2.39709 3.20605 3.6394 
2.63354 15.8214 27.2275 14.9568 -1.76453 2.35913 2.44263 -3.82251 13.5496 6.36877 
-5.77954 4.50769 -4.24585 3.58557 13.876 -0.219849 0.340942 7.26746 6.41504 17.0415 
-1.29541 1.05005 6.44958 4.33325 1.50537 1.94006 -1.2959 -0.0450439 12.7535 7.76501 
-3.13721 13.8198 4.96838 4.76501 3.20813 6.62305 5.06165 5.27869 6.15161 8.05664 
0.483643 13.894 25.1401 15.3021 0.350952 -3.99866 0.934692 -3.61707 8.43079 2.33923 
8.72229 11.256 25.4901 15.9021 -5.91077 6.33911 -3.0127 2.55444 17.3502 12.9579 
-1.22205 4.17139 6.73657 8.82239 -0.841675 18.0648 0.335083 -8.08862 10.2041 10.5343 
2.92126 -2.60059 -2.20056 7.75073 4.0332 12.9827 -0.384766 6.03064 11.3267 13.754 
-0.873901 9.39526 15.947 12.1466 6.23621 -3.2677 5.45435 -3.82727 7.77124 -4.6106 
0.141357 2.10925 1.51257 17.6747 -3.20862 10.3207 -2.66943 -5.953 5.56738 9.96887 
5.56726 0.37207 2.07373 12.9348 3.88599 4.88098 -6.01514 20.4063 1.59424 14.1919 
-1.13147 10.9813 17.3265 7.61023 2.45886 1.5498 3.51086 4.83765 9.54333 8.49854 
-1.12109 13.9955 6.3717 2.40295 2.76453 4.53516 3.48413 5.58435 4.74731 6.09778 
22.687 1.53101 -0.376221 -2.79358 4.98547 0.755249 -3.22021 9.25867 4.03894 13.4176 
-2.48718 9.94714 4.13098 4.20435 2.50867 4.85181 2.98633 4.15576 2.79846 5.74048 
13.7192 -2.89331 5.15613 -0.346802 8.43738 -6.76794 -5.08813 11.4198 1.2262 9.97339 
1.14783 4.46936 -1.57849 0.56958 7.92114 2.88403 3.71704 0.508057 4.27051 7.07153 
5.89258 -0.0605469 0.573364 4.51062 0.572754 10.1653 0.0786133 0.550171 3.16028 5.35938 
-7.07153 2.46631 16.8527 11.9214 0.383789 4.45166 -1.9751 11.9974 6.34949 13.3417 
7.40723 -3.16211 3.06079 9.6228 -0.37793 -2.52124 -3.29248 -4.18726 10.1681 7.67859 
-3.67468 6.34314 20.2117 10.8151 -2.02808 0.601685 -2.21313 5.48315 6.29651 8.62085 
1.78406 4.53284 9.59143 3.27026 -1.01318 5.73901 -0.550049 -2.65735 12.7676 7.89148 
-6.54517 5.05176 7.28333 13.5187 0.932495 5.31287 -2.2113 6.66467 7.02307 10.8158 
3.47839 3.31665 2.82495 5.4502 2.14136 11.2097 2.86877 1.41028 10.7615 5.72668 
-3.88782 11.439 3.29102 1.95959 5.59277 8.58813 5.88928 1.55627 1.34033 8.04895 
3.47046 6.73047 1.14844 15.1458 10.6957 6.3407 -8.64294 25.7592 4.21228 14.5494 
-4.04419 6.01331 7.03931 5.14661 2.05981 -1.28418 -0.400269 9.31848 10.8556 8.38855 
-0.759399 14.7341 6.80042 3.92065 3.3623 3.04224 1.63257 5.61572 8.46204 7.90417 
0.314819 9.60852 3.93079 2.29053 0.0131836 4.83008 6.03345 3.94971 4.65942 3.96936 
6.18408 10.5151 19.7194 9.28137 -2.87048 2.98767 0.686523 6.41003 11.6588 5.46289 
1.02759 4.06238 -1.21753 3.08435 12.0857 7.13928 -4.14722 6.39868 3.71472 14.3302 
2.88818 1.12646 11.6708 2.81946 3.27539 -2.17773 -1.23511 15.1289 3.83386 -0.270386 
2.54663 5.50098 2.26514 2.10754 -0.229492 6.00537 7.27844 -5.63953 9.64612 10.2588 
-0.546875 7.7572 0.998413 1.53882 13.656 5.33813 12.2766 1.29077 3.12329 9.33508 
14.1741 -1.94617 5.49792 -0.650757 3.86853 -1.94214 3.92883 5.44873 2.16956 4.13892 
4.60962 2.3667 -1.0426 5.79761 4.86182 8.82227 0.866943 0.0158691 0.514038 7.16016 
18.174 -0.585571 4.65723 -0.418457 7.1051 -2.16418 -2.86548 5.62646 2.02515 8.45093 
-3.23828 7.4314 3.63904 8.71118 8.15576 3.90027 -3.17456 16.6899 2.57666 9.79797 
2.52026 -2.83496 -1.70264 1.31067 0.254517 4.04846 4.2467 -9.45227 8.07922 3.39929 
2.85144 3.0874 5.49316 6.06982 -1.55945 6.15845 -1.66211 -1.75696 11.1376 8.88245 
-0.27771 8.79797 2.30884 0.969604 11.9154 4.76208 0.289673 2.78735 2.00696 8.48669 
0.62561 2.26453 -7.53748 1.51208 12.3123 4.08716 -6.8877 15.7345 1.16895 9.73267 
6.12878 -0.505127 0.976685 9.96594 4.22473 1.80957 -7.53406 19.9629 5.36414 12.3124 
-0.701538 -5.35547 9.91052 2.46387 2.82239 0.7229 -5.7644 2.06921 15.7291 9.08813 
3.17993 2.78381 2.24854 6.01563 -1.04382 14.369 3.32349 -4.01062 9.41809 9.98999 
4.50293 2.12292 6.44861 6.35303 -1.41138 4.80103 0.0349121 -7.31067 12.6207 7.5094 
-1.35168 4.68359 2.24072 1.52637 7.77368 3.42065 9.23206 0.0205078 2.29541 4.97205 
-3.81958 6.47852 -7.10889 4.33618 11.8545 6.05627 -0.635986 5.84192 6.33752 14.5375 
-1.83191 2.59082 3.02295 6.30103 0.854248 3.02429 -2.32825 -0.245605 11.9727 8.32764 
-3.26025 13.2437 7.17334 4.00464 3.27588 5.28882 3.87451 5.64709 8.28638 7.94983 
-1.61035 3.22302 7.76392 10.584 1.39893 8.21521 1.85486 -0.53833 5.17334 6.65259 
6.32971 2.73364 4.24756 4.00085 3.14648 -2.07202 -3.2323 -1.37354 14.2379 9.69751 
20.8569 -0.750366 2.80603 -1.68701 7.64063 -6.49377 -7.18665 12.5823 -3.06104 14.9445 
0.161377 1.56958 7.04358 20.4382 -1.62781 7.13147 -9.49207 -3.88562 10.2572 12.9746 
-2.80823 8.63245 0.0217285 5.39893 4.93494 5.62817 4.03931 5.0022 1.56836 6.29419 
-1.25989 6.75415 7.14697 11.5052 2.29236 3.47681 -3.49609 16.0901 2.55603 8.50073 
1.00171 7.75916 -3.63452 1.42651 7.73083 7.28833 0.135742 4.88916 6.05273 11.4977 
0.423706 -2.43799 0.371582 14.9032 0.0965576 19.4911 0.0545654 -7.80713 6.09619 14.199 
2.47949 2.25647 -1.95422 8.52222 -0.663208 13.1252 14.652 -7.50146 4.48596 4.62256 
-0.849121 13.8871 7.12988 4.14111 1.76038 6.77515 6.31445 4.41089 5.01038 7.61255 
-1.62012 4.979 5.9939 -2.10156 2.76306 0.181885 12.0111 -0.562622 2.79651 3.39246 
3.47876 -0.0571289 -6.28796 5.97632 5.1947 17.0706 3.5166 -4.23059 5.49573 11.1998 
6.1366 2.96667 0.713013 17.0627 3.8186 10.5482 -5.28149 22.2192 1.0907 14.0824 
-1.98401 1.78015 2.56006 -2.65271 15.8872 -0.183472 0.703979 2.05945 0.42041 9.39868 
-1.47644 3.70605 -7.24951 8.32654 13.7056 5.33984 -5.1189 11.5365 2.01147 18.7224 
-4.98779 -0.919067 1.51245 16.2924 -2.19971 7.97937 -5.95984 -3.25684 6.23474 11.8868 
5.61523 1.21704 2.46448 4.39978 -0.0958252 19.4944 3.19727 -2.51892 10.5261 11.7506 
-3.99829 6.97192 -2.08911 -1.71301 16.3422 4.00061 1.03552 1.32043 6.21887 9.1781 
1.71606 8.58875 7.15552 7.08154 2.92358 -0.626343 -7.31567 16.7056 6.3053 13.0074 
-3.10229 11.74 3.0437 3.35791 4.19849 8.06177 4.17908 4.19373 2.66907 8.15625 
-0.821045 17.0966 28.6361 10.6019 -7.00256 2.97302 11.8655 4.53259 9.66296 0.287354 
16.2454 0.396973 0.0333252 -6.67493 5.81067 -2.48767 4.26074 11.0709 -3.59888 4.91272 
1.44971 5.51819 3.60425 3.21924 0.953369 6.02271 0.689697 -1.71436 10.3331 8.09119 
-5.97656 11.1399 0.189209 2.30115 4.80762 7.03662 1.47485 3.24268 3.80872 10.5851 
3.8363 4.46375 11.7816 -5.65381 5.2915 -6.70532 20.1166 5.72217 -2.32544 1.10425 
17.0642 2.78003 -1.28943 -0.996826 6.58948 -1.02527 -1.05627 5.56726 5.31909 9.58594 
3.85974 1.59082 1.91028 7.05823 2.60352 -0.279175 -5.70557 18.7924 6.97168 10.7001 
-2.15845 -1.92908 0.831543 23.2133 -0.504517 6.08142 -2.22766 6.81311 4.41345 13.0109 
-1.61853 7.06262 -1.41077 -1.93408 12.0945 5.00562 -1.86023 6.30505 2.5321 10.4299 
-0.783325 4.41174 -1.71521 3.35706 11.796 1.04333 -2.94043 21.0508 3.21423 12.9666 
-3.17896 -0.0939941 2.55591 15.9392 2.47937 7.36768 -5.38391 5.94141 12.2493 15.2944 
-2.36011 1.82971 -0.212646 3.05847 8.9043 0.104126 -0.337402 6.86218 5.88696 11.8805 
-1.89136 6.4657 7.50024 -0.398438 7.90381 1.98511 23.5571 -3.37781 2.71033 5.20593 
9.51221 2.19165 2.16443 1.25671 3.33472 -0.633911 1.05115 7.20618 -2.03601 3.50598 
5.01111 -0.779419 3.92175 1.77515 -2.24487 9.66443 1.27649 -8.73389 10.3918 6.19214 
7.02148 7.89404 6.78992 -1.23364 0.355835 6.15588 16.438 -4.66589 6.33594 4.46851 
-1.96851 9.72974 4.52039 0.439209 14.0826 4.02698 0.440186 5.98022 2.66809 7.78979 
0.76123 2.89624 3.82397 2.49756 1.93518 4.93347 0.637451 -2.75549 14.8586 8.41895 
3.47815 1.30115 2.08154 4.78906 4.12695 1.82031 -6.19714 16.1764 7.09412 8.00708 
-1.26062 2.9707 -3.43982 1.08081 11.924 3.37195 -2.3833 12.75 -0.415771 9.46411 
-6.70044 -0.527832 1.99475 6.8634 8.30811 -5.43396 -0.942017 7.823 4.4447 13.1299 
-0.665649 0.00378418 1.57214 13.1219 1.22363 5.07361 -6.84448 -2.11572 7.46765 10.5277 
0.744019 -2.75415 8.66833 1.51294 0.339844 1.67188 -0.963135 -2.35486 14.2743 6.57764 
6.04224 3.06494 5.86829 0.743774 0.856079 6.09644 8.57104 -2.19495 6.17761 4.14478 
-1.18152 2.49158 2.80969 2.29749 6.2926 0.105347 -5.14246 8.2345 2.86487 13.9651 
3.85791 2.74683 1.66711 6.93176 5.50513 -0.766357 -6.60767 17.3075 2.21851 10.2169 
-2.56055 14.3306 19.0702 4.41626 3.02686 -0.617676 8.1792 6.0459 5.56104 5.00793 
0.740479 0.778442 0.807861 8.10315 -2.32947 4.98743 -1.23682 -3.77051 3.73181 6.00195 
-2.93115 11.0946 -3.42529 -2.31311 19.7531 0.150757 2.19702 5.92578 3.55103 7.50574 
17.6454 0.0958252 3.08813 -2.07751 1.12927 -5.16943 0.808594 -0.274048 4.34888 0.72644 
-2.97583 14.0261 24.5052 11.4286 -1.57324 2.51843 1.828 0.61792 10.4041 7.93652 
-4.57129 11.7615 2.01099 2.73267 4.15039 8.12329 3.27344 3.11316 4.96948 8.75232 
6.12512 3.30811 1.89026 8.26172 1.09888 4.36475 0.255859 -3.56726 3.25757 6.02014 
1.09045 -0.829834 -1.03613 13.8445 -2.74573 10.1621 -1.19861 -8.12036 6.72839 9.62573 
12.3434 -3.81079 -2.84912 -1.35632 8.10278 30.9164 1.10132 -0.481567 19.5526 9.1593 
5.02087 -1.9563 -0.502441 4.57056 0.994751 17.1914 2.79578 2.80981 11.6743 7.95313 
-0.258423 4.73364 7.50085 11.7294 5.74744 -0.0771484 -3.55957 23.7583 2.64355 13.3907 
-0.143921 9.25793 17.4209 10.1655 -4.13452 6.59058 2.5199 -1.07886 10.41 7.94946 
-5.12305 3.94873 -0.160645 0.0910645 9.41821 3.42786 4.5802 4.37366 6.81323 9.31592 
3.22339 4.71838 1.35034 -2.10815 9.18604 -3.63953 1.24939 8.31946 0.742188 2.81506 
1.58215 2.17163 0.880859 4.1322 5.49695 2.06738 -3.60767 12.3877 3.78442 11.0062 
-2.08069 3.26941 11.7279 0.901611 4.13879 0.659546 2.37122 6.28882 0.995117 3.46863 
4.48193 -0.719482 3.05261 1.70642 0.82312 3.72815 -0.878418 -5.78528 11.184 6.13892 
-3.849 -0.150269 4.96375 22.7788 -1.24963 11.3879 -11.8735 2.59961 7.85486 16.2921 
11.6798 4.99792 0.631836 0.713989 0.263062 5.20715 4.80603 1.23206 2.1969 6.24377 
0.28125 -2.21851 2.80884 4.43042 2.58435 3.76978 -3.02026 1.08862 13.7528 8.42749 
0.9552 4.76343 -5.4978 7.36145 10.0514 4.57678 -5.37073 19.7966 -3.07288 12.9783 
0.29248 5.43225 0.858398 5.62354 1.89648 4.34668 5.27466 -0.130615 9.99744 4.92664 
-3.50366 6.20459 -0.92395 0.131226 8.23425 3.98779 6.04065 -1.91052 5.81567 9.82568 
16.9945 4.73572 3.3678 -0.305298 5.9364 -1.69336 5.1781 1.0686 2.3623 3.61658 
0.0839844 1.47583 3.68433 -1.52246 6.77759 2.06824 0.39563 1.79504 11.5491 7.97534 
-7.6759 9.31189 1.00757 3.55371 16.3103 -0.655396 -1.22974 6.36292 3.15906 10.9495 
-3.97009 2.83484 -1.53796 2.18884 12.1433 5.1593 0.0487061 4.27893 4.0249 10.7084 
2.13794 -0.440063 -3.96716 1.15479 5.79834 9.84583 2.28796 -8.02319 9.22107 7.68665 
7.29675 0.406982 -0.606323 6.35803 -3.28357 4.71436 2.53076 -5.61096 9.6748 6.58337 
-1.9491 -0.151367 -2.72644 2.4646 4.14563 12.8256 3.29602 0.340088 3.0282 9.62805 
4.94971 -4.44714 -1.46741 -2.62158 3.58411 0.502075 11.5087 -5.4137 6.34143 -3.89136 
4.47046 6.58667 8.43262 0.985229 3.74854 2.0116 17.7494 -3.33704 5.47607 3.82703 
-1.10754 -2.49988 12.7664 18.7096 -6.63831 0.896606 -4.3457 7.93982 7.05981 2.60645 
9.67004 -0.812988 6.30176 -4.84985 -1.91968 -7.17554 2.98914 10.115 0.135986 2.49585 
-4.65881 -4.31689 -3.06396 3.26819 12.3503 0.412231 -2.67163 7.31445 5.51306 14.8278 
-0.894287 -1.57275 2.08826 12.1729 -1.8363 11.606 -1.46667 -2.80444 2.32251 7.81116 
-2.11206 7.09448 13.0294 6.37378 3.45471 1.46924 -5.5675 9.08667 6.90015 12.6234 
6.43079 2.94019 1.948 4.49878 2.78931 10.2581 16.2316 -5.12292 1.74866 3.27844 
-0.277344 0.415527 7.13 5.96912 -1.54419 -0.428833 -1.99939 3.81433 12.7003 4.23804 
-5.72388 7.37891 -1.40674 7.84436 10.0426 6.40588 -3.47461 7.04028 5.67847 17.3442 
-2.09753 -0.366699 8.16089 9.39819 -0.577637 3.35022 -4.80286 -2.46924 5.26318 9.4856 
-3.15869 3.0343 -10.0148 2.11047 18.2087 3.53601 -5.46179 4.15771 5.0199 11.177 
-4.91577 6.49731 -3.57678 8.74548 13.2855 3.17175 -1.42761 7.40186 4.47681 17.9431 
4.29382 4.25977 -0.2146 5.73816 -0.178711 9.96692 2.92505 0.549438 3.43762 9.40564 
2.91235 2.55408 4.11462 2.98279 -0.340698 4.67944 -1.46838 -2.04456 13.8429 8.52148 
-4.21582 3.11194 -5.94189 1.75562 14.2328 2.15576 -4.56592 6.82153 2.83105 15.3385 
-5.51416 10.9954 1.27954 1.59473 5.49756 6.9939 3.76965 1.20349 4.77673 6.95691 
4.55432 12.7378 20.0327 12.5811 0.250244 2.61011 -1.6239 -2.02014 15.1389 9.02014 
0.717407 1.57263 4.75098 3.64233 0.500977 4.7738 1.13574 -5.14124 13.2031 6.32874 
0.776611 1.09985 6.1543 6.30103 1.63123 3.67212 -2.3573 -0.528809 14.448 10.312 
2.91467 3.36633 -1.63513 1.34949 4.93481 0.111938 13.4044 -4.81091 3.62634 4.3728 
0.106079 0.153442 2.63745 3.75562 1.42285 3.48706 3.95911 -12.1273 12.7837 1.83032 
-1.85791 14.8563 4.5824 3.54541 4.20898 5.78076 7.37439 5.01538 6.56226 8.08533 
3.95532 3.4613 3.80994 22.5355 -5.14832 13.7589 -6.42737 -11.2316 4.09949 12.2642 
6.55505 -0.659302 5.35803 7.08948 3.25696 3.40613 -3.00256 14.0459 6.11548 11.1865 
-2.17236 3.56934 -3.11475 5.15991 11.7167 3.06812 -3.35925 6.46692 0.584839 14.4738 
12.2943 0.0152588 0.0145264 0.764648 2.02124 2.19226 -1.68579 -0.661499 4.65161 6.10107 
-3.16016 12.1345 3.57471 3.75293 4.15869 3.10754 1.74121 6.53906 4.90979 7.71021 
-3.90747 12.9777 5.12854 3.87329 3.80566 4.80725 3.32422 7.14966 4.1261 7.5603 
-4.43225 3.36487 -6.11633 3.89063 14.8674 3.28894 1.72498 6.81494 8.62732 15.3384 
-3.2019 5.3822 4.38867 9.75244 2.50305 1.55359 -3.75684 10.5964 6.84753 9.29822 
19.2017 0.705322 -1.8103 -5.81616 9.04346 0.364258 -3.93689 8.23682 1.32764 10.9269 
-2.48474 6.78027 5.90625 4.05078 3.80664 3.19971 0.0368652 1.12134 8.99158 9.17676 
-2.80383 9.69873 3.55273 2.5752 3.28223 7.08875 2.89734 3.35925 2.99475 6.58997 
2.44043 0.477661 4.41089 8.5271 4.57251 3.797 -3.69421 20.8378 9.37354 11.842 
-2.18481 8.92822 -6.74402 2.45264 18.9227 6.92834 -4.95886 2.62146 5.28784 11.2903 
4.09656 4.4928 3.54175 9.23059 -3.10583 18.4213 6.7843 -10.9778 7.67676 14.8625 
4.70508 2.5564 7.97864 6.08777 3.78577 -2.03699 -7.18738 15.6948 0.957886 10.1265 
-5.34216 13.7001 4.33704 3.92017 6.79858 9.02112 4.14624 3.49915 5.81042 10.8279 
-0.329468 16.6566 28.8118 9.91833 4.59937 -1.81213 3.78735 2.03918 7.70728 6.03723 
-2.5127 8.88953 1.16333 1.08997 3.33704 3.84851 2.82007 3.87219 1.73682 5.69263 
-1.23169 12.561 5.33435 2.89246 2.45032 4.0415 4.73621 5.64795 4.36267 5.97205 
-2.2146 -2.073 7.16663 14.8047 -3.24792 5.68237 -4.32092 6.43579 7.19287 12.073 
5.58142 -1.46936 3.95605 -4.54626 8.57349 -1.26111 3.41162 10.077 -2.59521 9.15869 
-0.313843 1.41296 3.14063 -2.24109 7.48682 -0.784546 16.2115 -3.95691 5.34985 3.41882 
3.38525 3.73145 10.9771 -1.98718 9.53589 -0.459839 7.37903 5.84668 2.15369 1.13257 
-2.34851 12.2721 4.01147 3.1803 4.01648 9.03564 7.04224 1.88538 3.9292 7.45972 
10.0349 2.86731 11.6842 3.80103 0.679565 -4.96277 1.65784 2.61096 7.05566 4.50488 
-4.8208 5.19275 2.15234 4.16406 4.87646 4.21802 5.11523 -4.21899 9.4093 8.95679 
11.533 0.761963 -3.14685 -1.23145 -0.488281 4.94202 4.18616 -3.72668 10.5927 8.82544 
3.92346 -0.913818 3.46594 8.68823 6.24438 2.66553 -7.5564 16.2887 8.00525 11.9619 
7.05383 -1.1394 5.85547 -1.61023 0.107666 1.15686 10.8007 0.749756 5.21387 9.18518 
4.30518 -1.80542 1.40991 -3.18567 3.55054 0.382202 10.0519 0.93103 0.77063 -0.842041 
-0.858032 4.28638 -3.82898 2.65637 11.5337 4.04968 -4.20947 5.73669 6.0752 15.0597 
-1.74695 2.39331 3.19702 18.4303 1.62817 11.2656 -5.23987 0.00317383 11.8817 12.8413 
-1.48376 7.11365 7.62292 7.96875 2.1748 3.85742 -4.18982 6.56787 7.04785 11.2726 
16.0538 -4.04272 0.982788 2.03235 1.53186 3.16223 -4.10071 -1.88989 7.55334 7.60876 
4.32751 -0.636719 -1.18848 -1.74121 4.75879 5.66309 1.97327 -2.59851 4.11328 3.14465 
5.5791 18.4271 29.2416 15.9938 0.483154 4.58911 2.1947 -3.51965 14.5808 6.24524 
-1.14795 3.75916 7.2002 9.65002 2.21216 0.78418 6.64905 -5.36072 9.87524 1.79541 
16.7772 7.56506 0.689819 -3.49829 3.16455 -0.991943 2.02319 9.64575 -1.2074 9.6925 
2.7052 1.15198 -2.63892 7.44116 5.71191 20.3956 1.50549 -3.08459 7.4021 13.6981 
-3.49866 4.81763 0.394897 -1.88696 8.79919 3.75635 -0.23645 1.34729 3.27002 7.48108 
-0.109619 -1.18616 5.01465 20.5594 -3.90881 14.6948 -9.36816 -5.28027 6.24365 15.8381 
3.92395 0.143188 5.5769 2.52466 0.285522 3.36426 -0.914307 -2.85657 14.3802 8.44397 
0.0228271 8.64563 4.30396 -1.08557 11.6823 -1.83936 -3.97327 9.85669 0.807983 9.7655 
5.21973 2.72668 5.79504 3.18201 2.73572 3.63269 18.9642 -2.97363 3.36792 2.06323 
3.93896 4.09839 7.69971 2.63318 -0.322876 4.08911 19.1628 -2.41333 4.57397 0.0397949 
7.55139 7.55786 12.5782 2.34082 4.00562 -1.31897 3.60278 4.70276 6.23889 2.6936 
3.01501 10.5078 5.15967 3.48669 4.26868 3.53589 -4.42212 15.3265 5.86243 8.81299 
-5.65833 3.99756 -1.81726 3.13464 11.9507 2.58545 -0.161987 5.61377 3.98669 15.4301 
-0.75354 2.59082 0.532593 11.3165 -2.2085 13.7717 2.47852 -6.57617 4.56958 6.9585 
-7.14551 12.5087 4.40552 4.75879 5.76086 9.047 4.71704 1.46252 7.59314 8.78113 
6.29358 1.3916 8.70422 20.5292 -7.7832 13.7815 -5.62073 -12.5026 8.88367 14.6799 
4.01953 7.90173 17.9802 10.5664 -0.140747 3.45557 -4.21289 -1.50061 8.17749 11.3597 
-4.44934 4.03638 4.422 0.891357 15.0459 2.45935 2.15723 1.59192 1.76074 6.21033 
-2.24426 3.70361 0.599609 11.4846 -0.180908 5.02966 -1.24463 1.95581 2.83142 6.62903 
3.77209 0.640747 4.75342 -3.70068 3.8512 1.6665 15.2438 -6.38464 7.41614 6.04834 
-5.32422 10.3402 1.42664 0.695435 5.29749 7.93164 1.776 -0.0771484 3.58362 8.61877 
-5.19385 5.89233 -3.7157 6.54248 14.9878 8.39087 -0.180664 8.4646 4.36096 16.8295 
-0.498169 8.63708 0.0709229 -1.97339 13.3739 2.12207 -1.52222 -0.512573 3.87634 10.515 
-4.34949 9.52991 -2.44922 -3.21375 17.5894 -0.81311 -0.815918 5.05554 3.53467 7.13696 
-1.12537 3.29578 5.66516 6.59814 4.64734 -2.29773 -4.974 15.9071 -0.423218 9.73804 
1.01416 1.10742 7.94629 -3.4729 -0.952759 1.30298 11.876 -2.57739 3.69739 2.53357 
3.20569 2.4043 5.56812 2.71436 1.15967 5.45325 3.58118 0.104736 7.94592 8.229 
-6.59753 3.72083 -7.14465 -3.09656 20.0675 3.61255 -3.44409 5.27173 4.81165 8.80212 
-2.43201 13.0105 7.1239 4.71191 1.51111 4.22314 5.38013 4.86292 5.20984 4.65857 
-1.22437 6.81482 2.21375 -0.845459 7.88818 1.18274 -3.86475 3.59167 2.74133 11.609 
-3.15601 6.70618 -3.79346 6.526 10.7451 5.52136 -2.45471 8.05444 4.04517 16.2408 
2.33105 2.01697 17.7656 7.77136 1.98645 -2.41492 0.790894 2.56311 4.45154 3.91907 
2.60925 6.10315 6.85693 4.72717 2.7959 0.522339 -5.48718 9.21387 4.81409 11.5162 
-3.16296 2.53723 1.99438 3.20789 1.3761 3.44397 1.73303 -0.794434 10.5281 6.47742 
18.3389 -3.52759 1.28406 -5.65649 -1.73743 3.76685 0.454956 2.02966 9.0387 0.397461 
-5.16113 12.4688 8.18958 1.61279 4.82483 6.42578 2.26221 3.92664 5.30896 8.46899 
0.0540771 0.61145 -1.12085 15.1069 -2.00623 8.2356 0.370605 -8.49731 4.81897 8.23389 
-4.22485 5.38147 3.91821 2.96692 3.82275 3.86621 16.35 -3.38025 3.79846 5.95752 
-4.23096 12.9668 3.00049 5.02795 5.63037 7.44421 3.29761 5.13 3.97559 9.99463 
-0.630127 3.34192 5.39502 14.5405 1.97717 4.71021 -3.57874 -1.14722 9.98535 9.89587 
0.0234375 5.37158 -1.13269 -0.736816 8.22754 2.65112 0.77771 1.45105 1.02686 4.77026 
-4.15356 11.5651 2.41492 -0.302002 5.03296 7.8916 3.474 1.33154 2.9502 8.82971 
-4.58691 13.0297 2.6825 3.9624 6.8103 8.22192 3.89612 4.75452 3.01929 11.0726 
-0.0667725 14.0225 7.42847 0.339966 3.01819 3.78699 1.58936 4.13757 4.401 5.43555 
-0.887573 -0.679321 0.393066 0.391602 7.48669 13.3779 -0.889282 0.129639 11.6318 10.1633 
5.33057 -1.10291 -0.666748 2.2749 -3.01306 3.59045 11.8633 -2.41296 3.29504 3.32629 
21.34 2.18188 0.776489 1.23071 3.79395 -0.470215 2.68811 9.67224 0.46814 12.543 
6.74438 1.55493 4.72412 9.03162 3.0415 -3.90173 -7.30554 20.2094 4.14612 11.5819 
20.8503 -2.06323 5.49072 4.7915 1.3866 4.58679 -10.7745 -0.283325 4.9552 15.8914 
-2.64026 9.99146 8.64172 13.3573 5.54187 4.35522 -7.07776 18.4063 3.03894 12.9501 
-2.83276 3.40588 12.6884 9.41455 -3.19299 1.01587 -4.96777 3.05688 9.01245 6.8717 
-5.16211 5.44849 4.28394 19.2506 0.134399 6.8772 -3.50281 -8.12842 3.67285 6.53784 
-1.34326 8.03442 16.366 9.74341 1.49585 -4.27087 1.98865 -1.76404 7.85291 0.274658 
0.628906 2.27551 -0.917114 3.52295 -0.365479 8.1748 -0.491455 -2.25317 5.51563 8.6803 
2.38098 5.23914 8.91516 3.27039 -2.16309 2.15015 4.37195 3.13916 9.44556 5.65149 
2.96497 10.016 21.2698 8.03662 -5.24048 -1.05518 4.39148 11.1921 8.20654 1.70105 
-3.65259 3.22949 -3.47424 6.0647 8.87268 2.90918 -1.505 4.79761 5.6228 14.4718 
1.64746 5.84412 1.58679 -1.5166 17.129 3.92139 5.4137 1.32446 4.49268 7.76978 
-4.57983 2.10742 -2.26697 4.1709 11.6238 1.93823 -3.3197 6.01563 6.05457 14.6486 
0.221924 5.77002 5.72681 0.994019 3.65747 4.00049 3.38013 -1.18567 10.4923 6.64868 
-2.46973 12.5334 3.52759 2.76721 5.02954 8.01758 4.53088 3.84229 3.4408 7.95715 
4.15576 2.54834 7.7655 9.78442 2.35742 0.770874 -1.11792 -6.31091 2.76257 4.94482 
-0.990967 10.8943 1.13367 1.20215 8.03882 0.357544 -2.24683 7.85461 4.31152 5.77649 
6.70117 5.55969 3.18091 0.402344 2.80164 5.57019 13.1765 -0.633911 7.41699 6.27283 
-4.28088 13.2449 3.79382 1.99292 4.75537 7.56433 3.71631 4.85327 3.08875 8.29456 
3.20483 5.52905 24.4108 8.30042 -4.10242 0.0716553 -2.95093 7.32385 14.0328 11.8099 
5.34473 8.7417 -2.31677 14.7449 11.3453 6.66016 -8.98376 34.3901 1.28723 17.1167 
-6.36292 0.632202 -0.158203 2.09656 7.86853 1.89478 4.43213 2.03174 8.42249 5.63513 
22.0165 5.28613 1.73425 -9.09949 1.64038 -5.20618 4.39087 15.0341 -0.504883 6.05896 
27.4091 3.25806 2.74414 -0.565674 5.19482 -0.0740967 1.87524 9.41052 3.79443 12.5953 
14.6351 -4.23816 0.994385 1.34253 3.11157 1.44421 -5.2489 0.135376 3.31763 7.69336 
-0.180542 0.25769 -2.17175 4.09802 5.88037 9.94971 5.36194 -5.10083 18.1891 9.58655 
2.32275 11.9893 22.9503 8.74695 0.964233 -1.04419 -0.39978 -0.0789795 13.0776 7.6333 
-2.87805 21.6584 37.0381 17.3607 -4.36072 1.13367 11.415 5.43164 8.1488 2.75854 
0.826904 3.22156 -4.49133 1.00635 9.11877 6.48926 -3.0481 9.54211 5.29211 14.3712 
-0.256592 11.0343 20.2689 6.64026 -5.05383 3.90869 6.84216 2.94446 11.0973 3.1167 
3.15564 5.56384 21.83 11.5613 -7.51489 5.50867 -2.3064 1.93909 13.3273 9.59412 
-3.30627 5.29797 0.697632 4.69116 5.40601 3.64417 1.43347 4.23828 5.47009 9.16248 
-1.94312 3.28198 3.25293 1.27026 6.17859 -0.633179 -1.76001 4.29895 4.49878 10.3419 
1.68896 -6.20728 2.09253 6.98242 9.00549 -2.42749 -4.49365 13.6082 -2.17175 17.0435 
-2.28198 8.87488 22.988 12.376 0.441162 -0.654785 -0.220337 4.94763 7.9668 6.46973 
-0.158203 5.33386 5.53516 9.56396 3.84338 2.12122 -4.80103 14.1426 1.62756 10.5029 
1.73376 -0.594604 2.59631 10.9692 -4.00391 13.8071 -1.44153 -4.73779 7.60034 12.0002 
-2.41882 10.6593 3.38745 2.39221 2.80908 2.89319 1.9967 5.17969 3.91577 5.96228 
-3.8031 2.45374 3.88599 20.0254 -0.347656 5.2843 -7.08228 -5.00452 7.93323 8.54492 
0.289307 6.28833 4.1134 -2.08704 14.6909 -2.50732 -0.857666 10.7335 0.907593 6.29297 
-2.52588 -0.800659 -1.85986 6.47717 11.264 -1.26953 -1.06628 5.83301 5.35327 16.9636 
-2.54773 3.41101 -5.63757 -3.22961 16.6119 3.22766 -3.40381 6.25781 0.19812 9.28796 
-2.00024 12.8641 4.28772 4.02979 3.77185 8.86938 5.26135 2.4613 5.01257 9.36462 
-2.12451 4.36182 5.40149 4.05029 0.964722 4.40845 -2.64795 1.66211 10.2352 8.66724 
-1.20728 -2.31897 -5.65259 13.094 2.93494 14.3171 -3.94983 -3.00793 7.21265 11.8007 
1.2699 0.477661 1.46045 -4.4939 10.8679 -4.9231 10.8571 4.32751 2.13538 3.57275 
-2.23499 5.31836 23.0126 21.7994 -4.37573 3.67932 -7.52954 0.304077 11.1824 10.4558 
7.70068 -1.56641 -2.88586 4.01013 1.49512 3.46069 -0.538818 -3.75049 10.2555 10.0272 
-3.17505 1.46912 4.8512 23.2595 -0.185791 10.0479 -8.06348 -3.52405 5.05066 14.7468 
-4.73987 11.5115 1.84131 0.0739746 5.84729 8.23071 4.95764 1.86194 1.73462 8.30579 
-1.55298 3.50537 22.7897 3.9906 2.34326 -4.53748 8.44604 7.92188 2.52881 -0.767334 
0.80542 2.12585 -0.708984 1.95361 1.56604 4.63647 4.26025 -2.32751 12.7299 8.94043 
4.27502 7.12195 4.82117 -2.52393 13.5168 0.992432 9.68335 4.02344 -4.35571 4.66772 
-2.89307 -0.632935 -2.82629 4.03455 11.678 -3.45142 -3.06433 11.1989 0.641357 13.9551 
-0.972656 -0.888428 -0.42334 1.73987 11.6576 -2.88196 -4.82471 8.49585 3.28027 11.3817 
2.90613 1.60046 8.35388 5.9447 0.104614 2.51611 -0.244141 2.41223 6.0321 6.37463 
1.41455 4.2594 2.08179 4.2583 7.78052 -1.23633 -3.65332 15.1021 2.71594 7.91052 
25.4059 2.14514 5.4469 -1.66602 0.465942 -1.13745 -3.34607 4.78284 1.95374 10.2891 
0.281982 4.7594 1.58704 9.71704 7.14111 5.34351 -8.74915 16.1283 1.15857 15.2747 
-0.941406 0.886597 3.0155 12.0096 6.05139 0.0544434 -6.35547 16.2583 -0.144653 12.2738 
-1.34558 4.92468 16.8225 9.35168 -7.72095 6.28296 1.78186 -1.23779 7.60706 6.62537 
-1.03442 4.67871 5.26904 17.7646 -2.73352 8.94482 1.02661 -10.04 5.1228 7.97559 
3.39685 8.60718 11.0817 7.70862 4.52258 -3.75281 1.44324 0.54187 9.15015 -0.385864 
-4.80212 6.47864 1.04993 1.61169 10.9325 2.14221 4.91724 2.50989 4.44202 9.25366 
32.9398 6.96667 7.49243 -3.23804 2.75269 3.32239 -4.96143 10.2533 5.34375 13.1382 
-1.79224 1.59058 4.37769 13.5073 -0.808838 3.85242 -2.6189 -4.245 4.6626 6.36292 
-1.11621 0.216431 0.0476074 3.93091 11.4015 -2.39722 -2.3136 4.4502 6.20569 13.4509 
-7.1167 1.99329 -2.85339 7.71289 11.1825 -1.55493 -2.00647 7.32507 7.5437 16.1567 
2.01611 -0.488525 5.9585 5.42798 2.0553 2.89111 -2.34998 1.59802 15.8922 9.05859 
-3.2395 7.47681 3.46594 -1.18982 20.8849 -1.92834 4.16223 4.59973 2.11072 10.9774 
-2.0791 14.6681 6.37024 1.93518 3.81067 3.38171 0.620117 5.81348 5.5769 6.94531 
18.2181 3.69482 1.50024 0.321289 0.759766 6.37622 12.5079 -0.188354 4.94702 3.79883 
-1.53906 3.8822 1.83313 -0.525513 1.6543 7.62756 21.6094 -0.503174 0.357178 0.963989 
19.6658 -3.35193 -0.401855 -2.90332 2.07874 7.49487 7.01453 -0.00585938 5.99036 5.8418 
-0.335205 1.2334 -2.38684 -1.89355 10.3898 5.58643 2.80066 5.38037 8.66846 12.3118 
0.621216 6.10828 8.28638 0.667847 4.20801 7.63696 26.426 -5.10083 2.04553 3.15491 
2.79102 6.18286 1.33777 0.960693 2.91833 5.58801 6.13977 0.959473 10.5751 2.0918 
8.41821 9.90063 5.1571 -8.14575 8.703 -0.330322 21.7125 2.78442 -2.65222 5.32202 
-0.391235 15.3823 7.84521 4.14978 2.12183 4.1958 8.3103 4.92493 6.67786 6.27527 
-1.09119 14.7423 7.1825 3.08899 2.62451 3.35327 2.88403 6.82446 7.98145 7.38391 
-6.52881 -1.30969 0.990479 3.75903 10.6759 -2.17688 -0.206055 8.25806 5.57751 14.125 
0.755737 1.52515 8.54309 2.50879 1.76807 0.20459 -0.473511 -0.962891 15.7994 7.79846 
-4.95435 -0.308228 0.415161 5.48242 10.6801 -4.49817 -2.07056 8.53577 4.40063 14.0942 
1.08826 4.31812 22.6476 3.31812 7.13538 -5.25354 2.26599 6.5614 0.807007 1.61938 
-2.63611 4.03479 7.91382 23.5884 -0.556519 10.7043 -6.95935 -6.21179 12.067 15.9691 
4.25 3.50342 -0.373413 9.75842 -1.82617 14.7212 8.71423 -8.57666 9.33203 7.95984 
2.17297 1.54639 -2.26489 14.6674 -2.87561 19.5298 7.66138 -5.51624 5.54858 8.8573 
-7.224 1.96899 0.213135 2.23462 10.011 0.27832 -0.0522461 5.97107 8.04565 13.569 
1.89417 6.86121 -7.01941 -5.67456 19.8911 -0.433228 2.6698 4.60034 5.60828 8.7522 
-2.93506 8.85706 22.9304 11.7216 -7.47998 3.31201 1.38025 11.4496 5.89185 4.99487 
-0.750854 17.488 8.13342 0.286987 6.1709 2.43433 -1.11389 6.77332 5.93799 5.68628 
-4.8324 2.47351 -4.10156 5.56177 11.3446 0.322754 -2.1532 10.1444 5.6665 15.3605 
1.0741 8.98486 -5.6095 -5.53894 18.9401 2.11804 2.23596 2.81177 4.79919 10.5829 
-2.31775 1.13196 5.82703 19.6324 -0.324097 10.4646 -8.67188 -3.42761 10.7909 13.4919 
-5.35144 0.77356 -2.65466 3.42871 13.0371 -0.915283 -2.52246 6.94739 4.66736 16.3666 
-1.71948 5.05676 4.27954 1.21631 3.32544 9.22278 20.207 -1.73779 -3.35706 1.38489 
21.8843 2.92957 6.29468 3.63281 0.483643 1.80969 5.38208 0.139648 2.37708 4.76782 
2.29041 8.04895 -5.98608 -9.09363 19.6564 3.42578 1.51697 4.43701 6.04553 12.8868 
21.9968 2.62988 3.81055 3.36194 1.18213 2.12122 3.0376 0.791138 2.90833 5.76233 
2.1626 5.39087 1.90613 2.62561 2.46509 8.2052 22.5697 -5.78699 1.42676 4.70935 
23.7185 0.0936279 1.4978 -4.4093 2.69739 1.94861 6.76526 2.90271 3.83826 -1.10913 
0.36377 14.5979 6.26819 2.79919 3.39001 2.74756 3.32385 4.53796 8.47852 4.56372 
3.13708 15.6564 22.6432 2.76392 -8.12817 4.68787 2.33667 11.5111 10.0126 5.89539 
-0.125854 2.9325 6.95276 12.6122 1.88599 3.95667 2.20093 -1.65503 2.8501 3.36157 
0.640747 6.44214 -2.19495 0.75293 18.7302 1.24854 4.92456 9.54785 4.1228 11.1815 
4.7478 5.23706 -2.34644 3.67346 6.21362 5.48108 -7.03027 13.2074 6.56274 11.9736 
4.32764 0.369629 4.34277 2.927 0.615356 3.70947 1.8092 2.05359 12.5078 4.66125 
0.455688 0.0546875 -5.08203 6.76282 8.54944 -0.269653 -2.85437 10.959 0.881714 14.6305 
24.2501 -3.08765 1.25403 -3.0155 2.37781 1.63489 2.81177 6.87354 1.68335 2.93457 
-0.869873 13.3767 5.56628 2.51636 4.90771 2.68494 1.34216 4.67993 7.66931 6.9552 
3.82068 16.1127 30.7429 11.9862 -7.70801 5.73315 -2.18286 13.2056 8.72266 11.2037 
1.80347 2.20142 1.75781 9.40784 0.128418 1.45959 2.04138 -2.24402 4.53625 1.0918 
2.39368 10.037 -7.28552 -7.17297 17.6367 8.16724 1.63721 4.7616 6.5835 13.6229 
4.20715 8.78076 4.53699 5.10608 5.34412 3.31189 -7.98694 15.9969 5.99353 13.0996 
-1.67151 6.57349 1.82129 1.45703 1.14001 4.09412 10.3015 1.07422 14.641 5.14307 
2.10742 -0.549194 -2.61768 4.1842 10.9098 -1.74878 -3.99121 10.5869 5.44055 16.3336 
15.6598 -3.82813 2.28674 -2.15637 1.35974 2.15222 1.39612 1.14539 5.61963 -0.501221 
-0.927368 15.2987 7.32886 1.44397 4.46729 2.47156 0.280518 5.62061 5.55371 5.80933 
-5.07458 10.2235 21.2039 5.86475 -0.4729 3.45532 -1.52563 10.5071 5.28687 9.83093 
2.41748 1.9165 1.28394 15.8033 1.51685 11.4508 2.74731 -7.22437 7.82666 6.09924 
6.81763 6.99475 1.96484 -4.71802 17.1431 5.58838 9.04443 3.78235 4.72693 6.47998 
8.69177 5.80554 2.41235 -2.75623 5.78418 14.7443 8.08264 0.142822 5.46875 1.41162 
3.16113 6.02209 1.17163 -4.63684 -1.19592 4.93579 18.733 2.75171 0.303345 1.22791 
5.15894 9.46155 6.14124 6.04651 4.91455 2.5946 -7.72363 18.3301 3.9718 14.0334 
-2.20886 5.03528 4.56628 6.79688 2.2135 7.53906 2.07336 -0.875122 15.8336 8.26904 
-4.94055 -1.60413 -2.33923 2.32275 10.4569 5.90149 3.01599 4.46179 6.87451 14.3964 
-1.87329 4.9801 5.28809 5.7854 -0.851685 4.38 -1.6792 -1.42566 13.879 8.11389 
0.550049 1.01794 2.61047 16.4924 0.111816 8.08752 -3.60999 4.74231 8.91211 10.5901 
-0.515625 11.1667 -6.15271 -6.02234 19.6659 7.49194 0.506592 1.59827 5.61646 13.1255 
4.20215 6.3927 -0.0333252 7.68237 4.54431 4.25317 -7.54333 16.5411 4.82678 13.4441 
-4.11182 7.92725 7.9021 2.64954 -3.85364 5.10706 10.4138 0.560181 13.9711 4.54651 
-0.847778 2.52124 3.08789 0.869385 -3.87036 0.900879 12.3173 2.72278 3.84192 -0.877319 
2.37732 3.93054 6.78601 9.9679 7.38367 -0.698364 6.36365 -3.5813 4.36292 -0.258301 
0.0603027 10.9534 -1.15552 1.66345 14.0638 8.18982 -2.27661 4.0968 3.35291 10.7637 
26.0927 0.0358887 2.88562 0.890015 2.18896 3.98975 0.622925 3.85742 1.89221 8.12354 
-6.46423 2.6366 -1.41333 5.79565 10.1611 -3.5968 -3.34082 8.43774 10.3064 14.443 
1.72375 2.15894 -1.63867 10.4901 7.07056 4.3302 -7.60071 19.2822 6.3667 14.2162 
0.192993 16.1525 7.04248 1.33386 6.18433 3.02161 0.577637 4.94861 5.99072 5.88062 
-4.06958 3.36072 -7.15918 4.09387 13.0532 4.58838 -1.25635 7.59485 6.755 16.6428 
6.23755 4.16565 3.06592 14.8345 1.66602 9.30933 -4.34058 -4.96997 6.74585 11.5941 
-0.961426 6.65979 1.97449 3.69373 0.461914 5.7345 7.79993 0.716553 14.2987 4.67004 
0.717773 10.2811 -10.4269 -9.41199 22.8522 6.39111 2.50488 7.49768 7.87756 14.4319 
3.78235 6.88245 -0.807739 7.81897 6.14075 6.59131 -8.22437 17.3046 6.17639 13.9506 
-0.287964 6.1366 2.90137 8.01904 6.11072 8.11987 8.651 -0.797852 7.76489 4.48755 
22.0298 -1.49902 1.40186 -3.58069 0.783081 8.09717 6.15869 -1.77429 9.71497 6.75073 
-3.29065 0.0161133 -4.0675 4.5979 12.1886 -1.55811 -2.21008 6.72583 5.71362 18.0544 
-3.6814 14.75 6.54688 4.30933 4.73755 5.62378 6.9563 5.60547 5.78894 8.06116 
-3.45776 3.88965 2.33997 -1.25403 22.2299 5.40356 7.01294 -2.64758 11.9547 12.1276 
3.4762 4.66064 1.05591 -1.45984 4.07861 11.8263 10.2976 -2.61841 7.70532 -0.410522 
1.08838 6.97571 -5.48206 -5.02356 15.7939 6.71863 2.4928 6.02673 5.74243 13.0858 
3.51318 1.93823 -0.852539 1.82837 -0.352417 4.9657 13.8835 -1.49219 -0.121582 2.84155 
1.80652 6.67517 14.2496 0.211548 5.54626 0.0809326 -3.36145 -1.55261 8.06592 8.5603 
24.9196 -2.05127 1.08789 -3.13879 -0.667114 8.9541 1.55371 0.290405 9.5957 8.44141 
6.10706 2.00195 0.0804443 -0.699707 -1.88086 -1.97363 11.6692 2.84534 4.83777 -0.568481 
5.7738 8.71057 16.9102 8.91553 5.01086 3.41943 -2.00439 0.271118 4.99536 8.29309 
3.31567 15.3383 7.87793 0.398926 5.37207 2.97974 2.20471 4.31946 6.53137 7.23206 
1.77795 15.4873 5.14783 2.31738 6.80176 2.54028 4.83777 1.85779 7.28638 5.74377 
0.608398 15.7694 8.80908 2.28577 4.38098 2.34399 2.34729 5.03101 8.40979 5.77515 
-1.73962 16.4749 6.13403 2.17371 8.92664 1.94678 -3.61353 7.047 5.86829 8.06946 
3.72278 2.53687 -2.19812 4.68103 7.63147 6.98108 -8.61218 17.5016 4.97668 14.0627 
9.88123 4.05847 17.4534 6.0697 -0.0738525 -6.10852 -2.42212 8.47644 6.13574 2.69116 
-1.7218 9.53125 -1.36011 -4.79822 19.5652 4.6449 2.33057 7.46985 7.15979 11.0576 
3.52588 2.82849 -6.06055 5.15662 10.4041 3.41748 -2.50952 18.8029 0.455566 12.4808 
7.93591 2.3501 0.454712 0.701782 5.2511 22.1204 10.5433 -6.32837 9.01624 7.97644 
9.09985 6.20984 14.7578 10.665 -0.378296 2.06445 -3.54272 4.56653 8.61194 7.64148 
1.5575 6.63635 -3.48364 -4.9707 10.809 5.29919 1.05176 4.53528 7.68103 12.6254 
-0.512573 9.10339 -6.19397 -5.34143 18.7412 6.01904 1.47534 5.66467 8.38281 11.9581 
15.1476 -1.24011 -0.127075 -1.86487 5.54639 22.2295 5.08289 -4.65479 10.5861 2.00671 
1.18347 1.8324 3.04688 -2.1936 2.03357 4.3269 -0.0944824 -0.651855 12.5332 8.53662 
-1.72998 3.74048 -3.0741 -1.51208 16.2953 1.07288 2.87805 11.186 8.34399 11.864 
6.77869 6.78979 10.2485 7.14893 2.21814 0.532471 2.61523 1.7229 4.33777 1.93762 
-2.79492 3.47595 -4.12817 1.67944 12.9458 2.50781 -2.00281 7.99487 9.5022 14.6317 
3.8186 5.49182 -1.8811 4.69678 7.92664 2.87085 -6.49512 18.8612 6.51904 11.135 
17.858 -3.40759 3.14209 -1.20215 -2.02905 4.60571 3.49426 -2.11536 7.05554 -1.57764 
22.7466 2.9939 5.38464 2.95703 0.0975342 4.08813 1.61816 0.473633 3.29822 7.68188 
5.58899 6.97827 2.55884 8.95752 5.60876 3.38049 -5.82019 20.056 7.60413 15.3696 
7.46313 2.60608 2.92041 0.897827 1.67163 15.3387 5.70288 0.732544 3.37646 0.886597 
-1.07312 19.4719 8.91138 0.205566 6.00586 3.56921 2.44934 6.09363 6.51465 5.14893 
-2.16223 14.795 6.68933 1.73853 4.45276 2.57434 2.24231 5.8844 6.09412 6.73438 
6.44592 0.204346 -0.625244 6.4668 3.16602 2.30676 -5.19788 13.172 2.21899 9.64771 
2.37219 3.69934 1.46082 0.107788 1.11426 2.18604 15.7756 0.424194 1.28894 1.01636 
-2.06335 5.46802 2.62598 -0.0592041 1.57227 4.49731 19.7787 3.41699 -1.49707 1.36938 
7.42676 -1.25256 4.61646 -5.77161 1.71973 -3.26758 12.3451 2.28223 1.56335 5.55481 
-0.00915527 5.45276 4.12573 7.77539 -0.393799 6.3186 2.54553 -3.35156 16.0463 7.05603 
0.0762939 11.4875 19.6683 11.976 6.2522 -0.979614 -3.33704 7.69604 11.1606 13.9735 
4.9054 9.61316 18.0039 10.1481 -0.221069 -2.27063 0.647583 8.5752 9.53491 5.02148 
2.49939 8.21887 -2.18372 -0.91687 9.47949 6.57117 -6.0603 14.7374 4.26624 13.2194 
5.8374 5.89465 -1.06152 5.39185 6.20422 3.52698 -4.64221 16.7109 6.05029 12.8867 
-3.55579 1.94629 0.988403 -1.30872 14.0206 0.447021 5.59338 12.5868 7.96619 8.56775 
25.4481 -0.810181 2.91333 -2.80957 3.55347 2.04883 4.49976 3.63074 3.14478 7.52808 
4.21069 11.8781 12.8431 5.16907 1.76221 2.3717 1.02698 4.43018 6.63 6.79761 
1.0459 9.05334 0.825317 -4.36902 16.1289 2.75977 3.91882 4.98486 8.35046 9.93323 
1.36523 6.52332 10.8965 8.87207 -3.14954 2.60315 -1.5957 12.0164 6.84485 4.29626 
-1.04846 15.2279 8.65247 2.63159 1.66724 2.88184 5.72742 5.80945 6.95801 5.04895 
5.55359 -1.91187 3.3446 1.17114 3.12915 5.80249 1.94177 0.321533 12.988 4.74695 
-3.32727 5.33386 -2.849 1.74377 10.4679 4.78174 -0.0799561 6.63477 7.00757 15.004 
3.54395 5.79724 -0.212646 2.74316 0.137695 5.57227 18.3632 -3.11731 2.48364 1.42126 
0.722534 17.5583 8.91321 1.09692 5.3833 1.76489 2.11487 6.11365 6.54858 3.63086 
23.4733 0.310425 6.01465 0.58606 0.181641 4.20569 5.0376 -1.8009 5.14294 7.0282 
8.21838 5.54883 0.344727 -1.93701 6.06763 18.6199 7.75745 2.93884 5.92847 4.61792 
0.400146 2.94031 -3.03821 1.66113 11.4987 6.5791 0.107178 5.34204 7.93994 11.2308 
8.49548 1.35779 4.96521 -3.84399 1.88354 -1.82092 13.3829 1.17712 4.36963 5.26208 
-0.22998 3.48755 -4.64844 3.61389 9.32495 4.64673 -2.24304 8.51184 5.48352 16.2878 
3.46082 -1.11267 -4.22607 3.71619 3.31104 15.6716 7.01733 -0.62439 13.2468 6.28918 
23.8286 2.54419 5.25757 3.79333 3.77832 0.607422 2.00842 5.51233 0.897095 8.17432 
2.3894 5.39709 -0.737305 6.34265 5.72778 5.19519 6.92798 -2.3053 3.74414 1.83972 
20.8391 1.94751 -1.90234 -2.40381 2.47119 9.17029 7.20264 3.03247 8.03394 6.41846 
1.67737 2.8446 6.51453 9.82422 2.52734 10.4873 -3.22583 -0.453125 16.1324 10.671 
-0.968872 3.56604 3.08325 16.8826 1.54187 4.28882 5.8894 -1.51624 2.00977 0.56311 
-0.684692 6.10095 -5.44055 -3.63928 11.5734 7.19348 -2.95203 6.49927 6.56726 16.0658 
3.30225 3.61267 -2.35583 -2.19116 1.91516 1.67932 13.7961 2.0387 0.734375 -1.27319 
2.10681 -1.67859 3.10059 17.2032 2.08813 11.4608 -2.04846 1.39343 6.875 11.3107 
26.0049 -4.02686 -0.803345 -4.32434 3.01306 9.97168 0.894897 4.13635 8.14209 7.19116 
1.8678 13.3086 7.06763 1.33093 -1.16748 3.40369 8.10095 4.26074 7.65161 2.44983 
1.07019 13.9714 30.5474 16.969 -1.47241 -1.71155 -4.1792 1.63733 17.0709 7.43982 
1.28308 -1.52222 4.56458 29.1021 -2.92273 10.9868 -11.4189 -8.83569 13.8276 12.4872 
-4.09912 7.23218 -5.69824 0.531738 19.4561 -0.467407 -4.19824 4.90527 2.11951 10.016 
4.10376 2.10657 -3.72913 10.6125 3.49597 18.683 1.56152 -7.30078 6.3374 10.8507 
4.93762 8.6499 10.179 -16.5355 2.53796 -7.36475 18.3157 8.95361 0.475342 1.7052 
3.29553 1.54419 3.78333 3.55334 6.10925 -3.54114 -8.10571 19.2075 2.81311 10.7559 
19.157 -5.64551 1.15149 -3.38281 1.15686 8.53674 2.77795 0.411499 3.47021 1.61145 
-1.09253 14.0397 4.62244 3.98242 3.28687 4.59521 5.98108 5.16516 6.42615 6.67639 
3.22607 9.61255 23.9386 9.6189 -9.99817 12.4143 0.190308 -8.54626 11.9014 13.8771 
2.86414 2.88403 5.97839 24.0968 1.52344 10.454 -8.83386 -10.8232 4.88623 9.86121 
-2.29138 5.65149 -0.997803 -1.13708 13.1743 3.62915 -4.36609 4.96313 3.20789 10.6687 
2.77063 5.02869 -0.6427 5.41541 5.83826 18.223 5.41907 -6.44836 9.70386 10.9564 
2.10461 2.54419 5.19836 -9.84338 12.7518 -6.59863 18.5586 5.41553 -3.42981 7.74048 
0.963501 1.63904 1.27002 2.30933 5.505 -1.70007 -3.45386 10.9216 0.281738 7.76379 
2.23059 1.28625 5.21912 1.75793 -0.712646 0.809082 2.25024 0.322632 12.9586 5.61584 
1.79272 -0.0341797 -3.59021 1.57947 8.56995 4.49402 0.788696 3.21167 5.01538 11.2063 
9.09509 2.36182 3.48059 0.335693 -1.8573 0.518555 1.43823 1.59534 3.89624 2.90967 
-3.31165 15.6052 6.0343 0.685425 7.57166 1.80725 -0.56958 6.8219 6.0542 5.63538 
3.37061 13.4852 20.8226 17.2743 3.66846 -0.932739 2.11194 -3.43311 16.5433 8.47607 
-1.8739 -3.19275 1.94958 23.9799 0.13147 11.8846 -10.9427 1.65723 11.2953 17.7683 
-2.38989 5.12561 -1.82739 -4.39514 21.6973 -0.218506 -3.8927 6.83716 4.32666 5.24939 
6.13855 -0.356201 -3.33167 7.63062 0.210571 17.6716 3.49414 -2.62061 6.48083 5.99646 
3.49207 4.26025 3.65845 -4.71655 11.3938 -3.68213 19.3182 5.17456 -2.69189 8.00562 
2.79834 1.16394 2.38184 4.14612 6.21338 -1.36743 -1.87488 12.131 -0.448975 9.37537 
1.04565 3.04614 3.07275 2.14282 1.65161 0.0361328 8.52295 -5.54382 10.5835 6.86328 
5.26013 1.4021 -1.94775 -0.431152 6.28064 14.1658 5.51819 -0.733887 6.8999 8.55884 
-4.54346 5.19849 -4.33545 -3.95044 18.6453 3.2196 -1.40869 4.94019 4.47998 9.71448 
-0.747925 2.67444 2.17603 -5.71008 6.79431 6.58984 1.78491 -4.94458 11.5479 8.11035 
2.52051 1.61975 0.512573 0.222412 9.04358 -2.56396 -3.33862 11.9839 0.515259 11.157 
-2.48828 7.61023 -3.57104 -1.60278 19.6003 0.172607 -1.35046 5.81812 1.63489 8.83569 
0.394531 5.31665 5.01038 14.6503 6.70215 4.9552 -5.49146 24.0283 0.286011 13.717 
-0.141479 1.16272 4.5802 6.27051 4.88672 -2.6217 -3.57361 12.7151 0.234009 7.99524 
-6.83069 -0.181396 6.73438 23.4408 1.17261 10.2487 -10.777 4.47192 6.50488 13.6935 
1.32886 1.70728 -1.22522 0.78772 8.61096 2.55481 -1.48169 5.31714 3.48584 12.4984 
-2.05469 2.05383 5.04895 -0.174561 6.1178 1.70911 2.24939 -1.01318 13.0302 7.94641 
0.399658 0.953979 5.62561 1.44873 2.74585 1.79871 3.72144 -2.45459 15.4277 7.50732 
-2.89661 1.25342 6.52332 16.313 0.926636 7.3241 -9.50977 -1.57568 6.58618 10.4656 
-1.10767 15.358 7.4873 4.95398 1.41443 5.30359 5.03284 5.1958 6.0022 7.23889 
1.23694 3.04822 -2.40381 6.40979 1.14722 15.1726 7.75891 -5.62207 5.93494 9.71204 
-1.44971 1.24243 5.40723 3.66638 1.50146 8.19031 5.21948 -4.92041 16.0265 8.49634 
8.7135 23.0188 29.1555 15.7926 2.5929 2.28259 5.2782 -2.79443 18.7925 6.15247 
4.58411 3.71985 5.0481 3.28564 5.27368 -2.78198 -5.15015 16.2863 2.45288 9.05164 
-1.76709 0.139282 -1.63721 -0.588989 15.8412 -2.11597 -3.40698 6.74231 0.94458 8.83643 
-2.25269 5.88623 21.5619 4.89392 -0.657837 2.46326 -1.85168 2.28967 9.29639 10.4391 
-1.40076 11.38 6.52588 1.25476 2.33044 2.35278 1.2771 3.6084 5.84253 4.87097 
6.02002 3.98303 -1.41663 1.07666 4.77295 10.3583 6.43774 -2.12231 3.08569 8.01575 
0.114746 4.55432 -4.55225 -0.246582 15.9432 -3.3219 1.62451 7.47644 1.66064 8.70288 
2.78027 1.75781 -4.39526 7.07227 9.00879 22.2844 3.58801 -3.91553 7.36084 11.9271 
2.56152 3.02942 -0.3573 5.67664 4.1925 18.6646 3.59094 -4.01941 4.34546 11.103 
-1.4043 2.94409 3.9801 -0.974731 3.13464 3.97803 2.38879 0.0760498 13.0314 7.53308 
1.66223 4.95129 4.64954 -0.240845 11.24 -2.49768 11.663 8.55078 -2.34509 4.23901 
-2.89722 4.02625 -5.2345 -4.5415 19.8671 2.70544 -4.16711 4.6748 2.77319 8.6333 
-3.97729 -0.826538 -0.27771 -1.83972 12.2094 -5.00647 -2.98108 9.01367 3.54199 7.37024 
-7.48669 7.5321 2.32385 0.438477 15.5895 -2.55713 -1.77026 7.29199 2.18542 10.9686 
-4.17236 9.93884 1.81799 4.02698 5.40698 6.11658 0.242065 6.37537 2.94153 10.3282 
-0.593994 1.78259 6.1748 2.14453 1.36035 0.90979 2.38147 -0.706665 11.5178 8.82959 
3.06152 1.61707 9.12646 5.82043 0.848633 -5.5011 -4.88599 16.2754 5.20447 9.34448 
1.38049 0.866821 -2.22058 11.8939 -1.60144 17.6051 11.7126 -4.6438 7.57739 10.9119 
4.38367 3.5929 -2.27808 4.47424 0.347656 12.9686 7.12817 -8.20068 5.52661 7.51672 
1.07874 14.1377 7.17114 1.15283 0.890259 3.95886 7.43774 3.79102 7.20947 5.00977 
-0.93457 1.90527 3.40894 -3.4231 4.23279 3.78357 9.98999 -3.99512 9.44751 6.91638 
-2.94641 1.46948 -2.32361 3.56641 9.01733 1.57263 -0.246948 10.0817 1.95569 8.93774 
-2.9519 13.4808 6.08081 4.49158 2.96143 3.22192 1.98413 6.85266 6.18884 7.65088 
-2.71606 -0.430176 1.21594 22.9343 2.29602 10.6398 -10.7896 4.08447 14.3802 19.1052 
1.01575 2.50854 2.6853 -3.0614 12.7606 -1.53101 15.9974 1.05676 0.47583 5.90344 
0.365234 -3.93689 5.96777 20.4171 -1.73767 5.90271 -12.4801 5.23035 7.98413 13.4501 
-4.24561 0.0794678 5.40454 17.2518 1.51123 6.70752 -8.80359 1.77515 6.04297 11.5552 
-2.4939 15.6223 28.912 8.14514 -2.1936 4.05347 2.66736 8.58032 10.7865 7.71411 
4.05383 7.70105 14.8201 11.1945 -0.302734 2.86035 -4.57373 -1.79175 14.3809 11.3263 
8.17261 3.1217 4.3335 -6.40283 12.9354 -5.58252 17.8138 6.42322 -6.89075 6.72375 
0.206543 0.65564 2.30396 1.60681 9.00256 -1.17883 -2.72327 4.35693 8.35608 13.3235 
-0.345459 3.56677 -9.02271 4.15503 12.9393 0.661621 -4.25452 9.74976 -0.775146 15.4833 
9.93054 1.99426 10.2374 -5.14368 4.98596 -5.08618 17.015 11.5364 -5.74927 0.614868 
4.2782 -1.88513 0.0633545 0.0445557 4.76282 15.4677 4.19446 -2.93762 8.88135 5.76807 
3.75879 1.76208 0.80188 7.06287 1.93335 18.4626 4.91016 -3.93005 6.36389 5.6366 
2.19409 1.62268 2.32971 22.2865 0.570801 12.7166 -3.45569 -2.90613 13.9816 14.3051 
-0.608521 3.14343 7.15381 18.5454 -0.103638 5.9231 -2.47693 2.41956 9.12061 11.2144 
2.17603 3.69556 4.92517 -1.34033 3.80188 -0.567871 6.07751 0.856689 14.6735 8.27649 
0.243652 15.0149 7.99414 2.5929 2.53235 3.90833 8.52502 5.03784 7.60364 6.03528 
0.413452 2.01111 5.17798 -0.595581 10.6506 -1.15247 11.7905 1.81799 -1.26428 2.61426 
4.43042 2.74548 2.14478 11.5604 -1.65881 17.7373 4.70703 -8.41394 6.36731 10.4872 
0.68457 5.1311 4.38745 -9.73352 7.67139 -0.28418 18.7919 5.62366 0.55249 9.20325 
-1.47681 2.21765 1.50989 -0.378784 7.54504 9.65149 -0.356689 -0.315552 15.8079 8.94287 
-0.710449 14.0728 6.45068 3.11157 1.67505 3.48242 7.06299 5.17908 6.63013 4.71082 
-2.66577 3.26733 -1.67859 3.26111 11.0645 2.45276 -0.75415 3.26221 6.65308 15.1287 
1.37598 6.7019 4.66113 3.71899 3.77954 -1.32202 -3.70422 16.9554 3.15112 9.96826 
5.87048 2.34949 7.28394 -9.3103 10.936 -5.91589 25.4615 7.17664 -2.67932 4.0636 
-0.983398 3.40588 0.895508 3.44775 6.94019 7.16931 3.57495 -3.05396 16.3499 7.94482 
3.5127 4.59058 10.465 17.1329 4.46826 2.49304 -6.89709 -2.83386 11.4479 11.4006 
5.40076 0.579834 4.62598 4.37329 2.54065 -4.32336 -5.65918 15.8882 -0.994385 6.46423 
-2.96765 3.80115 -3.02112 0.172363 15.7938 0.0860596 -1.04016 5.26257 2.89124 9.22595 
2.24353 1.73108 3.05457 2.92163 4.66833 -0.114014 -2.69434 10.0875 1.77234 7.78833 
23.0857 5.88586 0.493896 -8.53662 2.41406 0.0457764 6.83618 14.677 0.436523 8.19739 
-0.905029 -1.39429 -1.42285 4.18091 8.81396 3.65259 -1.69592 7.58936 7.61707 15.567 
16.0941 -3.97021 0.787842 -2.37122 2.74951 1.5481 3.16577 5.51025 3.7251 2.58875 
17.0919 -2.50586 -0.881592 -6.86267 2.89197 1.43347 -0.37085 10.6965 5.14966 3.453 
-6.20874 -0.824829 2.69373 15.8148 0.875977 5.93445 -6.78552 7.02893 5.09863 12.4037 
1.20801 4.00171 8.27698 2.75476 7.31775 -2.70728 -5.00586 6.77295 3.60681 11.2598 
0.688721 4.35669 -2.94543 -1.2179 10.9916 3.83716 -2.2511 5.92603 7.27563 14.4185 
1.05957 1.97546 2.56494 18.8175 3.70923 8.50317 -4.10876 -4.3645 12.5635 12.0333 
22.0408 2.67859 1.14172 -2.73438 4.24744 1.01331 4.38562 9.91638 0.109253 6.37891 
2.10815 9.65759 15.5726 5.69006 1.00488 7.99512 -3.46191 4.82983 5.98535 8.43384 
19.4847 -2.17688 1.2002 -4.69482 6.36243 -1.8136 2.99792 8.4906 2.7085 3.2616 
-3.22888 16.6399 7.02026 0.0640869 5.00305 3.06372 2.1864 6.25867 6.02759 5.57593 
19.2542 5.53564 5.26062 0.0808105 2.2511 0.22937 4.84985 -0.790527 2.84924 6.71228 
2.31836 12.9725 8.27832 0.341797 -0.733398 2.40662 6.79932 4.37341 7.60742 2.61072 
23.453 7.89307 1.97949 -0.77478 3.42859 1.98547 10.7153 -0.727295 7.69006 4.71594 
-4.677 2.07849 -0.266724 2.28455 17.2828 -4.02722 1.16833 9.81616 0.193481 9.33765 
19.7299 5.45715 1.58875 -1.44104 4.84644 2.77258 7.5293 -0.106201 5.57886 4.38123 
0.476196 18.1853 8.13635 0.529785 6.82324 2.18738 0.731689 6.92188 7.63074 5.12317 
23.9387 0.701416 -0.146362 -5.94031 3.87463 4.3053 6.65344 9.12292 3.70044 6.2627 
-4.87573 3.66626 2.50476 -1.7876 13.5057 3.76306 1.98511 4.05957 5.66846 8.71704 
4.78113 2.83252 6.65784 1.62109 4.53467 -3.0553 -5.06335 12.3776 0.210571 8.49512 
1.07739 5.13708 -4.04016 -3.51587 9.77161 6.13684 -3.22205 4.30188 5.59875 13.4458 
4.29956 5.27673 5.38818 -6.53528 5.89087 -0.860596 19.1597 4.47302 -4.60974 5.88013 
0.151123 7.83594 29.6177 11.3029 -5.85645 4.48926 -3.86804 5.40894 8.19092 9.43909 
2.43372 2.22754 6.41113 -5.44336 6.95447 -4.7832 11.4928 4.94165 -2.91284 5.84229 
0.304443 21.0449 29.1016 12.2546 2.10425 0.55542 4.85071 1.13 12.3571 5.57837 
3.9707 10.0273 19.1439 12.3102 4.15625 -5.10596 -3.68811 5.15503 12.8821 7.45154 
1.73645 -0.28772 0.00195313 2.27844 8.77356 -1.49683 -6.4718 8.77234 6.74194 13.2825 
0.230225 3.16333 -1.23254 -0.220581 7.18323 2.37878 -2.36865 6.43079 5.01489 11.8336 
12.6572 2.28333 -3.64441 1.62927 -1.27576 3.68677 0.921143 3.25415 2.37549 6.73132 
-0.921509 15.4417 8.00891 4.41309 3.52979 6.39697 7.0791 5.52893 5.73303 8.58997 
-2.19861 9.99011 22.8392 13.9746 6.46216 -6.70703 -1.76563 6.41235 9.17615 6.70349 
2.9408 -3.26331 1.21277 13.2987 -3.05042 5.30859 -4.78064 -6.12463 4.80579 10.2866 
-4.34778 4.19702 -7.4325 -3.56702 23.3276 1.10107 -1.83984 6.14917 2.8623 11.386 
-1.52881 -0.322754 -7.19604 8.30432 2.19287 18.6123 2.49902 -5.7655 9.25745 12.7739 
-1.27783 2.32568 5.34485 -2.78809 8.04688 1.14539 22.1572 -4.05786 7.63538 7.36145 
1.85657 3.30762 2.52551 6.48303 3.11401 -1.46765 -6.87341 19.816 2.88733 11.9447 
4.43628 -2.59766 0.926514 0.252808 4.55957 2.14636 1.36292 3.28479 13.2871 10.7437 
-6.00305 1.82764 -5.30347 8.54822 12.5612 2.78149 -3.41553 11.495 0.702148 17.1342 
23.0739 0.895508 2.44299 -1.52295 2.93188 -2.53577 -0.927368 5.11719 5.27527 6.98645 
1.31726 14.6833 7.58337 0.676147 2.59985 3.59314 4.77197 4.47632 6.81299 5.65515 
4.47583 4.31982 24.5331 11.4707 8.1134 -10.0159 2.99133 -0.814453 3.56909 3.93164 
-3.53137 1.16797 3.53052 15.6727 0.0604248 2.49768 -1.58728 -5.37744 4.24292 7.70874 
-11.1877 8.43176 0.677612 5.24084 16.6089 -4.06885 3.23523 5.1698 4.62524 8.50024 
1.6521 -1.32104 -3.35229 11.668 1.88354 17.2054 -0.636719 -3.2312 6.72913 14.2925 
-0.0478516 6.99573 6.25366 1.28687 4.55396 6.95264 23.7657 -7.61072 4.96313 3.62646 
0.866699 4.21765 3.25061 16.0803 8.52295 4.43347 -7.35205 30.377 3.1532 17.6478 
12.9127 -0.215454 4.0321 -1.49707 2.00793 -5.27759 -0.0422363 8.15637 14.8777 7.25745 
-0.71875 -2.37659 -5.59253 7.6936 11.0875 1.0498 -7.40222 8.24463 3.75012 15.0266 
24.5305 2.44238 1.00049 0.777954 0.780396 2.01428 0.10376 8.01685 4.46179 9.87097 
-0.633057 14.8221 6.82007 1.99292 5.3252 3.17139 1.49097 4.59814 6.01111 5.63525 
2.75842 -1.08215 24.9102 17.4111 3.33215 -4.10596 -1.60718 3.64465 1.97083 6.84192 
4.72742 4.40662 5.51453 17.0364 -5.96033 12.163 -3.92126 -8.95813 6.93323 10.0519 
-8.83862 6.67285 1.39502 4.33948 20.5803 -4.97644 1.23242 9.80688 0.699951 9.32227 
3.23303 -0.525024 -3.56165 7.21899 3.59814 23.0997 -1.05066 -7.79004 11.0469 17.4738 
4.15527 7.99695 4.41003 -0.659058 1.14819 7.37244 21.0209 -8.25659 7.21594 4.31995 
3.54822 -0.00732422 9.14795 16.0237 0.100586 -1.59448 -4.54089 26.5337 4.5116 13.5782 
13.3489 2.11768 -0.841675 -3.06128 6.02051 4.24438 5.61206 2.40869 19.4398 10.2125 
-1.50171 2.39868 -5.19995 6.82983 7.953 3.59192 -3.71484 12.2694 2.48633 14.8799 
3.08557 1.80396 4.94592 2.29028 0.831299 3.66431 -1.43921 -0.762085 11.1086 7.47864 
18.7405 -1.24927 1.73767 0.302124 4.74023 -2.07312 -0.577026 -1.15771 3.97974 6.41394 
-2.04602 1.5282 -1.84192 11.3073 -4.49976 16.4384 3.22119 -11.0771 7.62183 10.1191 
-3.98059 4.83289 6.46973 -2.05591 7.73352 1.15039 19.7285 -0.801025 5.23401 5.74512 
-0.187378 7.73718 6.10938 -0.0895996 4.27637 6.06458 21.7217 -3.3363 2.19714 4.55688 
26.0858 0.515259 -0.122559 -0.914185 1.9281 2.9436 -2.11316 6.95349 5.04431 12.673 
3.50635 3.85486 0.81665 -0.42749 2.2262 6.32544 3.36047 1.41687 13.4077 6.78589 
19.3721 1.44775 1.62231 -1.08997 2.71667 -0.0578613 0.893311 2.36426 4.18713 6.55188 
5.52295 0.273315 25.7742 16.6676 3.73022 -8.80603 6.50208 -0.12146 1.1239 4.59192 
5.96448 2.38867 2.70386 20.3583 -2.87817 8.15173 -7.0376 -9.02087 7.04028 10.7499 
5.47681 1.36841 8.01538 20.5919 -0.777222 3.28967 -3.67773 21.0768 2.96289 14.5576 
2.69128 0.914185 -1.54785 0.159668 7.39844 3.03992 -3.29993 6.60303 3.73364 13.7113 
-2.80066 6.44885 0.0655518 -3.67236 18.9086 0.0906982 4.81775 6.42212 7.08374 10.6471 
-4.16492 4.72131 8.31616 13.8534 6.10559 0.903442 -2.22937 25.0529 3.76514 14.2332 
-1.21472 17.1608 9.2677 0.672729 2.70789 3.45239 3.15002 5.82239 6.79663 5.51013 
-7.06055 4.3938 -5.47656 7.79553 13.5785 0.952026 -1.52673 10.1624 2.10889 19.5894 
-1.74011 16.0049 8.14185 1.31873 4.94238 2.42981 1.34558 6.23767 5.12024 6.42444 
4.08728 -2.54834 7.87964 16.4447 -0.141479 0.23645 -4.78027 20.0455 1.97498 13.1218 
1.07813 14.0405 6.71729 0.944824 2.2915 3.48438 4.78491 3.68066 7.94751 6.19836 
-7.51099 8.01355 -1.12659 -1.33362 21.3115 -2.74512 9.22424 8.37158 6.30212 9.20935 
16.1205 1.49109 0.550293 1.76746 -2.99976 2.63831 -0.161865 0.287964 6.35559 7.09656 
22.0515 -0.222534 -1.7124 -2.20508 3.33215 -0.012207 -3.7207 8.93396 5.21216 10.6648 
-3.48291 8.42493 -1.41272 -2.46033 19.4878 2.05237 1.16992 6.55164 3.17908 9.23547 
-3.55847 16.7928 8.48242 1.64441 5.44568 1.08582 -1.24268 7.11304 6.05127 5.70996 
4.04858 -4.08264 8.17908 8.52209 3.16321 -4.83032 -7.21606 17.4639 3.04089 12.2743 
-3.2489 -0.560547 -2.65381 13.4078 0.498291 22.665 2.65686 -8.21118 5.89832 11.6605 
1.77722 2.52637 7.24939 14.4928 3.0636 0.139526 -4.15723 21.1566 2.81165 14.3083 
-0.49707 17.3625 9.18042 1.54822 5.50269 2.07959 -0.818604 6.53918 6.13782 7.02576 
1.96326 -1.53333 4.31836 20.881 -4.19592 9.81726 -9.79846 -7.13 8.01172 15.4684 
6.55066 2.61646 -1.44836 15.0242 -5.49756 11.4072 -2.44788 -6.37561 5.35681 8.81421 
2.68958 1.9563 0.511719 12.9293 -2.65063 7.00037 -4.65234 -6.00769 5.65686 9.78845 
1.06226 8.84631 3.9342 2.453 0.751587 3.16541 14.5632 -1.68994 3.81494 3.20117 
2.61865 5.51672 1.82849 1.13049 0.894531 8.68701 21.1315 -6.04395 2.94055 5.67175 
0.675049 -1.07788 -8.43323 10.5602 10.9188 2.00354 -5.39514 8.89453 2.36841 19.5287 
4.93616 0.210815 5.42456 11.824 0.284058 -2.16309 -6.51233 20.9105 1.84473 12.3263 
-4.27869 7.09802 3.13293 -2.60779 14.806 -3.7207 1.69702 5.7179 4.37097 7.9082 
0.749023 -1.19153 2.09741 16.1835 -3.09448 8.33472 -5.33862 -4.74646 9.83606 11.8754 
27.4985 -1.54114 0.651123 -5.93018 10.0139 -5.56531 -4.38635 11.6097 0.901611 14.0111 
9.14734 1.90588 22.172 10.6631 -0.362427 -3.24414 1.55591 3.20837 7.35449 3.43115 
0.272095 -2.20984 -2.48511 12.4501 2.5481 19.985 -4.63379 -6.46277 6.10864 14.843 
5.81616 7.07861 23.6268 13.9053 11.2019 -9.83228 6.22144 -3.77393 4.56616 3.37244 
-1.96533 -0.97998 -0.193848 -3.70801 6.10413 4.61597 15.2288 -6.09473 8.04541 4.79407 
25.1069 1.59949 -0.919678 -1.3125 8.52075 -3.91748 0.865234 13.2931 0.0146484 13.0265 
5.35632 2.63281 2.41943 0.687256 2.06677 3.94495 -1.82837 -1.13501 11.1046 9.66333 
-6.83691 2.22412 -6.57214 6.83008 12.1078 -1.62073 -1.96985 12.1254 0.783447 16.6952 
-3.11084 10.1884 -1.00598 -0.697754 17.989 -0.687378 -1.18188 5.13025 1.53198 9.60046 
1.79858 2.37744 1.46692 15.9226 -0.62915 6.15479 -4.80383 -5.56616 5.65906 10.085 
1.31726 -1.17224 -6.39575 5.21899 3.68396 17.2234 0.665161 -3.04907 5.96082 10.4908 
-4.21326 6.39001 3.35315 2.34778 10.5802 -2.45972 4.42688 4.60205 5.72742 6.40527 
5.09229 5.22485 2.75537 2.46558 3.06152 3.01294 4.81995 3.78101 12.9072 4.96191 
-1.64832 15.5009 9.66907 1.85925 3.06335 2.78296 2.12695 6.37195 7.18506 6.69153 
-1.64001 -0.638428 -4.55334 10.932 3.15234 21.394 1.99377 -5.79553 3.80115 11.4655 
-7.45923 2.05603 -7.19727 7.55164 13.1851 0.783447 -1.52588 11.9885 2.03027 18.167 
24.9127 2.18066 0.912109 0.144409 5.08887 -1.28772 3.64819 10.1273 3.14526 11.6971 
0.808594 4.42517 6.35925 -0.732788 3.64453 5.39551 22.2916 -6.48938 9.14465 4.2323 
-3.46863 5.82251 0.399536 0.394409 16.8811 -3.27405 1.86572 7.66272 3.72168 8.38489 
-2.51868 -1.73499 3.18909 20.4911 1.03821 10.5006 -12.1125 -2.16992 10.0831 18.1687 
4.25671 7.00623 8.89453 4.30469 1.62317 3.54761 24.0876 -2.71497 2.66821 -2.0531 
3.46301 2.89417 -0.347778 15.729 1.625 9.01184 -5.98291 -4.31238 6.17126 7.19312 
1.5697 0.543701 1.7998 18.0443 2.30554 9.14844 -7.35193 -6.52649 8.60474 14.5322 
2.29321 6.38721 0.143921 2.26038 2.33057 8.59619 0.986084 1.74561 11.0651 9.25415 
1.0354 14.8462 8.52673 0.967407 1.66833 2.96021 4.96472 5.53027 7.72058 5.33777 
-3.14746 10.7052 -2.50391 0.194092 22.958 -2.70911 4.05725 7.22791 0.470337 10.6206 
3.9624 4.58167 -2.16638 3.11902 6.89954 0.893188 -2.46326 15.694 5.76013 10.2584 
0.79895 -4.76208 -8.22974 10.6267 6.57837 20.8232 0.144409 -6.59326 9.94885 15.817 
0.305542 2.88623 -0.364624 12.1248 4.73694 -0.817261 -3.91309 17.6282 3.91064 13.1136 
3.86243 3.56384 23.053 10.0392 6.29834 -5.4491 0.588379 1.71863 2.20728 6.01416 
5.92542 -4.4397 21.8187 12.8268 -3.30078 -0.224731 0.82959 6.35095 0.909302 4.29578 
24.4229 -0.831177 -1.2771 -2.20361 4.24402 -0.798828 -5.48718 7.19458 6.52405 11.6041 
28.8848 -2.0658 0.0961914 -3.89441 7.11926 -1.26855 -5.92017 9.60425 4.5802 12.7811 
-2.09973 13.076 5.31238 3.31519 3.73962 4.58789 3.89001 5.23682 7.40234 8.26575 
2.74573 3.73328 -0.116699 2.68677 6.78284 0.225952 -1.1123 14.4126 3.84631 10.8804 
3.48865 3.80615 2.36584 5.49805 4.80579 -1.48547 -5.6073 17.8236 4.38916 13.7079 
-6.53418 2.77942 -7.91406 6.60156 13.5203 2.36243 -1.50696 11.4438 3.48865 17.2815 
1.724 -0.878784 -3.7843 6.50049 4.34863 21.9492 5.82068 -1.74048 2.02991 11.0236 
-3.33826 2.69971 -1.39185 5.88232 10.0989 2.47437 -3.88428 6.74365 4.599 16.0658 
4.11755 0.512817 4.7334 4.77014 0.59729 2.56067 -0.00463867 3.46753 12.286 8.64233 
-1.72961 -5.16589 -9.89502 8.44299 14.5261 0.108398 -7.43823 10.8273 2.45703 19.8534 
2.04431 5.93884 7.48499 1.82678 3.16956 6.74951 25.6071 -7.54822 3.77014 1.84595 
6.88184 2.19568 1.19543 0.524902 2.42993 1.68958 3.44788 2.71045 13.5188 9.36877 
0.404907 3.39893 1.62891 1.32825 2.92993 4.58545 2.96204 -0.211548 12.6094 8.17786 
10.7529 1.21716 31.4517 14.5852 6.36633 -14.2521 4.16125 2.69702 5.19641 2.31592 
3.25903 3.39209 2.9458 16.9316 -1.62073 10.8931 -0.133179 -8.9801 3.19458 9.9447 
-1.75122 -0.405029 1.09497 -3.51819 6.46985 3.44202 18.554 -4.81311 8.46643 1.67957 
-2.19507 13.8209 5.39868 4.41895 4.10425 6.94482 5.58264 4.15918 6.35474 9.58875 
-3.41382 13.083 33.548 18.8193 8.85559 -13.3549 5.89819 0.38855 9.74573 4.10107 
-8.85999 4.67236 -5.85828 4.02759 13.9033 -1.23376 -2.3457 12.1606 1.76099 17.3184 
3.98389 4.63989 1.9978 3.09595 0.914551 5.16846 3.52087 -0.134766 11.6271 7.7301 
-2.08655 0.294067 -2.67004 5.7002 11.0752 0.342651 -2.7605 8.0929 3.38501 15.3085 
-3.51697 0.180908 -0.999023 11.6167 -0.380859 17.0238 -1.72546 -6.72461 5.14819 9.93616 
3.25366 -0.354492 23.2087 13.5922 9.19092 -6.81421 4.22351 -5.47949 -0.585449 5.03125 
2.56555 4.51099 4.75208 -3.3147 7.22351 1.28198 14.3992 -2.68103 6.59412 3.80701 
7.17065 5.51672 20.4792 16.4277 3.98462 -6.19763 2.27148 0.859009 7.55615 4.96887 
-7.51001 4.86865 -1.13782 -0.597778 19.9788 -3.71179 6.1748 7.38977 2.21436 6.63208 
5.25537 4.79639 0.602295 1.11414 2.70544 2.18982 3.05322 3.16541 11.3021 6.4928 
-3.17871 8.26208 2.11267 -3.07825 14.418 -5.89124 3.38403 5.46326 7.67603 6.86694 
5.28833 6.71021 5.86987 -1.84656 2.60254 6.23071 17.9808 -7.49463 4.7074 3.62598 
3.07251 1.19336 2.68933 10.9302 -5.93884 14.9158 1.45984 -11.2432 7.77979 11.7074 
16.1746 3.25891 3.49829 -2.33508 2.63696 0.916504 2.33496 1.01135 4.25415 5.75635 
-1.83264 14.9285 8.26599 3.55322 2.49695 3.95056 4.65881 5.7843 6.09277 6.33997 
3.85852 -1.93762 -7.52856 5.77563 4.7439 22.509 8.34534 -2.0061 5.46509 11.8661 
3.48523 3.78467 -0.403564 4.25635 3.91443 5.84094 13.0532 -8.79968 3.73999 4.50671 
3.08472 6.97937 2.89685 9.39014 3.39709 1.89551 -6.66223 20.9108 4.61426 13.837 
-0.605591 3.23901 0.729736 4.88965 3.2832 3.42212 -1.24084 -2.35364 11.494 10.3795 
-2.20276 -1.18323 -1.69153 3.90881 8.72217 2.03979 -1.09912 5.22021 6.45264 15.0126 
27.7374 0.352783 -3.46838 -5.32813 -0.406006 8.88281 2.50903 4.323 13.7935 6.60791 
-0.999512 13.3356 8.94812 0.988037 2.14954 2.05847 1.1095 4.82568 5.87146 3.86816 
0.163696 6.10938 22.162 8.47913 -4.63416 -2.48584 0.244019 11.7102 6.27124 8.79614 
6.64575 0.0960693 3.83948 19.0199 -1.90405 7.9425 -3.20544 -9.11755 9.60046 9.33997 
-5.05713 3.93127 7.06677 -5.41907 10.2567 -6.63611 7.10339 6.56201 9.53076 -1.3468 
5.68237 -2.46448 -8.41357 1.76501 2.70117 19.3187 11.4243 -5.50049 4.28503 6.63025 
3.80969 0.651611 10.6196 -9.35767 3.46252 -3.91797 19.7756 1.07764 1.9126 3.91846 
3.93298 1.05322 -0.931152 7.52014 4.85315 5.98596 -6.30347 16.3317 7.07239 11.0314 
-0.143188 4.42383 3.47058 2.75293 2.4585 4.37415 -1.29346 -0.570313 11.972 9.23254 
-3.66357 5.13831 -3.1228 3.93738 10.0637 5.68188 -1.08215 5.18335 6.61633 15.1733 
20.8359 3.96387 2.02539 0.755615 3.29004 6.36108 -5.83728 5.99597 1.70886 13.3682 
-0.643188 13.3873 6.07349 2.33582 3.43005 1.07703 2.84326 5.50525 6.66467 6.5282 
-0.315552 1.91406 19.9182 11.9009 -0.862183 2.57312 -5.04565 7.03247 7.82727 10.6085 
-2.52637 3.63245 3.44409 32.5433 0.73645 13.1544 -8.5332 2.06726 8.92847 14.5444 
-5.54663 5.10327 -6.4231 -1.06494 14.6843 0.467407 1.14233 12.4418 4.35901 10.8577 
9.05847 0.774292 -5.07043 6.86584 0.106323 17.8 5.36157 -8.12012 3.93164 9.56091 
3.90076 3.47949 2.96301 -3.37073 5.58521 -2.76929 15.2747 3.9043 2.65869 3.67981 
3.19592 -0.829102 -1.13367 13.5382 5.88416 7.89465 -7.11987 21.6779 1.9043 14.8579 
-0.947754 6.27002 2.69568 1.40686 5.43237 5.29089 -0.315552 -0.807495 14.3524 11.0183 
-5.5387 5.71924 -3.61536 3.19495 11.4844 2.75793 -1.00415 6.36792 5.86609 13.9926 
5.36462 1.18604 2.00989 3.2804 5.71204 4.99878 -3.97913 17.3613 5.70215 9.96655 
-1.03589 5.19543 -4.32214 -3.5614 16.2911 -5.21143 3.18762 7.36633 2.98364 9.61816 
4.18445 7.45093 19.6052 10.0405 -2.03845 2.27307 -2.73755 6.98962 7.9978 11.8185 
29.2708 2.85498 1.15027 -0.92981 1.33118 5.1427 1.28406 6.89587 3.62109 5.44067 
-1.61829 5.54443 -1.74292 3.33582 9.14233 3.20532 -0.797241 6.68347 6.61829 14.298 
28.6057 2.47363 2.55066 -6.84753 5.61963 -2.60217 1.75574 13.2539 -0.367676 7.58044 
-1.98145 13.5319 7.9751 2.31116 4.28345 1.97107 0.714844 5.04443 6.73804 6.06018 
5.96472 1.85559 -8.54272 4.38965 7.37048 22.1494 12.7643 -2.78589 4.74365 11.605 
1.84924 3.06519 6.48523 6.47437 -0.557617 5.46277 -2.37598 -2.61316 13.6268 10.5652 
1.65857 1.86572 4.29431 4.69397 -1.28748 6.04297 -2.42871 -2.08118 11.9927 8.32434 
16.3372 -2.04761 -0.487427 -0.113037 2.68127 1.46704 -2.01404 0.200928 3.74207 8.89856 
5.51709 11.6641 25.6288 16.3586 7.14502 -7.92969 0.377686 0.130981 9.12488 6.56396 
4.25488 1.95264 -1.11462 11.6271 2.95398 3.02979 -4.98938 17.1038 6.39087 12.7131 
0.366943 3.67017 4.0802 5.71436 0.642334 3.63586 -1.14526 -1.55786 15.1631 9.77917 
-0.589111 10.1772 1.43958 -2.84961 18.9235 2.34253 4.21631 7.84424 2.85522 5.97888 
-3.34998 7.02502 -2.49121 1.78259 14.0416 2.5564 1.05347 5.33521 6.94043 9.24097 
-2.83533 1.95959 7.71387 -4.02356 6.66541 -3.19055 18.308 6.18152 3.3064 5.74756 
-0.146606 13.7404 7.44238 0.129517 1.63403 2.71887 5.82056 4.25 6.35632 4.17566 
17.6992 -1.09863 -1.33826 -2.61914 0.224854 5.41223 -0.135254 5.34277 -0.782227 0.169189 
0.224487 9.77356 -7.45691 -4.00903 18.5918 5.52844 3.28223 4.47266 2.79712 8.75146 
10.7118 -2.91284 -2.14087 3.98669 2.17432 19.7869 10.9894 -4.55798 1.88513 6.23071 
-1.81726 1.40234 2.08423 15.9749 2.54431 12.9437 -1.92505 -2.0155 3.25623 11.1637 
-3.26294 6.50293 -6.93042 3.79333 12.3088 6.21948 -2.36987 8.36768 7.83923 16.3558 
-4.82129 6.85107 -5.50366 2.4751 15.1628 1.08142 3.28479 12.2817 4.41846 9.61853 
4.85974 5.07605 15.1078 7.02649 -3.7168 3.10852 -3.58667 8.28394 9.73523 8.87976 
18.5957 3.32263 -1.19983 3.74683 -0.801392 12.6796 -5.72864 7.28394 0.849731 6.16052 
2.52283 -0.388794 1.58618 9.20251 4.26685 25.4791 5.52112 -0.978882 7.88977 13.2231 
21.0055 1.87878 4.26392 -5.07056 -0.889526 -4.96191 -0.526367 11.7734 1.95422 3.69763 
-0.813965 13.6838 4.62036 3.91602 2.62671 4.00098 4.48389 4.92761 7.00244 6.80261 
5.65698 1.94092 0.596191 23.2511 1.78442 11.4777 -7.50818 -7.24915 9.25281 10.9159 
-0.294189 8.28625 27.1178 14.0969 -5.38403 0.186523 -3.94092 9.34204 13.0157 8.07947 
-7.69617 5.62329 -4.83643 10.9027 12.0757 1.74292 -2.22839 10.2817 3.3833 16.9475 
3.87805 4.39404 5.08459 1.5177 0.509399 2.66296 2.65906 -2.76746 6.56152 5.01294 
-0.429077 -0.687866 8.53345 -5.37305 3.49158 -5.26709 17.4149 5.06116 1.87048 0.961426 
17.4573 -0.75415 -0.910278 -4.87927 -1.45874 1.35583 2.96057 7.76685 0.178711 1.61047 
-2.38623 13.7728 6.05664 2.37561 3.99316 2.92761 -0.317261 6.10376 5.63953 7.16382 
-0.190186 16.0562 7.65454 0.893188 4.24658 3.53369 2.4303 5.28552 5.5575 5.43188 
0.55603 5.45544 4.91138 4.87634 2.41528 6.55029 -2.79675 -0.950073 15.9492 11.3114 
21.1158 2.04419 0.72522 2.21326 0.803711 5.27332 -1.875 0.764526 2.01685 8.51221 
-4.98376 4.26306 4.17981 -3.74915 12.3505 -1.99048 8.19031 12.353 6.88794 3.30798 
1.46387 6.203 5.31775 12.9841 4.96899 3.36438 -4.56042 24.475 2.37085 13.3138 
2.61853 3.0907 0.789551 9.28357 3.98645 3.22095 -4.59155 18.572 5.03381 12.0842 
1.50928 0.309082 7.24451 -3.30615 6.49072 -3.10376 21.0449 0.895874 2.29736 5.09265 
-0.442261 2.74829 2.10913 18.0039 0.305054 12.2258 2.28503 2.14172 7.36646 6.98792 
6.67017 2.01184 7.09436 -9.3219 -3.15613 -4.2616 15.444 4.51941 4.87939 -2.2157 
17.7266 -1.47144 -1.12366 -5.07373 0.104858 2.8717 1.10962 3.28076 1.38635 2.16333 
2.22986 8.48291 4.82263 8.86145 0.749512 3.41064 -6.64978 18.7544 5.40149 15.277 
-3.57996 5.77856 5.52502 35.6625 -0.167358 14.1605 -9.77856 -0.465698 7.99036 14.761 
1.06213 3.31006 -1.80664 7.85107 -0.510254 17.309 12.9435 -3.57605 9.44287 9.36279 
-3.19946 7.57654 3.57776 -5.85388 20.7485 -1.48425 6.86377 7.46594 5.17297 3.59192 
-5.64905 11.5154 28.6748 17.6121 1.26526 -1.81287 0.269531 4.89502 11.5973 4.96118 
-4.58057 6.90247 -0.045166 -3.61938 21.811 -0.727661 9.18457 11.6484 6.71643 4.41479 
-1.60059 14.7805 6.41223 1.44055 4.526 3.2627 1.00452 4.59985 5.39075 5.87646 
-0.991699 4.78149 6.16943 6.69702 0.496582 4.80627 -3.22876 -0.748535 15.3864 10.1278 
3.53174 1.20496 0.585938 17.899 -0.711792 9.08838 -8.62964 -9.1333 6.40393 12.0045 
5.31787 3.90857 -1.41479 5.12427 0.954956 21.1056 13.6635 -1.46667 4.81348 9.24463 
0.0498047 3.54272 6.16968 -10.4224 8.18286 -4.83154 16.9059 7.45886 -2.58179 7.13977 
-1.23669 3.05457 6.55688 14.9971 6.08313 2.21545 -2.60986 20.4141 2.69592 14.7568 
14.9752 3.51392 1.27148 4.36182 0.917358 2.89783 5.59692 1.6958 2.88513 5.85205 
-0.476685 4.85046 7.48718 -5.53784 8.14954 -1.11853 21.4788 5.85938 -0.362305 6.80176 
2.07739 5.34558 4.27527 7.84277 4.25525 0.402588 -4.1543 18.0101 1.51697 10.7434 
1.35645 16.5354 9.98499 -0.22168 3.19006 2.44556 3.27441 5.40112 5.57117 4.13879 
5.44568 5.48572 22.7866 11.5389 2.62 -2.52808 -4.96326 4.11169 9.67468 8.89575 
1.50427 5.29297 -0.143921 10.4271 0.0563965 23.5146 10.2076 -10.0651 7.43713 13.0549 
2.62634 0.938477 4.63892 6.2605 -0.920654 6.65747 -1.40149 -0.6698 16.2476 8.94458 
-2.48145 16.416 6.73779 2.44568 7.25403 3.12695 -0.653809 6.17798 4.67188 7.9032 
-6.15625 2.37915 -1.17017 3.63257 10.7107 1.46948 0.894653 4.25708 8.16162 14.5414 
-0.00537109 1.83484 2.5199 23.0239 -1.80066 12.9082 -0.0383301 -0.193237 13.6132 11.1992 
-0.0855713 -0.616943 6.27429 9.54077 -3.10913 7.70203 -0.187866 4.9917 16.9169 6.69299 
1.54333 20.9547 37.0902 20.1318 -1.09094 2.44714 0.370239 -4.04309 15.1573 10.793 
1.30164 -0.0339355 8.10303 7.68066 -0.545532 4.73389 -3.24194 3.96179 12.8943 7.87268 
3.21582 9.62341 1.60522 4.70459 4.37878 6.91028 -7.54443 14.1598 6.95667 11.1466 
0.906494 0.316772 10.7953 -3.65955 5.93604 -2.75098 20.8317 0.16333 3.52771 6.47339 
1.62329 1.03723 1.51831 10.4781 2.77087 -0.897949 -8.70032 22.1389 7.729 13.0962 
-2.48633 15.2766 4.68298 1.05298 7.44983 2.86389 -2.3042 5.43286 4.98572 7.49426 
2.33923 10.1576 -2.8125 -5.27808 15.4069 4.98962 1.98181 8.31531 4.85156 9.62854 
3.29883 2.07239 9.96875 -7.55054 2.77698 -4.18896 20.4087 2.57678 2.57568 3.00879 
-3.44177 4.11426 22.6558 10.2698 -1.65332 2.63635 -3.6947 1.96582 9.55823 6.9834 
-3.31348 -1.84192 -1.88037 12.3101 5.49512 -5.53198 -1.8446 10.6129 2.52014 14.1718 
4.76526 3.94336 0.179443 16.806 0.831665 9.14185 -1.08105 -4.68518 8.3042 5.03003 
14.7799 -2.43787 0.844971 -1.75708 4.52039 0.73938 -3.24219 1.49756 2.2981 8.6781 
-4.46216 13.6761 1.82507 1.76196 5.26172 9.80579 3.3468 4.33643 2.33521 10.4659 
-0.949097 11.1106 19.2118 10.1688 -8.05432 7.14795 6.6853 -2.85498 8.23315 2.89038 
-1.85046 1.03064 0.901001 18.8674 -1.64795 9.77283 -2.27502 -4.00635 2.9519 8.64209 
-3.45325 8.48572 -2.72876 1.24219 14.1117 1.28564 0.27771 8.09326 1.67371 8.8208 
-1.17529 -2.34631 -1.93115 15.3694 -2.02795 15.7968 0.190674 -9.94165 6.86719 11.3323 
-2.32007 3.82397 3.23865 -3.16113 7.84119 2.17944 18.3003 -1.79663 5.31567 4.81238 
-0.793213 2.58313 -2.48938 4.7738 10.1069 0.053833 -5.11914 21.7239 1.7052 13.7531 
21.5795 -2.57983 2.59778 -1.77637 7.48376 -2.15088 -3.15491 9.10449 -2.13367 11.438 
-4.0094 12.1165 1.0199 0.571167 6.15466 8.51672 1.21155 4.73499 1.73315 10.426 
-0.690186 12.3025 20.3676 11.7748 -9.14697 8.99585 5.62476 -1.86096 10.6934 4.29175 
0.83252 3.70886 3.97559 18.1052 -3.62537 11.2751 -0.631226 -8.24329 2.03198 8.32544 
-3.3689 7.86572 -8.3468 2.06042 17.6147 0.394287 -3.91248 8.44922 0.453735 11.506 
1.95862 -1.53064 -2.64539 8.39514 2.26477 14.5231 2.4165 -11.405 6.44666 12.2869 
8.25867 1.83777 -3.34814 1.74414 5.53467 2.20374 2.17419 -0.580688 -0.643921 6.56836 
-4.64514 13.3171 2.69751 1.75073 5.05249 9.59509 3.50732 3.8363 3.28882 9.63123 
2.39978 17.6617 25.6187 12.3003 -8.52185 6.43506 8.34363 -4.20215 10.6434 3.16321 
9.81702 -7.88562 1.104 8.29285 -0.632202 1.93127 -6.64563 -2.0769 8.96545 11.6185 
-6.84302 3.45972 -2.07666 4.21338 8.99048 1.24915 -2.4502 10.9103 2.927 14.3547 
-4.55713 12.8131 2.13745 2.26221 6.38635 8.60339 2.45789 5.3158 3.02734 10.1552 
0.45105 6.56104 0.883667 0.486328 12.1084 1.39197 7.24609 6.31592 -1.47363 7.87183 
16.1257 -0.0339355 3.06775 -1.02234 3.7605 -0.567383 -2.62842 0.545654 3.93018 5.07373 
-0.483765 2.44312 -0.671753 2.82373 8.44763 -0.4823 -3.79968 6.48511 1.13977 13.334 
0.701782 -0.701294 -3.76758 6.97424 -0.83252 12.9602 4.13196 -6.89844 4.10132 8.47131 
17.8621 -1.20984 -1.90979 -1.68347 3.66516 1.35583 -2.64172 0.402344 6.93079 8.9115 
6.4054 -1.87463 -2.15881 3.95984 0.507446 0.860718 1.15906 -3.54004 10.1134 7.08765 
26.4132 6.29919 4.14246 -0.437134 9.57849 -7.07983 -0.488159 12.1774 1.91272 10.697 
-1.90869 6.97266 -1.61011 0.736328 9.84607 0.768677 -1.31335 15.2117 3.98633 10.3617 
1.97021 3.63062 -2.90649 0.00732422 9.44824 -1.27368 -1.75903 17.6085 7.29504 12.3416 
-3.63989 13.6366 3.94128 3.21716 4.41663 7.6272 4.13452 4.72913 5.55676 8.64148 
-4.29163 12.3708 2.46082 3.28809 6.23645 6.93201 1.4187 5.6853 2.68677 9.95508 
5.17639 6.43713 22.2417 9.6908 -7.89551 4.66699 -3.42456 3.45203 12.2806 11.1827 
0.471924 4.2395 0.824707 1.50989 7.36011 -0.635254 -5.35645 9.82996 0.989014 14.3698 
-0.806763 -1.55151 4.10376 24.5591 -2.12354 7.21619 -9.09692 -3.37695 11.4924 10.2615 
3.79114 1.65442 5.9314 -7.27319 7.00305 -7.15918 11.884 6.90125 3.11682 4.72156 
2.02612 2.20166 2.44019 7.93835 3.82739 1.29712 -5.34644 16.2651 0.685303 11.5825 
5.69678 6.59375 24.6605 15.7418 -5.36145 3.91394 -7.4292 3.10486 16.2081 10.8315 
0.0537109 0.456909 3.5907 17.6829 0.126709 6.31909 -4.35522 6.59155 1.8916 8.73621 
5.8396 -3.37463 0.088501 6.21069 1.48743 1.98389 -1.00256 -4.60815 12.2029 10.7196 
-4.6991 13.5341 4.03662 4.06812 5.87463 8.38879 3.28369 4.01038 6.31946 9.78687 
-4.18518 7.27893 27.7958 10.1328 -2.74866 -1.90173 1.16052 7.57178 10.2208 1.8053 
-2.1228 4.74219 2.21045 -0.672607 8.453 -1.83313 -4.31665 6.72058 4.43225 11.8933 
7.68091 -8.89673 0.92041 4.9126 0.240601 -0.126343 -6.23975 -6.77124 9.80701 9.35474 
2.6676 -1.43298 1.50574 4.91418 1.79016 2.40747 2.53735 -6.11206 10.4835 8.16321 
-2.93188 0.678223 0.63269 7.15112 9.0155 -1.6272 -5.08447 20.4207 0.460327 13.531 
-4.8407 13.4222 3.2832 2.52209 5.63489 9.43677 4.85254 3.64075 4.18408 9.43616 
-2.98181 0.951538 -1.72314 4.55774 10.9435 -1.91064 -4.71655 21.0981 0.338501 14.3961 
-5.41577 13.0095 4.94397 5.2594 5.16357 7.12146 1.79956 5.05115 7.76672 9.38135 
-5.00854 13.8138 4.15918 2.9635 5.72986 9.87122 3.9447 3.78943 5.00696 10.0333 
20.0339 -4.83093 1.84534 -0.108887 3.31714 -1.94873 -5.8988 7.07568 2.59827 8.99792 
-1.43152 -0.111328 5.96619 21.3016 -3.62769 7.13831 -6.84839 -2.55066 5.29724 9.79114 
-0.877319 7.73743 4.8772 0.081543 12.4379 0.977295 1.30286 9.02063 0.0588379 8.77075 
5.30127 7.94922 22.3892 15.9935 -5.08826 3.39978 -5.72583 -1.6969 15.3936 8.49414 
2.80188 -0.126343 9.67236 -10.1447 0.130981 -5.94922 19.7889 -0.337891 0.935669 1.47815 
-0.964844 9.81189 0.496338 -0.888794 13.6012 -0.190796 0.568604 8.77332 -2.69031 9.79272 
-0.254517 3.9895 -5.03625 0.205322 12.5671 -0.255615 0.170654 17.0386 3.62427 10.5081 
-1.35742 8.83154 4.15442 -1.88916 14.2675 -0.527832 -1.83264 9.48462 -2.85046 10.4797 
8.2439 10.3701 19.5763 15.2554 -1.80566 3.38159 -3.30872 1.95154 21.6884 13.0283 
2.49585 6.5415 3.78979 3.41321 4.8866 -3.46179 -7.01819 18.7021 4.85437 12.4196 
0.791138 5.6084 6.77893 0.208252 10.8337 5.60669 7.98828 9.28259 1.46228 9.17529 
-5.66809 1.62549 -3.64478 6.52148 11.53 1.91028 -3.44934 8.59998 3.88696 17.8119 
-2.54163 13.6572 3.48547 4.13428 5.60193 8.46228 5.6571 3.1875 4.61047 10.4967 
13.5591 -2.73047 -1.93567 -1.94702 9.58643 -2.15259 -1.3158 6.81079 -0.816284 7.34631 
0.65564 -4.44373 4.89575 -0.450562 5.73279 -3.89624 17.4744 -1.93396 6.41772 0.529419 
10.3188 -6.7395 4.43689 8.68079 -0.825562 -0.247192 -5.33789 -0.0848389 8.91797 10.0039 
0.950195 0.19104 -0.929688 10.7656 1.20886 20.6757 11.0448 -5.16589 3.68335 12.7496 
1.64001 3.35205 -0.933105 9.17151 3.56421 20.5242 3.71863 -12.2759 9.44739 17.4667 
4.65686 1.19421 0.296631 13.5322 -0.61853 17.2456 2.09021 -7.96277 8.31311 20.355 
1.83276 0.954834 2.46509 18.7742 -6.16516 14.906 -1.63818 -9.44202 3.6532 10.5634 
2.72351 3.20605 1.26587 15.885 1.65588 19.1293 3.32947 -15.0525 12.7853 18.0374 
-5.36194 -1.00989 -4.46387 5.12146 12.2247 -1.28516 -4.98059 9.9491 4.09778 15.9742 
3.74866 1.18237 5.60815 11.7871 1.97217 -2.59705 -7.98352 24.2083 6.01367 14.4868 
-2.20313 8.01318 -2.03943 2.98157 11.7008 4.81567 9.85974 6.13733 1.25952 8.05164 
4.89587 1.73486 1.5719 3.06006 5.45801 0.431885 -1.79565 -2.49133 8.46973 8.85144 
-0.0228271 1.21277 -1.05762 9.8916 0.44397 15.7006 4.25342 -2.83984 10.0553 11.8319 
-4.00671 0.872803 -4.36804 5.79529 10.9504 -2.07959 -6.03333 9.80115 2.73169 14.1211 
0.379639 -3.92883 -1.63257 -4.18945 3.55396 1.13525 14.2969 -5.01978 8.00317 -1.4043 
-4.60645 2.83264 -4.36023 3.49219 9.51379 0.0700684 -4.93811 9.25964 1.75635 14.2706 
2.34192 -1.54517 -0.729858 16.3384 -3.99634 10.3535 -1.70789 -1.43518 5.64233 7.73645 
27.5726 -0.713379 2.00366 -2.68127 1.45447 1.2052 -4.04626 4.48828 6.99939 8.83508 
-5.28967 -0.686279 3.02966 28.0344 -1.94922 15.8096 -10.1337 -2.22412 8.84021 15.9719 
10.7179 0.236816 2.98145 0.637451 1.09778 -0.77771 -0.359253 -0.513428 8.50208 5.66223 
-2.28235 -3.51245 -1.58154 5.93115 11.239 -0.641235 -5.38879 7.79285 5.61548 15.574 
0.722046 13.3264 6.51331 3.88562 1.53845 8.28235 9.22363 0.713257 5.80176 7.96399 
3.64124 0.773804 8.5127 3.08569 -0.985474 2.66016 -0.733887 -3.48914 12.1718 6.51111 
-4.29175 13.0555 4.89941 3.20447 5.15308 8.06567 4.3053 3.91614 6.66748 9.30872 
0.634644 2.79407 3.11438 3.15393 5.42126 2.43213 18.325 -8.04822 4.34399 4.4613 
22.3817 -1.20276 1.42285 -1.93311 7.72595 -3.28528 -4.36755 6.79919 3.60999 10.9449 
23.3877 -2.32349 6.16248 -4.23047 -1.2522 -4.43909 8.85608 0.240356 7.3512 -0.313477 
-3.02124 10.0985 3.03589 0.991943 4.74744 7.14587 4.57483 0.310791 7.10547 6.88281 
-3.81592 10.1469 15.9723 4.8573 6.96985 -0.24707 5.12439 -1.01782 4.19287 5.53235 
3.00476 1.17761 3.3385 12.2429 -5.03638 7.20056 -2.24646 -7.44995 5.14172 10.6808 
-0.598389 6.61011 1.64258 -2.09534 12.8776 4.22131 5.3822 2.58533 3.15857 8.82202 
7.87976 -1.76099 2.10876 6.57141 4.17688 24.1357 1.71509 -5.88928 14.0222 7.60657 
-5.052 3.16956 6.78577 -1.21057 6.5459 0.929688 16.9526 -1.41113 7.52576 3.54663 
-1.98206 4.08044 1.59595 -1.45581 8.87134 0.813354 0.0142822 6.65027 1.46729 9.55908 
0.534058 9.37854 3.96741 -0.532349 7.25684 3.28479 7.85303 -2.2948 12.9392 1.48511 
-5.70508 3.50122 0.133301 9.16931 9.81384 4.98914 -4.45544 9.38684 4.52295 18.12 
21.3834 2.60071 8.39905 -12.4374 5.06506 -7.57776 4.67554 10.8396 2.59265 3.93457 
-4.83655 13.0742 1.8844 2.91602 6.05676 9.17041 1.55969 4.13379 3.82031 11.1099 
-3.16541 5.86926 24.0809 14.4457 -2.63623 4.28821 -4.06824 -0.0246582 11.0338 7.4574 
-2.28381 -1.78601 2.19824 16.6743 -2.21729 5.97974 -7.11047 -5.27368 7.25269 12.5557 
-0.96106 6.63574 2.19458 -0.160034 11.7229 4.52795 7.80847 2.75012 2.13379 9.0365 
4.46765 1.31079 3.02747 3.36475 -0.251221 9.97681 2.73145 -0.851685 5.6886 2.12134 
-3.21216 1.39905 10.2793 -1.80688 5.00037 -2.698 20.2422 -1.12061 4.69092 1.49084 
0.183838 3.19507 -5.69397 2.15222 11.7865 -0.740112 -6.51013 21.691 -3.27441 12.7946 
0.412109 5.89392 -0.525146 1.56348 3.32739 6.15198 8.34314 -2.90283 8.99951 1.31897 
-4.11108 0.952026 -1.53162 7.27344 8.57886 5.86743 -4.40747 7.13501 6.46973 16.1838 
16.0885 4.39844 1.10132 -11.8864 1.85327 1.16565 7.87451 10.5134 5.50977 3.07373 
-5.39429 12.2019 2.05713 1.8728 6.38171 8.49792 5.45471 1.25513 4.39832 8.59241 
1.77747 5.67944 21.1505 14.9233 -6.25586 4.21313 -3.32434 -4.83215 14.241 7.27942 
1.97888 1.63501 4.93335 13.9452 -3.28809 4.94629 -5.29688 -6.85718 6.48926 10.4464 
-2.03625 6.46143 -1.4552 -1.93848 9.73706 8.61072 2.85901 2.6792 2.3667 11.5459 
-0.849976 6.62329 5.72961 10.1571 1.9762 20.7134 10.1743 -9.72107 8.16248 12.4738 
-3.57031 0.0418701 8.40259 -2.36292 13.9561 -3.88708 21.0077 -2.73389 1.63672 3.69934 
-0.157837 3.66797 -8.93457 -0.261841 16.9131 0.67981 -5.68494 17.5149 1.69263 14.7863 
-4.82947 6.40027 0.256348 2.3302 8.5979 6.81262 3.72852 -0.985718 16.6149 4.15039 
-6.51953 5.75452 0.824951 7.92224 8.96313 7.2821 -2.37512 5.64148 4.48181 16.6445 
8.73877 -0.0247803 4.65161 10.7677 -7.2251 7.50195 -2.74512 -6.0896 3.0708 9.68311 
5.68164 -2.17249 -0.0650635 6.12512 1.75256 27.1636 4.72632 -6.75781 8.79016 10.8571 
-0.649536 3.32031 2.59338 19.0007 -2.91565 11.5803 -2.25159 -6.15576 3.59521 11.7311 
1.2113 3.95459 19.7932 11.5601 -2.96179 0.397339 -5.26367 -0.361694 11.1334 6.26111 
-4.36768 3.59631 -1.36792 5.27246 9.36169 4.05042 -2.99951 5.93689 3.85986 15.2019 
10.29 3.12463 5.64124 18.8397 -3.73035 11.3954 -9.66736 -6.23792 7.5011 12.365 
-0.549927 8.45972 23.9893 10.8721 -4.37891 2.89307 -3.00293 4.21204 12.4624 6.50378 
-4.38745 12.2194 2.16943 2.66333 6.43506 7.27234 0.899414 4.89514 2.49988 11.7257 
0.151001 7.34143 2.8606 -0.675293 10.3879 4.77563 8.60242 4.42114 1.02515 7.84583 
-1.14941 0.33252 -4.63135 16.8749 2.578 27.6083 7.06128 -8.14502 5.42969 14.7639 
9.75769 0.0733643 1.62427 4.12195 -0.68689 19.8456 7.99622 -1.94226 9.34448 8.37122 
2.3197 0.697876 10.2241 8.453 1.23535 -1.91113 -2.98303 -0.848999 8.11987 6.44653 
1.56372 0.998413 4.78467 14.2788 -5.20129 9.7843 -4.2865 -7.45874 7.08655 12.7236 
-4.72595 4.66504 17.2584 7.17383 4.23462 2.50745 -1.94006 -3.99414 6.34399 11.1401 
-3.29333 12.2948 2.11963 3.33972 6.14966 9.09619 4.50378 2.05713 3.81641 9.29333 
2.20227 3.99939 0.583618 14.5128 -0.270142 7.20422 4.88879 -10.7943 2.37378 7.22693 
-3.67529 -1.33594 -3.57654 4.6991 6.64966 7.83582 -1.64539 1.74158 4.35742 10.8257 
-0.25293 2.54346 -1.30469 4 8.64978 -0.0462646 -4.36914 17.578 -2.42969 11.3936 
-3.27954 14.2584 25.8059 16.7122 6.01807 -7.99963 -1.06506 0.503174 7.88794 3.17615 
5.85034 7.15991 1.60986 1.07556 1.89563 12.9359 9.38049 -1.64758 10.1709 8.92554 
-2.2738 10.5822 24.2103 18.593 0.588623 -4.13928 2.51184 0.878052 13.1367 4.73486 
1.23486 5.71558 -2.51257 -2.10352 7.8125 6.61914 7.55408 -4.53479 16.3694 2.11694 
-2.86292 3.76379 -0.376221 2.76624 8.65393 4.88403 -1.16431 4.8114 3.58167 14.9242 
-1.41748 13.8149 7.08545 3.67993 1.56262 7.59631 6.34729 3.67627 5.71155 7.13501 
1.07886 3.87378 -0.624878 -2.44934 8.53833 6.57104 9.01819 -7.30237 14.5382 -0.405884 
-1.55469 1.02942 6.13611 -1.95715 4.81689 2.75671 1.55054 -1.87463 15.5248 4.18384 
-0.027832 5.54968 -4.59729 1.10657 12.7216 3.33093 -3.91736 11.7944 1.3186 12.1692 
-2.0769 -1.69922 3.86157 2.63062 6.09399 6.53772 2.9386 -3.1864 18.7965 4.13477 
-4.78711 12.899 4.29797 3.97754 6.29846 7.53796 2.79712 4.78345 3.50366 11.1614 
16.7938 -0.54895 -0.106812 1.22412 0.9729 3.77917 0.273071 -1.14075 3.32422 8.29822 
17.2211 -4.42773 5.21558 -5.57141 5.65027 -7.49561 -0.38855 2.76794 6.70581 4.08191 
0.7948 3.50806 4.5741 1.10669 1.8114 0.699585 0.18396 4.74915 8.37476 10.0435 
1.00842 1.07043 6.48218 4.08716 2.47363 -2.90686 -3.73657 9.54492 9.2804 12.5208 
-1.6239 4.98682 -0.0118408 5.45972 4.7002 8.53296 2.73962 -5.39636 13.6923 5.27429 
-3.33582 4.15222 -3.46716 3.27747 12.0232 2.76709 -2.45093 21.54 3.396 15.8872 
6.36731 -2.52307 -0.552124 6.34985 2.52527 23.8329 7.74316 -5.79236 6.67065 6.65698 
26.916 0.839844 1.09998 0.536255 4.99951 -0.0700684 -3.18506 7.37354 2.36414 14.0518 
-5.64185 6.35339 13.9063 0.024292 1.11694 4.1543 20.6034 -0.992188 9.37476 3.3512 
-2.88135 15.2484 10.6173 2.35559 -1.08948 5.46985 6.78845 1.5437 7.84302 8.2207 
2.31848 5.77405 -0.103394 15.9044 -4.47021 18.6484 5.07202 -9.71899 6.90881 9.30762 
-0.962158 6.13123 -2.9635 4.41187 11.9348 -0.566772 -3.12488 16.8059 -1.65833 12.0453 
-2.19824 8.13025 -1.10596 2.34253 14.6034 4.78821 4.18042 3.50623 6.15649 9.82104 
-4.12134 8.88416 6.26013 -1.69128 5.13062 6.1886 19.3127 -3.19238 11.3474 4.40027 
-2.92798 14.7203 5.71558 3.72778 4.56189 5.88367 4.03845 6.66553 5.67908 9.25952 
-0.932129 7.03259 15.9031 0.790771 7.62329 6.44604 -3.79944 -1.24731 2.42798 13.3329 
2.47583 -7.68689 -4.13599 7.78711 6.79065 27.5356 -4.65845 1.81238 15.2822 16.7634 
32.1106 6.50024 1.07129 -8.2428 7.04712 0.608398 3.323 7.16895 6.29236 6.22607 
-0.273926 5.25085 -7.82922 4.41492 13.5813 3.36389 -5.18359 21.0996 1.06335 13.9841 
-7.83459 7.95276 -4.76184 9.32776 12.4641 2.85522 -0.904419 9.03455 6.10071 16.9454 
-8.80603 5.12122 -1.96094 12.5404 12.7129 1.81958 0.88208 11.5674 2.65735 19.0396 
26.8333 4.92969 5.38635 4.39441 -2.28064 6.29309 -5.43176 1.01929 10.5106 11.1313 
5.96509 -0.0944824 4.7832 10.9871 -2.45398 4.15955 -3.57654 -6.48401 4.68408 8.51685 
1.93176 9.14417 3.52661 2.21082 5.60925 7.38086 5.276 -8.16516 12.751 -0.228516 
-2.37756 3.74634 3.42773 6.94189 6.47961 4.8479 1.99707 1.99622 5.73975 4.24365 
2.64673 8.92957 6.54578 0.890381 12.8904 10.3744 12.9653 3.87207 0.748657 6.92261 
2.94104 6.31274 4.70581 1.56665 2.9364 8.21875 5.07703 -2.49268 9.34473 4.99207 
-4.09851 12.2322 2.14771 2.93054 5.9093 7.33093 2.94861 5.7915 1.92615 9.47693 
2.07312 -0.604614 1.46033 2.33264 2.43481 4.50842 0.101074 -5.54004 9.32996 5.76123 
-7.6084 2.16089 8.98547 0.287964 6.56323 1.28784 18.6885 -1.32959 7.67773 4.89453 
1.1521 -2.1322 1.57141 4.75037 1.69226 17.7013 1.94165 -4.36536 11.1964 12.2136 
-3.85168 -3.37451 -5.35388 3.38843 10.7749 5.09912 -5.11804 2.9718 6.44165 13.1387 
27.9246 0.640869 5.0769 -1.93726 1.50537 -1.34338 -1.48914 6.16431 4.97876 9.57922 
28.0433 2.49463 1.23669 -1.98267 2.104 0.588257 -2.41614 0.548706 11.0472 8.59619 
28.3842 -1.49683 4.13538 -4.32532 2.62402 -3.00488 -2.64258 6.48792 6.48071 9.01245 
-0.332397 -0.41394 4.24414 10.0739 -2.28516 2.2063 -1.41626 -3.17322 3.2085 8.39661 
-0.0854492 5.85254 -3.72083 3.30237 11.2358 1.6593 -4.58301 16.4048 0.522461 11.593 
-5.06873 13.4521 2.72717 3.93616 6.71729 8.70508 3.84241 4.98071 3.83484 10.0634 
-3.42029 4.03113 12.8639 0.616699 6.56702 -2.927 19.6104 -0.881226 7.29675 6.33374 
-0.956909 7.31494 1.45422 -0.565063 10.1998 6.75891 7.44141 5.07678 0.227417 7.50708 
0.792236 11.7468 27.6477 13.3881 4.91992 -2.11292 -4.70166 0.255615 11.4888 9.27917 
-6.32935 4.88635 4.34448 -2.44385 5.29468 2.16516 17.2639 -1.68433 7.07275 3.59814 
0.182739 8.37366 10.3579 -8.43457 4.11377 -2.60913 16.2361 1.77771 1.37695 8.03271 
25.4048 2.18103 2.76599 1.96985 -1.71277 3.55664 -3.97327 -0.365112 11.0845 10.6245 
-0.345093 10.2445 7.03247 -2.51953 10.978 1.63647 6.41516 3.64465 1.43018 5.64282 
1.06262 -1.04761 -0.514282 5.37524 0.0513916 16.3879 1.39099 -6.5979 6.77832 10.2217 
0.332153 7.22314 1.83911 -1.89917 9.3031 6.38892 7.15271 2.64539 1.15149 7.75635 
-4.18481 12.1017 3.49072 3.2085 5.9408 7.89709 4.6958 3.10193 2.51746 9.54871 
-2.81238 2.10339 4.31189 16.6279 -1.63928 10.2577 -5.06274 -3.04773 6.47766 11.5898 
-2.44824 11.3918 5.24292 1.25073 5.68933 6.53223 4.8999 -2.79712 16.504 2.97021 
0.647583 4.31287 9.81152 -0.853149 10.1819 -3.16052 19.0461 0.993408 -0.647217 5.20081 
1.15759 3.74951 1.65247 14.0383 -4.18542 8.94373 2.14111 -6.94482 5.23792 7.40747 
-5.02539 1.20325 -1.60706 4.33093 9.05945 2.18628 -1.203 7.11902 4.63037 15.187 
-4.10791 2.23474 -1.31592 3.01892 8.13477 4.52087 -1.6012 3.4259 3.93384 11.3215 
6.62476 -4.79053 -2.35645 -3.77136 3.6123 24.5367 8.5542 -3.23987 11.6697 6.71729 
-6.28125 3.31628 -1.44385 8.50098 9.1134 2.33142 -2.64368 9.14929 5.62732 16.6434 
-1.19763 0.0286865 5.6272 18.5098 -3.83582 7.77515 -6.42566 -3.55518 4.03674 11.8438 
-0.554321 6.63196 -0.555298 0.543945 11.2615 0.61499 -1.98816 12.6138 3.28223 12.274 
-0.22937 6.65161 5.32324 2.40442 2.69739 6.18884 2.42847 -2.14099 11.5029 5.70398 
-2.50781 1.93408 0.0708008 6.89685 -0.648682 16.6107 2.89453 -7.33691 6.67053 8.37549 
-2.06616 2.04065 7.07019 -4.48645 10.9065 -2.32837 16.9532 2.18689 0.683105 5.05457 
-1.89746 9.46497 5.45239 -1.05566 12.0574 3.37292 8.70789 4.65906 2.49963 6.86926 
-0.29541 0.630371 1.55127 -0.873779 10.072 -4.56433 -4.1792 12.769 0.171631 11.4929 
-5.86328 3.78101 6.41748 -2.17981 8.1908 0.5448 14.7974 -3.99695 8.52295 3.9928 
0.12439 9.12097 25.1721 13.4841 -5.48804 4.98218 -3.50415 0.47168 13.7509 8.42493 
5.77563 2.81726 16.7532 9.29932 -4.37427 2.0116 -5.47229 4.64905 13.083 9.61816 
21.5137 -0.244385 -0.736084 -1.43823 2.08704 1.70496 -0.0874023 -2.42847 9.90771 7.28455 
-0.0767822 -1.27063 2.3468 3.21033 7.61401 0.566162 0.643921 7.17017 2.18506 7.54175 
-1.71069 7.02966 1.41626 -2.68127 10.0709 7.15356 4.15796 3.11511 1.14685 8.57288 
20.082 0.42334 -1.14795 0.757324 6.21497 -2.53967 -4.0863 7.92871 4.63501 11.972 
-1.71777 14.6404 6.95642 4.91431 1.98828 6.86279 6.5354 3.63574 6.15271 7.39758 
1.51953 9.59021 17.4576 6.84839 2.17273 -2.89136 1.19141 4.94067 8.17651 6.62952 
1.12793 0.37207 0.179565 16.3807 -1.70752 8.25635 -5.34644 -5.60059 9.5415 10.856 
-0.677856 6.46179 -4.42395 0.0336914 19.7435 2.60596 -1.55615 7.48621 -1.21118 7.5437 
4.2135 -4.59082 -5.03809 3.78394 3.51587 12.5197 -2.63464 -3.04138 8.85571 11.3256 
6.89941 9.86938 6.19263 -5.48376 9.22278 -0.522339 16.0917 6.13049 0.308105 2.88623 
-1.48608 0.331055 -0.254028 3.23901 8.03113 2.0238 1.51697 15.6863 1.26563 10.0693 
-0.574707 3.28357 4.92456 2.95837 0.204102 3.39368 3.33533 3.21777 11.7762 7.79529 
1.13525 0.971924 1.48669 1.57068 6.53894 0.571899 -2.05432 3.43994 4.25 13.2745 
11.7891 5.20129 3.88855 4.67261 7.59375 0.570068 -4.23218 4.79956 -1.20935 7.05933 
-2.31494 14.2664 7.4043 5.31677 2.28284 5.68616 3.63635 6.37292 4.13696 8.05029 
2.76404 15.2208 28.5073 11.8457 3.03503 -0.23584 0.085083 4.51282 13.4576 10.0399 
-0.589966 3.17761 12.1891 8.43848 4.17078 2.19897 -6.14551 13.3508 8.28369 13.3322 
-2.39099 3.69104 -0.287354 4.3324 3.56201 8.30554 4.80676 -3.11255 3.06458 6.55432 
-1.44629 0.457642 8.05627 2.49866 6.29663 -1.44421 14.688 1.61621 2.76013 8.61731 
19.0157 2.22009 1.19299 9.24292 9.88452 5.57935 -7.0686 5.27551 1.83398 12.5393 
-2.32581 16.0565 7.50281 3.49719 2.9447 6.24756 7.03784 6.06042 5.98303 8.42688 
0.301514 12.5743 21.1234 15.7865 8.75696 -1.48291 -1.66504 0.707764 5.85046 5.64966 
-0.592773 2.68127 -0.0953369 14.0248 -1.46851 5.98926 0.115601 -4.97083 3.88171 6.2428 
-2.83447 1.15479 -1.80969 -0.929321 16.3029 0.265747 1.41736 4.90076 2.72278 9.59753 
0.960327 5.45337 1.46143 9.95447 -1.22656 16.7069 6.00659 -5.87219 5.79834 10.1688 
1.67529 11.1147 12.3811 0.96106 5.53271 2.92041 21.0959 1.41589 1.17896 2.14404 
-1.85278 6.85193 6.04553 3.34436 0.28772 1.1416 11.2205 1.85986 16.5734 4.17236 
-0.256714 11.7869 3.03955 3.297 3.52991 5.55212 -3.49487 9.19946 7.46521 12.6689 
-1.729 10.5942 6.005 3.93176 2.74817 2.12793 6.43884 4.06238 5.53027 2.61023 
-3.22852 -0.405396 3.97913 17.698 -0.538574 6.35522 -5.24268 3.54993 6.44446 10.702 
4.28369 10.4008 19.27 10.7534 10.3672 -6.86487 2.08423 2.24121 6.34607 5.10986 
4.15662 4.10486 6.80737 2.53577 -1.46973 6.68933 8.94653 -1.54749 4.18274 5.69543 
23.2605 7.61572 5.52783 3.71375 13.0811 -3.66284 -2.07947 8.89941 -3.32166 12.2622 
5.2572 3.93738 1.63599 13.8383 3.45691 2.76648 -8.00854 25.1521 8.93152 14.0752 
3.66113 1.08984 -2.16931 12.0435 0.283813 16.1405 9.521 -6.39587 2.13196 7.18921 
-5.58386 -2.66492 -1.76782 2.87354 8.24036 4.27783 0.326782 4.05933 4.55872 13.65 
2.25537 0.0184326 -2.74609 -1.13647 5.60364 -0.658447 -1.23999 8.60144 -1.43835 8.73572 
2.14453 9.4021 10.8676 -8.23291 2.69775 0.455688 23.3053 3.67896 -1.06543 7.40039 
14.8538 -1.56812 2.25903 1.0824 5.22876 -3.57715 3.13171 9.22083 -3.42834 5.32556 
-3.35376 0.842529 -1.98132 6.69922 6.16809 -3.10583 -1.68018 12.5472 2.0293 12.4049 
-2.521 3.14722 -2.08765 -0.655029 19.8713 2.45508 3.68347 2.64124 8.54187 11.8324 
1.37671 13.1234 8.57544 -1.46887 2.04175 1.88806 4.00269 3.91931 4.30005 3.04065 
4.76221 2.0542 6.93347 20.1997 -1.64771 6.98389 -7.60217 0.702881 11.3138 12.8909 
4.26538 6.04419 20.34 7.87964 4.90332 -0.797363 8.42041 -1.35913 8.5177 2.76599 
-1.95837 14.6046 9.96863 3.43616 1.33484 4.32959 5.85913 5.30762 6.77625 5.6084 
3.63354 7.83142 23.7612 10.5096 1.75903 0.925171 13.5175 0.380249 10.4613 -0.623169 
-0.0415039 -1.23804 0.71521 16.3168 0.236572 7.16895 -6.46008 1.33667 5.41138 10.8591 
7.83435 -0.777954 2.79639 -0.360474 5.83875 0.599731 -4.07007 -3.77954 15.4791 11.2499 
-1.78687 -0.107178 6.81055 22.136 -1.13879 8.43396 -12.3787 0.202759 10.6188 16.7108 
1.59204 18.2404 31.3119 16.0687 6.37256 -3.83923 1.78699 1.27832 11.1111 6.56104 
3.15723 6.75586 11.0659 -7.19019 7.88159 -4.69482 23.9908 10.0547 -3.3678 4.97632 
7.8335 -1.00952 -0.293091 3.0697 1.36011 7.95776 0.956909 -5.15344 10.192 9.62122 
0.317383 9.60217 9.55457 -1.99902 9.00317 0.0844727 17.8392 1.96655 -0.760132 3.15173 
2.64246 2.86707 4.50366 1.40002 3.40637 -0.697144 5.32104 -1.90466 9.49854 8.2533 
-1.75952 8.0968 23.6672 14.8901 0.173096 2.3584 1.8064 3.23999 5.70508 7.81494 
1.52747 2.7926 1.03491 10.615 2.52673 5.7782 -7.86487 12.913 2.76294 11.7988 
-2.98926 10.1471 -3.45398 1.8186 20.0842 1.40442 -1.1637 4.11914 3.14441 12.3433 
2.74719 -0.03479 6.3877 -0.246582 2.26843 2.55627 -0.0263672 0.883911 14.624 8.23767 
-1.56042 13.5531 7.34155 4.09521 2.71826 2.3927 2.15344 5.66479 7.47791 6.84314 
3.39978 0.969482 2.47607 0.00341797 3.9458 3.52197 2.08337 -1.60999 15.8549 11.0164 
15.1094 9.37256 1.9209 3.9303 7.89063 -0.71875 5.04785 2.73218 -2.86304 3.71106 
-1.4845 1.64111 1.67578 10.8613 -1.01685 17.968 4.8009 -6.27307 5.71838 13.0272 
-0.624146 1.94519 11.9727 17.6898 -0.164795 3.57617 -6.40051 -2.05481 9.54797 11.3022 
0.321655 1.36523 -2.48071 6.37354 9.08142 -0.334595 -5.31738 9.49805 1.66748 14.5179 
-1.64197 2.46289 2.56665 1.33301 13.7668 0.970581 -0.375 4.49365 1.11304 7.98901 
-0.674194 15.0394 7.54016 5.23096 1.72607 7.23132 7.68542 3.80652 6.78735 8.08643 
0.477051 0.677734 -4.20435 2.21814 9.48218 -0.826904 -2.02734 12.1735 -0.736328 12.1199 
-4.28662 18.7234 41.1023 23.671 6.9574 -1.83911 4.67041 -0.28186 15.5189 13.2361 
-1.53503 13.9551 7.3125 3.70044 1.58606 5.03418 6.12256 5.11389 5.94409 6.08374 
-0.440674 -1.30029 -1.03113 3.51807 6.98291 3.12915 0.421387 0.752563 3.48254 12.0713 
-2.86865 6.02356 5.92676 -2.11267 6.81531 2.04333 19.3708 1.50208 2.82825 6.91272 
3.23792 1.08276 3.2301 4.3551 5.19958 -1.89221 -5.25208 18.2898 4.58374 8.81873 
-2.00134 -1.43713 -4.45349 7.15723 11.6665 1.2572 -3.00806 6.59912 2.0686 17.062 
23.4725 4.74512 2.21387 0.0690918 6.98486 -6.79407 2.62476 11.7823 -4.06519 9.76428 
-3.23792 0.12146 0.32373 -3.1499 16.4415 0.0335693 7.09985 2.96252 9.12939 8.89844 
-0.903564 7.38782 3.71997 -3.10352 9.32544 3.39282 19.6033 0.726074 1.61157 6.10828 
-1.23535 14.1033 6.94031 2.85645 3.69141 2.39099 2.34436 4.69824 7.97437 6.00806 
2.52576 4.39514 0.0939941 7.66528 4.65234 0.72876 -7.81738 19.6688 7.31104 13.2675 
-0.77124 5.16333 4.42126 20.9196 -2.88672 10.3746 -3.81946 -10.1697 7.3595 11.8843 
-0.0230713 6.19678 2.96692 9.47644 3.31335 11.0848 1.99524 -4.08252 17.5409 9.26025 
3.28918 6.35168 3.07422 9.28906 4.15198 4.08655 -5.93774 15.8103 3.83044 10.3793 
-3.3877 11.667 24.5082 15.2258 3.75757 -1.96802 -1.79065 4.15674 9.02856 7.42346 
-2.95435 -0.738037 -2.30151 7.14514 7.94458 -4.38049 -4.06726 10.9021 -1.61609 14.3218 
6.63953 2.24255 1.93567 -3.12512 -1.08569 0.564697 9.56287 0.652344 1.55908 2.67676 
1.42542 -2.18542 0.314087 11.0326 -1.3916 13.0353 -3.69092 -6.16504 7.42542 11.7943 
-3.28467 3.76477 2.32092 0.670288 5.72852 4.10669 5.88806 0.0761719 13.9315 10.3102 
0.26355 1.68384 -0.876709 19.5767 -0.694458 12.8514 -8.33997 -6.69885 5.90723 13.6283 
0.711914 1.00769 -3.97009 2.67358 9.20874 0.760742 -2.69568 8.17517 6.28918 16.0052 
21.6711 4.67554 3.95435 3.69153 4.11975 -0.374268 3.6554 7.0304 -4.44702 7.823 
0.105347 -3.73059 -1.27112 5.25403 0.953979 13.9866 -1.75366 -3.20349 5.38806 11.0916 
3.61121 5.33765 0.560059 6.97046 4.75879 0.497681 -7.88123 18.2355 5.4314 12.3578 
-0.283936 14.09 7.84009 -0.504517 2.50867 2.43323 4.17834 3.6709 6.09949 5.26526 
-1.30444 5.82324 5.97449 -0.322632 0.995728 5.05029 22.2805 -2.79871 3.70349 5.41602 
-0.472168 14.6655 8.22485 1.26233 2.80884 2.68372 3.30786 4.60681 7.19653 4.89893 
17.0586 4.49927 2.10217 3.05542 4.21118 1.10718 3.03503 1.14124 -2.13721 4.0531 
-7.83093 4.77307 -9.02271 7.88037 14.0201 1.875 -2.64258 12.1421 3.97876 20.1227 
-1.22717 5.33838 5.06897 11.6801 1.06323 2.84448 6.59961 -0.325195 1.50208 1.97144 
-1.22095 6.24304 6.64807 18.0641 -3.59143 9.01172 1.36597 -7.77466 5.73779 8.86743 
-6.71558 9.49841 5.36597 4.71204 23.2896 -1.07971 5.00732 5.1571 1.22925 10.1688 
-4.75293 7.05408 3.31287 3.84583 19.7123 -1.71875 8.4729 0.968506 3.43567 9.95679 
15.856 5.32825 1.28113 2.18542 2.39685 3.08716 3.19263 -0.658081 1.80066 6.5 
4.49561 6.67029 7.20813 2.77832 3.79065 5.63721 17.6404 -3.5647 -0.103394 2.79602 
6.29211 5.12756 21.5399 11.3206 3.35852 -2.72437 -2.77026 4.73218 8.06909 7.25244 
0.971558 3.5199 1.50195 14.537 -5.30615 14.8182 3.198 -9.81824 8.79626 8.89807 
-4.30005 3.11389 4.09961 1.87817 16.3149 -3.14417 5.42078 2.99866 2.6593 9.50781 
6.30127 -1.44788 18.0225 7.9635 -1.71509 -0.194946 -4.729 8.51929 8.3092 6.81567 
-7.22302 3.63379 3.56104 13.7976 6.02979 3.43103 -6.72168 11.7495 6.82922 11.9326 
-1.76514 4.9425 4.77808 1.54932 13.8291 1.01514 -0.474731 4.57556 2.03369 7.25244 
-3.42126 1.43311 12.8943 -0.858765 9.78064 -5.22717 21.8506 0.915039 2.37085 5.27832 
13.0161 4.38086 4.00476 1.20605 5.3075 -1.75977 3.85303 6.57751 -4.06372 3.97632 
16.3136 6.6449 8.05371 -1.42432 -0.491211 0.0859375 5.68835 7.44604 -0.548706 9.30334 
-8.19556 16.1276 31.9921 7.25244 3.74231 8.61145 4.35974 1.30945 8.23914 13.8307 
21.0845 -3.27124 3.0896 3.49805 -0.372559 4.94702 -10.4812 1.55249 4.35559 10.8818 
0.0557861 12.614 6.29883 3.57202 1.56592 10.1176 9.24634 -0.174072 6.03516 7.71069 
2.80798 7.23401 4.98376 0.0449219 16.6027 1.09607 2.48096 3.73291 -1.50537 8.20752 
1.31775 -0.582764 -6.13196 14.2949 6.72205 18.0239 -4.77747 -3.77576 5.27417 14.7305 
-1.79199 8.34216 6.73975 -0.716675 3.31128 7.96887 22.5055 -3.33167 1.63879 6.48389 
-1.2561 -2.74756 3.91663 -2.36548 4.60583 -4.62708 -3.19189 8.8042 6.85791 6.32153 
1.74744 6.76648 6.75903 8.02698 3.66931 7.94495 -2.17139 -6.45337 14.0208 9.521 
-6.45593 3.23035 -3.51208 1.41565 11.4741 2.69788 -4.2074 10.4655 3.63257 15.3738 
22.4436 3.26672 1.85498 0.956909 5.96838 1.6864 -1.36401 7.58875 2.02893 7.54504 
0.0196533 14.413 6.10352 2.37463 3.54688 3.67065 3.07788 4.45154 6.68994 4.6095 
5.92725 10.4586 16.9252 8.19043 1.07275 3.9751 -0.132446 7.22559 7.10376 6.10474 
1.70117 4.12878 -0.615845 9.20386 -0.313354 6.3811 4.34106 -2.17761 4.64465 2.78674 
-1.17566 8.48621 -1.38342 1.29272 14.1265 1.8031 -3.75793 9.70117 -0.743286 8.79846 
0.750977 2.63452 2.35498 6.90381 -3.35754 12.3867 3.02527 -0.845825 2.43726 8.24805 
5.17883 4.97839 10.8555 -8.95618 0.24646 -3.50928 16.6263 0.857422 3.97424 2.81604 
-8.06323 0.425293 1.2793 1.84753 9.79956 -7.05872 0.973389 13.3186 3.21777 8.44263 
-1.62158 5.79773 5.0083 5.37903 4.22595 7.95801 3.75403 -2.29395 17.6083 9.71936 
20.5264 8.4364 5.87366 5.19788 9.25159 -0.246094 -1.15466 5.26318 1.30261 3.23413 
-1.22729 15.4082 5.8844 4.75793 3.46802 5.55225 1.51489 6.81226 6.89453 9.77649 
3.33191 12.9197 24.5707 14.3099 4.07434 -1.7616 -1.4707 7.07532 9.5387 3.75586 
4.02466 2.36072 6.86255 21.0786 -0.29248 9.2085 -8.70129 -13.1775 8.22827 11.7783 
-3.07361 9.18176 4.30798 -1.08374 14.6465 1.40674 1.82605 6.83313 -0.484985 8.68665 
0.11792 1.77026 -0.164185 16.0046 -5.49597 20.9381 5.84509 -15.2095 9.06714 11.7389 
2.14844 9.34595 12.9661 2.00732 1.50793 6.84338 25.4551 -2.82019 4.15417 1.89319 
-8.22827 2.54358 4.55273 -0.271484 10.8907 -8.34802 2.42163 15.446 1.20776 8.49792 
4.45593 0.302124 4.06958 3.68042 1.18335 7.21155 0.658936 -1.9541 12.3463 5.27954 
-7.3949 1.70874 -0.167236 3.745 10.1737 -3.81384 -0.369507 11.0035 0.750977 14.8336 
4.82007 5.53381 9.15295 15.3759 3.16406 2.29529 -4.53821 -5.82434 19.0906 11.3663 
-5.9436 4.07092 1.21375 0.301636 11.6638 -3.23499 3.49207 11.2823 7.28284 7.94128 
-3.73877 13.2817 3.30579 2.30383 5.9115 9.63184 4.61365 3.98962 3.15308 8.7616 
4.27124 1.57886 3.45715 20.4646 -2.22327 10.7329 -7.92432 -10.9032 8.30505 10.1556 
-6.91284 0.884521 7.1217 4.35229 7.98718 -5.3678 -0.032959 14.2188 2.86707 7.68628 
2.52185 3.00269 4.30469 17.5298 -5.46057 18.9917 -1.72449 -15.4408 9.97791 15.1703 
10.6344 17.7942 34.5494 14.5055 -6.0249 4.63672 -4.06006 2.43823 15.7289 10.5316 
3.23083 0.128174 7.41345 4.80798 1.45105 -0.138672 -6.703 -0.125 17.1293 9.61597 
21.9149 1.0791 3.08582 1.77881 4.54358 -2.8501 -6.29065 6.37732 2.63013 10.0435 
-9.24988 2.08508 0.362915 0.538696 11.1204 -8.08667 -2.20068 16.9194 5.29492 8.66064 
3.39319 3.4519 4.25049 17.1227 -7.14392 16.8579 -0.851807 -12.2147 7.72742 14.5474 
-6.62036 -1.19568 -0.490356 3.78357 10.485 3.51392 0.172485 3.92102 7.73401 13.8727 
-4.30359 1.58398 -3.46008 3.62024 10.2123 2.30737 0.804199 4.26111 3.56311 11.6965 
9.72046 0.836304 -0.783691 5.58752 6.9502 2.85999 -7.5498 2.1239 -2.25684 8.44824 
-5.02991 0.805176 -1.45996 3.24292 10.2676 2.71289 2.05432 2.94287 5.41821 13.7683 
-2.43604 14.0293 5.11951 5.20032 4.07336 8.32922 4.58179 4.34192 4.30652 9.92468 
-2.45581 12.4905 4.23608 3.40906 3.4718 7.70898 4.95178 3.12097 5.23328 7.56238 
3.65063 6.62683 5.42505 13.3635 -6.28516 13.9032 2.47852 -9.81799 8.4054 8.83313 
1.86169 3.3064 6.02686 6.49561 1.09814 4.65735 -2.82141 -3.02258 16.5875 10.7117 
1.27698 1.66162 9.98706 7.92188 1.76404 1.96936 -7.29224 -1.44153 13.7373 10.5557 
9.52905 1.47437 3.38318 3.43896 7.68811 1.01538 11.6042 -1.87537 2.62354 -0.519653 
1.62793 2.45569 7.59705 18.1971 -5.08447 8.71838 0.638672 -8.08325 7.17932 8.27686 
-4.44849 17.2061 29.2966 20.7129 0.459961 2.77307 2.16284 3.49512 11.1477 4.49963 
-4.00879 11.8414 1.84424 1.62585 5.00391 7.99951 3.04065 5.60107 2.00964 8.87305 
5.2196 0.424194 6.52063 7.33228 1.73047 1.08716 -4.83716 2.22668 13.9816 7.60889 
4.05969 -0.390991 -1.03796 19.099 -2.1145 10.2278 -5.45911 -7.73706 11.2607 15.2302 
3.35767 4.08948 21.7784 7.43896 0.47229 -2.87415 -2.66077 4.20068 8.34375 8.47327 
0.114868 2.62122 8.49695 -4.74805 6.34546 -1.78845 15.8575 0.35022 2.97754 5.78833 
1.67078 3.23938 0.954834 8.2218 -4.00806 10.9032 1.88232 -7.47266 6.86987 10.8308 
1.40027 13.178 10.9308 1.38135 -0.756714 5.84912 21.7662 -2.64685 4.84021 3.57593 
5.81812 -2.88208 3.34314 0.666016 7.23962 -0.196289 -4.81384 10.657 2.78442 7.67993 
6.56641 5.12366 4.08191 1.24792 6.97766 -5.9342 1.97791 1.98218 0.0108643 2.3866 
-3.93787 12.5068 1.88354 1.80908 5.14893 8.04919 3.17444 4.67871 1.69043 8.98486 
8.09644 1.12964 -1.15784 3.1665 2.72681 3.37683 -0.173828 -2.78601 0.286133 6.85315 
1.30762 4.50854 6.02856 11.4049 -1.85706 4.91138 6.00488 -3.85388 1.93738 9.71155 
1.88232 5.40942 4.55981 13.7775 -1.42224 4.67688 2.0415 -5.41846 2.68567 6.34729 
-2.66309 12.3938 3.13379 3.57605 4.57471 9.91113 5.33826 1.52136 4.86389 8.35181 
-7.21472 2.56567 -6.48486 7.24487 8.8822 1.96777 -3.10193 12.7889 5.52808 15.5441 
-3.41028 14.9244 20.8832 6.88196 1.0675 -0.0373535 5.76013 4.11536 5.90137 2.08154 
-2.99646 11.3123 2.50806 1.71204 4.84155 7.81934 4.18823 3.31055 1.55994 8.90955 
-1.8949 -1.35095 0.16394 3.99915 5.35156 -3.3728 -2.67163 12.5446 5.15625 12.6689 
-4.71655 8.59253 7.23584 -0.0211182 5.28296 5.66431 22.2373 -1.35291 6.62903 5.95569 
14.4008 5.21143 2.62891 0.334351 6.71814 -2.80481 3.18848 7.19128 -1.97546 8.13184 
-2.04761 9.79773 1.81067 -4.01782 17.569 -2.50195 2.81885 9.02124 0.153198 8.48584 
4.70435 8.35107 8.55225 2.22339 1.21558 4.45422 19.6354 -2.20825 1.53784 1.56189 
-2.04675 13.1035 5.4491 4.04517 2.73315 4.08899 4.677 5.3988 6.42004 6.16113 
-3.26746 6.21594 -1.90027 2.43164 11.1008 0.250366 -3.10889 14.8135 0.682861 10.974 
-3.19922 -0.372559 1.72058 16.0239 4.44128 6.49463 -7.63123 2.65674 7.63916 10.7944 
0.920898 3.36389 3.72607 6.67358 1.38025 4.90161 1.08496 -1.83875 16.6205 8.51868 
-7.57861 3.56909 1.76331 1.59131 11.2379 -3.77209 -0.528076 11.6792 0.18457 8.62671 
6.46948 8.55127 19.2701 10.1392 -2.35535 1.04163 1.78894 9.25659 11.5703 5.52283 
-5.63403 1.73059 -5.875 3.41309 11.5033 5.37903 -0.0826416 9.40393 3.91907 14.3483 
5.47632 7.82996 3.38708 0.0533447 1.5033 5.04346 19.9183 -4.81128 3.83972 3.0365 
-1.76062 3.75623 0.0936279 12.5773 2.9021 15.2689 1.68848 -7.78357 8.43396 12.3612 
1.89539 0.336182 4.198 4.86243 5.25171 2.07117 -4.72583 1.05554 14.381 9.10962 
3.50366 -1.90381 1.23022 6.94006 -2.3241 1.12585 -1.81665 -1.84705 2.22632 4.95886 
6.47473 5.67236 5.03662 9.49731 2.50415 8.72754 2.35156 -5.58032 5.11145 10.4536 
-7.02722 4.88147 0.780273 1.7832 12.1793 -3.16785 -0.356812 15.655 -1.29272 9.29346 
-1.94263 12.8286 5.38855 5.42542 2.81519 6.74683 3.91199 3.40295 5.40417 7.07056 
0.776489 3.91199 5.38953 -5.04626 8.49963 1.44263 13.2874 -1.50403 3.87354 2.27393 
-3.17456 11.4761 3.12073 3.97009 5.09094 6.97913 3.33887 5.005 1.97217 9.02502 
12.824 -2.37683 3.89697 2.21399 1.22314 -2.42175 -5.22546 -3.19812 9.82983 8.45483 
-4.00635 1.52893 -0.227783 4.41248 8.72534 -0.416748 -6.28064 6.65027 5.78711 14.6895 
4.24817 11.4064 10.5813 1.0188 1.58716 4.45398 21.8656 -3.7594 3.83862 4.2688 
-1.76025 9.52881 18.2471 6.73157 -4.68018 4.39331 -0.0959473 8.41797 9.32629 6.36353 
8.17859 5.03357 3.8894 14.9001 -3.69373 15.3702 -2.84924 -5.67993 6.4104 12.775 
-4.75342 7.7196 2.51538 2.27271 11.326 2.91895 5.42419 7.146 1.09351 6.90674 
-1.12842 13.7897 21.3309 5.85083 -7.526 6.14966 3.27197 7.17603 11.8063 2.50073 
0.402588 3.51538 -0.565063 15.8604 3.41992 5.81299 -1.92419 -4.39587 3.30078 7.05957 
-2.89038 5.87634 -4.55005 1.91736 10.397 -1.07446 -0.985596 10.4543 -2.65039 12.4795 
-1.02161 4.67554 0.746826 -0.354004 14.4562 -0.966431 -0.270264 6.30005 0.628784 4.12036 
-3.43994 4.42297 7.50366 -1.35193 6.18433 2.06494 20.8617 -3.87085 9.36523 3.19983 
19.028 -2.67175 1.61292 -1.32312 10.1425 -4.0459 -3.88049 5.28345 3.03784 7.8208 
25.7582 2.85278 4.01563 -0.182617 7.9635 -4.90723 -2.65674 9.29736 0.357544 15.9277 
-4.66272 13.8578 28.4352 11.2468 1.42139 -1.89111 -1.20496 10.5742 9.12659 6.8634 
23.9398 0.635132 5.46143 -2.88 0.910278 1.98132 -3.74927 2.5802 2.19922 11.5215 
-6.83179 13.0511 1.69556 2.05444 5.61902 8.66101 3.02979 2.61316 4.88892 10.3567 
4.2959 -1.71619 13.559 4.98218 -5.40332 -0.235474 2.61816 1.51221 7.60144 1.49231 
5.61536 3.08215 3.89795 11.8298 -6.09595 8.2301 0.38501 -10.6649 6.95056 12.6958 
-1.33826 3.55579 -4.83411 1.77124 14.2614 7.6355 -0.631104 8.43481 3.39954 14.8501 
3.26575 1.56213 0.734375 12.498 -4.77698 11.6493 -1.24597 -10.4393 4.53381 10.4412 
-0.819458 0.769409 10.4996 0.408691 6.20459 0.510498 22.9083 -6.90784 6.55249 -1.55664 
0.592041 3.40247 4.74866 7.31628 1.39063 3.73499 -3.16614 10.2833 1.42224 11.8168 
4.64722 -3.0061 4.48047 8.19543 -2.6405 3.21814 -2.25269 -6.23132 13.0568 8.03735 
-5.52368 4.85522 -5.89417 6.88452 14.0447 6.36438 -7.78235 10.959 1.88647 22.2206 
19.3259 -1.01941 0.365479 -2.42749 2.48975 -2.63232 -4.79395 9.96338 0.455322 8.19641 
-7.57312 13.7098 4.62048 3.80322 5.24988 9.56079 3.88379 -0.655884 8.60352 10.5178 
1.20532 2.05847 20.646 2.73462 -6.77014 0.392822 2.26074 -3.69067 17.1913 3.39014 
5.15747 0.761597 0.522583 10.1116 -3.62329 8.16113 -0.724365 -8.96106 7.9248 11.1349 
-0.777832 7.74768 -2.8219 -0.296387 15.2784 5.35059 -5.20667 2.6803 5.59558 12.0754 
5.3938 -5.89221 -2.2168 8.69568 -3.25293 13.9493 -0.374268 -14.4982 8.09656 11.7908 
-1.02148 0.484253 11.3943 2.35046 8.4325 -3.89197 24.5847 -2.87695 7.56384 5.26599 
2.20056 0.760498 3.42578 9.70422 4.94507 3.84546 -7.08936 12.6066 2.21375 10.6941 
2.28442 3.94165 1.78101 5.46326 -1.19714 5.44055 2.94128 -7.03674 9.25427 8.9281 
-3.16199 6.05432 -0.507324 4.00708 9.41223 5.35034 -5.34924 4.90356 3.72852 14.9745 
22.8861 2.08411 5.88342 -2.74963 1.23181 -0.384521 -3.45752 4.47144 2.03943 9.15381 
-6.36768 11.9587 2.62085 2.80566 4.41699 8.62549 1.94104 0.632202 4.50647 10.7721 
-3.61914 5.09619 27.7794 8.32922 -7.80176 3.63196 1.68494 8.6582 6.00122 8.69556 
1.73022 -2.50781 -4.53711 6.0625 0.564575 6.36511 -0.198853 -7.34924 10.2813 11.2319 
-5.62073 6.3103 -4.0791 -0.09729 17.6978 4.62512 -2.05908 3.25684 5.17737 12.736 
3.83386 -9.00781 -0.956787 8.54138 -1.24817 10.9366 -1.6405 -9.91199 9.61584 11.6432 
-3.25574 2.49817 17.9558 5.05029 4.5625 -1.76611 26.6779 -7.10156 9.39868 2.57727 
0.753296 3.83862 3.54028 7.78821 2.39282 5.04456 -4.56445 13.1451 2.55334 12.7639 
5.00464 -6.62146 5.34436 5.97827 -1.31787 -0.988281 -5.0365 -3.24341 9.86243 5.67065 
-0.208008 2.85107 1.98828 4.94263 7.22083 4.98047 -6.49084 5.85986 1.20032 15.809 
3.59558 -5.85913 -2.67383 7.33777 -0.356812 1.25879 1.23621 -5.2312 6.80676 5.073 
-5.01526 1.14014 10.1233 0.222656 7.22888 2.72302 18.885 -3.84863 9.65527 1.06287 
3.05334 -1.76611 -3.12585 11.569 -6.15698 14.699 0.162842 -13.4673 5.37122 10.1954 
17.0081 -1.36597 3.02393 -2.93677 1.59753 -1.42297 0.208496 8.6676 -1.30127 3.38477 
-0.842285 2.51477 10.8591 2.6532 6.39966 2.87292 22.1907 -8.17493 9.03247 0.845703 
4 1.02039 5.83508 1.29932 0.881226 -0.987061 2.61084 -2.94434 9.50232 5.6676 
-9.24414 7.21472 -1.92896 9.66553 11.9834 5.05249 -3.44519 9.50562 5.2168 19.6021 
-5.57593 9.11816 2.04138 0.120117 11.6445 4.57227 -0.272949 3.24316 5.00854 11.7485 
-7.10339 11.8833 1.04382 1.5 5.84229 7.45654 2.52991 1.44934 5.22546 8.84497 
-4.35535 5.62866 -0.821533 6.49243 10.782 7.51477 -3.69324 7.59949 7.03442 18.6222 
5.8584 -5.74927 -3.55786 11.356 -2.51746 12.0741 -1.64307 -11.2277 6.67493 10.2784 
3.60303 -1.95618 -1.1051 4.47791 -2.72791 5.2887 2.47058 -8.48669 9.59631 10.6763 
12.0388 -5.65857 3.08118 1.28027 5.69458 -2.91809 -4.13098 7.16467 -0.841309 8.02576 
-3.48792 3.74585 0.147095 -4.21252 13.9525 9.29016 -0.775879 1.4043 7.85547 12.5669 
0.0838623 0.609131 5.19238 6.62732 -1.07983 2.38733 -0.187988 -0.886597 9.57776 7.8053 
-5.99072 1.75024 -5.96497 5.60742 11.8318 3.76526 -4.86426 8.64587 4.02417 18.1155 
-6.41602 13.1627 3.29236 2.18176 4.03601 8.30347 2.17871 1.38281 4.22473 10.9661 
-7.29431 7.38977 -0.750122 1.13843 18.2024 5.17273 -3.66479 0.864014 4.54651 15.7623 
14.5491 -5.22742 1.5658 -0.87793 4.15808 1.00891 -1.05945 2.21423 -2.41321 6.17346 
4.79871 -6.98657 -5.83398 10.1976 -0.00830078 9.37146 -5.70996 -4.83032 7.33105 13.6277 
2.25903 0.905762 -0.85498 12.8041 -5.57483 12.7649 1.60242 -12.9653 6.94287 9.70166 
2.01221 -0.359497 13.6489 6.12952 -3.94312 -1.40295 0.324341 2.78357 8.98633 3.60437 
-7.1499 11.5424 2.09717 2.21167 4.12976 7.28247 2.18311 0.946411 5.46899 9.93481 
1.7356 -6.896 -1.90674 9.35291 -3.11072 12.1615 1.40894 -10.7126 9.11548 7.97449 
-5.68958 5.15686 -3.05408 2.5686 12.6542 5.74512 -2.73438 1.05676 7.86182 12.0378 
9.75659 -4.7406 1.89185 -0.589478 1.92114 -0.596191 -2.18298 4.22839 -1.34082 3.77869 
0.357056 3.81812 6.67615 13.4006 4.55811 4.31897 -6.93372 17.5482 2.01196 13.9952 
-1.27454 9.44971 7.07874 -3.67847 6.92566 4.94531 15.9211 -4.17773 9.53162 3.23145 
21.5385 -4.21826 4.89026 -0.459351 5.93958 -3.77332 -3.52966 7.92932 0.532837 5.77551 
-5.4613 12.9686 2.03052 1.21375 5.80627 9.26355 2.75403 3.08569 3.06506 10.6899 
1.71277 1.5188 2.30493 9.85657 5.08752 4.79919 -7.54077 13.194 2.9165 13.2048 
24.6603 -0.673096 7.75 -3.87244 5.74133 -5.09192 -4.07214 8.05615 1.45764 7.23877 
-0.759888 1.95764 3.59033 -4.09766 10.39 0.47998 16.8934 -3.64636 7.00195 3.39014 
5.78577 -4.38147 2.46021 5.77649 0.720947 1.52319 -1.54724 -2.10657 13.8794 10.9507 
1.35767 3.60034 -1.01636 4.89478 10.5565 1.12549 -3.6394 9.27905 -2.92212 17.8016 
4.73486 -6.87109 -0.0465088 7.43164 -0.851318 7.62927 -4.94922 -8.1991 7.45825 10.8579 
-2.36975 7.04248 1.18982 -0.734863 3.45166 5.49988 2.39307 1.35999 0.11377 6.87415 
4.2229 5.89832 5.75012 13.9406 5.03125 6.77454 -6.58545 20.4102 -1.7876 14.7791 
2.27063 6.79089 -1.47119 5.9425 13.3783 7.10779 -6.28638 11.8494 5.49451 20.1307 
1.92896 3.41174 -0.535645 5.45923 1.52576 6.66296 3.59717 -6.82935 12.5515 8.99231 
-7.12268 5.79541 5.51074 5.93262 10.4828 1.91309 15.2955 -1.01917 6.54456 7.48865 
14.1169 -1.13 0.90332 1.31982 2.17102 4.70764 -1.11047 -0.839722 -0.899292 6.02625 
-3.89319 -2.72656 -2.81409 6.8761 2.90771 1.901 1.68286 -3.15344 8.55688 9.17236 
-4.77893 8.9353 2.0033 0.749268 2.86536 6.56323 3.06543 -0.747925 5.67151 6.08789 
-1.92285 3.37622 6.58447 6.56299 -2.7655 0.93689 -1.75171 10.8676 1.24695 9.15771 
1.95728 0.98584 4.89514 10.3624 2.47302 3.65369 -4.6637 11.6348 4.29309 10.2842 
-6.72339 12.8893 2.43726 2.83533 4.63049 8.57715 1.49182 0.927734 5.05432 11.2701 
4.79932 -1.99255 -1.15503 10.0526 -4.5675 7.7749 0.13855 -10.7035 6.66333 9.8988 
-4.72803 7.8501 24.0712 5.46667 -4.05933 1.67664 6.61096 2.68115 8.54578 6.6084 
8.31628 -0.572021 2.37 7.63928 -2.35168 7.35034 -2.09106 -4.953 2.42395 13.0548 
-6.31335 13.2673 3.30408 1.7981 4.85339 9.453 3.55725 1.19116 4.28931 9.65601 
-3.81836 11.111 0.728516 0.924194 17.0769 3.08105 -2.82861 3.46069 5.16846 11.7747 
-6.9165 9.75232 28.7405 12.3082 -5.08582 3.34216 2.91992 -0.502441 11.2687 7.04077 
17.4858 1.66992 4.29358 0.804932 -1.40833 7.67578 1.18567 0.150024 -1.07263 8.55945 
26.213 -0.0700684 6.90637 0.509766 -3.48792 1.59656 -2.04578 4.13318 1.11792 7.41479 
-1.10474 1.77588 8.62695 9.40393 1.18616 -1.39319 -6.05481 16.7653 0.999268 8.703 
5.82397 -1.59985 4.29138 4.33289 1.78125 0.421509 -3.12378 0.251831 11.973 10.3992 
-2.36243 4.29297 -0.439331 -1.1062 12.3234 8.19702 -3.0332 2.14014 5.09583 11.9575 
-0.237427 4.44958 7.90027 -0.707764 9.50305 6.01257 15.4249 -3.32312 7.86755 6.55322 
-3.45581 6.26196 0.436523 0.0474854 9.84985 6.58191 -2.29956 -0.51355 6.66992 8.66211 
-7.65112 7.1991 1.58789 9.2373 8.86328 5.672 -1.53625 7.97925 6.01074 17.6261 
1.3584 2.01758 -0.892334 5.99646 -1.88293 8.11682 0.755249 -8.99719 5.94385 11.6006 
-1.35754 -2.53076 1.00708 10.1473 0.0375977 3.71802 -1.49561 0.729614 10.3538 10.16 
-7.54749 8.33777 -0.751343 3.3905 18.8214 2.38379 0.656128 3.32129 4.33789 13.2811 
0.240479 3.57751 3.99109 6.13916 -0.382935 4.80603 -0.00976563 9.16272 2.64429 8.53406 
-1.12036 3.82764 14.5249 4.20105 -5.44836 -0.754761 4.61719 6.00476 5.06348 1.80408 
6.0116 0.284912 -1.56689 11.3158 -5.4657 13.5674 1.69861 -11.5732 5.19983 9.18542 
-6.94019 4.38354 7.66858 6.21399 7.16833 3.61548 16.5895 -3.87549 8.19067 5.36621 
11.2821 2.19092 6.62207 8.21484 -3.55298 7.9519 -1.69836 -5.02576 2.85852 12.5764 
-0.619873 2.60938 1.15503 2.84973 2.56873 4.43774 15.9371 -6.50647 9.74536 3.12988 
-2.37537 8.22742 -1.50562 5.67175 10.0431 5.77527 -6.02356 8.24902 1.97095 19.1327 
-0.151367 5.10632 3.10461 0.670654 5.85168 5.44238 14.9005 -5.31311 8.72449 4.02429 
1.68079 4.7793 2.75537 14.7401 -1.71533 11.4851 -1.54297 -7.93835 9.13513 14.1334 
6.39294 2.547 11.0518 2.88269 1.07129 -0.416382 2.1626 0.65918 5.93555 4.14636 
-2.50427 -0.197998 19.4615 4.66003 0.69104 -0.987549 11.3569 -0.7854 8.39063 -1.77161 
-4.79651 4.00073 -2.44385 1.65112 11.1217 5.87122 -1.58557 2.90991 4.25317 10.5259 
-3.18274 4.57117 17.1541 1.83252 6.3584 0.111938 25.2258 -6.20349 6.93262 3.80054 
-0.656128 5.67261 0.881348 4.86047 10.0903 4.39624 -4.67505 6.53845 3.73438 17.3475 
12.1764 -4.66541 1.02612 2.89502 2.98291 1.28174 -4.98718 2.41248 0.399536 7.8877 
1.0448 7.40967 17.3143 4.79187 -5.10095 2.52795 9.9718 -1.35449 9.20837 0.396973 
6.04077 -8.59644 -3.08093 10.8344 -0.938965 9.20911 -6.00781 -10.4247 8.27429 13.4277 
0.296631 -7.82642 -5.73633 12.6665 -0.80127 15.7292 -4.14453 -9.14392 8.63025 12.6296 
-7.15112 13.0881 2.03748 2.36304 5.98083 8.53125 3.57129 0.907227 6.50696 9.80969 
0.833984 -1.48132 1.09863 6.17639 -0.24353 5.3324 -0.795776 -3.56897 7.84424 10.6216 
2.63269 -0.906006 3.07043 9.8772 -4.71631 6.47388 0.893188 -10.2373 10.043 8.51721 
-3.30835 6.84229 -2.59058 6.33643 8.91711 5.67822 -6.7937 8.7323 1.86316 19.7195 
-2.60559 2.85388 7.01257 5.63062 -0.954468 -0.660767 -1.50793 11.9587 1.94629 7.60925 
1.18506 -0.340454 5.06934 4.63123 1.35107 4.46594 -2.10046 -4.69128 12.8429 9.28076 
-0.681396 4.01306 3.24231 8.24243 1.84399 2.5979 -5.8855 12.7413 1.10828 11.6796 
-0.124146 5.42322 15.8706 1.04541 -3.43213 -0.230347 5.552 1.78625 9.66064 -0.292847 
-2.8064 4.14783 17.5693 5.4303 -5.34705 1.0061 6.80469 0.25769 9.09937 1.69836 
0.857544 -6.91333 -7.14453 11.0457 1.82251 11.6447 -4.69092 -7.6991 9.67419 14.0656 
1.24109 3.45886 5.55676 11.1792 0.804443 4.56433 -2.40552 11.1821 2.79614 12.1572 
-0.805054 6.18713 -1.34875 8.07312 12.9664 6.16455 -2.9978 8.86145 5.21436 20.9773 
2.50623 -7.80811 -1.08069 7.80566 1.85901 3.90479 -3.70239 -6.74902 10.744 11.4874 
4.28857 5.24829 19.2802 -0.839355 -4.03857 1.05469 10.178 -2.49719 9.03479 0.562988 
-5.43945 12.0444 2.83594 2.89282 5.11621 8.28296 3.96143 2.32715 6.06506 8.10303 
5.18481 -0.916016 1.55969 4.88171 -1.52563 4.00977 0.367676 -4.6615 6.26233 9.74609 
-5.30273 13.2351 2.32019 0.964722 6.58118 9.42847 3.77307 2.73901 4.5896 9.2583 
3.38025 0.0524902 3.60425 8.7511 -3.36853 4.1886 -2.15063 -2.4364 4.95667 11.1017 
19.8687 -2.27905 -2.7854 -2.84338 0.146606 2.14124 1.68127 5.80823 3.77356 2.85242 
-1.79382 11.3005 6.37231 4.76294 3.33801 6.42175 4.97632 2.32971 9.00659 7.37488 
-10.3431 12.5228 30.5305 20.8815 -6.19849 5.32898 1.28259 0.604248 11.8105 8.29968 
2.45068 5.21753 2.64063 10.0649 -1.36438 5.06567 2.77698 -1.62915 6.0105 2.35229 
-2.98035 5.01868 -2.94568 0.718628 21.0343 -5.27112 -2.86975 4.39697 -0.887573 9.98279 
3.69629 -4.69238 -4.96838 1.40967 4.64233 19.9165 3.45007 -9.87366 9.29858 10.2108 
1.32825 3.44702 19.5509 -0.460571 3.91797 -7.65759 28.2867 -3.03394 3.46265 1.75159 
-5.75024 3.78845 -1.31104 15.3422 7.82751 4.3949 -6.26929 25.7694 9.58557 17.4109 
2.8269 0.420044 2.44299 5.50037 0.714111 0.760864 2.2843 -2.86597 10.0073 7.09778 
6.20337 -1.6521 -0.243408 16.4685 1.36829 10.5439 -7.77673 -3.07251 4.07056 16.9808 
16.6947 -0.454468 0.342773 0.543945 2.70898 0.783081 3.09448 2.44873 -0.763916 1.1394 
-3.00513 12.2828 4.13293 4.58704 5.55811 7.29053 4.91699 2.76477 7.87634 8.60413 
-1.28748 10.4762 28.8362 19.5085 -7.84009 8.7865 -4.14355 4.38403 10.7905 11.3615 
2.64124 1.06653 -1.22412 16.5554 -2.70007 11.119 -4.09131 -6.44763 1.69312 9.75415 
-7.36035 6.80786 -1.05737 3.31824 20.3875 -1.20081 -0.184082 4.31409 0.752319 13.4384 
6.19751 -2.74829 3.48157 1.87988 3.4397 24.7449 6.34473 -7.72571 13.8384 7.83899 
1.00647 1.17273 9.70715 -5.50012 10.2845 -3.80066 25.2346 -3.93115 3.9458 5.61975 
-3.01624 5.12134 2.6261 11.8662 7.98535 1.4856 -6.81116 21.7308 4.75122 15.5079 
13.1161 -5.02612 5.07739 6.42749 0.30249 -1.08203 -1.25085 -3.39648 14.2847 7.57507 
9.26062 1.16333 0.072876 16.9425 1.32263 9.46533 -9.21729 -0.560303 4.41113 18.2279 
17.292 -1.07434 -0.20874 -3.9259 -1.06482 -1.94153 0.148682 8.25256 4.39233 0.184448 
-0.153687 10.9843 5.0769 2.72888 2.5332 6.06421 9.31543 1.72729 5.14343 6.08289 
2.69312 6.05774 22.692 16.5569 -8.56812 5.78076 -5.29517 5.54907 13.7742 4.81982 
4.18994 1.23779 0.103271 15.9154 -4.67712 9.59058 -3.25903 -6.75623 7.25439 5.89075 
-1.25989 3.79272 -4.34766 -0.638794 23.6483 -3.57434 -1.23181 3.10449 0.307129 12.2418 
9.16248 -3.30811 3.45923 0.187134 4.45654 21.0933 4.3396 1.2345 14.9631 1.03577 
-0.749512 5.83301 7.30493 -5.17114 3.47632 1.26331 22.7614 -0.795654 -0.714355 6.60669 
-5.39429 3.26013 3.15222 12.2944 6.77832 0.907227 -3.84717 24.5382 7.58496 16.3834 
7.90613 -2.2168 0.724365 6.94177 -2.2572 1.65894 -3.34717 -3.03772 13.4221 9.80713 
11.7758 -1.81567 -0.05896 13.1407 -0.216064 6.89795 -10.6655 -1.90454 6.63916 15.178 
-4.09778 12.9003 6.5614 5.31396 4.11401 7.82336 3.14685 4.31128 7.69177 8.85803 
7.03931 5.48425 17.6348 12.0355 -7.03125 3.55542 -3.82288 1.83545 13.7111 5.03015 
0.330566 3.26538 2.56067 0.261475 7.49805 -0.359985 17.4423 -3.90698 2.14392 3.18933 
9.56934 -2.11523 -5.26624 3.9054 3.33972 21.2483 8.94836 -5.27185 7.56836 6.20911 
-1.69275 3.81238 2.02344 22.1154 -1.7428 16.5394 -7.14294 -5.67639 6.7959 15.9929 
22.4802 -0.823364 -0.379517 -2.3678 -2.83557 5.59326 0.626709 1.95459 2.90454 4.17163 
-1.94678 8.08569 3.88965 8.9397 3.82715 3.63538 -3.5144 21.6975 7.94482 15.0653 
22.7865 -2.07312 0.405762 -1.21326 -2.94348 3.96924 0.891968 2.54919 4.77417 1.79749 
-2.51721 7.89331 -2.13062 -0.974976 21.8417 -1.25598 -1.51001 7.81262 -3.29846 8.80457 
0.815674 11.573 4.12122 2.50989 1.89929 8.19373 9.52856 2.16724 6.21411 6.08594 
-1.29834 11.4982 3.01221 -0.12793 24.0044 -5.88562 3.78918 6.52026 -2.26355 8.31226 
0.0140381 -0.391724 -1.69336 21.4574 -4.151 12.3777 -3.86401 -5.01099 5.51782 9.88977 
5.21472 -0.833862 4.86292 -9.11475 2.22791 -2.59924 18.3899 -3.47095 0.651123 3.1228 
-3.89148 1.34253 0.0541992 17.5676 0.909424 6.14929 -5.73901 21.9467 12.2922 16.4364 
-1.17969 10.8778 27.1523 12.2307 -8.37573 2.49768 1.06824 9.15125 10.0878 2.44812 
-0.118896 -0.887451 4.28345 17.7688 -5.76514 10.2687 -4.68591 -2.74402 6.99988 7.46631 
3.84521 13.5265 7.24512 1.70068 -0.0219727 3.75806 7.92297 3.17725 7.93896 4.29248 
1.09509 4.84106 18.5636 6.84583 -2.3468 -2.55066 1.26123 6.07312 11.8101 4.94775 
0.128296 11.8945 6.52014 5.19702 2.00598 5.55127 7.15527 2.23743 7.63696 8.34521 
6.77954 5.3689 21.3989 7.48364 -5.78638 2.23132 -5.76599 0.344482 16.6306 9.18213 
7.19336 -1.37866 -0.748779 6.7948 5.30847 3.77979 -4.68164 3.46497 6.67798 15.6715 
2.16284 -3.07434 5.16357 -3.92932 1.53088 -3.15503 14.2351 -1.13501 4.08618 1.81592 
29.4146 2.47058 1.34424 -4.10657 1.67603 -2.8302 -0.515991 7.90088 3.55237 10.2701 
-1.08118 11.8771 3.69641 3.2373 3.93494 4.49731 -0.0244141 3.97485 9.5675 8.46375 
-1.02612 3.74951 3.7561 19.1151 -1.95959 11.1248 -3.73608 -2.97327 7.37402 10.1395 
21.5804 1.30078 0.0133057 -2.59131 -2.00732 -1.32446 1.31909 7.56555 1.65088 7.36853 
2.50122 9.03247 22.7803 9.55798 -10.36 4.97278 0.741943 7.98694 10.3796 5.78003 
-3.65234 3.48877 0.805542 8.28735 4.79578 3.92322 -5.87378 20.5985 9.56555 15.3593 
10.6068 -4.23291 -1.10876 -1.19983 5.07886 19.1877 7.17712 -4.44629 8.68701 4.81641 
-5.31628 1.33264 -1.95129 5.48535 8.30664 0.481079 -7.31909 16.1887 6.37256 10.7062 
-1.98401 5.58032 6.40222 -2.70776 2.81018 1.55347 22.4673 -2.34106 3.39136 6.21472 
-5.62854 14.6467 36.5198 23.1698 -5.57605 3.97388 -1.36389 2.11926 14.2821 12.3136 
4.76074 -6.72839 1.7605 8.47485 5.8949 0.800049 -11.0616 3.61121 4.47375 17.027 
-4.1377 13.0918 3.97852 4.35608 4.93176 8.86182 4.2605 3.37744 5.23694 9.01868 
6.24878 -3.51282 0.0797119 7.85559 5.97754 3.08325 -7.13 2.51868 6.15173 19.4396 
33.7194 5.18433 0.501831 -1.42395 1.0437 5.00342 -4.59375 4.95886 5.7168 13.1444 
1.89868 -2.92065 8.57581 -1.65149 3.38892 -0.0222168 22.4183 -7.25989 7.67566 -2.12402 
37.1195 5.8772 0.325439 -4.6012 4.55066 6.18579 -0.327637 9.68616 8.08667 13.34 
2.26489 -0.00927734 11.4962 -9.4375 1.07092 -4.00732 24.4094 -1.9375 4.67798 -0.25293 
34.1195 5.12683 3.23962 -5.74976 2.21191 -3.36902 1.41602 16.1025 2.60791 10.9063 
-1.07068 11.1442 29.9354 19.3439 -8.995 8.72498 -4.13513 -0.936035 13.8884 10.5016 
28.5833 2.23572 1.6864 -3.1814 4.11194 -0.910767 -2.13977 6.64539 1.45105 9.16309 
-0.249878 2.69775 1.14868 3.51318 2.35022 4.76392 19.3104 -6.40088 4.02441 3.96057 
0.454102 13.8209 7.42102 5.02234 1.40833 6.41504 9.79822 2.68945 7.53369 7.93823 
10.9336 5.98926 -3.55664 -0.340576 9.06201 26.8203 6.05481 -1.13025 10.5377 7.65723 
7.10583 2.45679 3.90784 6.03394 0.867676 -1.27771 2.38843 -2.19556 13.2443 9.8916 
-6.24304 5.83923 -3.06348 0.79248 22.0684 -3.44849 3.47266 9.04517 0.0129395 5.995 
1.80298 1.35876 10.7521 22.5179 -6.58521 13.0902 -4.11731 -2.95129 11.9373 5.11133 
22.3047 -0.624268 -1.08044 -5.10669 0.160522 5.35046 4.18823 5.75806 2.24133 0.825073 
-2.88672 14.2216 5.57629 4.30188 3.69751 6.28809 4.98169 6.24963 5.82251 9.04175 
11.7916 -0.600708 -1.00757 2.81348 4.66064 22.2784 6.1532 -8.59863 8.95227 3.33508 
-5.25269 5.91833 -2.74548 2.3844 16.3464 -3.09546 6.32678 3.28943 4.87903 7.63525 
0.277344 13.3419 4.52686 -2.8114 28.5537 -5.70801 7.56543 8.03186 -4.97217 9.02222 
3.76318 2.90869 -0.748413 5.83154 0.863037 4.92297 3.16858 -1.89673 11.0002 6.63184 
4.48425 -3.01978 -3.69385 -3.44629 6.31323 23.1281 7.9989 -7.74878 17.1797 8.72644 
-0.703125 1.60083 -1.41113 9.16406 7.98987 4.27258 -8.58887 18.0702 3.15039 12.5677 
10.9236 -2.26953 -2.13635 4.00769 4.05127 23.3976 8.25769 -7.30737 10.104 3.23328 
-1.24023 3.56189 -1.62122 5.35181 3.96436 4.89221 -5.44763 15.7947 8.82129 12.4388 
5.77515 -1.40845 4.22998 7.5835 -1.61182 0.578247 1.40308 -2.69336 13.8109 10.1124 
-1.85193 0.95166 5.23755 21.5398 -5.15979 12.1837 -6.12195 -5.30383 6.96375 11.4866 
-7.23682 7.75317 -2.01001 1.70215 14.6272 -0.768555 4.53186 6.03931 3.36438 8.91516 
12.6211 -7.09888 3.06909 7.69092 -1.71277 -0.234863 -4.7168 -6.00598 14.4857 8.0658 
6.86438 -3.91309 2.55969 8.0553 -2.0155 1.17761 -5.06787 -3.37585 11.4491 8.71863 
4.29321 1.69629 -1.64941 10.8242 -1.64148 17.8085 8.82117 -8.7085 7.47424 10.1115 
-3.3219 12.8188 27.3079 11.9188 -2.61719 1.99976 5.98352 4.68665 7.91882 2.01611 
9.99829 -1.47925 3.09668 6.40625 2.8927 2.01709 -2.77002 2.27319 5.1073 11.6628 
-1.77356 7.18433 1.93994 6.75403 4.03979 2.67639 -5.0332 16.5109 8.15515 10.4534 
-1.39124 13.8635 6.13525 4.84692 2.69287 7.28088 5.93506 3.13489 8.14697 9.24487 
3.29541 1.08838 9.28918 17.1167 -3.79761 8.20166 -3.56702 1.11475 12.3409 8.49438 
11.0322 -0.34375 3.51807 3.36829 -0.101807 -2.21118 -1.21912 -2.65161 14.6385 10.9755 
-3.87378 13.3417 4.56689 4.35254 4.75745 8.86035 5.27075 4.19385 6.09753 9.30798 
18.4166 -0.266602 -1.6261 -4.69458 -0.424927 1.87085 2.68933 5.57727 -0.0554199 1.87927 
-3.94226 5.44641 0.493774 15.8708 8.44958 3.57288 -9.47949 24.8977 6.56165 17.3651 
6.2146 -2.78308 -1.99536 7.19226 -3.48975 12.2101 3.51941 -9.22131 5.10022 9.76721 
11.3119 -1.4884 -2.28613 12.3757 -0.820313 9.91028 1.78748 -4.80432 2.90564 10.4491 
0.5802 2.64001 7.63562 -3.54602 9.53589 -2.38037 25.2888 -0.338013 0.879639 6.00903 
9.38013 2.19458 0.052002 11.5538 3.71753 7.09802 -1.01038 -1.229 3.16687 10.3414 
1.43567 1.25793 4.1051 -4.30444 19.0311 -5.29602 8.16248 5.24524 -0.84729 10.858 
3.57227 7.27734 0.956421 4.60535 5.82715 4.4436 -7.31262 16.4645 6.83264 14.5906 
4.45276 5.40662 2.11804 10.0281 2.31982 3.58032 -7.52026 19.0609 7.45129 13.868 
15.4565 0.2052 2.54382 9.27637 0.856567 4.75195 -3.00488 -1.91724 8.66479 15.1075 
9.66455 1.92554 -0.0976563 7.37219 4.77148 0.843872 -0.646973 6.37415 3.64429 6.73022 
1.52161 -0.224365 2.9856 18.6924 -5.41541 11.2745 -1.66626 -6.38281 6.85742 5.88013 
-8.05322 7.79578 -3.15247 3.01233 17.1885 -2.49915 5.23828 3.52869 5.00708 11.3016 
-3.29968 7.56592 1.55957 2.14514 20.8365 -3.04919 -0.367676 4.9458 -1.68628 8.64453 
-0.887939 0.189697 4.20972 25.5759 -4.98743 17.7968 -4.21802 -0.518188 5.49158 11.1353 
8.47766 -5.60388 3.77576 4.06409 -1.05237 0.239014 1.66406 -6.1217 13.1624 6.06152 
0.0874023 -0.692383 1.71057 4.36487 -0.306396 0.649658 15.4003 -4.34216 4.55115 2.28894 
1.34106 10.6458 24.8633 7.27966 -10.1031 3.18726 4.87805 11.3867 6.24304 1.91919 
15.9005 3.21289 -1.45325 4.97095 1.21423 3.27429 -6.87817 3.98828 1.51001 7.89856 
-1.08936 14.6072 6.73914 4.67664 3.25964 4.56763 2.07813 6.53699 7.51917 9.03064 
-2.26111 5.63708 25.1315 10.361 2.58008 -7.11694 1.95764 5.30371 7.85474 3.37354 
-2.85364 1.19641 1.82263 23.1779 2.9967 11.0179 -6.39294 4.87781 10.2195 14.3954 
-7.47314 4.25293 -5.31482 -5.47644 23.2504 4.12366 1.73767 3.46985 9.64124 12.7524 
3.00085 -1.87805 -1.68481 6.25867 -0.177002 21.0164 5.0094 -9.35925 7.46716 11.3485 
4.46924 4.26184 5.85229 -9.3241 11.3043 -3.72302 23.0762 4.72705 -3.11304 6.49243 
0.77417 5.20544 -6.39429 -1.77979 9.31702 1.32593 -4.00476 16.1127 4.36755 12.4629 
-1.20215 7.58264 4.39087 5.31458 2.64355 5.10242 1.24072 -4.22546 15.4012 6.10913 
-3.03589 2.93335 -3.57678 3.83997 12.0774 2.35193 -0.545654 8.86316 3.60107 17.2643 
30.8682 4.90039 4.94153 2.16663 4.354 0.445923 -5.69617 8.07947 3.67004 11.2098 
1.0072 14.3033 5.28857 2.5282 1.84045 4.3009 6.11865 4.09631 7.52307 6.55701 
1.19006 7.7157 23.6588 13.6744 4.43994 -5.98389 -3.95654 5.70776 7.95959 7.1626 
2.33582 2.85522 -0.422852 21.0352 1.79871 9.72119 -5.27686 -10.7433 9.50085 14.3403 
-8.08984 8.24243 -1.73584 0.952271 23.6825 1.44092 -0.77478 4.90051 4.73877 11.6941 
0.424194 -1.79529 -5.21362 9.74805 0.639526 21.4303 6.06299 -12.011 6.29651 11.7832 
0.313843 3.92371 6.94006 -3.03125 5.20654 -0.150024 24.1869 -2.74658 3.45801 6.677 
1.85461 6.24231 -2.30603 1.07947 11.3252 1.5752 -1.67114 18.9827 3.88879 12.6167 
2.00098 1.63904 4.83191 7.52795 1.14966 7.0072 -0.676025 -7.11511 14.7786 8.61096 
-7.08521 0.884644 -6.48096 6.05652 12.8096 1.14197 -2.46289 13.2274 2.86621 17.2224 
27.0988 0.571533 4.41394 2.42712 4.61987 0.662109 -4.35803 3.53784 3.11658 13.3185 
-0.474731 15.5757 7.01306 4.15906 2.28101 5.03088 9.00256 4.4613 7.31482 6.52722 
8.60132 7.97778 20.4402 11.7344 -1.31873 0.0789795 -2.48071 6.01941 11.9545 8.23865 
-2.08301 0.425415 1.86694 17.9749 -0.929688 10.0371 -3.42029 -2.57764 9.28186 10.1306 
-2.02478 3.57141 -4.19824 -2.97571 21.4336 4.65015 1.18103 4.67358 9.04065 10.4143 
6.35889 0.130737 -6.20642 11.2816 -1.09387 25.084 10.2454 -7.75098 4.08826 10.0535 
0.448853 3.89905 4.01563 -0.913574 0.441772 5.23743 20.6044 -3.99402 2.40845 5.21655 
3.69031 3.30688 -1.95093 10.5417 4.6344 2.31543 -7.02124 19.5831 7.15784 15.6879 
0.125 6.59485 5.28918 7.18567 3.67676 5.22522 -0.0761719 -2.56555 17.207 8.00854 
-0.418091 1.76965 -3.17859 3.5282 12.623 -2.28418 -1.63416 9.00098 2.29846 17.2313 
21.8379 5.09082 0.0428467 -0.35437 2.1554 3.54443 1.43103 3.22693 2.18506 9.20569 
-0.480957 2.56323 5.95178 5.80298 1.16333 4.38708 -4.28101 -1.72607 15.9462 9.03015 
-0.901733 2.62109 3.21033 21.1766 0.135376 12.9585 -3.51062 -7.19531 8.30762 10.3268 
-1.8125 5.28406 -5.19177 2.10266 11.1714 6.04565 -2.90161 8.48535 6.48889 16.3779 
6.57813 2.57471 -3.83496 9.1687 0.62561 16.6332 8.11938 -3.93481 2.87195 7.20251 
-0.587158 2.64343 -5.24121 13.0331 -4.36255 18.7207 10.8224 -9.0824 6.36877 6.578 
4.75183 7.94397 23.3651 12.5039 1.63306 -4.02588 -3.94446 4.25476 10.8164 6.172 
4.00867 4.49744 4.85071 -11.1567 12.4536 -4.91724 20.8634 7.95667 -3.56262 8.03601 
2.27234 1.72534 6.505 4.76538 -0.00549316 5.27588 -0.740112 -4.18274 12.9601 8.12622 
-2.91064 5.72791 -3.46399 -0.238647 21.3115 -1.53369 4.82471 8.31189 -0.233765 8.36926 
-6.13318 5.44739 -5.16553 4.16711 12.8246 3.80298 -2.45447 9.01868 6.0658 17.7214 
-1.93066 14.4011 7.1051 4.30042 1.3573 5.03198 4.35889 5.19739 6.19971 6.85364 
-0.0666504 7.72595 -3.86609 0.205933 10.7389 0.513672 -0.649902 18.6089 3.76086 12.437 
-3.41321 15.0709 6.49609 3.7644 4.1615 4.32251 3.85083 7.28125 6.04565 7.87964 
0.0279541 10.0715 17.8462 8.86487 6.40259 -2.20593 3.89978 1.17676 5.53149 3.28076 
1.57996 2.34558 4.37695 22.5098 -2.33496 7.80518 -5.44006 -10.2657 6.15552 13.6415 
2.69641 -0.860718 -9.18274 12.131 2.25781 20.4927 -2.43286 -0.302368 11.1134 14.0261 
-3.92407 -4.50574 -6.0813 9.34106 13.0302 -2.14233 -6.80298 9.44641 4.66479 18.6565 
-0.473022 6.74207 5.89612 -0.0639648 7.23938 4.52393 24.3019 -1.14673 0.935303 5.75085 
-3.21033 0.0656738 -3.3313 7.57813 10.7289 -0.339844 -1.77185 7.10559 4.92126 16.4229 
0.220459 14.465 7.17773 5.1355 1.86011 3.93933 2.38611 6.60986 6.77734 7.11328 
-1.62671 15.6493 5.89673 5.00671 3.74377 5.63293 2.49927 7.01099 6.54871 9.34094 
-1.80786 14.5913 6.77368 4.92871 3.30933 5.45984 6.63989 5.64209 5.12463 7.87817 
3.42957 8.26355 15.6754 7.37964 -2.30688 2.01282 1.62939 6.24414 9.47778 6.54407 
-4.80627 1.84705 -5.90222 6.18506 10.1123 2.86975 -1.85059 11.7078 4.93909 14.4043 
9.24719 -1.0127 -5.64453 4.27588 2.1698 25.451 10.0737 -4.9552 6.95508 11.8335 
2.55078 1.17676 4.65466 -0.298828 7.52466 1.29077 13.3649 -3.45483 1.72522 6.74988 
4.23816 0.588379 8.53027 10.2164 -4.37622 5.47192 -0.931152 -6.32458 13.6224 8.66541 
-2.69214 15.4863 8.31873 3.04028 3.31543 2.47058 1.18884 6.41272 6.72449 6.33252 
8.5448 7.88342 17.2501 9.88489 -0.0159912 0.858643 -1.30383 6.88867 8.71692 5.69983 
15.8092 6.27991 0.524536 2.9707 3.15356 2.16113 3.0166 1.39856 -1.1189 4.71887 
2.11169 3.21936 -3.70605 -1.67468 10.3389 1.32019 -4.53101 17.2639 0.187622 10.6975 
2.83521 3.71143 -4.34717 -0.430298 13.4122 3.48474 0.325073 10.342 0.990723 8.17773 
6.98816 -0.597534 -4.31323 7.09717 2.51123 22.0927 6.61768 -3.04272 2.8407 9.33191 
5.01025 2.34094 3.39124 5.25732 2.81665 5.91528 1.68469 -1.43225 15.8534 6.86499 
1.8147 9.83582 22.9347 9.56628 8.19604 -7.94421 7.08362 1.45801 6.07178 3.03284 
-4.5022 -1.13745 -3.69641 7.24805 10.6211 -1.1748 -2.45959 7.53979 3.92224 17.3429 
1.5741 0.317993 5.92419 8.42822 1.49805 6.62939 -5.7793 -0.86377 17.4016 10.3293 
-2.74036 1.05603 -2.4314 2.99463 10.3116 1.04797 -3.58228 8.39648 8.9834 17.9198 
15.0449 7.14197 0.598145 1.37512 3.61377 3.37073 6.53601 5.39197 -2.25122 6.37683 
-3.94482 7.82007 -1.8418 -2.42139 17.7017 -0.541016 -0.918213 7.36108 0.541382 9.65027 
-1.75183 3.95325 4.18677 -0.372559 11.2158 0.489136 20.5685 -1.37415 2.18494 8.42212 
-0.247314 3.74744 0.221924 6.28015 7.66809 1.86621 -4.5365 20.0208 4.28296 13.4144 
-1.98694 14.8467 5.98157 2.76514 2.9198 5.00391 3.45435 5.6554 5.53271 7.09033 
-0.691406 2.48254 4.56055 20.7775 1.16809 8.47461 -6.69238 -7.07166 10.6879 13.92 
-8.61182 7.35583 -2.33276 -0.671143 22.2289 0.729614 1.3009 5.55457 3.01868 11.6693 
0.723877 -2.5199 -7.59009 9.06836 6.36255 25.0665 4.04773 -5.24463 6.64014 16.0632 
0.690918 5.99231 3.87842 -2.41089 5.30432 5.10632 23.7614 -4.22876 1.07739 5.26465 
25.7361 -1.61035 7.34192 -3.54932 2.46436 -3.61572 -2.396 4.75171 0.509888 12.187 
-2.26782 1.18237 3.56995 20.8524 -0.236694 11.5127 -8.24512 -3.12646 12.3231 16.7355 
0.472412 4.56555 4.198 -3.99451 9.45251 1.19189 20.4391 1.15881 2.05359 6.20154 
-0.098999 4.15015 0.616943 7.5946 2.03528 8.65454 2.53333 -0.280518 15.1771 5.36572 
2.70898 1.66211 0.477661 15.0485 3.82007 1.00854 -5.11414 19.864 4.77051 13.5664 
25.9055 1.71753 0.243286 -3.33691 10.0649 -2.04138 0.10791 12.6398 -2.74878 12.3236 
-2.12463 3.50427 -3.79834 -3.4032 16.7047 2.64368 2.98535 5.61755 9.95972 10.3188 
5.35632 8.04016 17.4198 7.7467 1.72192 3.62366 2.24707 4.49048 6.74573 6.29907 
1.93225 7.52417 0.601807 3.08484 7.36938 0.669312 -3.14844 17.3314 6.05212 11.9005 
-3.69568 5.84009 -0.605591 -0.134033 21.7926 -2.13293 2.29504 7.15417 1.58533 11.4126 
3.09326 3.93359 -4.93359 0.649658 9.3396 0.687012 -1.17358 18.8676 4.87683 11.1871 
3.66553 -3.18091 -7.30652 4.06262 3.63635 21.9114 7.11731 -3.94568 3.36133 11.2954 
-5.68005 4.67493 -3.85156 -1.96362 21.1901 0.354736 1.32263 7.67065 2.77783 12.4596 
1.46411 -1.89612 2.54248 16.3986 -3.29785 6.99536 -5.93567 -4.75342 8.24048 11.8964 
-0.104858 4.21741 0.973755 0.464233 15.7917 -3.88257 4.10999 5.71716 4.99561 7.34912 
7.50439 2.46313 21.1357 10.0054 2.16077 -4.97705 -4.58081 0.636841 11.7668 6.44104 
1.4281 1.39978 6.86536 5.70398 1.95227 2.67249 -2.16321 0.306152 13.8557 8.3689 
0.800537 15.4606 7.64929 0.0570068 2.53198 3.18579 3.84839 4.65588 5.51245 4.20483 
-1.79163 1.43774 -4.64111 14.0859 -3.57568 18.8755 8.94519 -7.30603 3.61536 6.39856 
-1.94531 16.2286 9.55017 0.462036 2.83008 2.41785 1.12817 6.29736 5.53992 6.14258 
-4.78284 6.30762 22.2903 4.19348 1.74353 -0.337036 1.01709 8.24426 4.16272 8.9978 
26.3007 3.65063 0.488281 0.648682 8.85608 -3.0708 -0.243652 12.6786 -0.612183 13.9839 
-1.5603 9.70325 31.0912 15.0596 7.66248 -4.60913 -5.8407 -0.947021 6.78491 11.5328 
4.21912 2.34839 -2.74768 7.27258 -1.0625 19.8074 7.58765 -10.1769 8.58752 10.2183 
0.3573 6.03894 5.52747 -0.760498 7.68994 6.12598 21.5537 -4.12085 0.726074 4.41284 
-5.24561 7.8075 2.69714 -2.85364 18.0187 0.955322 3.75208 6.23596 6.43567 10.8947 
4.00085 -1.64307 2.58948 25.2159 -2.29028 13.9078 -5.797 -6.02588 8.97375 12.9974 
25.9532 4.18823 3.58289 1.82617 6.71643 0.559326 2.26416 7.66357 0.039917 5.14795 
24.4153 4.48999 2.82227 2.45496 5.49585 0.520386 -5.37683 7.95789 1.09595 8.12366 
24.6486 1.88025 2.18372 2.29138 2.73059 1.20374 -3.45959 4.99561 0.418945 10.2649 
1.48169 -0.825439 3.43994 17.7787 -2.92151 5.4552 -7.2583 -3.20752 6.99072 9.03625 
0.832275 -0.809814 4.84534 19.5815 -0.562134 2.69946 -5.27881 -5.63879 9.14392 9.11511 
1.42725 -2.08215 -9.78198 9.08984 1.43359 19.0238 9.2832 -5.4563 2.66357 7.05334 
1.73279 1.90198 0.0842285 5.4502 5.30066 -2.88855 -2.66687 16.6997 5.96484 11.4763 
24.2827 2.62598 3.68665 3.54834 4.36816 -0.514648 0.947754 7.90564 0.121704 9.4552 
3.82446 3.57422 8.36792 -5.14636 4.28406 -2.15417 13.0146 -3.48169 0.637573 7.78015 
-3.8833 6.00793 -3.36304 -3.99194 20.5576 2.37769 3.56128 6.0752 5.10828 9.28564 
0.384033 5.5498 7.58398 5.34253 2.75244 4.33228 -1.70923 -2.26404 15.2822 7.01746 
-1.74915 0.91687 4.80286 4.34436 3.29346 4.38525 0.0286865 -2.57336 15.2697 4.82056 
2.54211 7.53967 8.48242 3.65503 0.454834 4.69226 22.0059 -2.45605 4.21985 1.20093 
0.74585 3.96533 1.85767 22.8517 -1.65051 9.32642 -6.20251 -14.0383 9.24915 15.9178 
-2.65039 2.83508 -1.42322 -0.332031 17.9366 0.178345 3.13257 7.29297 2.88306 9.43982 
2.05713 1.9303 7.0979 -10.2864 7.85059 -7.10437 16.4377 10.4008 0.0950928 6.73975 
0.524048 -3.04041 -0.626953 3.70068 12.132 -1.90417 -5.0791 7.48169 8.85059 19.1876 
-6.88953 -0.875366 -3.92322 4.46313 10.3264 0.887939 1.50781 7.37878 7.27795 15.551 
0.931885 6.12939 2.74658 7.82703 1.52417 6.73145 -0.942261 -3.53979 11.6686 5.8075 
5.20215 0.244507 14.9646 10.5908 -0.177856 2.47168 5.70496 1.62769 6.37695 4.39404 
3.57751 3.86182 2.23291 7.49377 4.80347 -2.60999 -4.78906 19.1259 8.39087 13.2152 
5.53979 3.38623 1.61536 14.8245 3.87573 -0.155884 -9.36011 27.0487 7.86621 16.6595 
-2.30371 12.8157 3.61194 4.64282 4.68518 3.81006 -0.73999 5.09692 7.38391 8.40015 
25.2242 1.42004 1.84167 -2.55334 2.85303 -0.498291 -2.19116 6.90344 4.31702 9.24854 
-1.88428 13.8711 6.86035 4.83362 1.2522 4.83911 2.91333 5.4325 8.86719 7.42688 
3.15796 7.14587 29.222 11.5634 12.5265 -12.6458 -2.07605 -4.23364 3.24731 7.88245 
-2.29578 -1.60706 2.80029 17.4222 -1.38428 6.82874 -5.4845 9.7511 9.87097 11.9144 
-5.02112 7.17261 -4.11511 0.836304 21.4441 -2.22766 1.03333 8.2041 0.678467 9.8186 
2.46875 9.3667 5.61658 17.1658 -8.49744 24.5616 10.6 -12.7659 10.7227 11.604 
-1.65649 1.7843 3.45605 -1.26465 8.8634 -1.96021 16.6565 3.31604 5.64429 5.73914 
-0.231567 3.58813 5.89246 13.4307 2.16724 0.822876 -5.29114 17.7415 -1.46875 13.4918 
2.0033 1.40613 4.20642 5.16003 2.03772 0.551758 1.86292 1.026 12.381 8.05811 
-7.01013 4.01746 -2.25818 8.30627 11.5013 0.858643 -1.22949 9.20447 6.63635 16.4288 
29.8558 3.3927 6.17749 -0.823486 6.03821 -4.80469 -3.31812 10.7605 2.78748 13.0033 
-1.50867 14.7091 7.81604 3.48291 3.21045 3.45984 3.41882 6.19238 7.65173 7.64368 
-4.19641 6.80933 27.1489 14.9971 1.01038 -2.62903 9.14417 2.65369 7.46887 2.7334 
-0.227539 7.12048 6.2959 18.7524 -2.93445 10.1558 7.14697 -8.30225 2.06885 6.61365 
-5.21582 3.14429 -4.60913 1.46057 19.9266 3.65845 -1.11218 4.57056 5.07336 8.32727 
-2.43933 9.651 13.7375 8.91406 -4.22021 16.131 17.3927 -10.6676 11.7906 7.39636 
2.00903 2.39526 7.8634 -7.7926 6.79272 -6.01526 16.9808 4.44238 1.94299 2.73193 
5.72205 5.80176 4.26343 14.2568 5.50598 4.9303 -8.1969 22.8497 -1.72644 13.2926 
4.35706 5.2915 6.37146 4.34009 0.830566 1.09521 5.4884 0.169678 17.1063 7.24133 
23.3639 4.67749 2.87415 2.05359 4.03784 0.332886 3.64783 5.8241 4.76257 7.26538 
-1.43347 14.8132 7.09998 5.21814 2.11206 4.97034 7.19226 4.5282 6.30847 6.44702 
-1.37048 1.92603 27.9821 8.28015 -2.2373 -0.817993 3.12939 8.26001 4.53333 5.17981 
1.24792 4.69324 1.23035 17.2152 -1.26587 9.35742 6.15503 -3.98633 1.06897 4.77856 
-4.33228 5.14233 -1.99329 2.46875 20.1019 -1.04639 -0.0404053 6.01538 0.695435 9.24866 
1.17407 8.97339 5.93872 16.9507 -7.89697 24.2783 10.3997 -14.6842 12.9927 13.197 
3.40308 1.03308 5.81238 -4.38196 5.16028 -3.43701 11.6522 2.49939 -1.2832 7.0719 
5.33569 7.33887 0.699463 18.0789 6.04224 7.12427 -8.61243 28.7795 0.0421143 17.941 
8.12756 2.46948 4.40247 1.88696 0.794678 -1.23486 3.25159 1.77942 13.3373 6.38574 
1.69397 4.21802 20.2822 2.22485 3.9613 -2.96753 5.30664 6.58911 2.06079 4.61877 
-3.03186 10.6898 2.75098 3.52527 4.40894 4.95288 2.11633 5.81274 2.61243 7.15869 
0.426147 5.22925 2.55725 11.1873 4.62366 3.91992 -5.75037 17.8679 2.6488 10.8904 
1.21704 13.5741 28.0414 6.49329 11.2625 -6.25879 11.4767 -3.56616 4.31372 4.95276 
7.33191 4.47131 2.77087 11.7538 -5.25183 23.436 8.84814 -6.20154 8.62317 9.28906 
24.4906 -1.65271 7.45093 0.280273 5.29004 -8.04065 -5.00989 10.4641 3.42505 10.2644 
4.09717 1.02441 7.64075 6.28088 -0.398804 2.76343 -1.05884 -2.67126 15.1759 10.1359 
15.2059 1.14575 -0.640503 -1.95667 6.2804 -4.96509 3.49182 6.026 0.278809 5.08606 
4.87207 9.45349 28.6235 20.3832 3.60217 -0.361206 -2.61975 -1.97815 5.64502 9.63708 
-0.683472 4.01318 1.49316 13.5181 6.43164 4.54248 -5.20374 21.401 0.936279 14.5145 
-0.480347 4.47351 4.21069 4.50684 1.6333 4.43506 5.92273 -5.32239 7.33569 2.51245 
7.56665 -0.841187 9.9751 1.04468 0.931885 0.672241 -3.60522 -4.47107 16.3838 8.76245 
0.231079 -1.66565 7.5592 19.3157 -4.10181 9.10608 -6.65698 -8.91882 8.80994 11.6443 
-2.10352 2.02197 7.51208 -1.93701 4.6886 -1.40222 13.7184 2.54688 5.1521 4.3446 
20.2562 9.06763 5.39343 -1.02637 4.51575 -5.17224 6.64294 10.5251 -2.78967 5.59814 
5.94202 8.05933 22.3811 14.5317 2.95862 -10.0118 5.21216 7.63831 0.0544434 3.41162 
2.19458 1.05554 -2.27563 9.38916 8.3053 3.35718 -8.51257 17.105 1.56458 11.4442 
-0.448608 -1.18042 6.50073 -3.67627 2.69507 -1.7821 14.0385 2.19849 6.06042 1.59619 
3.49805 5.08289 6.21448 -3.95947 3.40747 0.631958 19.4275 -5.58276 6.0033 6.44446 
-2.37354 12.0487 5.33618 3.71423 3.14709 6.7323 1.57263 4.56689 6.11609 9.3335 
-4.05591 1.76038 22.6617 6.07556 2.18188 -3.21216 8.14709 1.92566 3.75427 3.70251 
4.7594 1.40479 8.97144 4.16785 -2.09167 2.84473 0.776611 -2.29712 17.0917 4.0708 
1.58911 2.91321 11.131 11.953 -0.155029 3.61633 -4.41565 -1.47534 15.5747 12.4255 
1.31433 2.40076 -4.74402 14.0721 12.1742 6.42651 -7.85706 29.4053 2.72034 17.5702 
-0.545654 4.87939 6.44092 8.87964 6.6792 -0.370117 -3.36414 20.1425 1.39307 12.1438 
-3.90417 11.4341 -0.914185 2.021 21.2787 -2.14563 2.2533 7.11609 1.07593 10.3855 
0.899658 1.79688 -7.67737 12.8207 12.1503 3.55212 -10.1088 28.3977 -1.22009 18.7678 
0.567993 2.89001 4.51196 17.6047 5.35327 5.06189 -5.86072 26.5597 1.95703 16.679 
-3.77393 0.0490723 4.76819 19.875 -2.78967 9.53247 -4.23535 -3.50708 10.4242 12.8558 
1.71301 4.88147 5.41748 15.5082 4.68652 5.37964 -5.53418 25.5477 1.67517 14.8118 
-5.39209 8.04688 0.489746 3.48193 19.6708 2.83569 2.27905 3.50769 1.39441 8.78699 
12.063 -0.227661 1.92419 7.25134 -2.15601 22.9982 7.81274 -3.50793 7.43506 6.51807 
-4.51306 6.38818 -0.0823975 2.83142 17.5853 -1.60376 6.47742 5.74841 1.37622 10.0165 
-2.81665 1.69434 14.4211 19.4594 -5.98303 6.11609 -3.88708 -4.18103 9.58044 9.85413 
-0.965088 -1.94031 6.60254 19.1936 -4.1228 7.54773 -7.0979 0.313354 9.80322 12.7067 
0.745728 3.72046 1.4718 5.54529 2.44617 4.52026 3.22644 -3.38904 13.7089 8.72632 
-7.63721 7.1792 7.39258 -0.324707 15.9487 1.45654 7.04065 12.2026 2.44714 4.78088 
-2.0896 13.9633 5.3302 4.64844 4.32178 7.74207 6.83398 3.33276 6.04614 9.99377 
-5.02783 13.6532 3.79895 4.12781 5.92188 9.46851 3.06836 4.94067 4.89404 9.87939 
-6.64355 5.55432 -2.02539 5.69739 10.249 4.94885 1.1936 3.12695 4.33289 14.7043 
-0.443604 4.40869 -0.4021 5.03198 7.90002 2.41797 -6.30762 12.5016 2.19653 11.1927 
-3.63025 4.37708 -3.09058 0.305664 20.6799 -1.58411 -2.50671 3.3595 -0.92981 10.8123 
-1.69336 -1.96497 5.64319 14.7651 -2.62 7.3313 -5.58264 -0.478027 8.77954 11.1074 
1.12476 1.84314 0.234131 8.86011 6.8783 2.78442 -5.09583 17.6804 -2.96729 13.9803 
-0.762329 2.62671 10.8574 17.9524 -5.52222 9.00354 -0.200317 -7.64429 7.58508 10.8097 
-3.24121 -1.97375 4.68457 24.85 -4.33069 11.8115 -6.85425 -0.184204 8.17029 15.6136 
16.1766 -1.41382 2.85681 2.04443 1.92163 3.20667 -1.45959 -1.93762 3.14795 8.07031 
-0.82959 10.5145 35.9639 13.2542 6.75598 -11.5784 15.3517 -2.46265 9.91858 3.03467 
-4.58667 6.88867 5.7688 17.9833 -5.52954 16.283 11.8551 -4.78479 7.47241 11.0402 
1.37451 -0.213623 0.0241699 7.47192 -4.89331 9.96741 6.98291 0.859497 3.91626 2.90283 
3.026 3.12964 7.08167 -8.89746 6.41626 -7.79309 15.7426 9.17773 0.875366 4.36475 
-0.0921631 -0.776489 3.19434 -2.27686 3.45007 -1.44373 16.7816 0.454956 5.37219 -3.0824 
-1.64978 1.99927 5.39368 21.5807 -0.553345 5.18152 -3.55859 -11.0994 7.30322 9.7478 
2.29419 -4.2688 1.24658 4.20129 -0.792847 6.96692 3.4209 0.435547 6.20349 2.1626 
3.89636 -0.271484 15.1154 6.05176 6.73572 -8.24756 6.14392 -4.48608 3.46021 6.86987 
2.39734 -2.05566 7.20984 -1.22156 1.58215 11.6 3.05225 3.76978 11.4264 1.99243 
-5.30542 7.44055 -0.368408 5.03735 8.83337 4.55444 0.724976 3.16309 4.43555 14.542 
-5.7876 2.29651 -6.32336 7.40283 10.5531 1.19873 -0.137939 8.24841 4.50317 14.0219 
1.24634 -3.08557 7.23535 1.32385 0.837036 -1.4856 -1.45337 -3.26025 13.9762 8.48633 
-2.31726 9.09387 -2.44592 -3.05334 17.384 3.44971 5.29724 4.48413 6.34912 11.2279 
-3.62524 12.4426 2.42725 2.33398 5.54053 6.56958 2.93127 5.08582 3.82898 8.82947 
13.2825 -3.49146 5.33789 3.67651 3.13708 -4.13708 -2.97205 6.06299 2.32324 3.66675 
-1.95886 -3.71399 9.64453 -0.859741 5.79578 -5.3429 14.4768 3.56274 5.40833 2.03125 
9.1416 1.8667 4.45935 -1.39905 9.08142 -3.62097 9.27905 4.72351 1.26514 1.36511 
-4.47363 5.03186 -1.39709 6.40295 9.6626 2.5271 -1.80957 6.52808 3.50256 15.4446 
1.23657 -2.85425 6.62512 -0.917603 4.36194 -4.24182 11.3092 2.26245 7.6427 -0.296509 
3.88354 3.33423 4.10352 0.258301 -0.67981 0.284668 5.88855 5.37744 12.4518 2.39343 
6.14539 3.37109 5.09375 5.07202 0.518799 -0.0321045 5.90747 0.584473 14.7014 7.51147 
1.79346 8.47864 5.19482 11.8442 -4.52588 20.3517 10.0579 -12.7595 12.6433 14.1879 
3.2522 -0.723633 7.13171 -4.09216 -1.28052 -4.65491 11.5573 1.07288 7.13635 -2.84924 
-4.1333 14.4835 4.21704 3.474 5.1272 5.62402 3.28809 7.32471 5.28748 9.44641 
-3.40527 11.8754 0.927002 2.34009 5.6731 8.49304 4.18933 2.32629 4.11719 9.02844 
-3.28345 1.71887 -1.90796 5.25476 8.01978 2.03284 -3.11877 4.73022 5.22815 12.2025 
3.70862 3.09021 5.90637 4.34387 1.46997 -0.529785 1.77698 -3.00342 12.7471 7.87817 
-2.61633 5.73022 -2.33862 3.75305 10.7592 2.58374 -2.34961 4.29517 4.09583 12.3812 
7.60132 6.63306 30.0516 14.3008 3.05811 -12.5137 5.16492 3.39209 8.4281 2.18994 
0.034668 4.31372 8.30664 22.431 -3.32312 11.0343 -6.86072 -14.0624 9.31836 15.0277 
4.46057 0.104614 -0.379272 9.6178 0.0145264 22.8663 4.02759 -2.63135 11.0354 7.50085 
8.08057 -0.801514 3.79321 9.43335 -2.80554 27.8125 6.38074 -6.81934 10.1346 8.6698 
-2.39441 4.27319 -2.47168 7.38782 5.14795 2.5249 -1.91711 5.13745 5.97485 10.7532 
-0.262329 9.151 2.49805 -3.9657 12.1599 0.402466 6.5813 4.15942 6.36902 7.47095 
3.19409 9.33911 20.8561 -5.05444 5.34814 1.20508 9.57971 11.4666 4.52502 2.69482 
-3.80188 12.0222 3.3916 2.99792 4.0426 5.46375 1.92627 5.63074 5.63635 8.27686 
-4.06287 5.72766 -0.604492 5.60876 8.24622 4.54187 -0.268799 1.58643 3.16504 14.0824 
-4.22363 2.77014 15.2517 17.7825 -1.8877 2.89331 1.82947 -0.354248 7.98096 7.31628 
-3.74878 2.30225 -1.97937 4.11035 9.72949 1.1604 -2.66565 8.81396 0.102173 11.4921 
-1.13354 6.13159 36.4318 10.4965 8.46631 -10.1893 7.87878 0.795654 3.40918 6.58472 
16.1279 1.75977 5.29578 -0.924072 3.7085 -4.69617 5.29614 10.5776 0.515747 5.10608 
5.57458 1.54041 11.7836 -3.31287 1.17712 -7.00537 10.9962 2.27795 10.6036 -4.48706 
11.6029 3.51428 6.01807 0.552368 4.77881 -6.76855 6.91492 6.88318 -1.09326 2.13904 
-3.18689 8.50623 -3.6532 -3.74463 21.4419 2.58362 1.95227 3.89124 5.70911 13.6523 
12.3856 3.72864 8.90125 2.36829 6.19702 -10.9919 3.92322 6.82776 0.750122 2.7179 
28.4164 3.63196 4.24866 0.653198 4.86292 3.0647 -1.59045 7.87939 7.27588 11.7749 
1.93079 13.8267 8.10901 1.62732 -0.833862 2.78491 6.14209 5.16602 8.29468 3.81689 
8.07983 8.2135 18.3196 9.70862 3.91016 0.765259 1.96118 3.04541 7.53418 7.83679 
-1.07983 4.82703 2.31921 19.9329 1.74243 9.3479 -6.65222 3.31934 10.0964 14.8625 
0.626587 8.7915 -0.738403 -0.133179 18.9016 -1.21863 9.61511 3.37866 3.91626 3.60669 
4.37939 5.51575 -7.47876 -5.34497 13.1788 2.98096 -2.15906 15.5492 7.47302 9.03918 
2.16943 4.02991 4.65588 3.02954 3.3634 1.10974 2.82483 4.34998 14.4585 9.08948 
-5.07861 1.5907 -4.12866 3.96875 13.0797 -0.679688 -2.57715 8.42493 6.198 18.6766 
24.2773 -1.97546 4.69922 3.85437 2.57056 2.01099 -9.66504 0.0300293 5.76709 13.2023 
-0.587036 16.66 9.22278 0.193115 4.93457 2.39233 0.098999 5.6322 5.09412 4.44604 
5.78381 11.7191 21.2913 10.2783 -0.28418 2.66858 1.42407 8.17712 9.75378 10.2068 
-1.47864 -1.26196 3.42383 25.5986 -1.60144 13.3168 -7.24219 -4.21667 8.69128 13.799 
0.557251 3.76721 -5.29468 -0.607422 9.46753 3.23511 -2.85706 16.5247 2.3136 9.99915 
3.24329 5.85107 4.75574 2.91663 2.39612 3.073 3.52563 5.53467 16.8184 9.22742 
-6.63806 4.46948 -3.08679 4.43213 14.326 -1.23901 -3.0835 9.04895 3.59985 15.4984 
17.6527 6.69897 2.9375 2.13806 4.25623 -0.593262 6.66809 7.3075 -2.72083 6.03699 
2.24133 14.9524 8.59875 0.893066 3.54504 1.57458 3.13 5.79236 6.78809 2.13147 
7.93506 7.54907 15.8112 9.13562 0.466431 5.61877 3.18274 6.9928 7.64771 5.91089 
1.19348 1.31445 6.03113 18.4487 -1.60217 4.64917 -11.4618 -8.97095 6.33667 11.1691 
2.63501 7.57422 -0.270996 -5.3429 16.4601 1.55957 5.66711 5.74023 4.5658 6.47803 
2.40686 5.30627 -4.2804 -1.1283 10.0979 2.54858 -3.86768 16.6471 7.80762 10.0995 
1.38367 6.89868 7.40894 6.05566 1.89063 3.82849 8.60083 1.00464 18.1118 3.98962 
-6.151 1.56787 -3.45581 8.00598 12.632 -1.39246 0.227051 11.2225 2.39636 18.593 
1.1593 3.58508 -3.87744 0.265869 8.59644 4.80603 -0.0438232 14.5505 2.6405 8.15137 
2.2312 0.404175 4.43518 16.9152 -2.49585 9.45862 2.46265 -1.92236 6.36511 4.58093 
19.495 4.49255 3.7417 4.57092 2.40991 3.08386 5.3562 -0.171631 -0.234253 6.42322 
1.32581 3.53491 1.58533 19.459 0.223755 7.74414 2.74634 -6.09399 5.24988 3.52466 
0.218872 14.4969 8.42188 0.856689 1.88379 2.49146 2.6947 5.25085 6.48499 5.40918 
1.3208 4.0658 6.12439 4.24182 4.26733 1.49536 1.56482 3.60669 16.2396 9.24255 
5.66321 5.59851 -7.5177 -5.32947 11.505 3.84814 -1.36218 13.2791 6.93408 8.75928 
1.58777 7.72559 3.20178 3.82202 1.63623 4.80042 21.0118 -5.30774 2.79456 -0.261719 
4.29272 3.07275 -1.86755 1.09534 10.5865 5.96594 5.91113 1.79724 3.02649 4.63611 
20.089 2.36035 0.76709 0.0939941 3.32593 0.813232 5.14661 4.87903 -0.0303955 7.88611 
6.52832 8.1875 23.4275 8.87634 -1.73914 0.416504 0.985962 5.34045 8.20349 6.62158 
4.32446 5.65796 4.20691 -0.665039 -0.473633 3.85217 21.1543 -3.61768 2.44397 -0.514893 
3.24939 0.250244 5.60657 2.9845 4.33337 -2.13721 -3.54456 3.36023 13.3033 8.11487 
5.96912 6.17041 14.1803 21.368 -5.80054 8.96045 -5.57214 -8.94165 6.87659 8.70044 
10.515 7.06165 23.9897 14.4497 -4.47302 4.07544 -2.50537 8.80103 9.77063 7.4939 
2.98376 3.40247 1.38025 2.86426 3.25024 5.39331 4.82898 3.44116 13.9828 7.84302 
-0.603638 16.7097 10.9612 -0.135986 4.13306 2.11584 1.33252 5.99292 5.68774 5.70703 
7.86829 10.9015 21.9446 12.3124 -0.599976 2.50525 2.10449 5.2229 10.9063 3.15356 
19.1898 6.40637 3.7793 2.80688 8.37122 -2.77344 1.28528 2.28052 -0.510986 3.3656 
1.35913 8.02893 -2.37183 -2.73035 8.28687 5.24646 -6.09802 10.6377 7.92065 10.7281 
0.869385 16.0597 8.31116 -0.359497 3.40979 3.12634 3.78479 5.96692 5.69592 3.42383 
16.5194 4.66235 3.64331 2.33081 4.57544 -2.04602 1.80591 2.64819 0.322266 3.43176 
1.41797 7.37524 2.35461 -2.41333 14.8715 2.32483 9.85791 0.87854 5.81494 2.78821 
5.96582 9.37244 4.00879 -4.16736 23.8632 2.07153 7.44702 9.48145 -2.60303 7.19128 
6.42224 -3.63196 -2.98645 0.554565 5.82959 23.1979 8.90344 -6.98767 6.25256 8.52368 
0.614502 3.31348 0.995239 1.66162 5.41724 0.113037 3.1499 2.35535 14.0294 9.93909 
19.4194 5.10986 3.87561 3.85242 5.66479 0.157471 -0.436646 3.45386 -0.0180664 7.64832 
3.17737 6.81519 4.7511 3.85571 1.04114 4.11865 23.6244 -3.7229 3.06909 -0.62085 
6.06628 3.00061 14.3022 -3.82593 0.466797 -1.94299 8.00549 3.16052 6.63611 3.05859 
1.77722 -0.0450439 3.03333 18.6884 1.40332 3.18909 -9.40381 -5.62695 8.4635 10.5287 
0.174194 14.5973 5.80444 1.43884 3.96497 3.69727 3.41321 4.42224 6.68713 4.71082 
2.82947 0.14209 -6.8324 10.2078 5.06958 27.0419 11.4713 -7.93982 3.52625 14.5479 
-0.485107 14.8436 9.65759 2.15222 1.24451 3.37598 6.24207 5.76233 6.6853 4.12927 
4.11609 6.44324 2.96887 1.81238 1.96533 2.46265 8.25562 2.79822 14.4725 5.27295 
3.17065 -0.60022 -5.31445 5.10449 3.651 20.3231 10.1588 -4.30261 3.10071 9.06116 
-3.28503 1.83643 -0.494629 4.72095 11.0471 -2.4906 -1.38989 7.29907 6.26917 13.845 
3.89441 6.10547 -0.558838 -2.80237 14.9751 4.07251 7.27234 5.71729 4.21997 6.95459 
24.2114 2.07104 5.58191 6.39185 2.96729 4.14026 3.1438 1 1.05127 9.4303 
4.27869 6.03247 -6.38916 -3.61548 11.6204 5.03113 -4.14563 17.8601 7.89392 10.2041 
5.13367 -1.755 -4.60669 4.51477 6.16443 21.8728 10.3967 -5.43701 1.37207 8.7135 
1.09473 0.0721436 2.67261 -0.0688477 4.83142 0.725098 3.82007 -0.16687 13.6753 8.24255 
2.32422 6.23303 2.54431 1.64929 5.19678 1.35156 6.89099 4.08606 14.1154 6.50635 
3.0332 0.227539 5.30176 18.9889 -4.26318 7.63831 -0.701294 -7.94666 6.08044 7.04077 
6.07251 1.79907 1.79407 -1.83655 7.07446 4.8551 2.12427 -0.102417 11.4119 7.09167 
0.444336 4.18542 -4.03137 1.15674 10.8623 1.02869 -7.51721 8.55298 7.33386 16.6713 
9.08716 7.00452 17.4109 10.1741 -0.437256 2.4126 1.93945 8.18018 9.9303 5.42603 
5.10522 6.38013 8.40491 -0.312744 1.14734 4.56372 26.1639 -1.75793 2.99158 0.640259 
5.35486 13.7677 21.8949 13.4496 0.0280762 2.64917 1.28333 8.53369 10.5771 5.19495 
7.28235 -3.04688 -3.51819 -1.3324 7.13403 19.8896 9.57703 -3.20801 7.37939 7.7356 
1.16028 0.550537 3.5946 17.9827 -0.909546 4.57092 -0.231812 -3.68152 3.45972 5.82092 
0.824097 17.3934 9.16479 -0.0462646 4.72253 2.18359 0.949341 6.03564 5.84729 5.68054 
2.41125 6.92029 -7.25525 -3.12122 12.3756 5.15271 -6.14795 16.7251 7.10913 10.9012 
0.0600586 0.600708 7.41663 19.5898 -4.01563 9.22583 -6.98914 1.15845 7.76819 12.0613 
4.54248 1.50098 6.12415 3.08606 5.87036 -0.745117 -0.602661 9.19568 -3.48462 10.3687 
-1.05713 19.3466 11.0438 1.14465 5.23608 3.14978 1.45886 7.09216 4.92224 4.41125 
-2.37573 -1.07263 3.31421 4.00586 6.63306 -6.23621 -3.14758 4.81848 7.58057 12.3589 
-6.07483 4.10962 -5.2738 3.401 13.7638 2.83813 -0.343384 6.98962 4.59045 17.4382 
2.48828 8.15527 6.3761 -1.35498 1.29565 7.22791 26.9362 -3.44995 3.89111 3.87219 
28.7643 0.773804 5.01904 2.66833 6.72339 1.41443 3.17517 4.79919 1.27637 9.60547 
8.84119 0.35144 6.24316 19.1663 -4.94983 8.72437 -8.66492 -12.2421 10.7954 13.562 
-3.15454 0.656982 -0.983154 2.72046 8.56812 -2.01697 -1.78027 5.41992 9.39575 14.647 
7.67676 10.0021 16.5863 6.23877 2.20996 3.43115 -1.64111 3.70996 7.30627 9.60132 
2.84021 3.85852 7.16382 4.58679 3.44214 1.10229 2.63904 3.26587 15.0121 7.05798 
1.13257 15.0934 9.12439 -0.303955 2.9176 1.6958 3.19702 5.34363 6.3092 3.34314 
2.2334 11.9088 -7.46912 -9.32678 23.319 6.88916 5.63159 3.55762 8.99719 11.1573 
9.56433 6.44934 4.71118 19.1587 -2.17773 7.35022 -1.34607 -0.358887 2.6532 5.18701 
4.17786 -1.02515 -0.520264 3.70642 4.13794 18.3735 9.52563 -2.46057 6.47668 10.6229 
5.22729 8.6156 21.5178 7.98352 1.91577 -3.29761 4.95166 5.68811 6.90942 8.22253 
-4.82935 2.06091 -1.72046 3.66528 10.7206 0.13208 -1.76343 7.22217 8.10852 14.8051 
6.15613 10.2417 18.4451 9.88367 -0.182007 -0.0789795 -0.209351 5.25916 11.3202 5.76904 
10.0724 -5.09265 -0.250488 -1.38562 5.05713 17.3763 5.33948 -3.3252 6.69934 2.50134 
1.77515 0.0256348 4.18884 0.088623 2.82104 -0.89563 0.178833 0.00939941 8.59753 5.31335 
-2.85522 0.684204 -5.70923 5.09741 12.5326 -1.08386 -3.52417 10.1973 4.23047 17.5374 
5.42261 -3.03845 -0.0196533 8.50854 2.46155 20.0934 5.42322 -4.41858 6.5968 13.431 
19.3076 2.61804 1.901 -8.9928 -1.20496 0.335083 5.03735 10.6396 2.00342 1.66614 
-1.21252 15.1443 9.33948 2.22253 3.81946 0.52417 -0.468994 6.12671 7.62354 4.22253 
-3.97217 16.7991 22.9177 14.9871 10.0737 2.78149 10.3202 -0.0585938 8.66418 0.377563 
-1.01831 4.67981 6.41614 -0.29248 17.5389 -8.11328 6.74084 -0.535278 0.93042 9.72754 
9.13708 1.34827 -0.0716553 -2.81714 5.50415 10.3757 5.18335 2.90125 5.33032 3.63184 
2.27734 3.77319 6.95325 -8.41809 4.86768 -3.9718 13.6177 4.75696 -0.086792 1.85486 
19.6902 1.10132 0.944092 9.14575 0.412476 4.72266 -5.34814 8.40125 3.64587 8.16931 
-2.19714 14.7461 8.39343 4.3833 1.78442 4.48926 5.55493 5.27991 5.96399 6.32532 
0.878174 3.79919 18.4918 9.78418 3.91528 -4.05786 -3.2782 6.32275 3.94299 4.87744 
-2.10193 -4.92273 0.218018 21.6818 0.497925 7.67969 -6.21631 12.1382 4.77295 14.4595 
-2.86133 8.53442 0.694092 -0.322998 21.9648 4.27161 2.19043 -0.669434 6.05762 10.6615 
1.99805 -0.943237 2.44971 6.76782 1.82117 15.9528 5.59167 -1.37073 6.89978 9.47119 
-0.828857 4.5719 8.25671 2.40259 3.79016 0.27063 16.9128 -2.49084 2.45496 6.67297 
6.70154 -0.0606689 0.874878 10.8379 3.92151 5.57373 -7.39258 18.1603 2.6615 14.2601 
-3.79272 11.6956 1.06775 0.935791 6.89063 6.55408 2.47327 6.92712 0.352295 10.004 
-3.28992 8.30054 23.988 13.058 -1.41821 2.66333 4.78503 1.60168 7.99463 3.43555 
-4.14124 3.84717 -4.01147 8.80249 8.37158 2.57373 1.08337 2.10022 0.842041 1.83362 
-2.62061 4.18323 4.8667 4.41309 17.0009 0.959229 6.00684 5.80078 0.38269 9.97986 
-0.624146 3.13721 -0.109863 9.43713 2.14673 14.0787 1.64343 -10.908 8.72632 11.009 
-1.28101 12.8944 6.55603 3.35815 4.80396 6.74609 6.03247 4.44275 5.81897 8.57166 
13.5229 -4.29053 4.09009 -0.683838 -0.309937 3.90259 1.47827 4.61951 5.59888 2.61243 
-5.8197 1.6604 5.57776 1.81616 15.96 -0.438232 0.625854 8.63574 8.427 12.4656 
6.07178 5.74365 -0.711914 9.05981 1.2605 20.1217 6.58899 -3.54968 2.70874 9.55359 
0.59021 1.93738 4.71924 -6.90637 9.7074 -4.00232 17.5447 9.65222 -3.19678 4.32874 
-0.289307 7.17456 5.25769 -1.40222 0.256592 8.60608 24.1127 -6.37659 4.10168 5.50269 
-1.12964 2.73718 1.33972 14.7673 1.64624 8.44934 -2.83752 -1.77502 4.81104 9.90527 
0.275269 2.14819 2.25049 0.0268555 10.1942 0.169922 3.25769 1.52966 5.06384 5.68164 
0.165405 4.16162 3.20093 1.43872 13.0259 0.231445 7.8114 1.3147 1.30774 9.4646 
1.68811 5.1571 12.0253 4.52588 1.15771 -0.584717 2.60522 6.15417 6.22351 6.11389 
-0.103149 -5.14453 1.12439 5.23254 4.89124 -1.51172 -2.14111 11.1372 9.81567 11.9978 
-2.88989 13.0543 4.52417 2.23596 6.12268 2.10352 -1.89038 5.03613 2.78906 8.47229 
16.4214 6.85645 6.20337 4.02759 -3.87305 2.25037 2.15808 -3.97754 6.93408 6.46497 
1.203 4.43982 7.93713 2.37708 -0.852661 1.15479 7.80115 2.08765 1.07678 3.08215 
-5.54187 4.8678 6.1582 8.91638 10.8657 -2.89758 0.941528 2.83984 -0.121826 5.20081 
0.384155 1.9679 -0.680298 2.40381 4.60938 2.5105 -1.43188 0.256836 3.12793 5.60669 
0.695435 4.02893 5.23364 4.45752 -0.490601 1.93213 -4.49683 7.71118 2.60547 8.46094 
-4.03064 11.0529 17.9689 9.00623 2.32275 -2.17615 10.1444 2.72742 6.26147 5.54382 
0.241821 3.91431 2.42114 10.1189 4.94141 5.8595 0.47937 0.291382 1.7478 6.07935 
-2.1748 1.92627 0.947021 6.49536 2.68091 5.00488 2.14746 1.23877 -0.508911 3.88977 
-1.51855 -0.199951 -4.05518 4.5481 9.65918 2.43872 0.9646 4.4801 7.09131 13.2815 
-2.84521 9.50854 22.1041 7.48621 6.58826 -0.182251 8.09583 0.21582 3.98254 4.08313 
17.4907 -2.37683 4.38965 -3.65833 1.68079 0.685181 2.4762 6.21472 -1.64697 2.20007 
-3.18408 5.11157 0.0252686 1.85535 4.31702 7.2981 1.75684 3.21423 3.83569 9.75586 
-2.32922 1.76501 6.64685 9.39514 -1.16064 4.54053 1.33228 6.93591 5.1438 7.72778 
-8.12866 4.33484 -0.93335 10.2906 4.15247 7.75867 1.38574 5.40283 2.93945 8.44507 
-0.334351 3.18506 0.614624 4.65088 2.86609 0.898315 -1.55261 4.98499 3.06885 6.48547 
-2.48047 3.80066 4.46045 4.06067 -0.6698 3.66711 0.906616 2.5769 2.1554 4.23706 
-0.51123 3.97083 3.53638 12.2897 -3.62085 13.5555 5.3269 -7.60938 5.92041 9.88745 
2.96045 7.78943 11.0433 1.10596 2.28149 -0.505615 22.5962 2.90393 3.69763 1.81213 
-2.16675 -0.848511 1.34534 8.34229 5.83655 8.40442 4.19678 0.155151 -2.06384 4.99243 
-1.0791 4.57129 3.37378 -0.186157 5.98389 -1.99512 -0.676514 4.65735 2.69421 2.98938 
-3.90186 9.06458 4.09192 0.959106 4.29944 2.81238 1.08228 7.92346 5.43933 9.51245 
-3.22339 4.68982 0.844727 5.2771 1.84473 4.65503 0.789063 -1.12463 9.95911 9.50977 
-3.79382 4.27393 3.85608 1.6936 15.3774 -1.90637 4.30225 2.22363 1.66321 9.69189 
21.9941 -3.48193 5.9491 6.72949 0.231934 3.2113 -11.8962 -0.846069 6.45911 12.989 
-7.58789 10.6724 24.1183 9.95215 0.502075 3.38867 8.50623 4.30139 6.7533 6.97266 
0.495605 5.97729 -3.85486 -4.09082 17.6317 5.08374 7.74829 -0.602173 9.06311 7.29541 
15.6967 -4.44714 0.255005 1.81055 1.38904 5.17957 -4.45105 4.25854 -0.548462 8.2168 
6.00354 -0.634277 13.9326 11.7961 0.815063 -0.199341 -2.67712 1.51294 3.58398 5.5105 
-6.1665 9.72717 1.8324 -2.61108 18.1902 1.78162 7.28442 2.26721 5.69788 9.60583 
1.34644 6.93237 1.23767 7.31775 6.72888 2.26587 -5.11157 17.551 1.68945 11.9485 
3.91626 1.62402 4.30042 6.02002 2.81177 1.76648 0.912964 6.00403 10.798 6.74377 
15.4449 2.026 1.91016 0.855835 3.12488 1.77551 -1.54163 2.64417 0.873169 8.03503 
2.32666 0.11731 6.29822 5.08374 2.19543 -4.98157 -6.77734 18.0056 1.78113 8.62781 
21.8674 3.00903 2.17761 4.78601 1.35803 7.55652 -1.42859 8.53772 8.43628 6.91345 
-2.05139 2.74939 11.8225 5.69543 0.253052 -2.32031 19.7142 -0.796753 5.90942 2.7373 
-3.9281 3.39636 -1.6759 3.35229 8.63989 0.271362 2.47253 3.74695 2.59875 9.43811 
-10.433 2.81763 3.28271 17.3798 2.39441 6.43213 0.802368 9.45984 1.51306 8.47156 
-3.89197 2.74426 19.3394 6.35229 3.28015 -0.230835 2.67383 5.26917 3.82324 6.73767 
-4.34497 5.09009 3.86731 4.33618 7.23718 5.84399 -0.290894 0.659424 13.8829 9.07288 
-6.56201 9.09509 11.073 -0.241699 1.95276 4.10242 18.7301 -0.654419 8.71936 1.35413 
6.47632 -3.70105 6.26697 14.8115 -0.537354 -4.32092 -7.26453 12.8684 1.10669 10.2982 
3.6958 4.87866 -0.702393 4.18469 -2.61047 7.76367 7.66931 1.42371 -1.9823 1.08936 
1.04639 7.68445 3.34131 1.67615 6.11108 3.93457 -5.03601 14.8932 5.68066 15.0159 
1.78003 4.43115 -1.19397 6.56641 5.60181 14.835 13.2968 -5.36816 7.31006 11.364 
-2.18127 16.3369 10.3444 4.20789 0.832153 3.23389 5.31299 6.54553 7.7948 5.39941 
20.6641 -3.00769 3.8988 3.30383 1.93188 0.325684 -9.88635 6.55627 5.76392 9.60645 
3.14893 -2.3833 1.96008 -1.05957 7.40344 0.832886 -4.3468 6.04175 8.39917 7.70593 
-0.709351 15.0039 8.58472 4.83862 1.40198 5.83301 7.11633 4.49512 6.59448 6.29541 
1.50061 6.34729 3.78174 1.69409 0.146729 5.2196 9.64465 -2.22229 -0.0484619 2.11096 
1.78259 3.24976 -0.881104 7.35999 3.13293 5.12378 -2.69202 16.4518 3.7157 10.4663 
3.77075 6.65662 13.4407 1.17908 12.3053 -6.70801 2.74365 2.52686 2.47937 5.19897 
-1.25623 1.34412 -2.17358 0.946533 6.27271 7.56177 3.18384 0.639404 2.13599 7.99475 
3.06384 7.95874 1.29053 1.73193 3.51404 3.95081 -2.54675 8.66528 5.42102 7.61011 
-1.22998 1.12439 -1.92358 4.17004 5.08386 4.46729 3.39844 1.82593 5.28931 10.2688 
3.60364 5.25549 -0.12854 -2.14832 6.7489 11.4479 3.63879 1.58887 2.57397 2.75757 
-3.0061 2.40015 5.10437 8.0332 2.39087 1.88855 -4.24548 6.25415 12.6029 11.3334 
1.13818 2.80017 12.245 1.82776 6.32922 -4.10144 18.4897 -0.333496 5.52014 8.14087 
4.58789 -0.988403 12.3781 8.70593 -4.64587 -2.78613 -0.0424805 11.2706 1.86169 1.18274 
0.995483 -1.56873 5.22119 0.308838 8.92688 -0.773804 14.6085 0.848145 0.572266 1.72998 
9.53943 1.41455 21.1821 10.8787 5.74402 -9.92395 -2.64587 3.54114 5.15613 6.4032 
3.46899 -4.57739 7.53088 2.72595 0.296753 -3.03345 -3.90332 -0.765625 11.3136 7.65173 
-1.43677 11.1691 5.1532 3.62744 0.817627 3.52661 4.96521 3.07886 5.4502 5.17883 
4.56396 4.65747 -10.488 4.29504 9.13477 5.1355 -3.21045 21.8833 0.216309 12.9962 
8.1908 1.77698 -2.552 0.144287 4.97961 20.5328 2.43054 2.08313 9.71716 6.59827 
11.6902 0.776978 -1.24475 4.04578 1.77344 6.24756 -6.86829 5.24463 0.0856934 8.39807 
-2.24438 12.0959 3.88879 3.11829 3.83594 2.83191 0.142334 4.89099 4.82141 7.25256 
-2.08289 10.9839 5.28369 2.97681 1.20715 3.5835 5.24341 3.77954 6.05432 4.33875 
-0.705688 0.164917 3.61011 12.483 -0.196899 9.49756 0.360596 -2.22095 -1.18823 8.52368 
-2.70374 1.84668 1.96387 0.859619 5.22778 1.22595 1.02271 1.55542 6.13367 3.51135 
-2.7843 10.2902 -2.25171 0.214111 16.2075 1.52502 1.81848 3.70251 4.94128 9.03979 
-1.5354 5.59766 -2.80615 -1.72839 5.2981 4.27917 0.842773 1.88977 6.07715 9.21167 
-3.70715 11.0758 2.94482 2.20044 6.48706 7.62451 2.8197 5.27319 3.41565 11.3867 
4.53296 3.11255 3.30908 7.72375 -3.56897 3.73022 3.39282 -5.45874 13.8168 6.07556 
-2.48645 3.6814 8.47571 -3.9187 4.24744 -0.175537 21.1885 1.79773 2.85608 5.71252 
6.68469 -0.660889 4.68701 2.14368 0.233643 1.94983 -1.54358 0.756592 11.5483 6.20862 
-1.61731 0.817383 0.595093 2.07971 1.63086 4.0874 1.80005 0.52771 1.896 5.53162 
22.3318 5.00476 5.32129 2.34448 1.698 -0.564087 6.87683 1.57739 4.0946 4.89868 
-1.28699 12.3215 5.76526 1.74451 2.47266 3.72144 2.16028 4.5863 6.03552 5.73401 
1.26025 7.94116 12.3694 10.6025 -0.971313 1.24353 0.866089 4.96863 9.92578 4.42969 
1.54895 -2.51184 3.19409 13.8192 -1.47656 2.56812 -2.77722 1.13818 3.58447 9.45923 
-0.498657 9.51501 2.7533 -1.27905 16.4131 -3.92627 5.0448 5.37292 1.27051 5.3186 
0.421753 2.46155 -5.31689 9.10376 4.99512 16.8593 10.9286 -2.7085 3.52014 9.07813 
5.25183 7.65564 4.66223 1.06213 -0.755005 4.97827 19.7183 -4.06567 4.65588 1.84338 
4.35254 2.59839 5.79053 15.1836 5.21069 0.519043 -3.71802 26.7563 5.77917 15.1571 
4.40173 -0.200684 0.0618896 4.34924 2.8938 8.75842 3.49207 -3.65002 11.5344 4.2655 
1.26367 5.13696 -7.09863 -2.80798 9.00122 10.6194 1.96155 1.90833 6.22644 15.0419 
8.35754 3.96399 -1.17908 1.61096 8.33557 3.28223 6.34705 1.24817 -0.921997 2.96143 
-1.78699 14.2531 6.11072 -0.500732 4.62085 1.08154 1.18469 6.15796 5.01147 4.49585 
2.37402 7.34436 11.2334 6.76465 1.49158 4.58728 2.14929 0.771606 9.31726 4.4054 
7.55774 -4.66125 2.09717 17.2548 -1.47473 5.87354 -11.7441 -6.04553 7.67224 13.0483 
-2.62463 7.22241 -0.722412 -0.0925293 15.7419 -0.79187 4.01111 4.84717 4.76892 6.5979 
5.51367 1.78406 5.56689 7.90063 4.51416 -4.99487 -5.81189 22.7896 2.70923 11.6716 
-0.445313 2.80347 1.98511 4.79895 3.62524 7.53125 2.70825 -0.9021 16.413 7.57715 
-3.17859 3.52075 -2.84802 4.20557 8.45532 0.151489 -3.3512 6.79883 9.052 13.3296 
7.57361 1.27856 1.3241 -3.35339 5.42981 8.87219 0.305542 -2.56763 4.64673 2.66895 
-3.33191 16.2423 5.56287 3.65588 8.26697 2.57874 -0.829102 7.01624 7.55872 5.48669 
3.68774 3.87695 3.03003 9.46289 3.92957 1.76392 -5.99768 21.3409 7.76624 10.9366 
1.65918 4.01257 4.43494 6.24231 3.32227 6.86304 5.37256 -4.33716 14.1563 10.2473 
-6.82349 0.981567 -3.95593 7.94238 6.66663 -1.15283 -4.00146 6.66589 9.64111 13.4028 
-3.10706 4.7168 -4.4303 3.66699 9.56519 4.09485 -2.32471 7.33923 6.64673 15.2878 
3.03552 2.02502 -1.5083 2.64258 3.96143 8.46912 5.56018 1.59778 13.7727 7.3186 
-3.60022 4.91907 -9.12463 5.26685 11.1631 2.81213 -4.62915 11.7596 8.50073 18.0743 
5.21497 2.77087 -2.14856 0.851318 3.6322 4.47766 4.15308 1.14111 14.6847 8.6803 
-1.77734 6.39148 3.2854 -3.84778 17.8136 3.81836 5.35828 2.57349 6.93372 7.78857 
0.227051 15.7965 4.13403 8.71069 10.7358 1.98596 -3.28259 9.81299 10.6594 6.56006 
8.34802 -0.671509 8.81445 12.6147 -4.2616 0.905029 -0.505005 9.70398 0.519897 5.93628 
5.90186 2.77002 5.17822 8.78918 4.06628 -3.75037 -5.80286 25.3849 4.5874 12.3484 
3.60132 4.26733 4.67737 18.5565 -2.0271 7.99451 0.201904 6.70544 4.72485 11.7936 
0.280273 -0.994263 5.01758 21.8843 -8.31506 7.9342 -3.10559 8.29578 6.99585 9.14905 
4.04663 1.04382 1.8363 13.865 6.08521 0.713745 -4.16321 22.6005 7.53833 14.1339 
7.29041 5.47388 1.24634 0.0594482 2.84009 5.17224 18.5629 -2.08679 5.32947 0.236816 
6.20032 5.0741 4.65076 -1.06226 6.29248 3.85803 17.7721 -2.84851 4.04346 5.0459 
4.87073 1.8208 1.97876 1.84668 2.66956 2.15051 14.7363 -0.747803 4.12939 3.31885 
-3.18274 15.6211 5.55786 0.834229 6.9978 1.95789 -0.555908 7.27014 5.93481 5.17896 
-2.03333 4.14563 -3.65076 6.11414 8.17151 3.36646 -1.08118 9.01343 9.97009 14.1705 
14.4261 -1.21509 -0.201172 -0.622681 6.43347 2.95837 0.0388184 2.83899 1.26099 5.87573 
-1.87878 13.3806 5.38953 2.10339 6.3385 1.50757 1.78674 6.40576 7.2262 3.13989 
3.23547 0.143677 1.36975 15.3514 5.75623 1.38196 -4.25073 21.7255 7.90466 14.7382 
7.61243 3.64319 4.9574 1.94385 2.15466 4.10449 16.9095 -3.8916 4.13184 4.0885 
-0.475098 0.457031 7.22656 23.3507 -2.65027 5.65112 -11.7719 -1.28613 4.9502 10.3177 
2.03894 7.59167 12.2922 -1.03223 3.8363 2.98816 -1.08618 4.13477 5.17505 6.37122 
-2.12317 15.9047 7.19556 1.62903 5.21826 2.87732 -1.09473 6.07288 4.39673 7.13245 
2.12012 3.84387 4.15784 10.4056 4.13672 1.4054 -6.37708 18.9971 4.98523 11.8859 
-2.0885 15.4263 6.97974 2.41223 5.76099 3.67908 -2.02527 5.41553 4.11584 6.65906 
-0.14856 -0.354736 8.55261 14.8743 0.00280762 3.59485 -0.312622 1.33875 3.72913 4.46338 
-2.37134 2.42883 -1.74841 6.13977 7.82251 1.84448 -0.890625 8.27612 8.81665 13.6536 
-3.15308 16.6084 6.66309 1.74268 5.98682 4.5824 1.2915 6.27197 6.42981 6.16101 
2.89319 0.570679 3.55994 7.0741 3.85742 -3.92566 -4.65125 19.7206 5.0708 11.567 
6.6427 11.6725 4.57385 0.186035 1.0127 7.63367 27.7454 -3.02759 4.10803 2.66187 
3.21826 4.33484 2.77515 3.47668 3.53198 3.03235 0.831909 1.35706 10.3495 6.44482 
-1.23657 7.58411 -4.79651 -1.15601 16.5917 6.51819 2.81714 3.34277 6.65015 8.49365 
-1.6759 18.3213 8.3396 8.62231 10.3458 2.49255 -0.693481 8.49731 9.99878 5.54919 
4.14856 6.94873 -0.38269 -4.16504 15.5251 4.8075 5.75659 2.66235 4.96887 5.65173 
-1.70605 2.92957 2.06396 25.0885 -2.67761 7.36865 -10.1937 -1.14246 8.55591 9.60278 
10.5334 3.56641 5.79028 -0.496704 0.881226 2.50464 17.8721 -4.95154 8.12964 2.26318 
0.746704 2.78687 -5.89978 -0.963013 12.6875 2.49475 -4.94873 3.87451 8.04272 16.0731 
6.38708 4.73633 1.34399 -0.350586 2.21082 4.06042 14.085 -2.11523 4.32495 0.631836 
-0.780762 16.4318 6.22107 8.43372 10.8805 2.68152 -1.67542 8.32825 9.25952 6.32336 
2.7157 10.416 2.10632 -3.89063 17.1942 2.23242 5.88477 3.08118 3.17651 6.19006 
-2.09656 11.0148 -4.84778 -4.00122 20.9874 3.8927 4.77771 5.85205 4.84863 8.12805 
3.82568 2.85339 4.23083 9.23291 4.1488 -2.39734 -5.62402 19.8086 4.70789 13.9507 
6.5896 4.08154 16.7805 8.28345 -1.79602 0.676636 1.99719 1.97144 5.5918 6.06396 
0.739014 5.24048 -0.752197 -4.98914 15.7891 6.50122 5.3374 7.40723 4.23706 8.87024 
-1.32959 6.53564 2.69324 -5.14661 8.58508 0.449097 2.60046 0.280518 7.55249 5.58167 
20.6682 3.07495 -0.691772 0.37854 4.90503 0.413086 1.00977 12.0692 1.14612 11.4722 
-0.765625 14.257 6.23206 2.70068 3.75854 2.37158 3.08838 5.24329 8.3219 6.6532 
3.07385 0.804565 19.0807 10.9678 1.19849 -8.67395 -8.42639 10.7291 9.84204 4.62463 
-1.51282 -4.58948 5.54883 21.7054 -1.04529 6.71472 -9.43616 7.30457 6.56653 12.6125 
-1.91064 6.88281 -4.75085 0.736816 24.3853 -4.4873 3.51758 5.13281 1.58264 11.2308 
4.61389 -2.16443 -0.661011 4.21582 1.77539 12.3468 2.25708 -2.64905 0.151733 6.52039 
3.14307 4.59839 8.29114 1.83167 5.71252 6.61548 26.7092 -3.11121 -1.01013 -0.00927734 
6.03796 1.90332 3.69592 11.4994 4.71204 -1.52002 -9.6958 21.035 11.12 12.7438 
-0.76062 4.80774 -5.79773 -3.48755 9.20349 11.9993 8.72986 -0.0283203 16.0793 4.95593 
-5.18176 -1.02063 1.521 2.00232 3.87012 -2.56763 -1.54468 5.32715 13.578 12.615 
27.1263 0.554688 2.05652 0.28479 -1.90125 6.16052 -5.44226 2.15356 6.83545 8.80896 
1.19031 14.4823 6.76086 0.891724 2.49829 4.24683 7.01392 3.19434 6.36353 6.0481 
4.40381 -0.809937 21.0162 9.55676 -4.00134 -4.25122 -4.93005 6.94678 8.15601 1.49536 
-1.11426 -2.16882 -1.0603 23.8362 -0.577515 10.3505 -11.1653 2.22498 2.94849 15.6462 
-1.11157 1.6178 1.50879 -0.559937 14.9884 2.37561 7.72034 -0.905762 3.84753 10.9595 
3.18115 2.27991 3.03943 0.496338 7.60718 13.8771 5.74268 -0.196777 4.4375 3.91943 
3.55029 4.12146 8.78491 0.181274 3.57214 5.41895 27.4508 -3.01929 0.186401 1.71118 
0.872314 -1.60315 -0.445679 -0.804565 8.29602 1.56274 3.79675 4.47522 10.2216 11.7148 
25.3826 1.47107 3.69666 -0.404053 6.26184 1.021 5.14172 6.13599 -0.432861 5.6272 
1.51575 15.2445 8.7312 0.855347 2.49866 2.61462 3.35974 4.38672 8.30786 6.7074 
6.91003 2.12854 12.2511 3.27673 3.28479 2.58154 3.57275 7.94568 5.81665 6.27649 
3.86584 -3.50342 5.02637 17.1067 -0.169678 10.6481 0.441406 -5.74133 4.68262 9.57642 
-0.629028 2.17664 1.67358 1.07104 17.5758 -0.184814 8.25061 1.7594 5.01233 11.1387 
2.65747 2.82971 -4.25806 6.75891 8.68799 1.75818 -9.49854 17.0671 8.88354 15.1976 
7.38647 3.72205 2.33057 -3.87769 3.79053 7.5636 5.76099 -3.64258 9.93274 4.31006 
-0.24353 15.1859 6.55994 1.80188 6.06714 2.45752 0.52356 4.34717 6.6665 6.52258 
-0.0500488 -2.82288 1.77319 23.3187 -2.34497 5.61316 -10.5443 -2.50684 9.01306 10.8473 
3.07605 1.92505 -3.14868 14.3435 2.17371 16.786 0.44873 -3.92615 1.97888 8.24487 
1.49939 15.8501 9.78052 -0.230347 1.26294 2.92346 3.91553 5.19861 6.3269 4.43945 
4.74597 4.17603 -3.25464 -2.08435 11.6293 7.02954 -4.92041 11.554 6.61755 10.4994 
2.75696 7.32605 2.81055 8.51013 6.422 0.617432 -8.21069 18.1494 6.18799 13.3927 
-4.01746 8.04565 18.7823 4.81409 0.776001 2.14148 4.84106 8.68286 3.77014 5.56482 
0.888672 20.6205 10.0297 2.37781 7.78979 1.56921 2.06482 4.90393 9.20874 4.91077 
4.05188 5.71033 -2.08362 -10.0885 20.1826 -1.48767 8.41113 0.85437 9.47644 11.8928 
5.05603 5.17822 -4.47119 1.89502 8.29517 14.1963 3.66272 2.69666 15.0836 8.56995 
2.92664 -3.3761 2.28125 25.4221 -2.44702 15.2961 -7.4314 -8.20398 8.37927 14.0593 
7.15857 3.85535 -0.999146 -6.8855 15.541 5.33557 9.51367 0.026123 5.43091 9.19336 
-2.89014 2.20703 -6.74841 -3.61304 17.4871 4.40393 7.05725 6.27478 7.54504 6.41296 
-0.189697 -1.25757 7.85596 19.8719 0.61145 0.432739 -4.48193 9.38965 6.23999 9.40747 
4.24829 -2.09583 2.67554 -1.21912 6.17395 -3.80298 -1.46753 4.16113 5.84949 11.9351 
7.57483 2.81946 -6.27454 1.85315 12.7565 5.97119 -6.7561 17.4625 4.62305 14.1261 
-0.17334 5.5918 5.50232 0.468384 17.9442 3.10059 14.5568 6.7887 -3.98389 7.62158 
2.46863 18.3854 7.55481 6.29846 10.2942 3 -5.73767 9.54871 8.84705 7.39795 
3.72803 2.42566 10.2345 -0.404175 0.530396 -0.680054 7.02478 -0.544067 10.8199 6.80823 
7.8363 2.51111 0.83606 17.4102 -0.509155 11.2004 -5.96094 -9.19861 7.32581 12.7871 
4.43896 6.93054 5.44409 -7.43188 8.27185 11.2605 4.68384 4.04028 5.39514 5.1355 
1.82727 6.11304 -5.74243 -2.56604 12.8107 3.14099 3.06152 3.94556 8.36609 13.7124 
-0.0175781 17.428 5.10107 1.40088 6.6167 2.69824 6.59448 2.86023 8.10291 2.43896 
6.56836 2.14709 6.83789 -0.637207 0.553101 3.56018 15.3496 -1.90015 8.49231 5.20776 
18.2692 -1.33203 -1.31189 0.36438 1.44604 0.346436 1.08362 6.79456 0.730713 6.04553 
-0.794312 18.4537 9.40503 0.83252 8.25879 2.37585 -3.38831 7.96228 5.17566 7.53687 
26.9229 2.11292 5.47009 4.69177 0.512695 1.25928 -1.30786 4.20288 2.28479 8.93079 
22.2004 -0.799805 3.16089 -5.76038 1.82922 -4.7041 3.48853 12.4658 -0.63147 6.40356 
3.65088 7.9884 27.9264 5.17114 -6.1322 0.476807 3.58801 12.2114 7.45386 5.63245 
5.4292 3.56616 -3.56104 7.19727 4.89136 3.73413 -4.18518 6.43127 6.0155 9.83813 
4.76611 0.0189209 -1.98303 8.47412 6.46167 5.32312 -7.20325 14.2737 2.34937 10.6777 
-1.02759 18.6416 7.36755 1.40076 6.87646 4.44409 2.91077 5.17725 6.9917 5.39099 
0.374268 19.6686 9.07019 3.85486 9.15186 3.45044 -2.58875 7.29102 7.48755 6.0116 
6.71582 4.75159 4.00708 -3.02673 12.3182 2.04773 12.4552 4.71448 4.88879 5.22412 
21.7241 -3.12939 -2.24133 -8.67542 5.47595 -0.0792236 4.25159 12.0165 1.03101 9.47156 
6.61926 2.25684 2.20471 -2.8092 15.3031 4.69873 9.71497 1.82739 5.88599 11.5503 
4.75647 1.92334 7.1637 15.2338 2.07227 -3.22632 -14.0145 21.7866 6.72644 13.7357 
4.54773 -3.52246 3.31641 22.1088 1.17944 14.1632 -3.53552 -5.21948 6.18738 11.3564 
2.21252 5.90601 6.28357 1.84912 6.50415 4.70935 25.5123 -5.08484 3.02332 5.19543 
0.867554 1.10059 -0.317627 -1.04944 5.67456 8.97351 9.56458 -6.83008 9.40063 2.33728 
21.9222 1.84119 3.51733 2.5658 0.836304 0.743408 1.45776 4.28552 0.309082 6.06287 
-1.26892 -3.09167 1.17749 24.9126 -2.65503 8.83032 -7.84814 1.8374 5.55676 8.90637 
3.21375 6.10559 5.45862 13.5106 6.62268 -0.542114 -8.2428 16.9504 11.7267 10.535 
0.887573 3.1051 -2.55542 -1.72949 10.9745 -0.541138 2.52368 -1.84253 12.8944 11.6499 
33.4076 0.863037 2.78796 -0.170898 2.44812 5.57117 4.02185 5.3573 4.43994 9.67444 
3.36194 1.39197 6.95862 6.10303 5.47034 2.52002 19.0922 -0.0980225 -3.46594 -0.528809 
-1.12415 3.68799 -3.25488 1.94495 8.95923 -0.467651 0.205078 7.21924 9.10022 12.5046 
6.16077 -0.367798 25.558 13.1039 -0.868652 -9.19568 -8.14978 9.60962 9.40527 2.40674 
5.94885 4.80066 6.55066 0.935181 5.90112 2.02478 24.6503 -2.13232 1.25537 2.80334 
1.37537 4.38428 1.86877 5.59094 2.58704 16.2706 -0.906006 -0.166992 8.67078 10.7288 
1.9054 5.03979 4.4032 0.0112305 1.25354 -0.334595 11.9669 -0.427979 14.27 5.74414 
6.11731 0.991577 8.22913 0.768311 2.146 -2.63745 18.1605 -6.86035 6.10266 6.50342 
-2.81702 3.78711 -3.98291 0.582153 10.9801 2.34375 0.752197 4.20801 11.1373 18.6007 
22.3346 1.14941 3.53076 2.94409 0.0662842 1.65234 2.70508 3.44946 2.93311 2.49841 
2.81604 4.38379 -0.461304 -4.70044 15.0271 6.51758 7.44983 1.6062 5.35583 7.57361 
26.0388 0.106934 3.50122 3.26843 7.2179 -1.18579 0.567993 4.78503 -2.58508 6.88049 
6.18738 1.2356 2.0592 1.01233 1.70728 4.45532 16.7155 -0.259277 2.91113 3.87598 
4.01892 7.35596 4.50928 1.21204 -0.591309 3.81824 10.3252 0.137329 5.71118 -0.388062 
-3.15869 -0.125488 -0.880005 1.55627 8.16187 -0.505615 2.16296 3.40857 12.2526 13.368 
8.00256 4.75061 16.0638 -2.00391 7.75928 6.25281 4.60425 5.04492 5.13257 2.58716 
19.8506 4.70227 2.75745 -0.632324 3.52283 0.936646 -0.509155 0.675537 0.898804 7.64331 
0.219971 7.67993 -2.72961 -1.11401 9.69019 8.08752 1.55029 2.00452 6.33496 15.5862 
1.88965 1.495 -2.65649 -3.38733 5.86279 10.0288 4.64014 -1.97803 8.65942 1.79553 
-1.19958 18.0409 8.76123 -0.199585 4.52319 3.23364 3.84985 6.13672 6.08252 4.57239 
2.68384 -3.81177 10.264 20.7141 3.25024 8.57532 -0.61499 1.75781 2.87366 8.7533 
3.84607 3.42871 -0.799927 4.90857 7.12878 2.23828 -4.1001 12.0648 10.7238 11.1121 
3.61877 3.96826 4.01392 2.96289 3.69556 0.00012207 19.0972 -1.75293 1.03967 1.8291 
1.59888 6.34192 -2.67627 -5.04004 11.1627 5.25159 4.88306 2.35815 5.78723 11.5347 
0.664795 0.534302 -1.42322 24.3573 -4.83533 10.9442 -4.29895 -1.51514 7.05005 5.47766 
19.0148 2.27454 -0.135864 3.02222 3.6239 6.67834 4.81897 2.24622 -1.70898 5.38013 
10.4921 -0.599487 11.0432 6.93408 1.3092 7.92151 -0.249146 6.85327 0.896851 4.14734 
6.3208 2.39917 20.0913 11.2858 -3.49841 -5.02502 -5.47803 10.1107 13.4358 3.38123 
23.4952 -5.52771 5.74585 -2.73035 2.09888 -2.53687 -5.09778 7.99683 1.65625 10.1111 
-2.19495 13.7925 5.63745 5.62366 3.7301 7.03857 3.59277 5.17542 5.75879 8.94543 
-0.15332 13.874 19.3324 13.6575 -6.14587 8.42908 7.22229 -6.0105 7.37244 3.40686 
3.8429 3.61377 2.75891 17.2667 -5.48132 11.9543 3.1853 -12.1141 5.5083 7.66528 
-3.39429 7.61218 2.05139 2.50635 9.6449 2.78918 5.57666 10.5322 2.12817 4.30298 
-1.39685 2.46179 -0.708862 11.9117 -5.76453 20.0773 10.5573 -13.0133 7.82886 12.2208 
-3.93591 -0.479004 5.47083 -5.44629 5.70996 2.08789 20.205 -2.65417 6.08325 1.79614 
-1.89514 4.96021 6.34668 10.8615 3.96863 -0.277954 -4.00574 19.2859 -0.822144 13.142 
-1.45569 4.08203 8.31921 6.24976 -0.58313 2.85193 -2.07666 -1.37842 10.6826 10.4678 
-4.30444 5.01355 -1.2113 6.81348 9.50354 5.64905 -5.74341 9.26892 5.35742 15.0121 
19.0507 -5.49463 4.71155 -0.625244 2.89148 -1.44556 -5.4115 7.94019 2.39661 11.4512 
-2.63391 11.0386 1.31152 0.285889 5.73596 5.09985 1.17749 5.58923 2.71277 8.8988 
-6.1521 15.7253 26.2286 17.536 -6.29944 5.13928 5.70264 -4.34937 14.6801 6.33057 
1.15894 1.66931 2.70935 14.4802 -0.68457 8.47424 0.853027 -9.43738 5.03088 8.14307 
-2.99731 10.2004 0.20166 1.73792 18.5092 1.20117 1.84753 5.59595 1.36414 10.4591 
2.76208 4.34143 5.01709 6.32373 -5.76465 15.183 12.6011 -7.51831 5.52637 13.5975 
0.052124 -0.0377197 10.0581 2.99902 8.02905 -2.78577 25.1599 -4.27539 5.9552 6.20154 
-0.725464 10.0107 7.99744 15.9105 6.75317 4.18262 -3.43555 27.9678 1.19849 15.6061 
6.20313 1.86108 3 3.80139 2.22717 0.945801 -3.13879 -4.53149 8.93433 8.08545 
-3.90356 1.20557 -1.99353 3.61926 13.7096 2.53027 -4.32251 6.36963 5.65552 13.2278 
11.3322 -5.3562 -1.57886 3.49609 0.583374 2.58289 -3.07324 -4.43933 2.79138 7.81213 
-2.43982 13.6301 5.33081 4.30322 3.28125 5.46521 4.77161 5.26892 6.50769 7.91345 
-4.45508 12.814 26.8796 13.8807 -8.89197 8.58765 0.712402 -2.13989 11.0702 7.62659 
1.06653 5.64148 4.41101 15.8601 -3.87146 9.44067 4.85645 -10.2566 4.64355 5.39832 
-6.44019 8.59534 1.50122 -1.63281 17.9823 -3.45447 1.24353 7.01721 4.7572 3.5791 
0.721436 -0.12085 -5.26453 12.424 -2.24194 21.0338 8.68372 -6.62354 5.09924 8.86194 
-0.270752 5.31348 6.2782 -2.42786 5.4447 1.55225 17.0958 1.19653 3.76147 6.0697 
-0.577393 8.54907 4.69373 8.81946 4.79297 1.10876 -3.90393 20.214 2.53271 12.807 
3.13611 -3.69727 10.2667 2.48145 -0.906494 -2.97217 -5.19446 -1.57483 11.3185 5.85107 
-2.8219 2.24976 0.887085 2.45667 6.82874 4.97583 -3.30103 3.11938 2.51379 11.2089 
-2.08118 19.5016 32.5836 11.8475 -6.5083 8.53088 5.63049 -1.18811 12.2878 11.3972 
-3.7832 12.7463 3.16052 4.42078 5.50342 7.90674 3.65051 4.5321 4.12402 9.78003 
-0.477661 -0.315674 7.62866 8.33691 4.74695 -1.11145 -4.27014 17.4341 -0.625 12.8657 
-1.323 13.6122 26.8279 10.7904 -4.11572 6.62036 0.810425 -8.6554 14.9213 9.07605 
-0.976807 1.39954 -2.53906 9.9397 -0.296021 15.3669 6.99402 -6.31409 7.58618 10.7704 
22.4645 -4.24731 4.66101 -1.21069 4.76721 -4.151 -7.73743 11.9496 -0.110718 13.7958 
0.78833 -3.04651 8.04395 4.7876 1.38733 0.365845 -7.51318 0.0388184 13.1711 8.073 
23.1492 0.000610352 2.20715 0.00732422 9.02795 -1.93909 -6.03625 11.3993 -3.43115 13.1218 
-0.4646 16.4054 22.5659 11.2549 -1.04004 6.12036 7.91064 -0.673706 6.75403 3.63965 
1.77026 2.43286 5.07153 10.2635 4.23108 0.186157 -5.01611 16.7844 1.92725 12.9021 
5.33936 0.130981 7.08545 6.41626 -0.917847 0.143311 -4.34583 -2.55054 14.8552 10.6667 
4.59583 0.709717 2.21155 7.00562 -1.69385 2.80579 1.23181 -6.54163 12.4254 6.68262 
1.61414 4.24072 5.4447 16.8972 -3.08362 9.38757 4.67822 -10.587 4.57312 4.80457 
15.9663 -6.42981 6.53687 2.67383 6.67542 -6.94543 -7.79163 10.5199 -1.43762 8.44104 
-2.61597 4.58923 6.1322 -2.87244 3.28613 -0.0699463 15.3912 2.70703 4.05151 5.3269 
13.557 -11.2546 1.32434 1.00159 5.25049 -1.73315 -5.53979 4.65283 1.87354 7.73645 
1.25562 11.2637 24.8253 9.82983 -7.45215 9.67932 3.0105 -3.32922 7.35388 9.82153 
1.39148 2.54932 6.2334 11.7969 4.14038 0.45459 -5.61084 17.4432 -1.42224 13.7211 
-3.23853 1.77478 5.14807 -0.322632 6.07935 -0.588745 19.183 -2.35571 7.48364 3.52478 
-2.29211 1.62854 5.66394 -0.213013 15.8177 -3.00037 12.4355 1.5614 0.247803 7.9845 
-3.25281 12.4607 3.23413 2.6123 4.02173 5.24304 3.15198 5.64099 4.54797 7.23828 
-4.77161 16.839 31.9349 18.0778 -9.73157 9.57739 3.29749 -5.62122 13.1841 11.2406 
3.29614 -2.96497 3.68494 4.80103 3.54395 0.304565 -7.87317 -1.33203 17.0663 11.5605 
0.674805 7.55896 9.88782 5.18994 -0.480957 4.71191 -0.312988 -1.50708 14.7742 10.1989 
-1.75476 6.1604 2.95691 11.2762 5.18823 1.19128 -5.4989 15.9005 -0.403931 11.8693 
0.857544 0.740479 8.55505 10.2592 2.19873 -0.802612 -7.38354 15.2223 0.536865 12.1112 
-5.83496 8.42725 -2.94897 2.61621 15.5592 5.04895 5.72522 7.17603 4.17944 10.3176 
7.61914 -1.31091 -8.12317 7.53174 6.13916 5.70715 -10.1477 18.0631 0.69397 12.4946 
-1.35706 7.36279 3.58862 9.49524 5.30481 0.88208 -3.7218 18.6401 -0.346924 11.5255 
-0.754517 0.00878906 6.5625 16.9065 -4.60364 9.78906 -1.15869 -3.41162 3.86475 9.37891 
0.589844 1.80151 1.75928 11.3639 6.00159 2.99878 -6.08752 18.2932 0.623779 13.0881 
-2.93848 8.82886 -3.76038 0.00415039 20.0393 4.4436 0.458618 3.09888 4.23755 13.8782 
0.198608 0.619385 -3.27405 9.42505 -0.157715 21.0277 7.93237 -7.7196 4.50427 8.83325 
-2.87744 8.38379 -6.21875 0.527832 26.7056 -2.0918 -3.75073 8.96008 0.405151 12.9148 
-2.01746 1.32007 5.43213 17.0947 -2.61462 10.1907 -2.21997 -5.47034 4.37024 10.4263 
-0.778198 0.81543 6.03149 15.7551 -3.54138 7.89343 -1.46863 -9.42126 5.52454 9.94714 
3.92236 0.278076 4.26575 5.88611 -1.74597 2.91626 -3.65906 -3.33276 10.3508 9.99438 
-7.96948 7.51477 -3.84741 5.26904 21.5896 -2.22546 -1.86865 8.83801 -2.1427 12.5776 
-2.49011 4.67371 -1.78064 16.1073 -4.73279 18.7905 8.69495 -11.1383 9.29431 12.1111 
-2.98938 10.0889 -0.755859 -2.14758 13.0494 6.06604 5.20776 3.82324 5.25378 11.5225 
-1.70715 15.2142 7.1958 4.45715 2.41809 5.80188 5.95679 5.15515 6.20544 7.54358 
-3.46863 12.4634 1.95935 2.66931 5.78333 7.10339 2.40027 5.36377 3.20435 8.83496 
-6.49121 -3.73206 -2.95203 0.238281 13.5641 3.85803 -4.0481 2.16003 7.05005 13.1847 
0.0708008 -0.440308 5.09424 10.8103 3.9668 -0.122437 -6.02454 19.9458 0.105591 12.4241 
-1.0542 1.89014 -1.93359 -2.57397 12.2466 -4.00696 3.81628 4.01733 0.835449 1.27795 
-1.85864 0.133545 6.1709 16.8684 -3.83252 8.66638 -0.173828 -5.34546 5.83179 9.11731 
-1.31787 2.92822 5.67261 9.297 4.25818 -0.863281 -4.9989 19.3574 -0.233521 10.7853 
-2.79053 2.4248 8.14233 21.197 -2.04541 8.08594 -3.92102 -7.15625 9.7738 11.3811 
-1.55725 4.99329 9.06262 19.0796 -3.99292 8.3855 2.98193 -8.88013 4.25537 6.49268 
14.4822 -6.79871 1.48706 -3.02917 8.77991 -4.33081 -5.97058 11.5634 -2.28271 11.3923 
1.12146 17.5222 27.6354 7.28992 -2.93787 6.98901 10.713 -1.70264 10.3754 6.41956 
0.0517578 3.66724 4.91772 10.9325 -4.90955 18.3945 5.20776 -11.7198 10.8976 12.3901 
-1.3894 -3.87122 -5.48926 17.019 1.31189 19.7427 -2.92212 -7.78796 9.30139 15.319 
-3.04504 -0.56897 5.80139 -2.45361 5.26746 -1.81885 18.5742 -3.04846 6.51636 1.81494 
-2.86377 0.907715 2.52454 16.4766 -1.73413 10.5922 -0.815796 -5.40173 5.01807 9.65576 
-3.56006 14.7 10.705 1.61804 0.450195 7.1665 8.67834 -1.00208 7.97656 4.80444 
-0.000366211 -0.135376 0.742065 10.0896 -0.717163 22.7924 5.31909 -8.38477 8.92041 13.8243 
-2.83997 16.3547 25.7242 12.483 -3.59668 3.87122 13.6982 0.0117188 7.39355 3.22986 
0.916748 4.92493 -0.974731 5.75049 -7.21765 10.8965 10.1272 -2.64868 2.49634 5.89685 
-4.71155 -2.43555 -2.55847 5.55457 10.2913 5.16089 -3.47083 5.38806 8.78687 15.0367 
-3.80188 4.93591 -4.14453 3.8457 11.4733 6.4259 -1.82361 6.29138 3.6626 15.9275 
1.95215 -0.338745 7.82776 3.71606 1.92505 -0.765747 -4.14722 0.299194 12.6967 10.2262 
-5.73193 6.17725 -4.58081 1.38098 21.9402 -0.653442 -2.09778 5.51978 -0.240723 13.9204 
-3.14954 11.6132 0.867432 1.45837 4.81567 6.77258 3.23206 4.64697 2.21411 7.93433 
20.1364 -3.06274 4.46948 -3.76758 6.91235 -4.59851 -3.65637 7.64404 1.27942 11.7985 
1.4176 3.12402 6.09949 0.0477295 2.84912 -3.77283 17.4977 -1.698 6.90247 -1.95129 
10.2656 -6.27039 4.14307 3.13599 -0.121948 -0.252686 -3.76501 -1.99121 3.61511 5.42554 
-3.84778 3.23413 1.54822 5.77319 5.60864 6.69836 -2.41528 3.78821 2.15991 13.2521 
-2.93018 -0.243164 7.73462 1.22363 5.75891 -5.33154 16.837 1.65759 6.63049 2.39331 
6.24609 -7.86047 10.7542 -0.383057 1.63306 -2.04956 -7.79187 -3.13098 13.5853 7.88 
2.34277 -1.71362 7.40649 2.98328 1.90369 1.35144 -3.85168 0.93689 9.5365 7.78442 
-0.750244 2.13184 -0.711914 2.87988 5.20508 9.44519 1.89368 -3.85193 8.08191 10.1565 
-4.69495 3.31055 7.06555 0.953247 2.64624 1.55603 16.2394 -1.75854 9.35486 2.13806 
-3.52844 12.5432 4.15173 5.1167 3.95422 6.28857 3.46936 4.98413 4.92102 7.88684 
-3.06165 11.3091 0.552124 0.549072 5.29517 5.99597 2.30737 5.38562 1.72278 8.3584 
-2.36292 4.87964 -7.5686 8.98364 11.2136 5.82385 -4.81238 11.3923 5.02466 17.6965 
3.32239 -0.488159 8.8092 4.26685 0.0845947 -0.934814 -2.93738 0.701172 12.7955 7.50989 
-4.23401 5.81873 0.517822 1.60754 6.7887 7.36646 2.71484 0.627563 5.29138 14.3843 
2.04651 7.75037 18.9208 5.99231 5.30286 0.501221 11.649 -1.0968 7.65625 -1.32056 
2.03918 2.50659 6.94519 17.686 -4.14771 7.47083 -6.54834 -10.0542 6.97388 11.1237 
2.23108 3.03723 -3.41772 3.2666 5.57336 23.7719 5.76038 -6.96729 8.31287 15.7072 
-1.89233 -2.25464 -3.38684 4.20032 6.72119 15.1858 0.931763 6.20142 11.2229 12.2225 
-4.06567 5.18042 1.03491 6.81409 8.52368 7.20251 -3.63379 5.82092 6.14563 15.3502 
-4.36475 7.28235 2.20886 1.83936 15.9877 -0.95105 2.40417 10.9558 -2.71472 7.84717 
1.05017 6.21069 20.6265 4.51746 -2.50171 -1.08484 7.33044 5.75684 8.47668 1.5332 
-2.82495 13.0927 3.78662 4.14233 4.5105 8.17615 4.92676 3.30652 4.71863 9.15259 
-3.95898 4.31531 0.569092 3.33289 6.34692 8.43518 1.21863 1.90503 3.12402 12.7686 
-0.176392 12.0603 0.812012 -0.280151 14.5459 -0.157715 2.70776 8.19019 1.72302 8.4502 
-7.30811 4.14185 -1.51721 9.32336 10.6226 2.61096 -4.08875 8.40454 4.48206 16.2698 
-3.58899 13.0605 3.22839 3.59058 5.29016 7.495 4.98486 5.55603 3.59814 8.35095 
0.474854 1.46497 4.00635 16.2192 -2.83716 10.0554 -1.81628 -9.07117 5.48596 10.936 
-4.49304 6.48718 0.36853 3.97266 8.00549 4.49963 -0.13855 3.87427 2.69592 13.4443 
-2.15088 16.8711 24.9685 11.4987 -7.7804 9.61304 7.50403 -7.70837 10.4738 6.19946 
20.2228 -4.34619 7.32422 2.77747 2.33057 -4.9751 -8.33105 7.29126 2.00488 9.56238 
-4.10632 3.69556 4.94116 0.531494 2.14734 1.50964 15.2178 -1.83154 6.7345 3.87732 
16.4589 -2.79102 8.78638 -0.218506 5.70227 -8.7533 -3.61938 7.57227 2.70325 5.90552 
-3.95947 5.0896 0.612427 0.813477 13.9783 3.38647 4.02881 1.75122 3.00281 9.35474 
15.4707 -6.45496 4.40564 1.22461 3.08032 -1.6853 -5.94128 3.81982 5.35657 6.51672 
-5.26624 -0.282593 5.39771 -1.05566 11.0681 0.476563 11.8031 -0.737305 3.5426 4.93018 
18.1759 0.159912 4.15186 -0.841309 8.44824 -7.24426 -0.701172 9.00452 0.4375 7.42334 
-0.260132 16.1196 7.89221 4.33215 2.776 5.20288 6.302 4.83875 7.44885 8.34729 
-2.40723 10.9088 25.3389 6.20068 -2.36243 11.2922 1.37671 4.3197 7.41541 14.4165 
-0.384644 0.116821 4.24414 15.7328 3.03906 5.52002 -0.249268 -1.44812 4.51807 8.1554 
-2.05212 11.1055 -5.91638 -1.95984 20.9766 1.86035 3.94397 5.86853 4.03052 9.56836 
3.45728 2.35083 0.66687 16.4149 0.791748 27.8524 10.5999 -10.1498 5.49353 13.443 
-1.70544 4.60962 5.06689 -1.83704 9.47595 -0.216919 21.952 2.05493 1.87354 9.19958 
3.69836 3.68298 -2.0708 4.5166 8.83374 1.21704 -1.67981 16.9944 2.98584 11.4862 
2.3468 0.67688 7.28345 4.68738 0.605347 1.10645 -3.37964 4.0885 14.8936 8.26648 
-5.19885 -0.133179 0.0626221 4.42688 10.2441 1.40405 -2.26123 5.45239 5.53796 14.7898 
19.8372 3.41589 7.33752 5.53931 -1.53979 -0.88269 -0.701538 4.49683 1.91162 7.81665 
-1.51819 13.4934 4.93909 3.57776 3.41516 3.80139 3.55676 5.81238 7.07068 7.38696 
7.96521 8.27283 14.2174 4.6239 -0.410767 0.415039 1.31372 1.50659 7.02002 2.37854 
-0.748535 2.85754 3.5824 15.5304 2.15259 6.92944 4.45483 -3.0321 1.29858 3.98145 
-1.58704 5.58032 -4.0625 -0.419312 21.5835 5.09961 3.85315 4.57434 5.57288 13.9034 
4.33325 -3.54126 -3.66809 14.1929 0.381592 26.319 6.85083 -7.19983 4.4823 10.2963 
5.41956 3.31714 4.90552 4.49268 5.6709 7.24463 22.8099 -0.679688 -4.20593 1.03491 
3.80786 1.01233 -2.79944 8.12805 4.82263 1.5415 -4.06433 16.7104 0.504761 11.6207 
2.78845 5.29626 -11.4761 1.37195 10.5505 9.89478 -1.09448 3.41772 14.6663 13.8177 
0.0623779 5.28552 -0.703247 3.16199 11.4948 4.85413 -0.191162 5.91479 5.92078 15.314 
27.9893 1.90356 3.33167 0.344727 6.23047 -0.74646 -4.34717 13.9766 -2.24951 16.5779 
0.310791 14.9911 5.97693 2.9845 2.41125 4.65051 6.43335 4.99988 7.20898 6.61865 
9.0863 11.429 23.9755 14.4102 0.647949 -4.95508 0.151245 6.30969 14.7714 5.21777 
2.79822 -5.61731 6.72351 19.9928 3.55823 6.00256 -4.47046 1.427 3.12524 9.24744 
0.606567 11.2083 -8.37024 -7.75391 21.6302 7.84717 2.09363 3.92603 8.18738 13.9647 
7.43799 -2.65417 -0.347534 5.85022 4.33325 19.0239 5.91809 -6.729 3.2738 6.29675 
-3.09094 4.04773 3.34485 0.605469 6.97778 0.971069 18.3435 0.577759 1.82141 3.25598 
4.18616 -0.324585 4.70093 3.41907 5.05164 -2.37317 -7.34766 14.1741 4.66309 10.501 
4.47034 4.35168 0.89917 2.57532 5.72961 2.11902 4.34204 4.4115 14.9717 8.50842 
0.659302 2.59619 -2.79675 2.64954 11.1284 -2.58533 0.38623 5.97668 6.36548 16.6862 
-2.60938 2.58923 7.05115 21.8606 0.936279 9.55957 -7.55786 -5.87427 13.1652 15.2362 
0.47168 2.39587 2.21326 4.78162 3.16248 3.72583 1.27808 5.29114 14.2552 6.28223 
16.1763 -0.878906 1.078 0.946167 4.72607 -2.21375 -1.77734 4.34473 1.2572 8.69165 
-0.259766 3.73682 3.9624 8.37305 3.54761 1.1217 -5.31165 19.6216 5.70959 12.2483 
-3.50989 14.5111 4.13062 4.21118 5.0979 4.2594 1.56873 7.68347 7.76233 9.45361 
13.219 -0.966309 1.61511 0.497314 5.83447 -5.86243 3.76868 1.12476 1.06482 3.47876 
1.90723 3.39478 1.0835 9.24353 2.6864 1.41174 -5.19348 16.4305 4.54053 12.4957 
5.7301 2.50073 -1.32849 16.9025 -3.42261 18.9625 6.07764 -10.3711 6.97559 8.11487 
13.3582 -0.62439 1.43726 11.6373 -1.90894 26.0245 8.19751 -6.40454 7.15051 14.348 
-1.29431 5.03357 5.71912 0.55835 8.6134 4.75208 20.479 -5.16394 4.62463 5.73071 
-2.08069 7.62805 -3.47827 0.799438 9.58142 5.53198 -0.874146 6.0874 7.96558 15.5659 
19.2982 -1.70801 5.63831 5.50134 0.200317 0.498901 1.69336 2.38232 2.5127 6.6322 
0.703613 13.0083 7.93958 1.22632 1.12488 2.7345 6.67566 4.40674 6.76111 3.98364 
18.5641 2.67676 4.6084 2.34729 5.18604 -4.23547 2.31848 1.86328 -0.824951 4.34656 
16.1726 1.98218 6.30676 -3.26331 4.95825 -5.43506 0.732178 3.18701 6.34937 1.56079 
3.50403 -3.73108 8.02783 3.86475 2.41541 -3.69995 -5.55859 2.54382 15.0078 10.9282 
3.06226 4.11182 4.05969 19.7886 -1.58862 7.3927 -2.70728 -8.11731 3.93103 8.51807 
-2.18726 6.61926 -2.0708 -2.86755 20.6007 3.20471 5.67004 2.23865 6.55542 12.8539 
4.85083 -3.5094 0.499146 18.5365 3.23462 12.2104 3.0166 -5.90076 1.89771 5.93872 
-0.786865 14.4852 9.07227 0.471313 1.48816 2.55627 5.20288 5.33887 6.1676 4.33801 
9.2179 -2.51001 -4.32275 9.55652 -1.03247 26.0732 0.645142 -5.76306 8.86926 13.7394 
16.907 2.22632 2.0177 0.510498 9.76636 -5.60559 2.26904 4.51575 -1.42419 6.17078 
16.7086 -4.05359 1.12012 -0.647827 7.60291 -0.502075 -2.31738 6.41724 -1.2179 6.45044 
-2.05469 8.20544 -3.3501 1.23706 11.2617 4.30579 -3.10522 7.83997 3.67468 15.6859 
3.24304 3.96252 -3.04297 8.15198 -2.94751 10.0537 10.5872 -4.64539 4.76257 1.82214 
-0.240479 2.77759 0.196045 20.067 0.494263 11.8309 -6.02612 -6.05273 5.52039 11.9657 
-2.46912 10.8099 -3.55701 -3.15808 20.3447 4.4126 -1.08911 5.1095 5.44373 9.98938 
-4.97998 6.77856 -5.36292 6.54358 11.4824 0.717651 -0.39624 7.7373 5.01843 14.6542 
4.75732 -1.91248 3.58325 22.4314 -1.13831 11.8647 -8.43481 -10.4927 12.0859 14.9781 
4.17908 5.29932 1.17712 0.889771 7.44653 0.221436 -5.53979 15.2787 3.80115 10.1135 
-0.691528 8.7196 8.89465 -0.786499 8.3927 4.07288 23.0933 -5.37683 3.57483 4.59778 
-1.12744 7.7644 0.216309 3.75793 8.73022 6.28125 -2.25671 5.422 6.39404 18.2994 
3.09094 4.82141 16.2474 6.3269 3.13623 -2.23755 4.51282 1.87366 3.72729 2.67761 
1.19971 7.82104 -7.1814 -5.48364 16.5427 4.77844 -0.740479 3.90051 3.44739 11.7811 
4.22754 -2.10828 -5.4436 13.4155 0.0362549 24.0559 11.7028 -9.69482 3.26611 10.7388 
4.90234 0.534302 -1.15552 10.2803 3.18701 2.12061 -3.90271 18.7959 6.91028 11.7126 
7.33118 11.5852 28.1954 13.0055 2.02612 0.162354 8.70691 4.29419 6.37573 1.32019 
0.189941 0.726074 -0.344238 6.23315 2.36963 4.44434 15.1676 -1.72644 -0.366089 -0.833374 
5.92896 9.49976 -9.23389 -5.86902 21.8971 8.6936 6.27112 2.54724 7.49646 9.39819 
-4.46667 3.46606 0.453247 3.90442 8.34644 0.506348 0.834961 6.47729 4.73669 13.1052 
-0.673706 10.2045 -6.49927 -3.9679 16.0029 8.75183 -1.08618 1.36914 4.40063 14.5125 
-0.998291 2.06006 0.860474 1.01465 9.64514 0.7854 0.678101 4.61023 8.27173 14.2861 
-1.51746 10.623 -2.06885 -4.75 17.2576 6.78845 2.12598 2.3208 5.62927 10.7029 
-1.20361 12.9307 6.69971 3.34619 0.973999 4.00317 6.9967 3.66809 6.1261 4.18115 
-2.33569 5.30078 6.93799 5.11963 2.3313 2.44043 2.52283 4.3335 4.13464 4.18384 
6.31396 6.77966 13.2704 7.44385 -0.0125732 -3.672 0.178955 0.551392 11.6471 3.26941 
2.03577 0.689575 -2.8905 13.8118 -1.96973 15.3488 5.2262 -7.30432 4.53271 8.55457 
2.18323 -0.631348 4.16809 6.08215 0.273682 5.94055 -4.1792 -3.13892 12.9012 8.40295 
-0.971924 13.829 7.31995 3.63477 1.22668 3.42871 3.96423 5.43372 6.11218 5.6532 
1.68018 0.758911 3.4176 21.3104 0.060791 7.16565 -6.78809 -3.05823 8.94617 10.6578 
2.88806 8.47949 19.8123 10.9388 3.61279 -4.01245 5.33557 2.91418 7.69495 2.67053 
-5.18188 1.5376 0.206299 7.9762 10.7576 -0.714233 -0.529297 5.83374 4.54248 14.8198 
0.741333 5.74927 -1.84705 -2.00513 17.0724 3.86938 5.35962 1.29663 6.65076 8.79712 
-4.85938 -1.51245 3.8186 24.3375 -0.563354 9.55664 -8.95203 10.7897 9.58337 16.8601 
3.97375 -2.07458 6.25256 2.02649 2.61853 -1.09045 -5.45605 4.56726 14.3949 5.37781 
7.50513 4.71729 16.9188 8.33667 3.58142 -3.26685 0.789917 3.33496 6.43237 4.53613 
6.42969 9.34241 14.6538 5.09058 4.89819 0.773193 2.77917 1.41089 5.82361 4.15186 
-0.980347 14.9584 8.79175 4.12476 1.68384 5.68762 8.17383 4.26477 7.03247 6.78723 
-4.68811 6.82056 20.4155 7.2439 6.01709 -0.324585 9.38147 1.13525 3.85815 7.22522 
2.86511 0.812988 6.49341 4.81982 -0.104614 3.50732 -3.17883 -3.03699 13.4834 8.03137 
-0.606689 0.510986 2.31372 0.920166 7.03882 2.54724 16.6766 -2.97144 6.04126 1.60828 
5.09802 5.54578 0.0777588 14.3123 -4.1864 18.3453 3.68188 -10.1564 9.86157 12.355 
-2.77332 13.5801 5.9397 4.00989 4.7052 6.45313 3.37537 6.16858 6.77527 9.86951 
-1.68579 2.68713 4.34473 -0.294312 7.22668 1.48083 18.5652 -1.97571 4.92334 2.3855 
1.39563 5.61243 2.87122 2.04199 5.82544 -3.59045 -7.19604 16.9471 6.80896 12.1439 
-0.406006 1.35901 27.3748 10.9177 4.57642 -12.5358 4.26404 4.50134 7.69373 3.93799 
-2.81519 12.6495 4.92798 3.96313 3.91492 3.08752 -0.172852 6.41589 7.16968 8.0603 
2.47009 1.57678 1.55688 21.913 0.727051 11.9364 -6.4541 -7.57886 5.08679 11.4247 
-1.55054 1.03601 -0.838745 3.8689 10.2705 -0.342773 -2.44482 6.96411 6.47815 14.6921 
7.96008 0.590942 6.02759 21.0468 -2.37939 8.81653 -10.1522 -10.1278 5.40564 13.3535 
3.30139 1.12024 2.96045 5.24658 4.35144 4.26697 -1.49902 1.84106 13.954 7.92114 
0.832764 1.7865 1.51746 4.92969 4.48022 1.84485 -2.40063 11.6147 -0.825195 9.42175 
1.57031 0.755981 -6.59705 13.2637 0.408569 20.1133 9.67542 -2.84448 2.19116 6.57263 
1.92822 8.70313 6.33496 5.89307 2.78625 2.8468 -3.45166 8.58948 6.46814 13.0068 
17.486 7.55847 5.19336 4.35876 -0.0554199 0.610229 1.62585 -1.98999 3.76733 6.60278 
0.0570068 4.83325 -3.04492 3.16577 11.5286 1.10217 -2.79272 16.7355 2.18848 11.1249 
-1.17505 9.58496 -0.292603 -3.0116 14.821 5.7019 1.73669 2.54407 4.49634 8.42542 
-1.56799 1.31152 7.48157 6.43909 1.32935 1.08484 -1.11011 -0.473877 16.8069 9.43286 
4.30994 5.52869 2.28064 3.99597 0.104248 4.18152 4.04639 -4.90698 7.53943 5.76563 
-1.01855 -0.417114 -7.62195 4.58154 6.89954 22.5929 9.29321 -3.39624 8.88684 14.1265 
16.7416 4.9248 -0.552734 0.870117 4.89282 0.724854 5.23657 4.10718 1.08936 4.32019 
-2.41162 -1.52417 11.5771 2.24329 3.51489 -2.92517 18.3121 -1.70581 6.55847 4.45239 
-1.75366 5.37219 4.2406 1.86865 4.70276 2.8645 21.3445 -5.01917 5.04309 5.25903 
6.38367 2.65295 0.549927 19.4038 0.74353 8.76123 -0.860229 -10.063 11.1057 8.59326 
6.60205 0.236816 6.12976 4.48193 3.30627 -3.49426 -4.64905 19.6112 4.57239 7.15271 
1.70593 4.67969 4.98022 -1.78198 3.02319 4.55994 24.8058 -6.44592 3.82593 3.50281 
2.0094 5.58032 0.718262 3.26245 7.7749 5.33215 -2.93628 7.47693 4.86755 12.0841 
2.12402 6.87109 -1.4729 2.96826 7.38452 7.64246 -3.526 7.07703 4.01379 14.9457 
0.342285 9.95898 -6.41687 -5.14758 17.7104 8.02698 4.65698 2.15027 9.85242 10.8392 
3.56445 4.25134 1.96521 6.06921 2.51306 3.19934 2.0199 2.08679 12.9723 7.20984 
1.20764 5.20959 -2.68079 -4.72656 15.7936 8.99841 4.31042 4.44421 4.90735 12.686 
-0.603638 14.3625 8.74951 -0.682495 2.23706 2.37744 4.49878 4.63953 6.01489 4.62866 
14.6115 2.43579 2.29761 0.532715 5.50098 -0.0184326 12.9392 1.83899 0.880127 1.36731 
0.821655 3.02905 0.999878 1.87573 3.33301 -1.19214 17.2581 -1.68835 2.70532 0.713379 
1.5033 2.41504 3.22229 4.63367 2.83923 0.668213 21.7007 -2.63904 1.49219 1.39197 
22.52 5.71143 1.54395 2.4906 5.69739 -2.32434 6.14709 4.96997 1.67322 5.64404 
0.529053 15.2069 6.92944 3.64233 3.42004 5.02014 7.77759 4.85205 6.63867 7.58997 
0.654419 1.77332 22.7739 4.58069 -5.31323 -6.8468 0.883789 14.1277 5.67603 4.24341 
-3.75183 0.429688 4.16431 22.8895 -1.39343 12.129 -6.59399 6.72205 10.2239 12.5887 
-4.39502 9.17639 -10.0194 -7.48157 21.8939 4.70166 -0.590332 5.59583 6.22083 14.3435 
13.5625 0.524902 -0.693604 1.10205 7.38843 24.2499 2.56079 4.255 8.21667 8.37109 
3.38281 6.94751 8.97498 -3.65198 7.6665 0.730591 18.5953 2.48999 -2.05273 4.34241 
5.94141 0.979858 1.35657 7.96814 4.31592 -1.85181 -7.21301 21.1254 4.18567 11.4663 
-0.564697 2.76306 1.10486 6.05286 2.60144 8.78748 1.98389 -3.30615 13.6492 10.3232 
1.62341 7.40552 -2.51843 0.94873 8.26099 6.80005 -1.44958 5.56372 6.39417 13.9503 
21.082 3.54993 1.01843 -0.237549 0.620361 3.90454 5.70483 -1.07471 7.75549 7.51062 
-2.88794 13.9631 5.87708 3.87939 4.20618 4.35876 2.4436 7.14941 7.20093 9.02734 
5.13745 12.4369 26.0114 5.1969 -4.83215 1.5697 5.21008 10.4706 6.98108 6.72522 
-1.96643 0.020752 8.71008 19.7159 -2.84924 9.9231 -9.00952 -0.40979 8.85107 15.4886 
0.130249 4.00305 -9.70654 -6.87976 22.6639 7.1543 4.44165 3.45874 10.1235 13.4114 
9.89771 -2.60815 -0.206055 3.37683 3.17236 22.6973 7.77332 -6.10254 6.79272 11.7097 
-1.05054 3.68237 8.00635 3.1322 4.4707 2.30188 22.4585 -3.81372 2.70081 2.8241 
6.6416 -1.97144 1.89844 10.7135 -0.955811 1.39331 -5.64185 18.2008 7.98584 12.4163 
9.07117 1.53369 5.27759 1.55786 0.870483 2.46851 3.67871 3.35571 12.5989 4.69031 
-0.381104 3.9259 -3.22534 2.47021 11.7422 5.80115 0.602051 7.96069 4.53467 12.2383 
19.7518 0.505127 2.64355 3.61658 3.42224 1.00916 -5.79382 3.46973 -1.26453 11.0106 
-2.04736 14.4863 6.14453 3.88525 3.52979 3.81628 2.65906 6.53174 7.87488 8.64563 
2.8197 2.29382 20.4446 6.89392 -6.80188 -3.22192 -0.122192 7.14636 8.58179 8.07886 
1.62146 -1.40527 9.45776 27.2529 -5.88208 13.2869 -9.42554 -5.90564 7.92651 12.9686 
2.54321 7.2832 -7.23303 -8.40625 20.7255 5.69702 5.08203 6.39075 7.39099 13.0145 
11.3995 -3.50891 -2.50623 -0.0527344 5.22583 23.239 6.1825 0.557373 9.95264 9.76978 
-1.29077 6.95837 9.98486 -6.88733 7.4801 -4.38171 21.4042 4.70166 -0.471069 7.83264 
6.5863 -1.11511 0.179199 13.126 0.633667 2.1283 -6.47388 18.5117 5.17078 13.5387 
1.36841 1.82861 8.36438 5.56873 0.604004 -2.06982 0.956299 4.30347 14.0144 7.48083 
3.50098 7.04138 -1.53113 -0.627808 10.8082 7.17957 -1.78674 8.51941 4.80127 13.8345 
1.84558 4.53479 2.8103 8.51758 4.03906 1.40173 -4.48303 17.8765 1.80005 11.6556 
-2.65991 9.33667 -3.59705 -3.14587 18.6378 4.83484 3.2749 1.5835 5.55676 12.5226 
13.2255 3.16052 0.838867 -0.101807 5.96472 2.88904 5.85046 2.0863 -1.81177 1.16956 
-0.289185 5.99377 -7.46899 -1.87952 20.5973 4.16406 -0.868774 3.30981 4.03088 13.6793 
19.5413 5.90833 4.55139 1.4176 4.43787 0.995239 7.17761 0.811035 0.107666 2.46753 
-2.46643 11.7273 6.55762 3.11792 2.9447 1.44312 1.33459 5.7876 7.13855 6.34387 
8.39868 4.93811 4.47644 8.93982 3.96301 -1.70654 -5.73035 23.5807 4.00757 13.0945 
-2.04492 4.81689 -5.01392 3.33337 11.9807 7.06201 1.27271 7.91772 2.94739 11.7219 
2.61108 3.41748 -2.01318 3.75745 1.56311 16.7743 10.8989 0.686646 5.39331 8.08105 
-0.66394 16.4552 8.34644 1.47363 4.25281 2.64172 2.15308 6.23694 6.55212 4.96936 
0.738281 3.2887 -5.15564 -6.55457 21.0176 3.50391 4.22742 5.01831 6.11292 12.8129 
4.13818 2.50879 17.6628 7.26038 -4.28101 -4.32324 -2.93542 9.50403 6.55481 2.88403 
0.880005 0.125122 -1.77747 3.38757 4.12683 5.92554 -2.87488 6.51965 11.7719 14.29 
0.242798 7.61047 -3.10754 -1.3385 10.517 5.28101 -2.31226 4.78687 6.59375 12.7625 
1.74487 1.30896 -5.11426 -8.27393 21.3473 3.45642 3.06628 3.26782 8.08276 12.9618 
4.81506 -0.00402832 8.14294 19.2844 -3.83752 8.32153 -8.73315 2.36462 9.62036 12.6897 
5.60889 1.3313 -3.4978 11.2804 2.6676 4.1394 -5.57483 16.4087 6.47339 13.7234 
0.863159 4.02576 2.98267 3.33582 -0.431519 6.40625 1.80371 0.708008 14.1693 5.56091 
-0.562622 5.30859 17.441 6.33569 -4.89575 3.47546 1.49316 8.03735 6.62 5.06091 
-2.44861 8.78857 -8.77502 -5.94287 20.8792 6.05798 0.370728 6.48596 4.91772 15.6586 
-1.84314 7.61829 -5.56396 -3.5415 14.1775 5.96851 2.72888 1.28748 6.58752 12.9266 
-3.25488 -3.22217 7.08533 22.9718 -2.28699 12.7848 -9.17334 2.3147 9.8269 14.4 
-5.55725 -4.29871 4.77209 19.4855 -1.99683 9.94189 -5.58032 4.5769 8.21521 13.4191 
-1.10706 3.16882 7.82593 1.19653 5.82275 2.9707 20.4475 -2.43982 -1.02222 7.09998 
1.70105 7.65845 -2.68311 0.499146 8.21716 5.17151 -2.10168 5.05237 6.12903 14.3372 
2.85559 6.90173 -1.84851 -0.411621 9.16199 6.4624 -2.85535 7.54932 4.34058 10.9426 
-1.82947 -3.64709 -3.14844 5.00818 3.20544 22.2157 14.1268 0.223755 5.66492 9.11462 
2.91138 3.80933 6.12183 4.02136 2.40405 3.57019 1.57861 1.67981 12.4156 5.41748 
-2.86169 6.37451 5.3479 2.20789 5.00952 5.91309 23.5613 -3.52954 2.30115 5.06458 
6.93518 2.0697 3.77393 10.6512 3.20117 -3.4834 -7.12585 23.3029 5.17346 11.9548 
18.5764 5.71204 2.87366 0.0129395 7.54736 -2.33093 -0.813477 3.46497 0.2323 6.49353 
3.54883 7.77039 8.32007 -2.79614 6.64685 5.24597 23.8617 2.60742 -3.34619 2.20569 
0.427002 2.3158 6.9635 5.8833 3.24866 -0.043457 -1.77295 2.92773 14.2191 6.85449 
3.62427 11.0386 19.4769 4.75439 -2.95532 4.34143 -0.372681 10.4697 6.04749 8.29028 
-1.15674 4.74573 6.74316 -5.0752 2.79077 2.36023 21.1201 2.16919 -3.2063 5.20264 
-1.45044 -2.75745 5.5177 30.3041 -3.03357 11.5336 -13.0394 14.6605 10.4382 16.5862 
-1.52942 5.81982 -5.03931 -2.05347 8.72681 4.18628 -4.60425 7.7124 6.37598 14.2786 
-0.764648 -1.69165 9.02026 26.9506 -6.74597 16.3096 -8.93152 -1.3988 13.8281 15.1134 
1.99243 9.16272 21.2659 10.074 1.39465 -2.92737 -5.6062 7.7981 9.87451 11.3655 
0.69104 3.32336 0.496826 0.971313 3.79395 5.17603 -2.0177 2.07532 10.0964 9.61658 
3.68457 0.907471 4.47876 -4.14856 11.5726 -5.59216 13.5879 5.24988 2.54578 6.28113 
0.545898 15.5653 8.18726 2.58472 2.86743 4.39453 7.82507 5.29395 7.05408 6.44519 
4.18677 3.73364 2.87109 8.28845 3.50464 -1.94727 -8.28577 20.8002 5.04028 12.9316 
0.163208 5.70593 -8.03296 -4.46973 21.5316 2.91614 0.441406 6.40723 3.07117 13.3245 
0.479492 1.07617 5.91589 3.90027 2.33264 -0.0668945 -1.271 3.69312 13.3997 8.00537 
0.955688 3.88757 5.13904 0.934692 1.06873 4.08545 -0.0280762 2.24988 15.2531 7.28101 
0.153564 6.37939 -1.24097 -0.195801 9.94824 2.9657 -3.35864 6.8241 5.92102 14.5837 
20.199 5.66418 4.57593 1.06042 3.37402 -0.9021 4.3949 0.903564 0.959595 5.47595 
-2.48425 1.38855 5.47595 19.0997 0.461792 5.16785 -5.16211 10.1383 11.0532 14.8328 
0.691895 -1.68567 6.31824 25.7778 -3.28674 11.8954 -11.0347 6.17908 8.66553 16.8999 
-3.19324 6.18896 -6.84827 2.02771 10.7211 6.87244 -1.57886 9.46472 7.13611 14.2778 
16.9105 7.20435 3.26245 4.86694 7.04846 -0.245728 2.02307 1.30518 -2.67188 4.15247 
6.09766 -0.83313 -0.634766 5.65979 2.94922 20.6119 10.3657 -2.70654 4.49939 9.34192 
8.26367 11.8877 20.0496 3.5 -2.88269 0.154663 4.49097 12.9456 4.03674 5.90283 
-0.182983 5.24084 -6.95886 -2.95593 12.8057 6.09839 -2.09998 8.11121 9.92505 15.3159 
1.57275 6.6344 -7.23193 -6.55664 18.5557 6.54675 3.89075 4.07495 6.79285 12.2887 
-1.52161 16.8108 7.60022 1.0177 4.48071 3.40991 3.48779 6.45642 9.00635 4.42908 
18.7998 6.08008 4.42786 -1.54004 6.60706 -1.69287 5.70703 2.36353 0.598145 3.24573 
-0.778687 1.88123 6.55396 19.8033 -2.35986 12.5948 -0.0150146 -2.57947 2.76111 9.81506 
3.81079 4.01477 2.27832 11.4784 2.42041 -0.294189 -7.33691 22.0236 7.64648 14.0879 
4.39526 0.902588 -3.19141 5.92407 5.86169 24.5847 11.5325 -6.2644 6.59119 13.7626 
-0.0130615 4.5166 1.90442 1.98132 5.60547 4.55005 -0.694824 2.77307 13.2532 5.75085 
5.59668 -1.65125 2.93799 14.2351 1.09277 -1.50635 -6.79749 21.1566 5.47327 13.5898 
7.25513 -0.95813 5.04736 12.8608 1.02771 -3.97351 -6.34473 22.5795 6.61694 12.9772 
-0.747559 2.47473 3.93127 3.82153 2.23083 0.511841 0.282227 3.24768 12.386 8.76392 
4.46155 3.19507 22.2043 6.34155 1.09717 -11.6328 -2.21826 10.4227 11.6199 4.0293 
-5.66443 1.46167 -2.75525 3.57715 9.69165 1.0144 -3.50635 7.55872 9.0199 13.9542 
6.58386 2.56165 2.52686 9.255 3.98914 -0.516968 -7.65991 20.3441 5.98914 11.8319 
-0.564697 16.6942 7.34949 1.22974 5.8562 3.66406 1.5592 5.6582 6.55859 5.10217 
0.455078 7.16052 19.5615 12.5516 0.182861 -5.82629 -5.19495 10.0441 9.17371 5.47131 
-1.28394 5.36377 5.50159 -0.954102 2.20435 1.61169 19.9692 0.24292 0.84314 3.3125 
2.63855 5.79199 -9.53589 -6.35095 14.9263 3.20178 -2.67358 7.48914 5.29443 14.454 
7.84082 4.9696 14.5598 11.9194 -1.50684 -0.17749 -4.4187 12.5574 4.21143 4.84534 
9.90466 -3.79431 -2.48022 -0.746948 5.69763 21.5813 8.16016 -2.2301 7.32922 5.74744 
5.14233 1.43079 19.218 6.88062 -5.71875 -0.863403 -1.91711 11.2711 5.22998 4.57166 
-3.76563 -0.78186 8.6825 17.2788 -0.0876465 4.59668 -10.9292 4.1604 9.94519 13.9044 
6.24646 8.51978 6.48755 -0.840332 10.9702 3.9082 22.4646 -2.07031 -1.00049 3.3584 
-1.23816 3.77991 3.03516 0.601807 8.07141 6.44849 20.8634 -2.60608 -1.04602 5.79114 
6.15576 -0.811035 -4.10828 0.562988 4.48987 17.4364 10.514 -1.88721 6.5332 9.29236 
17.2189 5.38147 2.96008 0.38623 5.5946 -1.69617 8.62256 2.81836 -0.753906 2.00305 
14.9065 5.19275 3.11877 -2.04285 6.32532 -0.209229 4.55945 1.5946 -0.207642 1.77356 
3.53418 -0.417236 24.8635 6.4187 -4.58716 -6.78979 0.684448 13.7921 8.05042 3.08691 
1.46008 1.33301 3.03101 0.236328 3.39075 2.9801 -1.08447 2.76489 14.2065 7.52856 
-0.414673 17.2198 7.56299 1.29761 5.82581 3.16504 0.721313 6.05811 6.10376 5.67041 
0.760376 3.83521 6.0802 2.56665 5.59497 6.51208 26.0352 -1.80652 -4.1272 0.700073 
0.0648193 13.4321 7.87048 0.313232 1.21704 2.75488 6.4071 4.73792 5.84045 4.11377 
21.384 3.15076 3.0155 1.90869 1.5686 0.793213 9.37659 2.79187 2.78174 3.53528 
2.90649 8.98682 -14.2416 -7.77686 19.13 8.38135 -0.706909 5.5022 7.0575 15.9796 
2.47473 -2.16724 7.49951 20.9376 0.794312 3.77136 -14.3021 10.7953 9.57605 18.906 
2.00037 14.9347 8.73376 1.32788 1.82678 2.83826 4.29041 5.27051 7.99902 5.72791 
-1.09888 2.18408 7.77661 1.36267 5.31812 2.63928 22.6735 -0.458984 -2.78467 2.46472 
-1.59351 18.6804 8.15588 1.35583 5.62891 3.52686 3.23535 6.62891 9.58411 4.45166 
2.38916 8.15247 -1.91089 -4.58289 12.4398 3.94043 -2.89246 6.33118 6.72278 14.5929 
22.1456 2.51709 -0.460693 -0.50293 4.27209 2.16626 -3.8241 6.70837 3.99829 10.9746 
-1.64185 13.65 7.00159 4.75659 2.22351 7.13977 4.84766 4.79785 4.76062 6.55627 
-3.64355 6.79358 -2.10461 -1.52209 16.2288 1.422 1.58862 6.79614 5.00879 8.57629 
3.15698 -1.52783 -1.58301 3.86218 -0.118896 12.3683 5.27698 2.86499 2.53601 4.92285 
3.01697 7.37476 4.40918 -0.0646973 -0.220947 4.86377 13.2167 -3.57751 8.61682 4.18689 
-0.747437 6.53601 2.84045 6.07776 8.68042 -0.626831 -2.8429 18.7505 0.692139 12.0453 
-0.92749 3.01917 5.2832 10.4147 0.863892 3.96729 -3.8717 2.90955 16.2487 11.4047 
-5.70081 -0.620361 -2.62964 11.1757 6.96069 -1.39575 -1.2644 15.2806 2.29834 13.929 
-1.16345 12.1887 6.18164 4.552 1.94885 2.79883 2.89258 4.80969 5.0918 4.89185 
0.953491 -0.522583 17.1407 8.1698 -2.64343 -1.71082 1.94763 4.65454 6.88147 3.79431 
4.83655 -2.78113 5.7644 16.7292 -3.35498 5.70361 -9.43494 -4.05505 4.3186 11.9668 
-1.70569 6.99634 -6.0144 -3.3634 10.8768 6.42761 1.62244 2.49951 6.11206 12.2844 
5.39551 -1.86829 0.786255 8.32568 1.1969 17.3192 3.15637 -1.54529 6.53027 4.87097 
4.87561 10.5348 5.37256 -1.04492 1.04089 9.38269 27.2758 -3.05176 4.94897 0.973145 
3.25977 3.87695 -1.09265 5.89734 3.99036 2.6792 -2.96033 14.6755 6.03455 10.6611 
16.7048 0.91687 2.50305 -2.49207 3.3822 1.57703 -0.397583 6.23718 -0.309692 3.56384 
-2.33167 12.1925 6.65442 0.848389 5.97644 1.13574 -0.789917 5.48438 4.0199 4.79028 
3.9281 3.02209 20.2502 12.5842 0.75769 1.40442 0.283081 0.725464 8.29993 5.65393 
5.9939 1.83118 8.09363 18.3313 0.212646 7.03857 -7.52551 -7.61035 7.26575 8.44043 
0.905151 4.34326 -0.523193 -0.342651 11.5873 5.09058 4.47607 5.85156 1.94507 7.64148 
4.15186 -0.0361328 -0.00817871 2.83777 2.73169 8.59412 3.83289 2.34607 1.12952 2.60864 
3.69849 6.46692 8.64001 -1.16711 2.3009 7.28711 28.3995 -2.07117 5.5957 2.22607 
2.89844 -0.105957 -2.09399 10.147 3.96729 0.23877 -3.74622 18.559 2.07031 11.6364 
3.82031 1.09619 3.41699 4.67603 2.47632 -1.99683 -4.24951 4.72913 8.7771 8.20984 
-1.33533 1.20862 -4.40564 3.66174 10.4985 1.36536 -2.20313 11.254 4.13647 15.2639 
-0.0177002 2.79602 4.99695 7.1748 -0.0650635 -0.480835 -2.95557 3.28931 13.3245 7.61182 
3.80859 7.72278 -2.03015 -3.99878 15.5951 9.14136 5.17871 4.21216 5.69812 9.27441 
22.1351 3.46411 0.877441 1.95496 8.17004 5.90051 -1.91956 7.9801 1.53235 8.67114 
16.967 4.25452 1.6582 2.35596 3.69702 1.88489 0.352661 2.68372 0.248047 7.48975 
3.04517 1.87415 4.18152 1.72156 5.31921 -4.84424 -6.08203 17.6002 5.61279 9.02026 
1.48926 4.57117 20.5343 7.71631 -2.42126 -2.96973 0.815308 7.53784 9.05042 4.95361 
2.73682 5.56604 1.42053 -1.68433 16.7502 7.56567 8.12366 5.12927 3.73694 9.46887 
4.05334 2.5708 8.09021 28.5754 -3.66077 12.1263 -7.41309 1.67981 8.12158 14.6129 
3.21655 -2.77954 3.81152 9.66602 -0.469727 0.601685 -3.38428 4.48547 10.5287 8.9292 
5.25952 4.7843 2.03906 2.52063 -0.866699 8.81177 20.2592 -3.14661 6.51416 2.71594 
6.10181 4.37964 0.442017 2.07227 -0.630371 6.91016 13.8928 -8.26941 7.64026 5.42065 
1.74243 1.95605 0.70166 19.6786 -2.66675 12.8328 -0.771973 -2.63159 6.82544 9.39209 
4.55579 5.08752 13.6274 -1.14587 7.23584 4.26953 2.34631 6.14233 5.45142 5.54102 
-2.44885 5.9635 4.19702 2.34583 6.96484 2.31323 16.9576 -3.37158 0.981445 5.57898 
9.04187 -2.53699 7.70679 23.3129 -2.25317 5.84412 -11.9108 -3.25037 7.48633 13.4816 
3.06458 -1.83667 8.05603 22.0413 -7.78735 12.0532 -9.78528 -8.67798 9.46606 12.0842 
2.56714 3.06543 -0.804199 4.20251 5.04871 1.28113 5.43726 2.35657 -0.385864 1.49463 
-1.04016 13.7224 5.47461 0.68811 7.95959 1.00806 -2.78772 8.16736 2.94971 5.93518 
1.87085 4.18469 -3.73279 -4.02515 15.3799 3.31763 -0.864258 7.37878 5.07837 11.2362 
1.77161 4.65295 -5.75061 3.64978 9.07568 3.43579 -3.67395 14.8885 1.11853 12.199 
1.58545 2.82874 2.6969 12.637 2.4292 4.76672 -9.01074 4.53186 13.5282 11.2531 
19.6665 1.63306 3.41357 6.64368 3.88074 3.54639 -4.1145 5.59778 1.8739 10.6262 
-0.797852 -1.15173 0.169678 20.0587 -3.01514 5.40808 -7.87903 -1.16077 8.91296 12.4366 
-3.06531 14.1122 5.15247 1.47644 5.87073 3.5907 -0.713745 5.07703 3.76904 5.99182 
-2.62769 0.406128 -2.92468 6.94922 8.37732 -0.908569 -1.62756 15.3228 8.28247 14.2344 
17.8539 2.5188 -0.821899 -0.289063 3.68945 2.09106 0.782104 9.01733 -2.43396 13.5521 
-3.10632 14.4985 3.93311 0.216553 7.12891 0.967041 -0.928101 6.95654 4.90198 5.70581 
-3.28357 6.3092 -3.51538 2.72168 9.85779 4.2688 -2.39966 5.9917 7.12073 12.8643 
-0.152588 12.2004 7.9707 -1.01868 1.97949 0.984253 2.63794 4.68298 5.07336 3.88123 
-1.17456 5.54236 20.027 3.43713 0.078125 -1.01953 5.19116 9.4104 3.56323 6.74243 
5.97034 3.00635 0.330444 2.32739 6.24902 -1.53003 -1.91821 17.7299 7.23022 9.63306 
16.2111 3.48206 0.717896 1.19336 2.203 1.08704 1.57153 1.41638 4.21033 7.30579 
-2.18604 11.7966 7.59875 3.06384 1.16077 2.93115 4.91785 4.49023 4.61182 4.25439 
5.1665 1.42578 3.12341 14.5514 -1.74609 8.37451 -3.69312 2.39539 6.4375 4.66333 
0.285522 3.63269 4.40442 6.45398 4.34119 5.5072 2.84644 2.15149 16.1664 9.76624 
0.640869 2.49097 19.449 9.29468 2.20886 2.67651 2.91101 7.24231 4.46313 6.65906 
-0.748657 -1.73291 0.586304 5.02222 8.4054 -4.16956 -1.95667 9.18799 7.07007 13.6019 
-0.908081 1.51868 14.5089 6.44458 -2.33716 -0.0238037 4.94434 7.34717 6.7594 6.23926 
4.90808 6.01624 0.223511 -2.32104 6.15027 1.11572 -1.01819 10.3184 6.10156 7.44873 
8.9342 6.77454 11.3967 -0.851929 3.10889 2.09937 23.2704 -2.70923 3.6095 1.40527 
3.026 2.27478 -2.92456 1.59375 7.04199 11.222 7.00195 -1.55945 4.38391 4.84717 
-0.448975 4.2467 2.26758 -1.34143 8.72559 12.1936 4.70911 1.81506 5.92468 8.28894 
-3.72742 1.5448 -0.557251 7.81848 10.5702 -0.577026 0.955078 9.72668 4.25818 16.8152 
-2.54578 1.96851 -2.51086 7.13953 8.35229 -0.656616 0.31189 11.4628 9.23425 14.4186 
2.52649 2.83179 3.63855 7.67126 2.63074 3.03943 0.978638 4.82715 17.2697 10.2509 
3.83008 -1.8291 16.626 4.99475 -0.709717 -2.89441 2.3468 8.50842 5.00623 5.2605 
-3.22852 1.9353 -3.11267 7.97534 7.36169 1.104 -1.14185 8.29431 2.32288 13.3528 
-0.954956 14.2977 7.93018 2.49854 5.71545 2.08728 1.52002 5.7439 7.2533 2.96802 
3.3645 -0.442505 4.20654 13.0471 -1.70129 12.4624 1.85217 -0.618042 5.31616 5.75952 
7.59802 -0.100708 9.26709 -0.669189 4.56433 0.859497 2.31848 5.61646 0.378296 6.0144 
5.68945 -0.186157 3.8728 20.4122 -4.90955 12.4991 -6.88708 -8.06299 8.05896 11.6158 
1.4552 1.45654 2.04932 -2.34705 19.4562 5.13818 2.61646 4.54712 8.48755 7.54675 
8.11743 2.43848 8.42078 17.2128 -6.93469 7.28992 -4.44946 -4.93616 6.74683 7.19336 
-1.49854 19.4579 9.62964 0.418091 7.02979 2.00024 -0.0655518 8.18311 8.48462 6.26624 
-1.80017 -1.77966 -3.46045 12.2177 8.0448 -2.80151 -3.32739 10.6718 7.36365 19.1559 
17.0804 3.17334 2.49463 2.73279 3.25256 1.46912 -1.10547 1.39954 1.36316 7.14209 
-4.05042 -0.734253 -4.02271 8.78735 7.1106 -1.55859 -5.28979 13.7893 6.10046 15.1206 
4.02258 -1.74121 5.08508 18.5875 -4.61499 9.0918 -7.92969 -11.4227 6.87854 9.20129 
3.79517 4.7876 1.09229 3.8833 -0.608276 10.7617 17.7004 -6.26819 7.01331 3.1239 
8.47778 -3.3446 4.96216 10.2142 -1.22058 -0.0994873 -3.28979 5.49146 13.2303 6.40417 
3.48767 -1.72375 -1.22107 4.63257 7.14905 -2.09802 -4.05554 17.7709 6.02722 10.2114 
20.0289 0.979492 3.53748 5.79907 -0.876343 4.98975 2.9729 -0.323242 1.03418 7.01782 
1.21912 18.9138 8.61243 4.86072 9.1355 -0.356567 1.20508 6.70618 9.55884 4.09668 
16.1919 5.25049 5.01025 2.92236 5.00354 -1.64001 2.05579 0.341919 0.0272217 3.32751 
8.91064 -3.38342 0.796021 5.88562 0.858276 16.4645 2.9126 -1.10852 7.03235 4.94006 
2.45959 0.333984 3.55591 11.0762 3.64453 1.61755 -7.39648 4.26465 15.5221 8.81665 
6.4613 -1.45679 19.7131 5.92896 -4.37646 -3.96338 3.22803 7.72424 6.91882 4.15991 
4.64575 0.222168 -0.514282 4.57849 4.45166 1.22437 1.09717 15.3549 3.20703 8.71582 
-0.832153 8.03345 -2.54028 -2.00378 9.14539 2.11011 -2.91467 7.64063 5.75061 8.63684 
16.6831 1.86255 3.00781 0.548828 4 -1.71216 0.807007 0.873779 2.79187 5.35779 
-2.2373 13.3176 4.79419 4.40601 4.05872 8.2323 5.87427 3.51111 4.87769 8.66113 
2.36658 0.857056 14.3542 6.70972 0.0496826 0.51123 -6.71069 6.33069 6.95239 11.4639 
0.0585938 0.397461 5.33472 17.1536 -2.1571 10.4816 -9.60901 -1.40771 10.5134 16.5117 
-5.62439 5.68494 -6.14734 -1.55957 19.6 1.39282 3.88074 9.36414 5.33484 10.3462 
3.10486 0.0699463 -2.94531 7.46765 -0.583984 17.1171 9.57349 -5.06531 7.25269 9.50195 
3.71265 10.5118 10.6277 -1.09241 -0.317627 7.05884 22.6052 -3.72498 3.72729 1.77429 
2.07813 3.05139 2.81763 1.04602 6.60669 -3.69775 -6.20935 16.444 5.01599 10.6748 
-0.6521 2.20203 6.01636 5.01172 1.79651 2.34888 0.190918 -1.28711 12.4905 6.52612 
-2.62305 1.45325 1.51782 4.21216 7.54895 2.61841 -4.16248 4.62781 3.62244 14.8779 
21.1434 -1.87659 7.6709 4.86548 0.94873 -1.22778 -5.85034 4.77966 3.91333 8.94885 
-2.94385 12.1659 2.91492 3.81946 3.91638 5.09143 2.71021 5.10767 4.49487 7.42834 
2.75793 9.76306 21.222 10.236 5.7887 -3.97742 1.48145 2.56982 6.36914 8.62952 
0.475708 -2.11414 5.49744 17.6459 0.898193 7.45886 -3.15625 -4.07727 7.35156 11.123 
-6.50867 5.64404 2.65186 0.557983 15.6361 -0.861572 6.58569 3.97803 3.9519 5.9624 
12.3368 -2.58582 1.08972 4.51758 -1.22961 20.6871 5.9574 -3.99561 10.0649 10.4009 
-0.408813 3.3313 5.04004 2.21826 6.97168 3.35571 23.5016 -5.49329 1.85486 5.44873 
1.58533 6.39429 -3.05139 0.78418 10.0726 1.67297 -3.66028 17.7651 3.44348 12.868 
9.04773 2.46497 8.79761 5.24414 1.56519 -4.18958 -1.37061 2.71631 14.9044 5.94958 
-5.01819 4.5791 -1.28638 5.46838 10.4368 5.37305 -1.7561 5.43738 3.36792 16.0745 
24.4279 1.77808 3.29114 1.72021 2.92065 -2.36877 -3.25586 8.33508 2.02869 9.40002 
-2.32629 14.5754 5.81042 4.63647 3.31885 5.30347 3.67419 6.04529 7.03845 8.38843 
6.15698 3.75134 12.0143 6.53748 -0.0820313 5.39954 -1.41333 4.58752 3.65906 8.11829 
1.4281 0.649292 4.71045 18.2728 -1.34583 10.9739 -4.74353 -1.00903 7.2887 13.5249 
-4.50989 6.59607 -1.27271 2.0929 16.1742 4.84949 1.0459 4.56433 4.23706 11.8441 
5.94397 3.63159 -0.23938 11.1132 -3.08557 18.8314 9.97559 -6.76147 3.99573 8.64929 
-1.57092 2.82458 7.43848 -2.96118 9.39014 0.529541 21.1776 -3.32434 6.64014 7.6427 
2.7511 5.51404 -3.47375 2.8186 8.61401 1.67883 -3.479 16.8232 2.75781 11.7766 
4.04858 1.6864 5.93042 5.41394 1.9303 0.138062 0.523315 1.47156 12.2411 6.06653 
-2.9801 3.94629 -0.901001 3.98108 10.4673 4.30664 -3.98767 4.30347 4.62878 15.5032 
-1.36609 14.2943 6.53198 4.54602 2.70459 3.46204 2.43762 6.41675 7.52734 7.69006 
2.68286 5.63379 -5.16357 3.7561 8.47742 4.58557 -3.86475 16.5879 1.95129 13.4863 
0.202148 6.24146 1.39124 1.58167 15.6396 2.85339 10.533 2.81274 2.93091 7.53809 
1.70581 2.18213 5.98181 4.28979 2.80579 2.77478 -0.804688 -2.65784 12.155 7.67993 
-3.03625 13.5042 5.94775 5.495 2.46643 5.10681 2.69202 5.80981 7.06812 8.25806 
3.32007 4.13196 -0.354492 14.3379 -6.32764 17.0995 8.41406 -9.49792 6.96387 7.09509 
-1.66907 3.28992 10.015 -2.92078 7.08691 -2.23706 22.2877 1.25818 1.7074 8.63171 
6.98462 1.46033 0.175659 9.7157 0.189575 20.4147 8.14954 -4.60779 6.2583 10.6189 
5.15479 5.23499 0.0357666 4.75427 5.29578 3.94043 -6.1731 13.646 4.11975 12.2601 
5.41467 7.83728 27.2079 19.4371 1.25708 -6.84998 -1.41516 9.43237 10.1403 12.0583 
11.5659 -2.10889 7.81213 3.85815 1.51941 -5.10657 -5.45605 4.88147 10.8748 6.93628 
0.810791 3.7406 8.05908 -1.05896 10.9673 0.179932 26.1643 -5.20911 0.050293 5.20886 
0.782104 -0.848999 5.7063 19.8951 -0.012085 6.29871 -6.83582 -4.01758 10.5559 13.0502 
-0.515259 -1.67395 7.14148 21.129 -5.09485 10.6167 -6.1416 2.10498 8.16028 12.1462 
4.76233 -4.4884 6.78528 6.80518 0.94104 2.57043 -8.64038 2.81262 16.6016 9.77283 
1.18738 0.466797 5.28674 -4.06824 11.1688 -1.93567 22.2773 1.86719 3.81921 7.92981 
2.18384 0.420654 -0.815674 9.27112 -0.426758 16.1274 2.35486 -5.88611 3.61328 11.3444 
-3.80994 6.11096 -9.39514 -2.94617 21.6101 -0.143799 5.06262 6.77747 5.06616 11.1761 
17.4326 -0.345947 -0.641235 -0.529175 6.05396 2.08179 0.0983887 3.2074 -1.90149 7.08862 
-5.46228 -0.781372 -4.36035 6.87122 11.6495 -1.00256 -4.18835 9.76184 3.40662 16.3181 
0.285889 13.5847 7.21387 4.27771 1.75952 5.25684 4.15601 3.34937 9.35498 8.10522 
0.719238 4.59607 -9.7356 1.19287 13.036 1.90112 -0.526733 18.1514 3.04028 12.6934 
7.85962 6.17212 21.7522 11.2573 -3.10278 4.34619 -6.4563 3.86487 14.2209 9.58215 
-5.38647 4.29272 -2.97363 9.69641 9.849 1.76904 -0.742432 8.24597 4.14758 15.2175 
-3.66907 13.478 4.79053 3.56213 4.5498 7.36829 3.07251 5.98291 5.4071 9.09766 
3.5791 0.931396 -0.456543 9.13477 -2.19995 19.5599 3.35938 -7.15186 4.19678 9.90564 
-0.618774 12.339 5.99231 4.39319 2.75989 4.27417 9.13184 2.66516 5.98816 5.96436 
3.04773 0.776245 7.8606 24.9728 -2.6283 11.1329 -10.651 -7.797 15.6123 17.705 
-0.375488 8.98462 27.5887 18.7556 1.22437 -2.28406 -7.02222 6.51428 10.3792 12.9591 
-1.3551 6.30078 17.3712 7.67896 0.981689 1.69202 -3.29858 4.82349 8.31299 10.2936 
1.50818 -3.72461 6.46484 21.4452 -4.94165 7.12866 -12.4072 -0.932617 9.08984 12.6986 
19.9447 2.78748 1.96118 -0.324463 3.33081 -1.91541 -1.0929 3.19727 1.45605 7.1958 
-2.10938 2.49609 6.18774 3.5 5.58447 5.12012 22.5233 -5.48364 0.772705 3.40613 
-4.4502 6.3656 -4.53503 -0.435669 16.1906 1.99292 5.1416 3.12598 7.4823 8.17261 
1.02087 1.94629 5.17407 13.2714 -3.11023 4.60413 -9.58594 1.47656 14.0253 13.2244 
5.44263 2.5022 5.68579 2.54102 4.06519 -5.55322 -7.83862 17.2987 4.58533 9.89404 
-0.16394 2.41199 4.33496 0.360596 9.75183 0.597046 21.1604 -3.79663 1.60669 6.22522 
-3.84399 6.30627 -4.27466 10.8195 12.2174 4.25732 -2.02661 6.91345 5.41199 18.6793 
14.3236 -0.284424 1.11536 2.47302 3.47046 -2.3634 0.407227 0.793213 1.31042 3.96582 
1.00684 5.35657 1.43884 0.214478 9.10645 4.43469 7.20374 1.92468 3.12878 7.73792 
-0.464355 1.26062 6.82214 5.9436 1.02429 0.908936 -2.37231 -0.697144 12.4113 8.08594 
-1.65979 15.1832 6.01758 4.34363 3.78235 7.1969 6.01013 4.7135 5.52344 8.93762 
-6.9231 7.19702 -3.6731 -2.98547 20.425 -0.852905 1.77954 8.69019 3.95776 8.0387 
21.0049 0.625488 2.11169 -1.62341 4.25647 -2.20825 0.484253 3.02014 3.3385 6.17505 
5.86523 8.97095 9.82373 -2.29517 6.05957 8.58093 25.0055 -0.675049 0.578247 2.32056 
-1.62573 13.8647 4.24719 3.45044 4.11694 4.81934 1.18994 6.40454 7.60815 9.89075 
2.61853 4.56812 16.0127 6.87854 1.21899 -1.11096 -3.88745 7.21936 7.27759 9.17456 
-1.55627 7.26025 7.66516 -2.8728 9.92566 2.16309 24.1281 -2.0614 3.35461 6.66956 
-4.1073 -1.75574 -3.76428 5.05042 12.0577 -1.34814 -2.55383 7.66553 5.55029 16.5844 
-1.18799 5.11572 21.4071 9.61438 -3.58838 1.80298 -5.4646 7.98096 9.22681 12.3042 
6.06824 5.41638 14.3076 5.42725 -2.72717 1.9043 -2.20483 1.22217 8.04846 4.99854 
0.37915 3.5874 2.07507 15.958 0.66626 8.31958 -8.47961 1.90344 8.62073 15.0686 
3.64697 1.92883 -0.15625 11.2263 -2.55103 18.5264 9.5531 -7.5813 2.81226 8.68518 
3.85693 1.22363 -3.7832 7.70288 -0.926025 15.9839 9.23718 -4.40259 2.86877 8.84204 
-1.5509 16.0055 8.47864 4.00342 2.44177 4.74475 5.59058 6.02441 6.93311 7.06018 
6.84436 3.51465 -0.919067 4.0575 3.65723 1.02649 5.91333 1.47241 -3.58154 3.27246 
1.29077 5.44727 -3.9281 4.16589 8.97192 1.84204 -3.96924 20.2986 5.21216 12.1499 
5.21191 1.22668 4.28198 3.05615 5.78186 -5.85803 -7.5437 15.0691 6.12366 12.2821 
-0.436401 3.87305 -2.34607 1.02966 8.05469 6.42261 -3.12732 5.39722 7.19543 16.2214 
-1.22412 4.48669 6.92126 2.15405 4.91931 7.99719 28.714 -3.23279 -1.9104 2.58643 
0.61731 12.9325 22.6957 15.8381 2.19592 0.953369 -4.21521 9.06226 7.73193 11.9761 
-6.77539 6.85205 -7.36621 6.89258 13.8561 4.16907 -1.39441 9.70728 7.93201 19.1479 
-2.58154 6.95105 -5.28003 -6.40198 17.369 2.49658 2.6731 6.922 7.22205 10.4053 
3.30432 2.4679 1.51038 7.73987 4.04248 -0.339355 -6.34094 18.9479 3.89612 11.6028 
16.2684 5.74548 1.70911 -3.28503 6.91199 -3.16565 4.86194 4.61658 -1.49573 4.52307 
-4.46179 11.5637 22.2388 10.3243 6.01599 -1.11328 -0.625244 2.16943 7.40454 9.73145 
-2.68848 -2.19861 6.87341 19.1528 -0.466431 7.05469 -5.49829 7.42346 9.10828 11.2648 
-1.6748 8.04663 -9.3761 -5.48071 22.4067 2.06592 0.218872 7.99646 4.88416 13.8263 
17.651 5.30481 1.9917 -1.05127 4.02661 0.45166 3.69519 2.85864 -1.46729 4.32446 
19.0631 4.64514 2.55029 1.36267 3.62695 -0.396606 1.12537 0.0268555 0.836426 5.61279 
4.14905 -2.68286 8.14636 4.32129 1.64417 -0.770752 -3.79956 1.078 14.2517 7.00146 
6.67578 1.21436 -0.297729 3.71509 -0.139648 1.47009 -0.595215 -2.8949 7.16931 4.99194 
8.8988 -0.217773 5.51208 5.07764 2.51355 -0.314819 -8.25842 0.751831 12.4515 10.3962 
3.00122 1.09021 -2.03418 13.245 -2.81287 15.9904 7.89392 -5.23987 6.79126 8.85034 
-1.18457 12.7156 7.604 4.63208 3.40222 6.14197 5.01794 3.58618 6.78711 8.85156 
-1.55676 1.53015 4.43652 22.9418 -1.87476 11.6648 -6.40039 0.571167 8.39551 12.6278 
4.83118 5.54578 4.8031 3.10767 5.07153 -3.44666 -6.74402 17.2891 5.5481 11.1249 
0.99939 5.20886 -2.34949 -4.67456 14.0667 3.99414 6.64758 4.51099 8.82336 7.55054 
1.11121 7.50134 -4.24109 -1.57227 10.5731 7.52795 -4.36328 6.48779 5.87354 16.918 
7.43823 -0.110107 7.03796 7.94165 0.959595 0.464233 -2.05188 -0.0383301 13.2665 7.1095 
-0.865967 0.517944 4.06897 3.18005 1.53064 0.147339 -1.44653 -0.487793 12.743 6.45886 
-3.29773 6.89673 -2.24402 3.33594 11.1272 3.81982 -0.666992 6.74097 5.31323 14.7396 
14.7529 0.125488 3.09082 2.87793 2.68604 -3.65747 -0.216919 -0.329834 2.43774 2.74792 
-3.48279 2.12634 -0.364258 5.95886 9.53369 2.71497 -3.59717 6.42065 3.88879 14.965 
5.44556 0.476807 6.92712 5.49414 2.16077 1.75232 -5.36597 0.934204 14.2135 8.75415 
-3.4126 6.95081 0.0563965 1.26392 7.04626 3.10315 -0.959595 4.77075 4.8916 13.5303 
21.9432 2.19751 1.73096 1.43384 0.0142822 1.69739 4.4447 1.30054 2.22083 6.03174 
-0.308228 7.59119 14.5658 5.77661 0.408325 3.79053 -2.24268 7.03894 8.37415 9.24048 
1.51526 4.06763 2.99292 1.63843 7.99536 2.46118 20.1653 1.39954 -3.25 5.39661 
5.15308 2.82227 -1.26636 11.356 -1.61877 18.1594 7.18982 -11.0658 2.89746 6.94006 
0.805664 3.31055 3.65979 -1.6394 13.3368 1.27075 22.6421 -3.04077 3.36743 8.7439 
5.56335 2.25256 5.89478 2.79858 4.58459 -7.10437 -4.95605 16.2064 5.61829 10.1005 
-0.0710449 5.30859 -5.82898 -0.524902 11.4989 5.39063 5.14722 4.32825 6.44653 12.6495 
3.95947 2.98108 1.11121 0.380005 6.31592 -1.90869 -5.36084 12.837 7.08215 10.6414 
1.02136 1.51392 -1.76465 16.5286 -2.39966 22.7101 9.67969 -9.72424 7.05994 11.4337 
3.9541 6.22681 0.452271 -1.39172 10.5981 9.07422 4.41833 1.0144 4.97827 8.49451 
2.10571 14.9482 8.39417 0.985352 2.73657 2.27014 4.78601 4.22058 6.65417 4.41077 
-0.684448 4.94409 0.848022 21.6888 1.54211 13.1626 -7.17944 -0.439819 9.63037 15.7648 
6.45483 -1.44214 -2.40784 10.4762 -0.17688 22.2019 9.24158 -7.33289 3.54272 11.0424 
5.03015 2.6709 4.72668 15.5649 2.96033 7.65466 -4.79541 -5.01294 6.90417 8.98157 
0.696655 15.0712 7.54163 1.92883 5.12695 2.57556 0.559082 4.69788 6.26782 5.80908 
1.79846 5.06531 20.8877 3.01721 10.2362 0.325073 3.26782 6.14246 4.11816 8.13916 
9.64282 1.09912 10.6251 15.8601 -4.11426 11.3691 -6.81177 -6.34326 4.71741 11.604 
2.42908 9.12341 -2.81274 -4.35693 12.9705 5.5415 3.27795 -0.337524 9.76526 8.54944 
1.30798 4.87427 3.51794 6.77832 -4.06458 10.9667 2.19006 -5.36621 5.67444 12.1505 
4.8833 5.76953 5.76685 -0.798584 8.59399 4.03455 19.6302 -2.07117 -0.509277 3.86304 
-0.29541 14.5673 4.62964 1.31726 6.03809 3.97302 6.82642 0.401733 7.3175 4.11536 
6.67346 -0.439819 12.3367 5.77551 5.30945 -5.49829 0.466675 0.848022 3.46155 7.64722 
-1.45959 3.31372 1.11743 15.3486 3.69983 5.47583 -8.10901 -2.22217 -0.198608 8.43542 
-0.332886 6.32336 -2.98914 -4.24988 14.2129 4.03979 7.68811 -0.726563 8.4552 8.04944 
8.66223 1.43628 5.99365 -5.599 4.62622 0.55127 21.1401 -4.297 2.34192 4.22681 
14.8582 1.48669 3.23267 -1.34131 1.03406 1.12573 -2.15344 6.13867 2.5282 3.47241 
-3.61719 16.0254 5.01794 2.15991 7.4884 4.59619 1.84021 5.10559 4.85889 5.79285 
6.43188 6.49646 23.962 10.604 10.6781 -7.44031 12.5718 -3.28247 1.8103 -1.80957 
2.98828 6.28455 -0.613647 -3.96814 15.8512 2.81909 10.1292 -1.99182 9.90308 5.2124 
8.78735 3.01978 -0.211304 0.131714 4.89783 19.7037 5.11108 1.40344 5.651 4.53979 
4.73743 4.4364 3.8916 -1.07263 7.83362 4.35913 24.0519 0.813477 -2.62158 4.24768 
4.0907 -1.40576 6.34436 7.32776 0.968872 -5.31958 -7.3678 16.7899 5.14929 8.75964 
1.50244 1.0238 3.26514 0.219238 5.93127 5.63672 1.84692 2.13086 17.5319 6.91052 
-1.51733 16.2253 7.9718 -0.42981 3.51611 3.14929 5.28479 5.51038 7.02417 3.43262 
1.45093 3.22583 7.65955 7.46582 2.89795 -0.922852 -7.76904 14.5468 2.63379 11.8945 
5.9447 3.30859 12.4128 5.78992 1.37097 -0.46228 5.72449 2.7356 7.56335 4.69348 
-0.508057 6.51086 -4.39392 -0.685547 14.1653 4.5304 6.20776 3.53735 9.56055 7.62598 
-0.969238 16.8779 3.86743 3.40198 9.90149 3.5791 -0.331299 7.19824 8.00244 5.88745 
-0.154297 7.87659 -6.45886 -2.20496 13.3035 7.53101 1.2511 1.75122 7.34521 13.2823 
0.474365 14.9338 9.29126 -0.234009 2.20398 2.18286 3.67725 5.31934 5.5946 3.68811 
0.0537109 4.3042 -4.29089 -3.18262 15.7627 5.0271 3.63599 2.7467 7.2998 9.80225 
-3.54028 4.83533 -3.32983 -0.866821 6.87 9.55188 4.85461 1.50806 5.8114 11.3442 
5.43652 3.09058 6.01428 5.26318 5.828 2.65259 21.1598 2.27759 -2.11951 -0.509399 
5.35083 2.96667 4.50122 1.89758 1.24622 4.61377 4.26917 -0.480347 17.214 4.95447 
0.936401 -0.0196533 -2.25159 -2.47583 11.137 2.78357 6.62512 2.27625 6.63806 6.74377 
2.98645 -0.585815 -2.13232 11.2986 -2.42871 12.7939 10.2623 -4.31335 -0.375244 3.90869 
-2.44995 1.37964 -1.10425 17.0398 4.73657 5.05176 -7.05725 0.045166 0.953125 7.38538 
-0.257813 7.64368 6.01355 6.57898 7.6676 0.171509 -4.74011 10.1884 8.66663 10.795 
0.871338 7.22729 3.24976 5.25354 2.21069 2.94019 2.01208 6.9635 16.2747 6.11011 
0.541382 5.41089 -1.0011 -0.00195313 7.27881 2.8938 4.62097 2.80725 6.2002 5.54797 
-2.84082 1.62085 2.67554 27.4357 -2.6886 16.7018 -6.74561 3.65283 8.43005 14.9053 
-2.13196 0.755493 6.94482 19.7377 -3.93616 6.52417 -3.90894 11.4956 8.98486 12.6432 
4.17114 4.55859 -3.93359 -2.40845 8.97876 15.7152 6.27917 3.75647 5.89392 3.69116 
5.01636 1.75659 2.4928 -1.97363 12.33 0.84082 18.5123 -2.23743 0.175537 5.0199 
3.47388 -1.28857 6.698 4.54395 3.93225 -4.28638 -7.60193 16.0659 2.11731 9.59253 
17.6727 6.87024 5.18555 -0.681274 8.09265 -3.64404 5.60791 3.9707 1.38025 0.648438 
5.62158 4.12915 2.66382 0.187744 11.8282 3.23022 16.4567 1.05066 -0.708862 5.14172 
-0.981812 17.277 8.62061 0.0548096 5.44287 1.59741 0.350952 6.78564 6.04712 4.90869 
2.09021 3.13098 4.87793 -2.82031 6.56372 1.54944 19.0774 -2.31982 1.14807 9.23022 
-1.02808 2.52478 -3.54639 -0.281738 8.00195 12.481 9.38708 -4.29846 14.5819 5.71497 
3.56116 0.143188 6.17664 7.62329 1.25696 -5.271 -8.07678 13.4069 4.58594 9.00073 
19.615 5.25378 5.75574 6.19922 7.14063 -2.33899 5.49683 4.05591 -2.86035 3.08679 
0.703003 12.7167 4.21411 5.3562 10.6143 2.80164 0.837769 6.50867 7.88464 4.45349 
-3.05798 1.80652 -2.12 11.8456 -3.08508 15.058 4.74951 -7.01843 6.00232 9.55615 
21.7054 3.32446 3.10608 -1.99768 6.10657 2.00293 6.33887 2.66113 3.75464 3.94702 
-6.70203 5.02869 1.99524 4.14978 4.26465 8.05603 7.37109 6.39771 16.7675 9.74731 
-1.91467 3.84302 -0.226196 -2.77356 4.21875 4.80444 6.73865 -1.25562 5.46973 3.79504 
16.6941 -0.725708 -2.51709 -3.50549 5.74585 4.12793 1.33984 7.86755 0.588379 3.4845 
0.601563 13.4458 7.81934 -0.368652 2.33093 1.45728 2.30884 4.56848 5.26135 4.37402 
1.05969 3.73022 3.03198 1.31689 5.35327 13.6141 1.021 -2.53882 8.01855 10.4202 
2.38696 1.9624 3.72949 6.0686 -1.16333 5.6405 3.6333 -2.84729 11.1284 4.43262 
-3.74915 4.85645 -2.6123 -2.37549 13.7216 4.07861 5.93689 2.09131 8.12012 9.03064 
8.78577 0.514038 12.084 9.74023 -3.87427 -3.65466 -3.52405 10.4993 6.37683 7.18384 
-6.02612 0.491943 0.70105 19.0229 2.28967 5.44397 -8.36487 0.973633 3.35645 9.578 
-1.77466 1.75281 -3.93872 0.78125 4.83557 10.8507 4.10706 1.47839 7.85303 13.9958 
3.9353 1.55872 7.51013 4.81348 3.10498 -5.26782 -7.66541 16.9202 3.48865 9.72095 
6.35901 6.32629 5.86914 -0.130981 3.56201 4.87976 15.9077 0.563965 0.727539 2.69226 
-4.62756 -4.3739 -2.51929 9.9198 7.97083 0.820801 -1.87903 6.60486 2.3269 14.9028 
-3.01794 16.6454 3.80078 1.46655 9.06262 4.19727 0.779297 6.19849 8.40454 7.22742 
-1.78491 2.24243 -4.44946 0.327759 8.2937 6.85803 1.63318 3.76563 5.93652 14.9463 
13.0172 4.02136 2.62488 3.59802 4.9541 3.80457 8.17126 0.796265 -0.16748 4.08569 
8.53613 3.8385 7.9364 1.03455 3.6405 4.83374 20.8302 -3.05396 1.86499 0.356323 
3.74451 -0.182373 4.3396 7.57837 1.66455 -4.65515 -6.91626 17.4623 6.28125 9.78528 
0.359253 17.528 6.79919 6.0542 9.70605 3.92444 0.900391 6.17163 8.09998 4.18579 
3.17871 1.83179 18.9592 5.36096 4.4751 -0.489014 -0.271118 1.80457 1.1217 5.22168 
-2.05518 -4.66638 0.134644 22.8977 -0.0961914 12.8121 -7.12915 -0.925049 4.255 9.66602 
-0.175293 0.834229 -0.380371 -1.23047 4.25769 2.25549 -0.33667 3.16235 1.89819 8.85144 
-0.356323 1.14441 15.2007 10.2528 7.25806 -2.84607 0.434692 9.86377 1.32349 10.2917 
4.31604 9.729 -1.16736 -2.65894 11.335 9.18396 6.58337 2.07153 5.30432 7.19336 
4.96362 0.169312 2.48486 3.18689 5.44373 19.613 3.40991 -4.04395 5.09302 3.80383 
2.95178 0.292236 -2.70374 9.13623 0.710938 20.8141 6.71362 -7.8136 3.66699 11.8949 
8.93921 -0.0593262 6.67065 9.96826 0.733643 2.54993 -5.05493 -0.198242 1.58008 5.76343 
6.07861 -3.9574 8.53418 4.7478 4.74463 -5.64063 -8.32813 16.2583 0.345581 10.1241 
-2.56274 1.40002 -0.633545 9.02356 -1.69568 11.915 2.55969 -5.96277 3.8866 8.20972 
-2.8158 2.30029 1.12402 16.8699 3.19006 7.94885 -6.74402 -3.10498 3.76147 9.19067 
0.530884 15.0311 7.18628 0.844482 2.26831 2.38269 6.32983 3.80554 6.09033 3.71191 
1.99402 0.404907 0.526123 4.14978 1.92139 5.84387 6.50073 0.213989 11.3115 5.10596 
4.69666 0.637939 15.1102 11.1869 1.3717 -7.45398 -1.80603 5.43665 11.6365 6.14807 
4.26953 2.1427 15.6685 7.14148 -0.271118 1.00549 -0.312988 8.61133 1.4198 9.49414 
-0.696533 4.83813 3.27637 21.8557 -1.28284 12.5006 -9.3501 3.3988 7.62036 15.0785 
20.6277 6.427 4.03955 2.80347 4.62244 -3.22546 5.08704 2.39087 2.42017 6.13562 
3.85193 2.87122 15.0248 9.13184 -0.365479 -3.94055 -0.197876 5.34119 9.17529 7.13281 
-1.91516 4.31702 -4.55713 -1.802 9.8335 3.77502 2.01477 4.41602 7.87866 12.7098 
-2.31274 4.07764 0.229736 -2.9939 14.3716 4.59351 6.48987 2.5321 7.16223 8.73035 
-1.8446 4.04858 -3.79431 -1.29492 8.85254 7.38367 -1.64575 4.22876 5.72217 13.7113 
7.21362 0.169312 5.82507 8.41907 3.72937 -4.99341 -7.94714 16.5542 1.36084 11.2753 
14.6587 0.147949 2.49524 -3.64612 5.97388 3.2738 1.83545 -1.02893 1.30334 3.453 
4.28271 -4.49438 12.0686 5.5592 -2.57678 -3.27563 -4.42175 6.89624 3.32251 6.76697 
3.61743 4.94507 6.52295 5.82813 2.88794 -0.658081 -9.14197 14.1283 4.11865 12.2646 
7.56409 3.45642 -1.46558 -2.18604 15.5428 -0.437622 8.20154 -0.47522 3.83716 3.62427 
0.663574 5.78906 -2.021 0.297119 5.88098 6.64819 -2.1958 2.41687 5.61047 14.085 
-2.19421 3.36633 -1.39771 2.44226 8.77917 4.12927 -0.153442 4.93909 4.03418 14.1893 
-1.57703 9.97522 15.7964 7.14954 6.25989 -2.14355 -2.18347 6.70569 6.10852 7.2196 
4.61072 6.62476 0.437012 11.2449 -3.04834 15.9412 8.9502 -5.11389 1.28564 7.50049 
-1.42542 4.44751 1.34839 0.672729 7.48425 3.66687 -1.3678 4.75916 4.39893 12.6516 
3.49695 1.60059 4.578 3.79224 1.0719 4.37012 3.15161 1.15125 13.6322 4.54041 
0.355103 -0.246826 0.168945 20.7307 2.8114 7.71765 -7.39526 -2.97424 7.26208 10.7736 
2.42981 4.57642 3.26782 5.74829 0.222656 3.93396 2.42236 -1.09827 14.4764 6.09521 
7.12891 7.72864 8.17664 -0.734619 3.72791 -0.537842 13.5745 3.83374 1.06946 0.978271 
4.42017 -0.707886 7.26013 7.86487 2.14111 -6.12476 -7.5459 16.7169 2.87354 9.81018 
12.7135 2.82825 -2.16614 -1.63403 10.5902 4.26404 13.5297 -1.24475 1.27539 4.10486 
20.6383 4.26221 2.93896 -0.213013 2.98828 -1.01208 3.53052 2.89648 0.866821 5.88232 
-2.5238 12.7241 7.83936 2.00708 2.25305 2.94727 3.59583 3.74878 6.50049 5.65222 
0.450439 13.918 26.0531 12.4208 -2.94641 1.79919 0.373291 5.56287 13.2103 7.85693 
2.52795 1.42554 -2.04602 21.5981 1.54065 11.3176 -4.2406 -0.433472 7.43994 11.9012 
-1.2428 8.18604 -4.052 -4.08826 17.4795 1.91907 2.59399 2.70874 5.92639 8.9386 
7.57251 0.430664 -2.63965 6.69006 -2.3468 11.0359 -0.890625 2.32214 0.710449 4.74329 
1.72302 7.66931 9.32141 2.65674 1.04858 2.72827 23.2859 0.417236 1.68909 -2.60132 
2.46753 2.55457 -2.78406 0.487915 4.94226 3.86194 -3.46021 15.5216 5.69336 7.77917 
5.57605 0.858154 0.929321 6.5354 0.794556 0.775879 2.17273 1.44165 8.74841 4.76965 
-3.73193 2.42603 -1.54797 8.06311 9.67993 0.367432 -0.238037 6.02905 2.79285 15.0336 
21.7462 3.35974 3.72571 2.42859 1.11108 0.160522 4.27454 0.0361328 2.63062 6.15918 
-0.053833 15.7722 7.95532 0.4552 1.48926 3.31738 5.53992 5.86499 7.97217 2.39929 
11.6245 10.8093 22.1476 15.6473 -3.70752 8.53662 1.2854 1.86169 16.9714 7.14612 
5.85742 -0.19873 0.518311 21.2404 1.65015 12.7128 -1.10852 0.0107422 6.88 11.8544 
-0.72168 3.96252 5.66187 -1.08716 20.6777 3.05505 6.43457 0.983398 4.13916 8.45117 
2.76367 -0.613281 1.82727 1.11096 7.4707 16.5222 6.35535 -4.58875 3.06482 7.25256 
2.49854 2.65881 9.91138 4.83228 5.95605 4.11145 24.4556 -0.987793 -1.63489 -1.25232 
3.3689 8.17419 0.562866 1.82898 8.677 4.08264 -9.0415 14.2749 7.96692 12.4283 
6.745 3.2417 0.808594 6.95984 3.52966 0.424316 2.55347 -1.58923 11.7129 8.12378 
2.24243 8.46057 -3.54333 -0.224609 11.0122 6.25208 -5.32788 8.62402 4.06494 16.3408 
22.2836 4.02808 4.34583 0.71167 3.11841 0.184448 3.61768 0.14917 3.41211 6.3894 
1.38611 14.7063 7.78552 2.70691 -0.786621 3.82373 9.69006 4.56946 7.30066 3.39539 
7.20215 10.385 18.9369 13.41 -5.09509 9.11572 0.00415039 4.8916 12.5167 9.25732 
8.36267 3.84302 -0.714844 19.6625 2.35571 10.8108 -1.57288 -3.70605 5.63281 14.0181 
5.85632 7.37378 7.12219 -7.44031 15.9639 6.50354 9.46472 -2.44641 5.60596 3.03052 
6.39038 0.378418 -0.183472 8.1759 2.86243 17.2467 4.83093 -4.19263 2.61646 7.3645 
2.54358 4.82104 4.84473 3.62048 7.54468 7.02771 25.9937 0.454712 -2.29163 2.25085 
3.95264 3.67358 -6.13611 3.97241 9.78076 5.07813 -4.51697 19.0544 4.52783 13.8613 
3.74255 2.1842 -0.94397 6.08691 1.69617 2.33667 6.14563 -0.565674 9.28186 5.16663 
0.656372 5.76001 -4.95935 -1.83643 12.2128 5.31836 -5.63269 7.70569 6.35889 16.1129 
19.175 4.98633 4.23181 -0.398804 4.19812 0.48584 1.24011 0.572144 2.90857 5.80872 
22.8036 3.4939 4.06152 3.51489 -1.34985 1.01587 5.26477 -0.709961 7.13782 7.5083 
6.08325 8.81287 -1.26624 0.324707 8.07678 6.66833 -5.73743 11.104 4.87866 11.5209 
3.91687 7.13574 13.469 3.22717 2.89648 -0.399414 -2.71472 0.580566 12.1968 6.58398 
3.21997 0.228271 3.42261 0.617065 5.08167 1.14148 16.5431 -0.483765 0.302734 3.5929 
4.25977 1.14478 2.26355 2.24414 5.45801 14.446 5.0061 -5.39832 3.05811 6.73755 
2.39502 0.238892 4.19324 1.96692 5.06885 13.9803 3.94995 -4.80969 4.85547 7.64844 
0.929199 0.584839 5.79968 28.4623 -0.398193 10.6296 -1.93701 3.11658 4.69751 11.7123 
4.45483 6.55762 -1.79224 3.00439 6.29834 1.95203 -5.60779 14.8832 7.66479 10.2521 
1.05908 1.02063 -1.97266 8.5542 4.00769 1.97266 0.622314 2.29187 5.60864 8.34741 
4.58447 5.05322 5.68774 2.9552 5.57361 6.44336 20.8062 -0.561523 -1.73755 0.477051 
3.71863 7.27209 5.53455 1.8075 3.57056 10.6121 25.3865 0.0480957 -3.16089 0.166504 
0.796509 1.47925 3.78821 4.00928 5.7821 4.33618 15.6809 -3.00452 -2.38232 4.0072 
4.93689 5.78308 10.4944 3.02832 2.14209 4.90088 22.2638 -0.396606 1.22656 -0.915405 
2.76697 8.8833 -2.96826 -6.56799 20.3276 5.20068 9.89124 1.42456 7.79199 5.4895 
3.11133 1.26843 3.01563 20.2388 0.820801 10.1547 -4.06311 -5.48706 7.10779 8.68127 
3.0448 4.99683 -3.56763 1.78088 4.60828 2.69592 1.29797 2.35986 7.74451 7.14331 
2.3938 5.97205 -1.2533 5.34497 4.72839 5.45996 1.25061 -2.61694 9.65698 8.20496 
0.733032 1.52258 1.83142 20.2076 1.52063 13.3497 -5.12329 -5.646 5.43604 14.5206 
16.9329 6.53149 1.23914 1.0874 2.76843 -0.477051 5.12817 2.13684 -0.546387 2.62903 
0.458252 16.6215 11.8352 1.00049 3.02466 1.46228 -0.461426 5.78821 7.17664 5.16687 
-1.44934 5.06567 -3.37292 4.52979 10.301 0.940796 -2.82544 10.1157 6.13232 16.1791 
12.1237 4.38342 5.23621 4.37866 7.49255 -4.84448 3.78259 0.24231 -0.255615 1.99023 
2.44629 3.23059 1.35168 16.2893 -6.18518 19.1677 4.14758 -12.6602 7.38428 9.73987 
-0.202515 11.1648 -3.94897 -5.88318 19.4236 5.63062 4.11597 1.55286 5.59241 8.72424 
1.854 13.1676 5.50635 0.387329 2.75781 4.0365 6.1615 2.7887 6.57617 5.99585 
1.45532 6.02991 -2.67078 -3.16443 10.9069 5.1759 -2.34094 6.73816 5.45044 15.2424 
0.578979 19.0033 9.69238 2.86755 5.21643 2.2511 1.96863 6.01941 7.79419 3.24707 
4.38391 10.9689 16.2877 8.18835 1.89709 0.302734 -5.52197 7.55835 12.2225 7.88257 
2.94543 3.2738 -2.51416 -2.73218 11.4845 3.29956 -2.04492 17.2222 9.14856 8.22986 
19.3463 2.79382 2.97986 2.88611 1.5116 -1.00232 3.95886 3.93579 -0.480225 2.29077 
-2.28113 17.0734 8.43372 0.7146 7.23547 1.41919 -1.88354 7.5072 6.38171 6.14563 
6.0177 5.01489 5.00854 24.0277 1.63013 7.91052 -1.28906 -1.7019 8.51038 12.814 
6.80859 -1.07153 -3.5426 3.48657 3.72351 0.0291748 -3.56018 1.60461 8.65186 11.1785 
6.70178 14.4414 19.2219 4.7627 -1.90173 6.46973 -2.70435 7.23877 10.4227 6.24451 
-0.846436 3.20898 -3.32507 1.11243 12.6866 2.77783 1.39502 5.68787 5.79126 15.2474 
2.56958 8.26343 12.2383 9.27881 0.159668 4.57935 -1.30786 8.33704 8.93604 7.02356 
3.88354 3.66492 -2.4668 6.31274 5.82568 6.7843 -6.2345 14.4811 4.42419 12.1808 
0.0513916 10.1125 -2.98254 -3.17249 12.4023 4.18542 6.64746 -0.137939 6.0188 4.36597 
5.97046 7.87268 21.3973 12.0117 -3.97034 4.62634 -5.15869 6.94556 10.7697 7.83545 
1.67322 4.98193 3.82568 1.63281 4.08826 6.34644 25.3595 -6.04346 2.43909 1.88416 
7.33716 -0.0980225 1.77771 6.13586 5.3136 17.6179 7.3335 -6.91052 3.16833 4.90613 
8.55481 -2.51917 -0.839722 4.65161 3.34436 15.1093 6.33716 -4.97803 0.366333 4.13379 
-2.66943 4.5719 -2.16797 1.02905 10.0114 2.80432 0.491943 4.10681 8.50989 12.3079 
2.099 4.85352 -3.03625 -1.98523 10.3229 0.343018 -0.259277 7.24561 5.60742 10.4347 
-0.162231 19.778 9.11353 3.96704 7.91602 3.88501 -0.959595 7.35754 6.8783 5.61829 
-3.17749 17.3644 5.93347 1.32141 7.74841 3.02588 -1.76917 6.96497 7.11914 6.47754 
4.84302 0.395996 -0.741211 3.4668 3.44275 13.8287 3.95264 -4.96472 1.76367 5.49414 
5.53955 9.34045 -1.7179 -1.31372 7.74414 2.31177 -5.19812 13.0645 8.51172 12.4285 
0.171997 4.96289 5.41443 2.14917 6.2146 5.30701 21.7362 -3.19556 0.705078 5.77734 
7.39404 -0.993896 0.652344 5.802 2.45093 -1.33313 -0.736572 -1.12708 11.5591 10.6858 
6.94421 11.9342 20.2065 11.2524 -3.34827 7.79651 0.595459 4.97998 14.5664 8.11548 
-2.32886 9.03186 -1.80884 2.03015 9.43323 8.41602 0.0462646 5.07593 4.1449 17.7626 
-2.97668 8.55164 3.89221 -0.614136 19.1379 2.30603 9.11316 0.288208 5.16797 8.41675 
-1.24194 3.49377 2.76697 24.3815 -0.556641 13.7281 -8.4021 -2.80164 7.72913 15.7952 
-0.269043 15.642 8.55811 3.58716 1.8407 3.10303 5.36792 6.48096 7.349 6.12585 
-3.99622 3.67786 -2.81213 2.79651 11.0448 -1.60559 -2.71045 5.32886 6.46436 13.4989 
22.1044 3.72461 4.8595 3.72144 6.92224 2.05884 3.32458 2.4021 -0.834961 6.08215 
0.884521 5.25244 -2.16785 4.73792 10.5734 3.79321 -2.58899 7.62061 4.57874 14.3632 
1.46252 4.33704 0.840088 13.7468 -0.694946 9.56299 -1.17261 -0.626831 10.4288 8.59521 
1.08093 8.74231 3.75037 -0.389771 9.48962 3.67737 22.1481 1.65515 -2.86804 4.13025 
2.03613 1.51257 1.48352 7.96704 2.44507 4.36206 -2.16809 -5.41455 8.1803 9.104 
1.96057 1.72339 -2.35059 11.3456 4.58521 2.8374 -5.04968 17.2124 8.02759 11.9631 
18.0847 6.72473 3.82727 2.97998 5.68677 -1.91565 4.8446 1.76477 -0.189819 1.63904 
-1.24084 18.634 8.72034 0.998535 6.34192 3.34595 0.969727 6.52161 7.2644 5.68604 
19.4836 5.11475 2.96985 3.96252 3.20996 1.61462 3.91895 1.46228 -0.0366211 7.4364 
2.66235 -0.875244 -4.9679 4.98914 0.505371 11.8048 8.38977 -1.31018 -0.223389 1.39685 
4.72339 2.39856 -0.359619 7.74573 3.38501 5.12 3.79456 -3.96838 10.1162 5.86145 
11.035 9.48499 23.4493 13.3708 -5.36194 8.03943 -4.10681 5.56616 13.6797 12.2113 
5.26685 4.86731 -2.25183 4.13513 6.40613 5.30554 -8.38525 14.4467 5.74548 12.8619 
2.43591 7.8031 0.327026 6.57605 4.37476 7.49487 -7.33008 12.3053 7.66687 13.1353 
22.074 -0.255981 0.520508 -4.15161 7.5658 -2.85193 -2.65601 8.45789 4.00159 10.345 
-5.79871 15.4482 4.14233 0.723022 7.11584 10.5156 5.75977 -1.02576 6.79211 8.65417 
3.52795 -1.23572 19.9852 9.1051 1.07837 -3.40271 -0.199219 1.59119 6.71716 2.43005 
-4.14978 5.01709 3.42249 15.873 2.43579 4.953 2.06567 -5.0354 3.79053 6.00476 
-2.81836 8.3446 -0.0107422 -2.33618 19.375 -0.407593 0.365601 4.82458 2.25073 7.78369 
2.1145 0.492065 -3.87866 2.55347 4.44531 8.80872 2.99609 -2.89368 4.53992 8.71216 
3.95215 3.28613 3.63501 -6.75281 5.35999 -2.70764 13.6649 -0.477295 1.50293 6.6355 
-0.806885 2.55286 4.41479 13.75 8.25037 5.31152 -5.35291 22.9745 4.27893 14.8397 
6.18689 -3.20776 3.86853 6.44324 1.17505 3.03772 -2.91687 0.224731 12.691 7.07275 
-3.69922 4.91284 -3.10889 6.27881 8.89246 1.48706 -4.62695 6.97571 3.67737 14.0031 
23.6041 0.0455322 7.19299 1.81738 -0.20105 -0.83728 -8.73108 2.23462 6.95959 11.8286 
-3.96973 13.4082 4.10779 1.34534 4.7782 9.64197 4.73035 3.39172 2.47229 9.41785 
3.698 0.616699 15.3403 14.2935 0.775635 -3.36523 -3.67273 11.1312 1.55566 4.57861 
-2.47742 -0.341064 1.31665 11.5056 0.396606 7.82104 -3.78076 -1.15222 6.68335 8.3855 
-6.56323 7.0791 2.43701 1.44824 12.6393 -1.8822 0.0808105 6.07007 2.50916 7.27881 
-0.885254 -0.0090332 -5.51477 5.76245 2.29041 11.2147 1.82532 -3.82996 4.83643 11.6707 
2.19055 2.37048 6.98499 1.49268 2.24915 3.66223 -1.08423 -2.65686 13.5909 3.93457 
-0.425293 0.989746 -5.12646 3.48767 9.62439 1.59216 -4.21313 8.5376 4.65967 14.4647 
24.8652 -1.99573 2.70752 -5.39612 7.60596 -4.92188 -1.32483 7.19885 1.62891 11.6195 
-3.80444 13.3667 4.95227 4.03577 4.07837 8.12915 4.96008 4.23022 5.29187 7.77698 
0.903931 -0.320679 21.4563 9.00464 4.25818 -7.33337 4.83167 9.00659 1.7832 -1.02954 
-7.66736 4.0387 2.00464 12.7206 2.17322 3.56213 -2.0553 -1.46436 5.99866 6.3667 
-2.82629 7.07275 0.25354 -0.242188 16.5363 -2.24512 0.58667 7.55969 2.95544 5.88916 
0.425293 -1.3468 -5.36206 4.7522 4.32739 8.5885 3.56421 -2.79138 4.5415 8.75647 
1.21936 1.4126 -1.06519 1.57202 3.66797 3.71216 11.5555 -3.26611 5.33032 2.64221 
-0.613525 4.7832 2.26733 7.49121 6.34119 0.0164795 -4.3833 19.0645 0.495117 11.1956 
0.0491943 4.67822 2.60022 3.88477 2.22253 5.35876 1.04919 -4.0874 14.491 9.19312 
-3.50391 0.404175 1.224 2.6991 8.18945 0.966919 -3.38257 2.43701 3.37415 12.1985 
1.90698 3.3772 22.6648 14.5077 5.29761 -6.63586 4.40125 -0.682495 3.52747 2.92334 
-4.05591 11.3271 2.03735 1.45068 4.60583 8.00586 4.35864 4.15161 0.391846 9.42834 
5.06592 3.14124 11.0583 14.8281 3.67651 -1.78516 -1.33826 -2.90674 1.13879 3.71887 
-5.97546 13.8231 2.63379 1.25122 5.89966 10.5934 4.43079 1.52893 3.09607 9.88831 
-1.71631 0.415161 1.20508 15.0616 -0.288208 7.5321 -1.54272 -8.0166 3.82996 7.73279 
-4.72119 0.914185 0.249512 3.11731 7.59302 3.36707 -0.636719 4.26636 3.07043 13.0288 
-1.12622 1.52979 0.157593 2.99402 5.74927 1.37585 -2.35437 1.51392 3.12817 11.8798 
-0.744385 5.44873 5.39868 4.328 2.4314 8.28821 -0.925049 -2.64673 13.5979 8.27856 
1.09375 2.71851 -0.911499 6.61792 6.16028 9.86633 4.85571 -5.59778 3.54871 5.53125 
0.452148 -1.01929 -1.70947 12.3241 -1.52307 7.25854 -3.10156 -5.02112 2.63086 7.11877 
1.77686 -1.62512 6.84705 6.21741 6.93494 1.71558 0.51355 19.3146 1.62268 10.0795 
19.9829 6.52124 2.99414 0.336914 6.05298 -0.991943 2.41748 1.88354 5.76501 6.2915 
3.93604 0.457886 2.29297 7.8396 2.4856 -2.10132 -8.11963 18.3673 4.50513 10.7124 
2.19836 -0.197754 4.44299 5.40076 3.54163 -2.80469 -6.12598 15.2778 2.50903 8.67908 
1.61743 1.08362 -3.36243 4.34631 0.894653 7.02393 6.34216 0.395874 3.02686 6.83606 
-1.01392 8.19702 3.97058 7.41614 4.36609 -0.496216 -3.6001 20.2981 3.00928 11.662 
-2.10974 4.61597 0.660278 3.43909 7.62439 3.84045 -0.324707 3.2395 4.50964 12.7189 
-3.927 2.91833 0.642578 4.90161 9.44482 -1.83875 -4.26453 4.8689 5.49963 12.2235 
-0.932739 5.12341 -1.32568 -1.02405 13.7639 -2.61609 0.138428 6.81128 2.58435 8.22449 
-0.0283203 2.31311 4.83435 5.92957 3.8407 -2.07117 -3.38208 16.5007 3.66748 7.9729 
23.5728 1.78223 2.31824 -0.560913 0.818115 -0.015625 -3.23425 2.81641 6.08643 10.4718 
-2.3042 -1.09949 -1.28674 11.5836 0.72937 5.4823 0.702515 -3.00842 6.26355 5.90161 
-4.64917 8.70642 0.963013 -0.535767 13.3082 -1.78638 -0.849609 5.30261 2.03748 7.14832 
-3.20862 12.5353 5.67139 3.22693 3.45508 8.15649 4.86377 3.73938 4.54419 6.29089 
1.95557 -7.23926 -7.9939 10.8376 1.72107 16.4552 0.422729 -5.11475 7.85181 12.6763 
3.27368 2.67407 4.64783 4.0946 2.17737 8.28345 -3.31628 -6.81787 15.3082 9.59045 
-1.12219 12.9159 4.27844 4.28101 3.2738 7.14954 5.96606 2.74731 6.47705 8.14795 
-4.12244 12.4188 -3.56592 0.411621 21.3107 1.94751 -1.15808 5.94824 4.32996 9.59924 
0.667603 0.857056 1.76501 4.36377 2.28418 5.8717 -2.61243 -1.79895 13.9187 9.61182 
-6.85339 5.5907 -1.15674 3.21643 15.7463 -3.21619 -1.49023 5.276 3.98901 9.33911 
-3.97974 13.0978 3.51709 3.80994 5.1228 5.16968 2.94702 6.78845 5.08899 9.50696 
4.69031 -3.43884 5.49048 2.95959 1.22437 -0.696533 -2.42126 0.532715 14.2163 6.13403 
3.49243 4.02246 9.30579 -6.00403 -0.887939 -2.90015 15.1946 2.05896 3.83752 1.7074 
5.84668 6.02014 9.77393 -4.88245 4.96973 2.5144 15.6771 3.07007 3.96875 1.42249 
-4.66736 5.79565 -5.42517 -3.87329 21.066 1.44556 0.980103 6.34802 0.296997 10.5096 
-2.26294 3.75659 1.73975 -0.961426 5.70459 2.92859 17.7119 -2.41602 6.33923 4.43823 
9.12573 -6.81873 -0.492188 1.24536 3.73633 1.0343 -2.21057 0.0394287 -0.0687256 7.36011 
2.49707 -4.41748 -4.42017 4.23889 2.39758 10.9088 2.14319 -7.85022 7.79822 8.20703 
-0.409912 -0.265747 -0.272827 4.7179 3.21875 8.37988 5.13586 0.246338 4.43286 10.1007 
-7.974 1.26917 3.46179 20.0941 0.397827 8.58105 -4.85999 3.89697 3.97852 9.75024 
-3.22388 0.38147 1.95264 13.4459 1.07825 10.0317 -3.73535 0.222046 4.08496 9.20703 
-0.39209 0.624023 -3.01025 7.41675 0.334961 12.6688 3.26013 -4.39343 6.42078 8.99646 
0.397217 0.236206 5.47986 6.99866 4.06348 -1.63147 -4.98999 16.7769 1.49829 10.1418 
2.39587 9.56299 21.8999 16.0576 3.02356 -4.91626 2.47009 -7.57007 4.1604 6.75562 
1.95923 1.83154 -5.52405 -2.1156 5.06335 5.26343 0.68689 3.61438 4.24231 7.66272 
-1.87512 0.678833 -0.576904 2.94714 9.16309 1.37341 -5.59351 3.61023 4.67639 10.4193 
0.883179 -0.666504 2.43933 -3.94409 4.55115 0.876953 15.4199 -5.19458 7.50012 4.07898 
-3.698 4.64758 -0.718628 2.66138 9.7146 2.45239 0.35376 3.89368 6.25403 15.6305 
8.36255 -2.24268 13.2645 6.67737 2.67334 -2.33643 -6.7749 2.78101 4.13647 4.80457 
2.53577 7.6748 7.01599 -5.48938 6.43994 -0.852661 19.1177 2.5741 1.61682 8.1228 
4.40173 9.30591 20.2379 9.58081 5.86316 -9.09888 8.44092 0.55481 6.09668 2.04993 
-4.30542 12.7467 3.84656 3.51001 5.87549 7.76038 3.87292 4.78076 2.7334 9.60315 
9.99585 -0.715454 15.4098 8.20642 2.33582 -5.14575 -1.70142 5.97083 5.19019 5.33179 
23.9385 -0.740723 2.1759 -0.606812 5.45044 -3.52246 -4.36365 8.83398 2.01062 9.729 
3.67285 3.5105 0.998413 2.31372 0.360962 3.96716 1.51501 -3.12927 7.49023 6.85632 
-3.64844 -0.663086 4.49634 11.9237 -0.267944 7.41223 -4.91296 0.197021 4.49695 8.3501 
0.0418701 3.95789 1.27295 4.48572 2.35278 4.60754 -1.35059 -5.33337 11.4524 5.91577 
2.53516 -0.178589 2.80933 10.7357 0.911377 11.7222 -1.98792 -4.52283 2.90442 9.13538 
23.1967 -0.382446 3.30322 1.00476 3.07581 -2.24036 -5.24097 6.03821 0.730591 9.39819 
5.55872 1.50464 0.380005 2.00562 -0.00817871 4.42273 2.12244 -8.68787 9.81677 7.98279 
3.53577 8.97559 1.27051 19.0764 6.93042 7.62146 -8.68823 26.5956 -0.595459 16.4983 
-5.79504 5.75256 -1.90735 1.80981 14.7687 1.8252 -3.45447 5.83325 2.25037 7.49951 
-6.0238 2.46045 0.309204 2.70544 9.1626 0.0412598 1.19934 3.83179 3.47766 11.9388 
3.48779 -0.396973 -6.36768 4.72058 1.7395 8.51733 -0.493774 -1.22656 4.39368 9.20325 
23.4392 -1.00586 4.52222 1.19226 3.31799 -2.78918 -5.88831 5.97668 2.39136 13.1477 
-1.32324 0.240234 -0.339233 3.69287 7.12415 0.655762 -1.68518 4.11365 2.96948 11.6711 
2.74731 2.47327 5.82227 5.20898 4.53735 -2.92517 -3.6311 13.4952 -1.09668 6.83923 
17.1342 -0.613647 1.11987 -2.02173 6.08179 0.623779 0.478638 6.30139 -3.41431 9.95398 
20.8409 2.51099 -1.25854 -3.79456 8.8075 -4.37329 -1.33289 9.97278 3.61414 12.7817 
-2.44592 6.47656 -0.833374 -2.4303 16.0372 -0.237061 -1.12305 3.45081 1.55908 6.7428 
1.40015 0.721191 7.96167 -2.77515 2.34082 -6.2146 19.5389 -0.20752 8.09448 -2.91614 
20.8289 -0.782593 0.112549 -1.22131 2.39124 -0.271118 -3.16638 0.168457 10.5013 9.35608 
-5.31812 2.203 -2.04688 3.31543 9.86169 0.984985 1.22998 5.01196 4.46155 13.4301 
-1.56604 13.9253 5.89441 1.32214 3.01855 3.33826 -0.349976 5.31555 5.62439 7.12073 
1.37781 7.29065 18.1971 -5.95667 0.278564 -4.58704 22.752 -0.972534 11.8359 -1.45874 
5.07666 -0.570435 19.8151 9.41809 4.42139 -5.28979 -1.9646 -0.286255 4.51514 0.957764 
0.212646 -2.04199 -2.28967 9.33301 4.09485 5.25208 -3.31897 14.5552 1.93396 6.95044 
-1.89856 2.84619 16.0685 -7.20068 -3.44409 -8.85999 17.704 1.79578 12.2861 -0.80896 
9.9668 -1.38159 4.36511 0.7146 -2.42834 5.16833 0.486572 -3.59302 12.29 3.30664 
-1.78857 -2.66064 6.73853 14.5361 0.16687 6.52087 -6.94202 -3.62646 1.71436 8.63831 
-1.32959 -0.0427246 -2.45166 8.82971 1.33545 14.0288 2.33191 -4.71997 5.64783 9.28271 
0.728271 11.3541 23.545 14.5675 4.70361 -5.59265 6.76807 -4.75745 6.88074 3.79333 
-1.90759 12.5481 4.46045 3.87146 3.16406 7.76074 5.49915 3.00281 5.38904 7.09851 
8.96558 -0.370361 1.31311 -0.901123 -1.07458 5.41455 2.39734 -2.69727 11.4233 3.9624 
-4.3457 0.926147 4.28821 14.8855 -0.526978 4.2948 -3.078 -4.68591 3.9491 7.90015 
3.69141 2.59546 -0.216919 1.94788 -0.456787 5.60266 2.02808 -7.3927 8.69324 6.85168 
4.26746 1.93884 5.68457 -3.15601 1.2644 -1.26294 12.5409 -2.76453 6.56042 0.703491 
-1.08325 14.9792 5.49927 3.7511 3.38037 5.39294 5.95447 5.00708 7.39014 7.11682 
25.0458 4.32056 4.6554 -1.67822 2.57898 -0.90918 -3.79468 4.01453 4.70447 11.548 
1.71545 10.1278 17.2354 14.0319 2.66553 -3.69263 8.19714 -3.93726 3.62292 4.75073 
-2.80261 12.4896 3.39368 4.49426 4.74402 8.17517 3.7334 4.52124 4.41833 9.29309 
-2.80933 9.59277 -0.672607 -0.229614 17.2598 -2.11475 3.18164 5.92847 2.67932 4.36389 
21.3242 2.36584 2.70996 -0.182739 1.57422 -0.0583496 2.37024 2.83545 2.13245 5.75793 
0.150024 12.507 5.66528 3.68933 4.26001 2.54248 -0.710205 4.91516 9.1969 7.87878 
1.26978 2.12256 13.9667 9.5575 -0.745483 -1.93799 -0.251953 3.71692 9.92139 7.89465 
7.12793 1.85327 3.50183 20.1376 -4.81934 11.0474 -7.87708 -3.66504 11.2766 12.1234 
5.34644 11.6473 -10.1755 -10.2057 21.3822 5.54102 -1.62048 5.526 4.86646 13.5358 
7.94873 0.0101318 6.0813 2.74988 0.473267 16.8182 6.4231 -5.94568 15.5399 6.07483 
-2.59412 4.651 4.81018 0.983887 8.5614 -2.44592 15.9685 -2.89844 1.70142 4.75513 
-3.04053 2.88965 -5.64124 8.96326 5.19751 4.63708 -6.08765 15.5529 7.27295 15.0267 
3.64172 3.15601 2.44922 2.49036 1.10767 0.393677 1.51404 -2.37512 7.6134 0.547363 
-2.75098 9.57898 2.56689 1.62659 8.94714 9.54248 -0.465332 1.79504 3.60901 17.2211 
26.9485 1.17139 3.85535 0.561279 2.83569 -2.50879 -2.3717 6.12817 1.35754 10.3888 
0.0726318 11.4993 3.57544 2.71985 6.60669 0.96582 0.255859 3.43518 7.71851 4.1283 
1.82617 2.08228 20.3652 14.106 -2.55176 0.439697 -6.12756 8.88525 6.60217 8.59851 
1.77539 -1.64795 1.81274 24.3318 -2.76917 11.8647 -11.1061 -1.0885 5.7616 15.3201 
-2.94019 2.0979 -5.77368 0.967163 18.6069 0.818604 2.62268 8.36279 5.49011 14.8809 
5.61865 3.11536 1.41443 14.4678 -4.66675 23.2465 13.099 -11.1433 7.82361 8.45288 
-0.371826 6.38403 7.21179 0.884888 4.10803 2.18787 20.0558 -4.50977 1.86841 1.37708 
3.62512 4.08191 9.72095 7.96973 3.11584 -2.76172 -4.13965 20.0521 6.36267 12.9263 
2.94446 1.80066 6.19226 5.97388 0.0335693 3.14319 0.953125 -2.37048 13.6312 4.52893 
-1.2594 2.89172 -2.14673 2.35303 7.09058 0.36145 -2.71411 6.20325 9.88867 17.1703 
23.8002 -2.63672 0.672729 -3.66284 2.10168 0.0318604 3.58362 6.479 1.43225 3.90588 
-1.8595 12.584 6.01843 3.91895 7.44604 2.07507 -1.73926 5.23486 6.03491 6.48181 
2.76404 4.70862 24.0596 14.1235 -0.425415 -3.36267 -3.89563 4.50623 9.47803 12.1567 
5.42078 -0.176514 8.90588 24.3127 3.1991 7.90601 -9.07764 -9.47668 7.42419 10.8895 
3.63086 4.0802 -4.86755 -4.55566 19.5947 2.95911 2.26697 6.93848 8.10291 9.68201 
12.1683 -2.19641 4.03943 6.52258 -1.35278 20.2 6.98022 -2.91943 11.1605 1.98633 
1.02942 3.42407 8.52393 -0.115723 2.91003 0.752075 22.9514 -4.13525 4.62122 3.17029 
1.61804 5.07056 -4.0603 9.01355 8.24597 -2.08386 -6.62866 20.5808 6.51978 15.9404 
3.58582 5.65588 8.51208 7.15613 0.589111 4.2981 -0.155762 -1.18079 13.5453 4.04919 
1.02722 3.81628 -2.68713 3.03638 8.92273 1.31775 -5.22559 6.93164 5.79565 14.4354 
1.89648 6.06018 -0.260376 0.0441895 5.84644 1.45703 -1.90149 12.0769 5.55518 9.9718 
-2.53345 0.0689697 7.85681 -1.29395 4.62976 0.827637 22.9695 -4.10974 3.66394 5.29346 
-0.535889 7.65222 -10.2737 -4.78198 21.8507 -1.11597 2.39465 5.23962 5.19812 12.532 
-0.491943 4.0636 -7.37854 5.04858 6.88562 5.35034 -6.36829 17.3108 7.78125 14.0015 
4.98853 4.98975 6.89368 -3.73267 6.15332 -0.491821 25.8837 -5.15515 2.29871 4.07104 
5.30103 11.4993 29.536 17.4951 12.1881 -10.3645 -3.43677 0.950684 7.54736 11.2325 
1.16003 0.53894 4.47339 19.7424 -1.05017 8.43005 -10.2166 -0.389526 1.79419 14.5177 
3.36548 7.32495 -11.0862 -6.66577 20.3876 -0.0966797 -1.8335 8.75354 4.43542 14.2813 
1.14185 1.34705 7.51892 4.50916 1.40234 1.0918 -0.776978 0.0222168 14.4357 7.7085 
0.288208 -0.614136 -3.00073 7.14502 6.9502 1.10522 -4.72217 19.3993 3.76563 12.2614 
2.64856 4.62512 5.35486 9.11694 0.123657 5.14294 0.908081 -5.22058 15.717 6.43372 
-2.1875 8.23975 9.27454 1.04541 5.14722 5.35107 24.6615 -1.96265 0.739502 3.41064 
-0.444458 4.16016 -4.94653 2.87073 11.188 0.4552 -4.68958 9.34534 10.1571 19.933 
4.12207 5.86145 8.19312 6.00281 -0.618774 5.79309 0.0137939 -6.38318 12.8501 7.06006 
2.59973 -1.1748 7.92834 18.538 0.616821 4.71472 -8.8479 -1.36804 6.72046 11.8444 
-0.181274 7.24756 26.1388 15.8502 3.78857 -7.89453 -1.84998 4.5271 8.00146 5.6084 
1.47058 6.53516 18.0928 12.399 -3.17322 4.16467 -6.86841 5.78955 10.2092 7.73816 
-1.18628 -0.0292969 3.255 0.859497 5.74329 2.27966 -3.18909 -1.68982 18.7671 9.07117 
2.70374 7.2738 -3.24426 -4.43921 22.0272 0.0266113 4.50024 9.19824 2.53906 11.6573 
2.39429 1.39453 5.08057 9.99524 -0.976807 5.25012 -1.71899 -3.4519 15.8425 8.50244 
2.57251 3.05249 2.10742 14.3986 -6.81982 17.0162 6.08813 -10.094 7.89392 8.92676 
-0.190186 3.35474 6.5304 2.27771 2.93884 4.71973 24.5626 -2.77576 0.514282 0.442505 
2.63721 1.69128 -3.64172 2.26904 -0.132202 10.2238 3.72888 0.944702 3.27161 4.82092 
22.7322 1.03357 0.68689 -2.45398 3.55005 -1.82947 -2.95227 5.8689 0.217285 7.10608 
-5.72986 7.08142 24.6074 13.6177 -0.469971 -0.169312 -2.84644 7.29993 6.35901 9.9248 
18.745 -1.65186 -4.76013 -1.79688 7.42957 1.78943 -1.56458 9.15857 -4.05457 6.71594 
0.604858 10.4211 6.12622 3.854 3.59363 4.32178 -1.51514 2.78052 7.55225 9.19055 
-0.298584 14.554 6.96655 2.15674 7.10278 0.994873 -4.11316 6.29321 5.49536 7.2135 
-3.35046 3.203 22.6541 14.4962 -2.68481 0.0610352 -6.46619 9.98291 5.28772 9.69995 
-1.82593 2.11145 -7.29871 9.10522 10.5132 4.74231 -4.52808 12.714 3.79773 17.0267 
4.89563 2.96997 11.2833 -6.03943 6.26672 -4.77722 24.0293 -3.37085 3.54407 3.00269 
4.40735 4.94153 9.2605 2.15466 -0.853394 2.79114 0.36438 -6.19666 13.556 6.30273 
3.62134 0.590576 23.6085 13.8857 0.820313 3.50354 -9.38037 7.71692 6.02283 14.5447 
-0.377075 11.5725 5.85181 2.08887 3.06421 4.59241 3.34351 3.15015 7.21191 7.80176 
23.0847 -2.92627 1.94641 -2.38538 2.38757 -2.19128 3.03027 7.83411 1.07678 3.5802 
2.22156 3.09314 11.7365 -10.563 1.19421 -3.6731 25.9867 -1.53723 3.85034 3.1272 
5.49841 -1.50647 3.12646 7.20325 -0.242798 22.2272 6.73584 -8.11487 11.547 6.84412 
-2.53833 2.78003 23.4879 7.26379 3.48267 -2.87024 0.474609 4.82751 4.53687 9.34094 
-4.19214 3.53699 -4.00647 5.04968 11.6156 -1.58203 -0.314697 8.02698 4.40857 15.4773 
1.0415 4.17273 -4.62476 9.69727 6.58911 1.19275 -7.021 21.6138 9.46289 16.5732 
-5.43213 4.6554 3.90979 6.30029 -0.0262451 10.2234 12.2267 -1.14648 8.43311 3.47083 
7.10718 0.324463 7.06506 21.7854 0.584961 7.8905 -6.05872 -5.34558 8.90381 8.70837 
1.34814 4.47351 -4.63989 -0.328857 10.916 1.30579 -7.3009 11.5051 9.03149 18.6765 
8.84668 2.78271 9.85522 14.8219 1.41455 -0.569214 1.07483 -2.60535 5.66541 5.68262 
-0.664307 3.41431 -1.64331 5.98889 10.0765 1.09949 -6.35059 19.0206 -0.958252 14.8464 
3.49329 13.1361 6.56055 1.51831 3.65125 2.0835 1.0354 3.31067 8.82739 6.08545 
5.10962 -0.674316 3.44104 8.87585 -2.9978 3.75525 0.344604 -6.88477 11.4847 6.35461 
5.94421 -1.59729 6.25269 17.261 -3.31421 4.62695 -7.85449 -6.30188 6.91687 9.75574 
4.79919 0.297852 4.04883 4.71375 2.44336 6.82336 0.155518 -2.07727 14.9586 4.11658 
3.50903 14.0154 7.86365 3.51172 4.48572 2.1864 0.746338 2.448 9.38782 6.11633 
-0.758057 0.771484 -4.44653 5.10925 9.24414 0.630615 -5.54651 8.70935 9.66504 18.4683 
8.94971 -2.45752 -0.818848 3.66113 3.60632 18.3497 2.50024 -0.839722 7.37183 7.94165 
5.50049 -0.592163 -3.84375 4.23804 1.71582 18.1891 8.87378 -1.08716 5.88391 7.54517 
23.9382 1.14978 2.90613 -2.49463 3.64734 -5.77539 -1.41003 3.479 4.61365 3.22229 
-0.876343 12.5505 3.61035 3.88745 6.47876 1.02271 -0.739624 4.74805 9.2793 5.87695 
0.920044 8.51685 5.29578 2.73267 4.27026 4.52917 1.3645 1.4624 7.42712 9.10046 
2.43591 0.440674 -2.11255 1.86597 10.3318 -1.04883 -9.44897 9.95361 7.49158 17.8617 
4.59961 1.05371 6.03748 10.3671 -1.07886 2.28918 -4.89819 -0.871094 14.8894 9.41797 
4.82922 5.56299 27.1893 12.7566 -1.14111 -3.63843 -0.765259 4.47986 10.4252 5.28955 
2.44006 3.06958 7.86047 -0.714111 1.25366 3.99475 24.174 -5.10364 1.66199 2.25134 
23.7329 0.335327 -0.552002 -5.56067 2.4613 1.19897 5.22754 7.64063 1.3501 0.793213 
-2.85828 9.45032 -6.32813 -5.46619 23.7455 1.22327 3.76318 6.09314 5.03259 9.69751 
6.69348 -2.14453 4.55994 6.25366 3.15356 23.1421 5.4563 -2.29797 11.8606 3.6853 
20.7769 -2.61621 0.865479 -1.9325 3.05518 -1.60046 4.20239 5.80225 2.44153 2.92737 
8.56409 2.1488 14.1666 15.7285 2.76855 -4.24182 -1.60925 -0.027832 4.94946 7.23499 
3.91711 15.3491 12.2042 2.45862 0.645752 4.0094 3.67407 1.30737 7.86719 6.30054 
5.10107 1.56934 6.43909 9.745 -4.79114 5.98364 0.552612 -6.828 9.94946 6.2666 
0.579346 3.26367 12.1698 -7.49463 -2.67896 -3.29211 23.3756 -2.71826 5.77539 4.71912 
-2.23425 6.55786 6.29907 9.36292 3.86401 -1.8866 -4.63464 19.5901 9.20496 13.2632 
-0.414063 2.95203 0.594971 3.65405 6.46594 16.8528 7.20605 1.76465 8.50098 3.52368 
-8.12 4.26733 -6.55396 7.53809 15.2544 -0.74707 -4.54895 12.0481 3.53748 20.8768 
-5.23669 3.74072 -4.87158 3.06409 12.5247 -1.18152 -1.62695 8.29138 6.21118 15.6224 
4.93896 0.389893 8.76416 22.0555 -0.689697 8.71851 -8.88696 -6.47131 11.2936 12.6052 
19.3728 0.208008 -1.41931 -6.62207 5.69458 -4.63428 -0.26416 11.3274 -0.889893 3.86108 
6.84119 -2.2085 7.84949 20.6908 -3.40002 4.83472 -10.045 -8.55261 8.00146 12.0671 
0.571167 14.8522 5.74683 1.98376 4.97864 3.20752 1.86743 3.7865 8.4115 5.40234 
-2.46729 8.29297 -6.39453 -2.13586 22.3933 -1.14185 3.60583 4.93896 3.54956 11.5774 
-2.84131 9.39795 -9.6637 -5.38611 22.611 2.97107 0.914429 4.11243 4.39136 13.228 
21.2146 -1.60669 3.32861 -0.0401611 1.23328 -1.45398 -1.95898 2.49915 -0.364868 6.07288 
-5.55371 9.36768 -2.88586 -1.47266 18.7911 -3.35913 8.3363 7.68958 3.80884 9.20862 
0.0836182 6.98279 -0.247803 0.146729 9.03479 4.48853 -4.75977 6.5531 5.80017 17.1678 
17.9104 1.99121 0.493774 -2.58826 4.83081 -5.42725 0.00427246 5.45093 2.44458 5.58948 
3.61047 11.8201 5.24146 0.473389 4.84106 3.37354 3.85974 2.16174 6.24109 7.65942 
0.365967 4.3009 19.3995 8.44202 2.01221 0.102173 1.32568 1.98718 3.81348 8.75513 
7.35107 1.98279 3.37451 13.386 -8.08374 8.69519 -4.75879 -9.67847 9.23511 11.2302 
7.23145 -1.93127 1.81421 -0.363037 3.06689 10.8916 7.34021 -3.3999 8.22607 -0.853882 
8.30103 0.153198 4.15454 -1.66797 8.96423 -4.28845 16.6241 -2.38599 -0.123047 2.91431 
-2.31238 1.5105 -7.29651 3.35571 9.5498 -0.507324 -3.02319 18.4926 4.35583 14.0924 
7.46033 1.4519 -0.841675 -3.32141 3.57031 1.10339 0.329712 4.02295 13.0613 6.80725 
22.8636 -1.90076 2.90112 -0.830078 0.541016 -0.446411 -0.857544 2.28125 5.38977 4.45276 
4.9303 12.4376 5.09375 2.672 7.24524 -0.0516357 -0.78064 3.38428 8.70227 3.82422 
3.28516 7.70129 13.1042 6.96033 7.3623 -2.19531 -2.50488 0.300537 2.27783 12.7003 
1.10876 -0.627441 10.9175 11.9329 4.38782 9.37805 -0.938477 -1.34705 4.20398 8.77173 
5.41028 -0.911133 5.83618 1.31201 1.73755 10.2617 6.35474 -4.28101 7.61438 0.455566 
6.3363 3.76782 3.27991 1.55298 3.34814 -1.37488 9.12427 -0.805298 1.11633 1.75085 
-1.01575 3.24023 -4.57117 10.3893 4.30249 0.951172 -5.00037 15.9928 8.35168 14.9564 
5.06519 1.86621 0.321411 1.89563 4.39343 1.39722 -1.37439 -2.35852 7.63818 7.91138 
-3.30371 2.11475 -6.07947 2.83435 10.9634 2.23169 2.94788 5.17212 5.88965 13.7075 
22.4375 -2.36633 -1.63184 -3.05713 -0.710693 7.03796 -4.01831 3.75598 4.94434 6.3988 
4.86267 10.9741 4.10632 2.56726 6.66199 -0.0705566 -0.858276 2.83508 9.09119 3.22473 
-4.36389 7.09656 19.0781 11.2119 10.6843 -0.213257 -3.71777 -0.976074 9.57068 11.4762 
0.641357 0.370483 14.6569 16.5613 -3.02527 4.8645 1.07104 -0.240479 8.63306 6.42859 
1.46558 3.06616 5.02747 -3.52747 6.61707 9.57507 6.85706 0.816772 6.61572 2.73755 
5.08167 3.40564 8.28064 3.95691 3.27185 -2.43579 11.3949 -1.27039 0.59021 0.149414 
-2.98022 5.71704 -1.71692 2.42029 6.73962 -0.426392 -7.24194 13.5797 12.2119 11.8145 
7.03955 3.07361 5.08313 4.12427 2.34863 -3.40442 1.53638 1.12939 13.2688 5.19067 
1.71118 5.55566 -4.5332 -2.96155 8.82129 6.03088 0.58313 2.68323 7.12317 14.1531 
-8.37463 2.37439 -2.56946 6.82056 10.491 -4.26538 -0.397339 8.55359 4.20276 14.4479 
-3.07056 5.45886 -8.62573 2.24219 6.42456 3.05737 -4.80115 16.0112 10.2621 14.015 
18.6461 1.74255 0.839722 -0.893921 6.28845 -5.08997 1.36292 7.04004 -0.997437 6.1897 
-5.51929 0.632813 -5.68237 4.55371 10.2998 -0.157959 0.0651855 6.88086 7.13306 15.0067 
17.8752 -1.80225 0.930664 1.80603 -4.18396 5.36499 -5.96875 -1.69153 5.85828 6.32935 
3.41711 17.6486 7.32935 5.19971 9.15149 1.24866 -1.54858 4.59375 9.93872 5.12366 
7.11389 0.996216 1.42761 2.89697 5.40588 17.823 -0.892456 -0.725098 6.11499 11.283 
5.67969 -0.309937 8.97437 9.31812 -2.23267 4.67883 -3.41382 -2.35107 12.8915 4.18005 
6.46289 2.27612 4.91992 4.26025 2.00305 -0.194824 0.75293 -0.353638 13.0345 5.04077 
22.8422 1.29321 -1.3103 -4.57422 3.58276 -1.17383 0.857544 8.08508 1.66345 7.03809 
-2.17102 -2.15845 -2.99805 1.50989 7.98254 -1.32507 1.20972 4.37488 9.88171 13.6089 
3.82727 -0.579346 4.56091 20.5923 0.302856 13.7249 1.02881 -0.619507 6.39563 8.66626 
1.89307 8.745 13.7765 -1.27332 10.3552 3.23071 0.250854 0.000976563 3.31555 11.1454 
3.7428 7.42188 -1.97473 -1.1991 8.72705 0.321899 -6.26917 13.7471 8.77148 12.2051 
5.86523 0.521362 7.8678 7.69202 2.73364 0.317139 -6.28271 5.29993 14.1635 8.88916 
2.7251 7.9563 -3.21936 -7.05994 24.1376 4.52649 5.10303 1.95337 7.42615 9.86548 
-1.79785 2.31995 8.07349 4.78845 6.77368 3.57666 23.9111 -0.515259 -3.66565 0.18335 
-0.680298 18.8765 6.729 2 7.65234 4.33899 1.61609 5.36353 7.43506 5.94397 
22.1731 0.868042 6.16992 2.02539 3.17932 -1.82397 1.24451 2.99512 0.468872 3.75537 
1.34961 10.3331 -3.04456 -5.49512 22.9575 2.46167 10.2469 6.61438 5.09705 4.13123 
-6.65076 -0.0963135 -4.74634 8.93567 9.63818 -3.0564 -2.41736 7.95728 9.13306 15.7744 
1.32043 8.01599 10.4836 -3.13989 22.6217 4.59839 2.26917 3.85645 3.8844 10.9613 
-1.41907 4.6637 16.6925 0.40625 13.2275 3.39709 0.603149 3.70679 1.6936 11.2388 
18.6046 0.0357666 -1.35156 -5.08911 0.519043 -1.59082 2.20007 6.49854 2.8075 4.30994 
4.18848 5.55151 5.12524 -0.428955 7.39404 14.0803 -0.0478516 1.30066 7.3147 10.2102 
22.4644 -2.29016 -2.64111 -4.23059 -0.19458 4.8407 3.06177 5.0863 2.05273 1.24194 
0.171875 15.9702 4.72302 2.32581 8.71887 2.57434 -1.66077 5.72131 5.66333 6.3678 
2.27051 -0.62439 9.73779 -0.15918 3.32422 -5.18799 16.7666 -2.07849 1.66138 5.63025 
-1.52319 6.22742 -5.7854 2.42383 8.73389 4.39404 1.45374 6.78955 5.99341 14.8402 
5.58276 0.281372 0.322021 17.6276 2.20886 9.09802 -4.40308 -3.1062 9.32166 8.98181 
-2.77563 5.55322 23.5857 5.14282 1.13403 -3.87537 0.880981 8.1062 8.35474 10.088 
-3.93469 2.47485 -5.68506 3.13586 8.44202 -0.602783 0.689453 4.93152 6.29675 13.1857 
0.964844 11.5299 2.95984 2.79272 7.30798 1.60754 -0.443726 4.81848 6.62109 5.10474 
-2.23828 4.02063 4.46606 1.96765 4.47546 -0.433105 12.8043 -4.10242 3.60999 3.00928 
13.5808 0.40625 -1.42603 -2.29614 0.408569 -1.48621 1.37976 2.07727 1.54285 3.04675 
3.67688 8.56299 0.7052 1.18958 5.88611 1.03394 1.55737 3.03821 7.10071 3.6355 
4.75671 12.5071 2.75281 4.03442 7.31763 0.511963 1.95056 2.67017 9.53149 2.91931 
3.30432 0.0330811 -2.88745 0.644409 7.75171 8.51965 2.81714 -0.571777 16.0103 9.88977 
4.53369 2.58655 -2.83472 0.218384 8.30396 -2.80115 -7.80481 11.7356 9.01294 12.288 
0.411377 3.1449 1.66821 3.7168 5.21301 -2.50061 -7.27954 13.3854 13.7318 12.0082 
-0.911743 2.62585 7.66064 2.14673 0.840332 -4.6499 17.9385 -4.0752 3.40723 0.193115 
0.972656 2.53772 10.4915 12.4277 -3.40564 1.5553 -1.07837 2.42517 9.11255 4.23254 
-4.23767 1.90601 7.26221 0.637207 2.15393 0.796265 18.5801 -2.18103 1.81897 3.53723 
16.7324 0.90332 -2.42676 -1.70984 6.54395 0.464966 3.3147 6.35474 -6.38696 8.98633 
2.44189 3.53821 -4.16321 8.39124 8.1189 -0.667358 -6.13867 21.5466 10.6504 16.5916 
0.82605 7.60583 10.6523 5.32959 3.71533 0.382935 -0.89978 -2.7041 5.80505 10.251 
-2.11401 8.0835 0.444824 -2.8501 22.3287 -0.406982 11.1161 2.53943 7.94397 5.65698 
4.83093 16.9778 5.74805 2.26624 9.47925 1.88025 -1.01099 5.03027 8.94666 4.79456 
0.176147 6.86328 -2.18713 1.56287 7.95801 1.64795 -4.99536 12.7726 10.5991 13.4779 
20.5992 1.29468 1.14587 -0.277954 2.0083 -2.01025 0.745239 4.64099 2.73499 6.34473 
0.601074 1.08765 8.33496 2.57727 3.83716 -2.78564 11.7675 -2.8573 1.14929 1.42114 
3.17041 5.84766 -3.53247 -4.46265 9.64075 0.454834 -5.59729 10.7426 11.9622 11.7876 
3.25024 13.965 6.84802 2.83313 7.62952 0.388428 1.37378 3.33752 8.3103 4.15588 
5.99976 -2.20483 20.0967 2.69104 11.4258 -8.11035 0.156128 -1.21533 -0.451904 12.0591 
0.357666 2.1427 3.46106 -3.28796 4.92151 7.34412 9.22949 0.249268 5.92334 0.696655 
7.47205 -0.452515 2.02991 -0.50354 3.1228 3.10132 -1.646 -0.767334 11.464 5.1239 
4.27502 15.886 7.63098 3.49341 8.47131 -0.150024 -0.589722 3.81287 9.77734 4.24084 
3.15894 5.99133 4.10803 1.60071 3.50146 4.66772 6.21375 0.236816 7.07336 3.31946 
1.6543 3.89392 18.032 3.37402 9.02576 -1.75439 1.69971 -1.74426 -0.819946 8.50989 
3.85852 1.13696 2.6676 2.84778 3.53455 4.93677 -1.20776 3.11511 12.9164 4.88477 
1.7312 6.53113 -4.23755 -1.88513 8.47156 0.366333 -5.78503 12.2578 10.8895 10.8802 
-1.42847 1.30518 7.67053 1.44324 4.57336 -4.16895 13.9985 -0.691162 -0.733276 2.94348 
5.44019 1.70007 0.471313 1.92639 4.81714 7.2207 -2.44177 0.74939 13.1237 8.39502 
2.01831 6.58533 -1.33215 2.16028 7.39526 1.57422 -6.11377 10.2574 7.95068 11.6113 
6.58484 9.02917 3.0072 2.68213 6.41846 -0.354736 0.777832 2.3623 7.99463 2.59912 
0.455811 3.76208 7.87207 -0.0968018 9.91272 2.3667 18.3977 -5.68262 -1.9707 2.39893 
-2.50146 15.5 21.3429 4.20605 4.56934 6.33313 0.387817 1.4585 7.67493 12.9747 
-2.70483 5.19629 -7.24695 2.72668 11.1683 2.53845 -2.96875 9.49158 5.05286 17.8357 
2.58728 2.16504 4.28308 25.6855 -2.39368 10.4692 -1.99243 -11.9844 7.27893 13.4063 
27.2627 3.88647 5.05396 2.81799 7.15881 0.180542 -3.19373 7.26062 0.354736 9.86584 
0.804565 12.5725 3.26611 2.39758 3.30676 4.48938 3.09729 2.63379 7.85376 7.29944 
-1.46289 4.69922 26.8657 6.99438 -4.98242 -3.16956 4.5415 14.1309 6.95569 0.497681 
1.70593 -0.0682373 4.9635 15.6968 -2.349 7.75293 -6.49609 -2.73108 7.49963 13.3119 
-8.25085 6.72119 -5.64771 1.65613 18.7704 -0.312378 6.86414 5.24402 5.52612 6.03308 
6.60303 0.257813 -3.93103 5.07507 2.55627 22.5585 16.899 -12.1903 8.11597 9.48962 
-0.33252 4.19287 10.1223 -4.69714 5.21057 2.2616 21.8816 -5.62061 8.4187 5.32727 
4.37048 0.436401 3.27246 7.40662 3.63855 -2.92065 -7.30286 18.5459 1.724 11.8086 
6.72852 3.31458 5.56116 3.35022 2.9093 -3.37134 2.81836 3.50232 16.335 9.59521 
-2.37463 5.65051 -4.0885 0.192871 9.70227 7.73413 -0.325928 6.94556 7.37341 14.701 
21.4198 -1.30554 3.38416 -5.07678 -0.179688 -5.23047 -1.01123 14.84 0.895996 5.50122 
2.87207 14.9132 8.29163 0.732788 2.50745 3.1842 4.59363 5.4519 6.89075 6.401 
-0.102905 2.1936 18.5406 10.6598 7.32495 -9.51563 10.9142 -1.0957 0.408447 2.85901 
-3.79211 1.4292 9.35486 15.1786 0.661011 0.779419 -6.30554 -3.38525 8.80579 11.6754 
-7.24792 10.0957 -1.75879 -0.52356 19.7178 -1.38708 5.54749 4.97314 6.18079 9.78394 
14.1249 -2.26587 8.47302 3.98621 -5.2804 17.1838 1.53162 -2.70618 13.5271 8.32678 
-2.76709 6.16223 4.89026 1.46179 5.29736 2.17542 17.9219 -1.53882 2.99878 7.71704 
2.604 1.00256 7.71021 6.67822 0.791748 -4.47302 -5.36987 20.0723 3.77588 9.83752 
1.26379 1.62451 7.47607 3.6394 1.7644 -2.64148 1.21265 2.88672 11.7001 8.9801 
-4.50964 5.03687 -1.12671 6.26184 9.50549 5.24475 -3.19373 7.06079 3.2887 15.1617 
31.1682 3.48254 3.95435 -3.71912 1.41724 2.23962 3.60632 10.8472 2.18835 9.85486 
-0.659302 13.359 5.3479 3.00244 4.74792 3.21582 3.17786 4.16455 7.88892 6.53467 
-2.73669 2.22437 16.5555 3.93518 5.02686 -1.72925 3.02124 5.39978 2.90796 6.06079 
-2.4353 4.50806 9.40332 23.2957 -3.34204 8.23706 -3.36487 -10.4052 6.17297 10.1432 
0.960938 9.79468 -13.4292 -6.70679 18.9242 6.57043 1.5354 4.31946 5.72375 12.099 
7.66687 -1.10974 1.67859 11.1836 -0.261353 20.5377 3.13647 -3.16431 9.51501 7.26892 
2.98267 -1.18457 3.28564 -5.72156 2.60693 -0.13623 18.7308 -0.451538 2.13049 3.30493 
6.85706 -0.00744629 4.15344 9.64941 1.05542 -4.52698 -9.05469 21.2362 6.09753 12.4102 
4.64172 -0.759399 6.69775 2.51868 0.368652 -1.78943 -2.95447 1.74084 13.5837 7.97205 
-6.44275 3.32703 -4.01733 4.59851 12.9817 0.617676 -1.49329 10.2804 5.172 17.2852 
7.30298 -4.61194 5.93164 -1.45862 2.94373 -3.6886 -5.56226 -1.71912 12.6443 6.54919 
-3.29028 3.07666 0.584595 1.35205 7.63562 2.78979 -2.15259 3.7489 7.16211 11.1179 
-0.143066 -5.9613 -7.29663 9.19006 4.39075 24.1945 -0.467529 -6.92126 9.16174 18.4125 
4.00818 -3.61841 10.3909 8.49048 1.52258 -6.63403 -9.63293 20.9945 6.64185 11.0275 
28.916 -0.0524902 5.08069 1.98438 3.02515 -4.0249 -1.14771 6.25366 1.28064 8.94312 
1.04602 -2.16272 8.70923 26.8989 -2.91187 9.86584 -13.172 -9.73303 10.3461 15.1697 
-0.039917 12.8861 6.99219 0.701294 0.660767 3.66992 3.78918 4.79456 7.38696 4.89099 
0.919678 9.79614 7.65881 -1.94836 -0.162842 7.25818 23.9788 -4.24146 5.12183 2.47131 
9.08386 2.59021 2.64148 3.02673 4.29968 -3.56946 -2.24768 5.20044 14.4835 10.85 
-7.36902 10.9491 -5.09753 -3.08093 19.0817 1.0918 3.21448 6.31555 5.94861 10.6171 
-1.10449 15.824 8.87 2.89954 5.10339 0.89856 -0.681152 6.02966 8.32471 6.5531 
11.6608 -1.96204 -2.04272 3.7467 4.36731 22.5997 3.04932 -3.08606 8.73877 7.00476 
3.40405 0.906128 4.38708 -0.0489502 3.16248 2.52869 15.42 -3.69226 2.81702 3.83032 
-2.30176 9.10449 6.27795 -1.01697 23.5924 1.25928 5.08484 4.42029 5.16211 8.34399 
-6.57983 11.3467 32.5966 10.3276 -5.11218 2.06079 3.24231 14.6005 7.52881 6.47815 
8.15869 -4.58435 10.8956 10.0452 -6.62622 -4.03345 -2.74829 14.5524 6.3905 5.40625 
7.62219 -2.87439 6.40369 2.73584 4.5188 -3.20508 -5.84497 0.158447 15.4592 11.6483 
-0.0888672 14.6685 9.04651 4.1488 3.04126 5.30005 4.95313 5.05896 7.60217 8.73096 
1.5697 0.770996 7.76379 23.8252 -3.72363 9.19617 -6.44006 -11.9733 6.35718 12.4355 
-1.47449 8.39673 -3.25928 -5.21301 16.2584 3.04065 2.11353 0.651978 4.97498 7.01868 
2.00244 4.92139 6.64453 19.7255 -6.44629 14.5518 -2.55359 -14.9187 6.31995 15.3759 
2.81409 7.62183 -6.00854 -5.61035 14.7883 5.31519 5.9696 5.43225 7.20923 8.09644 
4.40417 -0.0594482 7.13513 6.20117 1.00586 -4.56689 -7.27173 11.8856 9.05457 10.8535 
3.07629 -4.25781 18.1649 9.09302 0.488281 -6.302 5.95715 2.38501 5.27356 3.57898 
21.4415 1.33179 3.18896 -1.00854 1.5354 -5.68811 -0.297363 5.57544 2.96423 6.34717 
10.5707 -5.93506 -3.35803 0.51709 4.48718 17.1045 7.37207 -4.08704 4.38721 4.43591 
19.2173 0.423828 -0.0755615 0.585571 7.95129 -0.888062 4.54944 11.1438 -4.21118 5.79773 
2.53564 10.4951 2.65796 2.11438 3.35388 3.07935 5.29041 1.51843 7.5675 5.26086 
-0.897461 2.40503 -1.20435 0.553711 9.69763 1.63293 -2.68726 7.85107 5.76904 14.5404 
-5.06824 11.6207 27.0753 6.08838 -0.05896 4.23596 3.76917 9.27722 5.87109 8.10559 
1.15088 3.75024 5.70447 19.1509 -2.76624 9.82227 -6.71545 -10.2828 2.94788 10.6296 
1.4751 -3.68335 20.9338 6.81116 1.20581 -0.425903 1.09094 4.74097 1.21301 10.3834 
-1.99805 2.91943 4.9126 23.8323 -2.9801 10.8741 -5.21423 -8.47083 4.91553 14.4905 
8.80798 -0.0413818 2.52979 -0.797119 6.14868 14.8477 4.51257 -4.35986 4.66968 1.01868 
10.9434 -0.84314 2.08508 10.7852 -0.625366 26.7543 2.96301 -4.10059 9.18018 7.00085 
7.74805 2.8186 5.10815 9.16687 3.2998 1.29797 -6.66138 22.5 5.71545 12.0737 
18.1392 1.79541 1.89185 -7.07751 6.01294 0.0599365 -0.964722 0.0487061 18.7516 10.4161 
5.39893 10.6984 7.8783 -2.99365 27.0746 -0.111938 2.68604 2.93665 -1.55908 9.54102 
-5.25024 3.89661 -5.95593 9.94128 11.4191 0.655518 -4.37939 10.9564 5.9303 18.5177 
-0.335083 6.10486 -5.55603 3.72266 8.79956 7.34448 -3.09656 8.08496 5.80029 15.3917 
2.89368 5.9873 6.18628 9.12354 6.14905 -0.637695 -10.0898 16.6058 6.63232 13.3473 
1.11255 13.3682 6.06189 0.533569 1.20898 1.31714 10.4607 4.28589 4.74768 1.28613 
-2.25146 13.8894 7.14685 2.13123 4.01794 2.55652 0.907471 5.62463 6.88025 6.08313 
-1.76624 1.9917 -8.42834 8.09424 10.2783 4.32678 -2.76758 11.1611 4.3562 17.0034 
23.7906 -0.410156 2.10767 -4.71021 3.422 -2.67358 6.79431 5.92139 3.69067 7.87122 
7.05554 -3.49158 8.6001 10.2361 -0.308472 -6.05225 -10.6345 16.3137 6.49646 9.90857 
9.28174 -6.74683 9.88086 4.09216 3.53308 -5.08826 -10.7327 -0.696777 15.6464 9.97778 
0.677368 -2.49194 8.16699 13.1615 -2.30627 -0.714722 -3.89221 -2.5824 8.92664 5.6344 
-0.812744 9.42761 -6.52917 -1.76367 17.8206 4.25378 7.91553 2.94189 4.58911 9.45081 
2.24658 2.88184 0.288818 2.08447 5.02454 3.50488 4.76611 0.0490723 11.6453 2.25037 
4.87854 -0.0577393 13.3765 -7.82813 1.52576 -3.99231 24.641 -3.43433 2.11279 0.700562 
1.38708 2.21033 5.06848 16.7648 -3.99414 7.67212 -1.44031 -8.81482 4.26135 10.2217 
8.90222 -5.8158 3.04785 -3.11743 5.87524 5.67554 -4.2627 -4.42834 21.3976 13.8405 
16.0856 -3.25293 1.59534 1.02905 3.62903 -0.0161133 -0.660034 6.23755 -0.164673 6.3822 
-6.85828 2.66675 -6.62463 9.76538 12.8755 0.916382 -0.581909 10.996 2.81555 19.0699 
2.28064 5.98279 9.13135 -4.42053 9.50879 -2.63171 21.7627 1.60559 -2.64758 8.08569 
-4.00732 -0.0588379 16.009 7.78674 -0.0250244 -1.98193 5.59619 7.14673 4.43115 1.86548 
1.84741 9.86353 -0.180298 1.58887 2.75671 6.68787 6.50342 -3.39246 8.66626 7.86353 
19.5876 1.9292 -0.0396729 -4.60132 2.88904 -3.81091 2.37012 9.31262 -2.25183 5.94604 
4.02893 12.8835 5.59521 1.0907 3.19189 3.89648 4.10571 2.6637 6.63159 5.66113 
17.505 -0.335327 2.72803 0.262329 2.89294 -2.42798 -0.995239 2.65381 0.361938 6.67236 
-0.975952 6.87817 11.4165 -2.13892 5.86707 1.04382 21.6477 -0.68457 1.22034 6.18872 
0.959839 5.70679 31.2588 5.19946 8.88586 -9.46826 14.0856 2.48425 3.54578 1.45105 
2.83423 -1.09485 7.29004 25.4901 -1.87097 7.53345 -9.74316 -12.2551 13.1252 15.6228 
6.21753 -3.43994 8.15723 2.45337 2.75159 -3.29053 -5.71863 -0.985229 16.33 11.3381 
-4.47498 5.45117 -0.608154 2.90271 9.26501 3.88538 -0.998169 6.09717 4.18237 13.9642 
17.5618 1.43079 3.68005 0.0921631 3.08179 -5.01746 3.10815 2.3988 1.5144 4.46814 
5.01672 -0.609131 9.02734 6.5415 -2.1311 -5.84082 -4.69031 14.4049 1.88538 6.20325 
-4.95947 8.40344 25.46 5.19641 -2.02002 4.28381 3.93909 10.0658 3.47791 7.55151 
4.08057 -2.37744 2.75598 19.427 -6.69629 9.85083 -6.40564 -11.7124 5.0437 13.5587 
-4.99219 7.62817 -0.2323 -3.15491 19.3983 2.2583 1.17847 1.771 4.44324 12.2681 
8.33472 0.616943 -1.67859 7.87268 -1.79614 20.1465 1.30969 -7.98596 9.22876 12.4216 
12.7948 -0.339233 -1.12927 10.8979 -0.505371 24.0168 3.90076 -5.16003 11.9861 12.3558 
-6.03491 6.46472 28.0299 3.2865 4.43677 -0.00439453 9.1676 5.16553 5.72961 7.68115 
4.39734 -2.15173 4.19666 5.7113 2.42529 -4.61279 -3.54224 1.94421 14.4983 11.3901 
11.3684 -1.41882 2.84814 -1.37036 3.98499 26.6687 6.81982 -4.27014 14.5978 6.40698 
1.79834 6.64233 -6.67969 -9.14648 18.6243 5.00708 4.74292 2.7146 8.45837 9.89539 
-1.1449 1.21033 9.88098 -2.18884 7.88599 -0.564697 22.4342 -4.26538 5.04041 4.42407 
-0.451782 1.03723 4.65247 1.87476 5.92322 3.60876 19.5563 -4.54297 3.45142 4.13208 
-0.0985107 6.07959 6.05115 1.02551 6.54041 4.15637 19.9099 -4.55334 1.71472 6.98022 
5.3302 -5.00928 9.30627 6.66931 1.92188 -9.77649 -11.8145 15.3726 7.27698 10.7036 
-1.48022 5.72827 -1.34314 -0.349976 6.65491 3.27954 -1.6333 5.69385 3.79272 11.2202 
1.21484 15.4026 9.60547 2.4696 3.94031 2.09583 2.13464 5.375 7.79163 4.448 
4.50049 1.95605 6.23682 5.25842 0.979614 -1.4624 -1.19824 4.14099 15.7833 10.1104 
0.0289307 -4.31677 10.848 -0.24646 4.71094 -0.905884 4.42468 -2.73779 3.14771 4.77173 
-1.14758 13.5338 5.45789 4.86121 3.19727 7.97131 5.66235 2.92725 7.09167 10.5073 
6.12732 -0.533081 -1.83801 1.25195 3.64001 16.1278 10.4319 -2.65002 8.04749 9.85876 
1.6416 5.53662 9.62866 22.0806 0.503052 1.74854 -2.48218 -6.10815 7.86938 6.36487 
-4.92456 9.67834 -5.54077 -1.1156 23.0396 1.34619 7.13623 7.87659 3.62891 8.16943 
7.44946 2.79187 3.93835 12.7596 0.732666 -1.72473 -6.68726 22.3014 4.44141 14.4929 
-9.24878 2.73572 -7.05762 8.2655 12.6243 1.46179 -1.51379 11.5331 6.00427 19.3253 
-3.8988 7.67957 -4.94897 -2.44507 21.5868 -1.33301 7.7998 4.26965 6.88354 9.98792 
17.3342 1.42041 2.06738 2.79773 1.74939 -3.93481 -0.589233 3.80273 1.05725 4.98083 
25.9838 0.464111 1.96033 0.606812 3.4425 1.7179 -8.28308 4.64063 1.68787 12.4203 
25.235 0.876831 3.98376 0.671143 10.5704 -6.50586 -8.776 11.7627 -4.72974 15.5023 
-2.50317 11.3165 5.59229 5.01404 4.63928 7.0094 4.09509 3.55786 8.03674 9.05835 
-3.74146 15.9221 18.5896 8.89575 -4.87769 9.70862 7.9491 3.05383 8.48206 5.99231 
4.59558 2.01953 1.73633 18.088 -0.23999 10.3724 -7.30005 -6.46143 7.88928 12.5927 
-4.54541 5.85132 -0.000854492 2.11646 8.37524 0.987183 2.25867 3.1366 4.17236 8.07568 
12.4083 3.03271 2.16504 3.09644 -2.34241 12.6405 13.6361 -2.00244 12.0582 6.80298 
-0.331299 5.59106 5.75549 2.94775 3.38989 5.68958 18.0267 -2.56299 4.33801 1.41919 
1.0033 2.28247 3.39331 11.42 2.49548 0.41333 -9.28748 14.4088 9.04858 13.6511 
3.50208 5.99109 2.4751 2.0603 1.51855 3.16638 2.16162 -2.59326 7.60168 7.45947 
-0.847168 7.77161 -3.54382 2.65405 7.9292 8.89563 -3.26428 4.83679 5.08972 13.6979 
22.4738 3.45288 5.71082 3.02051 -1.5498 -3.67957 -7.1394 0.472778 7.63232 8.63013 
-2.24744 12.1107 6.74487 4.57214 4.65186 5.11853 0.827026 5.25427 8.15381 9.73511 
-4.71692 14.4468 21.4662 11.6937 -5.1145 6.6084 3.5647 4.62219 7.60571 7.33875 
-2.24048 0.73877 3.98059 21.7645 -0.92395 9.61682 -7.52734 -5.2666 5.49207 12.641 
-2.83203 7.92249 0.767944 1.9917 10.7166 2.05383 1.9436 3.77539 3.56628 8.56152 
4.27124 -0.865967 -0.89563 19.8323 -2.89795 24.3186 -1.9126 -5.51135 5.29272 16.2128 
2.69568 1.74841 0.835693 4.04675 5.00793 4.77234 15.1041 -6.54468 2.78491 1.7771 
2.81763 2.74207 -4.29053 6.15381 5.37854 6.04346 -7.41187 15.0326 6.91736 12.1407 
3.11353 5.1925 1.49731 4.44995 1.26611 6.21643 1.25989 -2.39917 9.52856 6.21326 
-1.94702 8.46094 -2.39038 0.790649 9.81714 4.74011 -1.39685 5.72668 4.89392 16.3179 
18.3391 -3.24365 2.15125 0.655762 7.07739 -5.63562 -5.28125 6.5741 2.45264 5.99158 
-3.89075 10.9513 4.66882 6.17627 5.35046 7.59192 0.503296 3.65869 8.51196 9.87366 
-4.81262 17.9369 27.4031 14.3546 -6.84631 10.7491 5.16467 -0.78894 10.1284 8.78601 
-2.29834 -0.883911 10.282 20.7734 -3.07166 7.56921 -6.33545 -1.5144 3.66858 10.6488 
-3.28418 5.43359 4.38379 2.39124 8.23059 -0.716675 6.18652 1.40527 2.70911 6.47729 
2.99487 -0.594604 -4.35693 5.61157 2.5033 17.1663 3.60388 -6.67261 6.17419 11.1633 
0.349487 8.11841 8.37891 0.0635986 5.66589 5.07947 22.4712 -5.95752 5.26672 4.82971 
-5.58728 5.03906 -6.52197 5.08948 12.0889 1.18872 -0.932251 7.51782 5.18115 14.2202 
21.0161 3.09387 4.15125 1.30481 4.03467 -3.46289 2.20386 2.87012 1.56311 6.59216 
-2.98877 13.0316 4.83862 4.84424 4.80566 6.01917 1.10913 6.87817 7.34619 9.99036 
-0.0435791 3.37366 4.14844 21.4917 -4.00854 12.5728 -7.01575 0.180542 9.99731 13.2781 
-1.13574 13.3658 5.4906 4.90625 4.28625 6.4939 3.00208 4.13098 6.59216 10.6782 
3.00146 -4.64392 -7.5592 3.72925 6.1123 26.9773 8.17542 -8.14246 10.5718 12.7719 
-0.809814 12.5029 6.22607 3.51978 3.1427 6.08313 7.46692 3.83337 6.58228 7.25073 
2.74548 6.96448 13.6549 5.48596 -7.76636 4.21252 3.60168 -5.073 11.6349 6.28113 
-0.253906 8.00085 3.17749 3.09998 12.266 2.62854 5.10498 2.03564 3.39063 8.41443 
-1.48254 8.14063 -1.8136 0.796509 9.63452 5.46326 -0.442017 4.02417 4.3949 13.2793 
1.99915 5.17358 9.56531 5.22424 -0.962769 4.02002 -0.898926 -2.51758 11.1118 7.7926 
-2.30664 7.33923 3.17615 2.20435 8.89441 2.71277 8.50586 -0.899902 3.38684 5.09705 
0.626465 1.41663 5.04297 5.47668 6.4635 3.63782 20.4036 -3.53076 -1.15198 1.18774 
6.43713 -2.53748 2.34473 7.32397 -2.10474 1.01685 -0.341187 0.553101 8.90503 5.22034 
20.8075 -0.948364 -1.77979 -1.33777 3.12097 6.22217 9.42371 7.53577 0.45813 3.19031 
-3.53125 14.887 6.4668 2.95618 3.55554 6.10498 3.87402 6.5033 5.43726 9.39417 
-0.036377 14.0627 6.42688 3.46521 3.37903 5.30688 4.02844 4.26013 9.00732 8.16492 
-4.09143 5.93616 -3.61768 3.00305 11.1584 4.07471 2.24744 7.09814 4.96997 13.4824 
1.42017 9.47485 22.2095 9.73083 -6.95898 5.39465 -0.971191 3.74304 12.4733 4.84314 
1.08154 5.08569 8.51721 4.60449 3.33459 2.46228 20.233 -2.59167 3.66064 2.17712 
4.29016 1.93433 3.79541 3.01904 4.36951 2.42261 15.4359 -5.21094 3.53943 0.578369 
4.20093 3.99182 -1.11096 1.34265 2.94348 3.53284 5.11743 -0.778076 5.24072 1.79272 
1.1958 10.1721 4.45593 4.98425 4.71277 4.70483 -6.07813 10.4619 7.74841 14.2822 
-0.635498 5.47278 -0.136963 2.98792 9.98022 0.135864 3.71924 4.49316 1.82935 7.66724 
1.02039 12.2589 20.0654 6.4762 -1.60059 0.293213 -1.21387 8.047 11.702 6.41321 
-0.587036 9.89648 -1.68591 0.354492 10.4178 6.65051 -0.677124 4.19458 5.40344 16.713 
1.56995 7.24805 2.19336 4.01721 3.89612 5.29749 -4.72815 10.6393 7.83142 13.2159 
24.4374 0.976685 3.40955 0.643311 6.86292 -7.02441 -1.97437 8.37329 1.16699 8.10181 
1.38586 1.50574 17.134 6.83032 -8.61267 1.05151 0.130005 5.70947 8.04944 2.97632 
-2.43518 14.4163 4.93457 3.54578 3.83093 5.41455 2.7356 6.85327 7.35986 9.1134 
19.2278 -1.67834 -0.735229 -0.861572 3.26367 1.625 0.403687 5.86316 -0.517578 4.12354 
4.65649 -1.08435 -0.640869 11.1556 -3.64343 7.13171 -5.28723 -6.16077 3.97339 8.92566 
2.33362 5.91956 10.7942 -10.1722 4.63745 -0.24646 20.1392 -1.05823 -0.973267 7.68225 
29.3643 9.35767 5.89734 -1.93628 0.551636 6.13635 4.45154 9.55737 3.86316 9.995 
0.77417 16.1309 8.47571 2.50354 3.73633 3.62061 3.57861 4.1665 7.46216 4.5813 
-1.31897 10.1375 21.8263 4.03943 2.57947 2.19153 4.51257 10.7773 4.10767 6.57764 
-0.258667 -4.71802 5.51208 20.5812 -1.401 4.67383 -10.8654 11.6919 9.12634 15.25 
1.16931 8.52332 -3.24939 -3.43262 19.3485 6.58337 9.24524 1.26917 7.995 5.27417 
8.57947 0.994019 -2.21362 -2.6969 6.4895 21.5508 6.39709 -2.15356 9.99512 6.76758 
4.16553 5.09949 12.0887 -2.83875 1.44714 -1.77185 22.8025 1.29138 5.33984 4.05505 
4.68542 -0.866699 3.89099 10.9788 3.43054 -3.24072 -5.55615 21.1542 6.6405 13.4651 
5.01636 1.67004 8.9248 -3.64465 7.16931 5.745 -4.17126 -4.77588 16.4896 8.38831 
-8.41284 -0.162476 -5.19543 3.37073 10.837 4.23547 -2.48657 6.63782 9.6012 14.1062 
30.2727 0.134766 -0.898682 -2.12939 4.45483 1.12195 -1.19434 7.41931 3.14087 15.1077 
1.21252 11.3005 9.59375 0.784546 -1.54785 3.82776 10.6423 2.36487 7.22583 0.83667 
-4.62756 11.0074 27.3035 7.68787 3.36243 0.480713 0.126221 6.90747 6.63098 9.98621 
-3.70032 1.57068 -0.372803 20.5094 1.29956 9.38391 -6.92383 -2.71338 3.98633 10.2223 
-0.250122 3.31946 -1.55627 -3.08777 18.021 3.59253 3.88379 8.21228 7.24792 9.99316 
10.5902 0.518921 5.47278 0.148438 4.47986 18.0845 5.58423 -1.63464 3.65247 2.50623 
1.25732 5.75122 11.3702 -5.20154 -2.72949 2.04749 24.8055 0.282471 4.09412 4.86719 
0.887695 2.32043 5.03638 6.77258 1.82617 -0.982422 -4.93433 19.5088 4.59692 11.116 
2.84546 3.10107 6.98254 -0.404663 1.11743 -0.944214 3.30737 -1.14551 15.1211 8.3302 
-2.78613 -0.11499 -4.82983 2.45789 14.4315 -2.8241 -2.66248 11.335 4.27942 18.436 
22.1381 2.6687 3.24512 3.84424 4.11511 1.81006 -2.32935 6.05566 0.368286 10.1885 
0.203491 17.4761 7.44592 1.97156 6.3418 2.91541 2.77429 4.75769 8.76099 5.1936 
1.25488 8.44788 22.6241 8.00232 -1.25708 -1.02405 -1.98145 9.88086 9.33716 8.1969 
2.7135 -4.75903 0.143311 23.9169 -2.88513 10.478 -11.1417 -9.17163 11.2476 13.4344 
2.32678 7.90527 -1.25867 -5.31836 18.7543 7.82166 10.1486 4.38623 4.82056 9.02869 
11.3069 -3.11096 -1.9668 -1.76172 6.14343 17.1331 6.26794 -6.41272 1.74341 6.73254 
1.11157 6.94617 7.37915 2.7616 6.39001 4.56909 13.0704 -3.28577 1.5459 1.88147 
2.40991 0.651001 4.73596 7.56226 3.59473 -4.74377 -8.89978 15.4777 6.51111 11.6686 
5.63037 4.68872 3.13684 6.44104 4.35876 5.92981 5.66479 0.151367 14.2039 7.82397 
0.0252686 4.8999 -0.0876465 2.38428 7.11597 1.86865 -4.91699 5.66772 5.66553 14.7521 
0.197266 2.62354 3.8894 3.64966 2.64978 1.61902 4.18237 3.99573 14.5714 7.67871 
-0.536011 8.41248 8.51306 -4.60852 0.0837402 0.957886 18.0608 1.69958 3.41345 8.18188 
5.54517 -6.4718 -1.6521 -1.64636 5.66479 20.0406 0.273315 -3.93579 12.0332 10.6049 
-3.66211 6.37036 -9.0144 4.95288 13.0917 5.6051 -4.28345 9.22058 7.53271 17.6917 
3.4082 7.18616 8.02991 3.43567 2.09375 0.578613 -7.09485 14.8881 4.17358 11.028 
29.7838 2.83643 3.36987 -1.75684 7.00049 -1.30505 -1.08179 9.55237 0.057373 12.2281 
-3.71338 9.98975 18.4828 5.43005 2.89966 2.08069 -0.36145 7.44495 6.16455 9.21362 
-1.12817 -1.03638 1.33105 18.2134 -0.515137 5.57642 -8.73254 -4.69128 6.22437 11.8376 
-1.50598 6.34875 -5.31348 -3.4303 17.1025 2.68713 5.35535 9.81299 6.92542 9.35669 
0.867798 -3.49756 0.383789 22.1915 0.261597 8.78149 -10.9392 6.23779 10.2521 17.7395 
3.81665 3.68542 0.946411 0.457886 9.97827 10.671 0.631958 -2.30444 20.3065 14.5153 
9.42993 0.211548 2.96399 1.97412 6.45837 16.6183 7.12793 -5.15198 3.2876 4.9436 
-2.70862 16.4463 7.97388 1.08154 5.47351 1.8429 -1.2052 6.85278 5.1145 6.53662 
5.61853 0.0970459 -2.21313 7.55566 2.42871 13.5164 3.96545 -2.28479 -0.922119 4.73169 
0.0439453 7.63049 23.0109 3.16309 9.6908 -4.57678 0.543457 2.05054 4.35278 8.82788 
-1.17456 -0.896729 5.64014 27.1423 -6.01917 12.0916 -7.29541 1.41919 10.0627 10.6788 
19.3087 -4.0437 -0.220093 -4.25708 6.83997 -0.347656 0.977417 7.63757 -0.775024 5.54236 
1.48962 19.2048 8.61353 4.5542 10.307 1.85876 -5.0354 10.5177 7.66028 6.65881 
-2.72375 6.47864 9.62927 1.51843 5.91589 1.16211 4.76416 3.427 4.78235 4.87085 
1.40491 14.2085 8.10706 0.365601 1.43042 2.32422 5.51306 3.80627 8.06787 2.77271 
-4.26331 -3.05994 4.82104 25.5249 -3.25256 9.92334 -11.0063 2.3573 5.89917 14.6029 
-3.16443 11.5554 23.673 1.74097 -0.810791 2.10962 2.76086 9.26794 5.96204 9.06873 
6.18677 8.85974 11.5702 -8.72034 -4.36694 -0.995605 23.0917 3.40149 1.13098 2.34363 
8.3988 4.34412 -0.390625 -4.39063 9.64233 16.8127 6.7771 1.3739 5.5083 3.48108 
-1.34851 -0.221924 -0.668335 18.8574 0.181274 11.5181 -5.39551 -7.02283 4.00671 12.4561 
23.3088 2.51392 1.00793 -5.76367 2.33862 1.00525 5.36316 10.699 1.85034 7.49255 
1.8363 9.45349 2.66248 6.05151 4.89893 3.68298 -7.052 16.1522 7.12048 10.7468 
-0.814819 7.71204 18.5614 9.51331 4.93457 -1.17773 -1.13306 2.75916 8.4812 8.59827 
4.27612 5.17102 1.97876 9.90125 3.672 1.02747 -8.19543 18.0557 4.34814 15.6803 
0.487549 6.61462 -6.33923 -4.52356 19.4647 3.85291 3.23413 6.13257 6.14893 11.5969 
2.09766 11.1318 9.42493 -5.65747 -1.34546 2.29358 22.8964 1.31445 2.26233 6.72888 
-2.50525 4.19971 0.990967 0.907471 12.8967 3.1604 8.86047 4.4104 0.232056 5.96057 
29.2429 4.91943 2.3512 -4.09033 1.99109 3.41931 3.76721 8.09106 1.89404 10.0741 
11.074 -4.55994 -5.2063 -3.01172 6.99487 22.2906 8.5354 -6.52039 3.80225 8.38757 
3.5658 -2.19702 -3.05603 -4.89368 10.7737 5.30566 0.501953 3.28394 7.18823 11.9034 
4.02209 1.39697 -0.935669 -0.536987 6.4021 -3.57153 -0.994995 5.97253 12.6735 11.413 
1.1311 1.19446 -0.588745 2.88025 4.87317 12.7413 6.66675 -3.37122 8.4303 5.49414 
-0.629272 3.55444 -5.92603 -0.88501 10.8043 1.15979 -2.37378 7.17407 9.36914 15.2279 
1.09644 4.61304 -0.515137 12.3351 -5.00525 17.5052 8.198 -11.3289 9.79932 9.95227 
1.25562 -3.02185 0.883911 23.8357 -0.333496 8.08643 -9.56335 5.27649 11.4507 13.0726 
-1.75525 17.4946 7.00195 0.855469 8.01587 1.71826 -2.84631 7.78467 7.86414 6.91516 
2.4342 1.71326 0.332886 10.7189 2.25537 -3.22461 -4.59216 18.4694 6.54785 13.0586 
-2.61316 4.33459 2.63977 -3.36084 19.9451 2.36328 5.90601 6.94019 6.7041 7.07764 
7.88232 2.63257 6.71594 7.45459 3.02844 -5.69922 -5.32629 22.3071 3.71924 10.9917 
2.40112 9.94897 7.24792 -1.43909 0.369629 5.69531 19.5543 0.178589 3.13965 3.29761 
4.71802 -0.28186 -1.30054 5.58643 0.591553 14.3671 7.63782 -5.98975 4.14722 6.50024 
-0.77771 6.99219 2.96936 -1.11011 19.4613 4.49573 8.96155 2.80432 4.33447 9.46423 
18.6509 3.52612 5.21753 0.300659 1.83557 2.4552 9.55518 -1.12219 3.16199 2.39661 
24.6018 5.46997 1.66089 -4.30933 -0.168457 -1.03638 0.898804 9.84595 -0.57373 9.86511 
8.66077 9.57202 6.8219 -2.10608 -4.87683 1.30701 13.691 3.28052 -5.89832 7.45557 
9.83594 5.4668 4.87732 -0.270508 -0.684204 2.35107 17.1938 -4.53357 5.97302 0.19519 
0.296875 10.9871 14.7761 1.07422 10.3473 2.57471 3.11633 9.1792 2.17773 7.06409 
22.1333 -0.459229 1.92224 -2.40234 3.52612 3.35144 6.83618 4.64063 3.28821 4.33337 
3.9397 5.29614 6.87708 -1.33887 -4.67065 7.49866 21.0057 -0.420776 1.49304 -0.442993 
2.59106 0.3479 0.5 21.6469 0.559814 12.564 -8.08997 -2.31885 7.38562 15.2756 
0.944336 1.29187 -0.188965 2.11438 4.28687 -0.648315 -3.55627 12.191 7.17151 9.94214 
2.99475 0.105957 -1.82324 6.41663 2.51636 2.77637 -4.08521 11.6438 4.66125 9.76135 
-3.43738 5.05029 4.64111 3.64661 12.8759 -0.175171 9.09326 8.62964 4.71033 4.93567 
-1.35388 6.77661 6.63892 0.463745 17.7007 -4.55383 -2.76282 11.2162 1.08716 8.5957 
-1.43274 -2.53784 3.82886 28.5562 -2.44458 14.1373 -8.92859 -1.50964 10.0785 16.2124 
-2.354 2.49341 -3.31213 -0.271118 10.2502 5.54773 2.39648 1.7428 6.54602 14.598 
2.82141 7.8429 18.3829 11.3717 3.98486 -2.07373 -2.26794 5.07336 6.86145 6.37012 
3.01074 7.33582 6.04004 5.76221 4.01306 4.73999 8.01526 -0.368652 14.9025 4.48657 
-3.87732 4.65015 -3.45349 2.46765 10.1946 1.23108 0.173584 5.55664 4.68066 12.5009 
0.315674 9.26233 11.1244 -7.203 1.71045 0.708862 22.069 1.04773 0.154297 7.53162 
17.868 -3.07776 1.62256 -0.894897 7.33411 -1.80334 4.61206 10.6617 -2.41577 4.54285 
-0.964478 3.09705 1.77966 1.29456 8.20361 0.172852 -3.49219 7.26868 5.0304 12.7035 
5.36707 -1.79272 -4.95349 0.796631 4.99634 20.1169 7.61804 -6.06702 6.19385 11.6479 
-5.67639 -2.98059 1.55457 22.1753 1.18591 12.577 -11.1202 0.641235 7.09033 17.8112 
6.29089 5.16528 8.98376 8.43921 2.37244 1.20618 1.13574 0.855347 15.4633 7.33435 
2.17871 -2.67407 6.56165 3.87097 2.47461 0.99707 -4.5791 -1.16309 12.8984 10.2872 
4.14612 3.23145 3.75 2.13208 6.06128 -2.4801 -7.30798 14.6448 3.31689 12.486 
-0.127686 17.1288 8.10352 0.660156 3.91821 3.00354 3.57397 5.72705 7.4845 3.95691 
3.14331 5.86584 -3.72839 -3.49951 17.8223 5.61279 4.29834 5.81494 7.24744 9.09094 
27.3344 2.375 3.88086 1.23035 6.74377 2.47192 1.01538 6.80981 1.56995 9.1167 
-1.61475 4.49683 -3.33997 -1.19421 18.3514 5.23596 3.66565 8.1759 7.38904 9.43384 
8.45667 4.47205 9.55798 5.05249 1.19861 -0.61084 4.55798 2.35815 16.8994 5.81262 
6.76416 -3.47644 -3.59668 0.355835 3.92871 23.0261 6.28467 -8.14734 10.4269 8.08032 
-0.149902 12.3671 21.1842 6.60815 2.36072 1.6825 -2.35364 8.63843 8.23389 12.2621 
3.47339 -5.59326 4.91931 15.1581 -3.8728 1.83752 -7.24402 -0.110474 8.17175 8.58374 
1.2384 3.30212 -7.07288 3.94971 11.2889 4.88733 1.85901 6.99585 7.3855 16.6776 
14.4827 -1.62512 2.46936 0.216553 2.79919 3.60364 5.22656 3.17468 -2.42322 4.84814 
0.494141 14.2418 6.48376 1.89026 8.18335 -0.674561 2.14832 3.69409 8.44897 1.94202 
-0.301514 -0.797729 -3.39417 4.06067 10.901 -0.730469 -2.69202 8.03052 6.98364 17.2059 
0.138062 16.4506 8.56677 5.33398 6.86011 0.959229 1.15674 6.56384 10.0988 3.90503 
8.35864 -1.41492 -1.84851 4.58008 5.10413 20.368 6.46545 -3.94458 1.57336 5.75793 
-0.998901 17.5509 5.43201 1.74243 9.19043 1.81982 2.4043 4.82971 7.47168 3.34375 
1.83655 4.68372 2.80591 8.64514 6.64539 -1.9967 -5.22742 20.0481 3.6803 13.8752 
-2.35815 4.9939 6.24231 -3.51514 15.5591 0.380737 6.73486 1.36011 7.76917 6.03174 
2.6532 7.06726 2.78406 -0.300781 7.18652 9.73938 14.171 -2.59082 11.7318 7.203 
3.29822 6.25842 2.90149 -2.47156 -0.317261 5.20703 26.2421 -3.25549 4.29541 4.42786 
3.54468 1.5282 17.5227 3.38403 2.03735 -1.02075 -0.145752 4.50122 1.40234 5.20715 
1.13147 15.4474 6.30078 2.27966 2.43054 4.42688 6.36011 4.24329 9.68994 2.86035 
3.85913 6.98901 3.00122 2.703 1.30847 7.28381 22.6855 -6.33154 6.9541 2.58472 
9.34192 3.8158 4.67004 -1.07983 1.39673 2.1145 6.10608 1.37317 12.2823 4.8761 
6.29895 8.2627 2.42725 1.0719 3.37854 6.31982 8.17358 0.283936 18.6305 7.45264 
7.61926 -0.659912 -1.29785 -1.15503 3.37317 3.58716 2.42712 2.20898 -2.82947 3.95715 
2.38525 16.1154 7.79163 7.4856 6.48828 5.57776 0.0307617 6.35999 8.26721 3.51221 
4.77185 1.48096 7.72717 3.66541 1.77551 3.79907 -2.42432 5.31433 0.756958 4.78687 
0.245605 -2.25769 -10.2352 10.9349 3.04199 7.51782 -6.26501 -1.745 10.4723 12.3818 
-3.07129 1.5658 -1.849 -2.23914 20.2797 4.01025 6.16992 -2.84644 9.45032 9.94226 
3.01099 0.856323 4.14087 13.4701 -0.911255 0.90918 -6.11731 20.009 8.22571 11.8768 
9.47632 3.0304 4.61096 0.748779 4.3042 2.60291 -0.211426 2.16553 19.3669 12.0668 
-1.80103 -0.518677 -3.79797 3.76416 9.3335 3.34802 -0.0789795 3.28711 8.26477 15.4829 
21.8966 1.7041 2.53784 1.74255 -0.15332 1.95068 -1.12708 2.77612 2.82141 7.28625 
-3.37402 17.5886 6.55225 0.282715 8.19995 2.28552 -3.21191 6.58105 5.58301 7.00146 
3.453 8.29565 17.7721 5.00378 6.06592 2.74756 -2.23352 10.4052 3.87573 10.0573 
1.55151 4.16711 -2.71094 23.5537 -1.08704 13.2283 -3.04553 -6.94543 9.26807 12.042 
2.99219 1.47961 2.86499 -2.27039 10.4606 5.71851 6.27527 2.55627 4.86914 5.08423 
1.15601 6.15735 11.6088 4.07874 4.92029 6.44519 28.9825 -1.0957 -1.89587 0.494873 
1.60425 -4.60815 8.29272 10.4723 1.01135 -3.28418 -8.71973 17.9163 9.06604 9.35486 
-0.494995 3.96484 5.94055 0.24292 5.40515 6.85425 4.90503 4.53259 13.2698 6.65979 
-0.980957 -4.29126 -5.21216 2.8894 9.95007 5.37402 0.374756 1.63306 4.76514 17.0898 
14.6324 -3.30383 2.07336 -0.929565 -0.241699 -1.94507 -0.556152 8.43616 2.70422 1.92444 
-0.984619 18.3175 7.297 1.27075 6.78613 3.38916 2.12646 6.71802 7.88123 4.07678 
-0.111694 10.567 13.616 5.70154 0.824585 5.13 1.82361 8.55383 5.12354 8.48901 
2.19165 6.80225 2.84143 21.5012 -0.34729 11.3658 -4.57581 -1.21045 6.91541 17.0699 
0.909912 3.4209 0.836548 -1.6377 15.6085 3.78003 3.40955 4.41882 8.64197 7.74243 
2.60278 2.49805 5.38745 6.19824 2.86511 -1.0033 -2.39294 14.3171 1.18127 5.91235 
2.09106 -1.89087 6.98608 8.39514 1.54834 8.93982 -9.81738 -1.73669 17.765 13.1558 
0.939209 -3.29907 -1.48499 1.58154 9.46484 1.06775 0.269287 1.31592 7.76721 15.736 
1.56018 20.0354 7.26331 6.22534 11.8864 3.37402 -2.73804 9.01367 9.25171 5.66602 
3.81543 5.44043 2.39429 -2.81262 15.6216 5.85449 7.08228 3.0907 3.70166 7.05725 
11.2435 2.09277 -1.40283 -2.91174 5.92957 20.7053 5.76904 2.71802 10.3975 4.61658 
1.62952 0.579346 -0.840454 23.948 -1.97192 14.6874 -9.11243 -3.02258 6.0835 13.8534 
2.04187 -0.557617 2.17493 11.8842 -1.44702 11.4198 -5.24219 -4.64404 9.25232 9.6449 
12.1757 -4.20166 1.73425 3.87915 3.80591 1.85938 -5.23474 10.7241 3.26746 9.91492 
-2.62708 -1.1925 -6.41968 2.84656 11.8159 4.88074 -1.78723 6.99878 9.72668 17.2211 
7.19336 -0.526733 -3.25195 -0.300781 5.07092 16.4224 5.35803 -0.500977 6.17603 5.01025 
6.53687 7.90466 2.43713 -3.56665 10.1553 5.89526 7.6543 4.25024 1.99341 3.77515 
0.355835 3.54944 -3.29175 11.5719 1.91333 8.27307 -2.82666 -4.24036 7.78271 10.8091 
11.4381 0.31958 4.63818 0.10791 7.76538 6.06433 -1.27808 9.4314 -0.170898 7.21484 
5.24707 3.92712 4.08948 -5.18945 9.2406 8.12 5.23401 -3.54553 10.6693 5.56885 
-1.55396 4.30359 -4.25391 0.55249 15.2598 4.67346 6.22754 -2.12524 10.3524 7.41541 
9.50879 6.73804 5.39563 3.87781 -3.73621 8.5459 22.4475 -0.00732422 1.50916 -3.56982 
4.65625 -2.57043 9.69312 9.18738 0.31189 -4.3866 -8.14551 18.0354 6.13281 8.37134 
15.5544 -0.870972 5.43274 0.60022 5.87402 1.67102 2.36145 2.86987 -3.17542 2.55969 
2.79724 3.97571 7.32715 10.1989 5.35901 3.33374 -1.88696 23.0376 -0.131714 8.9812 
3.61426 4.29492 5.00232 11.093 3.30347 -1.09302 -6.88123 22.3254 6.47009 14.0557 
1.48096 15.0085 1.66284 3.21765 9.62073 1.60657 -3.93054 7.74536 6.59143 6.03784 
-1.88855 5.57324 5.83997 1.43567 3.91785 5.75842 16.957 0.334717 -0.556763 -3.36218 
-5.88367 0.520752 -3.55591 2.73267 11.4287 1.1814 3.19507 2.18152 5.84863 14.1675 
-1.53015 15.8142 6.39355 1.28723 8.45178 1.88989 -2.95764 8.14038 4.09204 6.3009 
6.50513 -2.10522 2.75122 14.8257 -3.27612 11.9109 -3.38074 -8.47974 5.48425 10.9077 
0.832275 9.56982 5.505 0.844727 1.20422 10.8833 19.848 -1.75146 -1.70947 0.607178 
5.86047 1.31555 13.2882 2.81238 -0.783936 -7.00024 -2.32959 6.1012 8.16235 -0.0673828 
1.82471 3.27673 -0.220215 17.1416 -0.921997 10.0231 -3.88354 -0.556763 5.34143 14.5869 
1.21948 -3.16272 2.43542 2.11316 7.76953 9.06482 -3.96985 -0.327393 11.7225 9.80725 
4.82703 2.56982 15.1713 6.69482 -0.737671 -4.42993 -1.10706 9.74561 6.05518 6.82983 
4.85559 3.28235 0.151611 13.2922 -3.95093 7.97498 0.469116 -5.94507 9.75232 9.81543 
-0.0321045 -0.978271 6.00391 0.633789 1.99915 3.61108 -1.505 0.628174 9.91577 8.26758 
-2.56323 -0.377808 -0.96582 -0.953735 7.63684 4.95056 4.69556 1.21741 7.18677 12.2736 
9.44116 -0.737671 1.47705 1.07983 3.30774 15.3859 1.18372 -1.37146 7.14612 1.48352 
0.774658 -7.57178 5.1748 5.69788 5.01038 5.50354 -7.40259 2.2168 19.329 11.9021 
0.532837 -1.65759 1.10779 1.38416 5.26624 4.59778 1.828 -0.356689 16.0277 8.09766 
9.37891 2.3717 11.0984 7.9093 2.14612 0.884766 -4.01721 20.8024 6.04749 7.40796 
1.40771 18.4904 6.4585 4.02783 9.18982 4.06506 0.466797 4.28711 9.00757 5.06543 
7.97998 -3.69019 7.9895 14.5068 -2.27515 1.25842 -3.55371 17.3774 2.51855 7.47473 
1.3241 19.4719 8.68628 5.5321 9.10376 4.0354 0.786743 6.47571 7.90967 4.43176 
-1.02344 17.7255 8.43152 0.381226 6.14868 2.42615 2.55786 8.0625 8.73999 4.46484 
28.8937 5.53809 3.67505 1.2052 3.30273 2.75891 -0.17749 6.24841 0.946167 11.2545 
1.40356 -1.80432 -3.00085 15.2103 -2.36218 11.2365 -3.02014 -7.71643 6.57739 13.1708 
-0.414307 4.51917 -4.02954 -0.803711 16.0172 5.84998 5.46875 2.51831 8.39612 10.3993 
0.700073 9.89783 13.9215 1.67236 2.54065 2.37781 0.623291 2.8512 6.49426 7.9729 
3.63391 2.88635 12.6478 -2.4845 9.6593 -4.42029 11.7045 5.76306 -5.89722 8.47559 
-1.53027 5.4397 -1.17505 -5.06934 16.8342 4.40808 2.37292 1.13721 8.9342 9.63806 
5.05286 -0.552368 6.74585 5.33887 1.67761 -5.92627 -5.83337 18.9189 3.08362 7.99475 
4.24255 7.64941 0.0126953 -4.69897 15.2932 6.97339 8.48914 7.7749 1.78137 7.49316 
6.21436 -0.75708 13.3915 7.69983 -0.352295 -0.57959 0.17334 6.64954 0.771973 7.29407 
5.74524 -2.9906 10.4285 11.2728 0.695679 -3.17615 -10.1072 14.1218 2.78674 9.1438 
-1.69995 3.70837 3.24524 -2.99695 15.7314 5.0365 6.13416 4.56287 7.42261 9.03589 
13.2849 4.7887 8.84485 2.70593 2.23779 -4.82227 0.105347 5.41333 6.00842 2.1792 
-1.97424 0.470215 -0.463745 3.06519 6.34485 0.799194 3.1239 2.68042 7.85669 12.0367 
6.87622 6.54932 15.5037 4.57556 -0.108765 -0.981567 -0.965088 10.0673 3.03455 8.15356 
8.62317 1.07227 5.74487 20.6328 -1.91235 7.32849 -4.32056 23.7749 0.305786 11.4268 
1.31226 1.33521 -0.167725 0.22876 6.49243 -1.08777 8.01221 5.63806 5.28381 10.41 
10.3223 1.94971 13.9307 5.32996 5.00623 -5.98096 0.566162 3.44238 3.17029 6.90405 
1.76843 19.9193 8.0592 6.26733 11.3059 4.46582 -2.65527 9.24097 8.16516 5.89246 
7.25879 6.22656 1.88208 5.63635 2.28589 6.46509 13.6522 0.0898438 -3.9281 -1.46973 
1.54688 4.92786 10.4836 5.18274 3.40723 3.59106 19.1968 -2.00696 0.315918 -1.14465 
5.09973 0.72168 1.55884 7.49438 1.22534 16.7727 0.00195313 -2.15344 7.4436 8.16699 
-1.08081 -0.664673 7.68469 20.6152 -2.17224 8.03577 -7.47656 -12.0044 10.1075 15.6616 
8.53662 5.3822 -0.629028 -3.59241 12.6163 8.50146 4.8689 1.92871 4.20654 6.42676 
1.83398 -2.69751 4.13464 5.18909 -1.01807 4.4967 -3.61731 -2.41443 9.31531 8.43652 
11.291 1.08496 -0.00830078 -2.65881 6.51196 21.3848 6.0813 -3.776 6.60242 2.17004 
-4.0686 0.385254 -7.83167 11.0168 5.69214 3.62756 -4.41821 10.194 1.25793 15.6656 
6.90747 8.61401 9.89478 -5.63867 4.46204 -3.03333 17.8319 6.99121 -6.29041 7.18152 
-2.43823 0.432739 -2.6084 0.860718 10.826 2.25061 0.570557 0.723511 7.85608 14.8439 
19.418 5.55164 2.65613 1.17334 10.6802 2.90881 2.80933 5.79431 -2.61096 4.17932 
3.61755 8.1189 8.99854 -5.73975 -1.5918 1.91516 26.0052 5.23523 -1.84729 2.65405 
3.14258 0.513062 -0.508789 19.3729 -2.81372 11.5538 -7.6803 -5.58459 9.02515 15.1133 
29.2229 3.89087 3.78882 -1.09302 5.17871 3.27344 3.03613 7.99207 2.15662 8.16052 
4.82178 1.69019 5.04749 -8.26599 5.94629 7.22058 5.13879 -5.88135 11.4016 6.44519 
-0.311646 17.2087 8.68677 2.0271 4.03418 1.54028 1.91992 5.86401 7.12634 4.34412 
5.77954 5.30615 10.2687 -5.79675 -1.56775 -1.48279 16.4679 2.58081 0.84375 2.2124 
16.5376 -2.60461 3.14819 0.985107 3.73572 -1.1488 5.77759 3.92371 -0.589233 4.66077 
19.1191 1.9281 4.26575 4.39648 -1.30798 5.31958 4.74243 -0.112671 1.73828 6.79614 
0.0268555 13.4043 8.64404 2.69739 2.65051 2.27734 1.63489 5.30029 8.59314 6.97778 
-0.200195 8.72083 22.8091 3.83411 -4.91687 3.35962 4.91248 10.8674 4.37732 3.74268 
-2.14294 -1.72339 1.83362 17.5876 -0.942261 8.60168 -6.80591 -3.62939 2.79419 11.375 
-3.02673 8.82068 -3.09412 2.71985 20.6235 -0.577026 1.90503 4.23157 1.30054 9.7406 
5.64746 -3.16699 -0.119385 -1.35803 4.09302 15.9667 8.88647 -6.599 7.7533 3.75903 
2.28601 -0.214966 11.9495 -5.89685 10.9468 -6.89624 18.8899 -0.951904 -2.23193 8.21045 
0.729248 5.49915 -4.59338 3.40369 6.98401 2.52869 -5.51624 17.7402 7.64478 12.4648 
15.7483 -2.16492 1.31384 -1.57275 0.698608 4.40637 0.745239 6.5802 1.02478 3.63391 
-0.135498 14.1864 4.88696 3.22485 2.68323 3.88379 2.5426 4.1908 7.85303 7.61902 
-3.03894 8.50049 17.8241 3.1438 6.24976 2.37891 0.970337 0.914185 4.04602 7.19971 
5.52148 1.21143 2.15027 15.1521 -7.27832 12.5878 -1.922 -11.3517 4.05237 9.47937 
-10.2662 8.97266 -2.15051 0.69043 21.9913 -0.730347 3.09961 2.58826 4.48547 9.47241 
-2.25085 6.04968 -2.65259 8.49939 6.47827 1.57092 -4.54626 19.9801 4.88696 15.3306 
0.629883 3.50134 -1.03247 0.820923 3.77197 8.8208 4.21472 1.5625 14.913 7.7019 
0.749756 4.46985 -8.21997 0.92688 9.8949 9.59595 -3.82178 9.31531 7.14233 16.8529 
16.4694 -2.1106 -0.534668 -0.585938 3.57129 2.35559 3.72131 3.99133 0.562378 5.98303 
0.905762 15.9281 6.60876 1.97375 4.47864 3.67908 3.49805 4.70947 7.97729 3.63135 
2.44885 6.3429 17.0298 3.86621 0.771362 5.17749 -0.786133 8.20422 2.50659 9.78015 
8.4342 2.62317 2.17554 15.5876 -2.66479 11.0422 -5.86865 -7.42883 5.50098 11.0767 
-8.01929 4.44287 -3.1604 -0.131226 22.3708 -0.27832 3.2854 5.19849 4.1239 9.70557 
4.75146 -0.25647 3.93677 11.9456 3.22864 -3.62219 -8.797 24.1176 6.46655 14.1139 
2.40259 10.9915 21.6072 8.72046 3.25354 -1.37976 6.43701 -1.58203 7.84094 5.47937 
0.577637 -0.998779 -8.33057 5.66821 5.35889 17.2385 2.16589 -7.09167 9.18945 13.7435 
0.526611 13.5894 9.05786 0.271118 -0.473511 2.18262 5.67407 4.39038 7.68738 3.4071 
2.70447 6.94397 9.66162 1.29919 6.24805 7.99341 28.8563 -0.510986 -1.90979 1.87146 
-4.58618 6.05017 -4.35315 -5.30469 18.4039 3.82849 1.94031 3.25647 3.46069 10.4481 
2.76294 -1.22217 4.09827 21.9344 -1.18506 8.97266 -9.50012 -14.976 10.5444 16.0371 
-4.4917 0.0808105 -6.99316 5.33862 10.198 3.03564 -1.76038 4.99243 5.10193 16.2397 
0.607056 0.302734 -8.06616 7.4093 8.03308 6.58765 -0.736572 8.78284 6.66223 14.5062 
15.2155 -1.59302 4.01721 2.07837 2.85803 2.14966 5.22498 2.15027 -2.10339 2.35083 
-2.58362 -1.18994 -3.4834 5.65259 9.74097 2.36414 -1.21533 -1.09229 3.32202 14.6521 
-2.15564 5.00916 -3.66931 -0.869507 8.12756 2.77783 -0.897339 14.2782 4.93933 9.8717 
-2.17041 11.1079 5.06482 3.31409 6.54736 6.7804 3.9198 4.01465 5.16772 10.1683 
-0.616455 4.1582 7.74573 2.92749 3.60364 7.4292 24.2947 -1.5011 -3.82568 -0.368652 
-3.50269 6.52344 -8.13623 -6.56726 19.4364 2.37134 0.823242 5.36438 7.39624 13.2539 
-0.145508 -2.44568 -2.02075 13.632 -0.749756 4.4895 -1.37451 0.29126 9.47327 8.04736 
-2.18884 4.08972 8.57922 -1.81799 9.39746 -1.16772 25.4149 1.32825 -2.54749 6.84766 
-1.31409 7.54407 16.1282 3.69727 3.47131 2.07666 -0.109131 7.99976 6.96094 8.11768 
7.86646 -1.98804 7.2345 2.95203 -1.40759 2.19495 4.2146 -1.37952 3.04419 -0.911377 
-7.63416 -3.30542 -2.84253 3.45728 11.3127 7.23901 1.30518 0.457153 7.67529 14.1146 
0.6698 1.82983 4.09229 10.0129 2.21313 12.021 3.19482 -2.59912 20.9928 11.2111 
1.16772 3.15881 8.75842 2.27319 9.74707 7.88452 24.5554 -4.83325 -4.51245 3.44385 
-0.120728 -2.10498 0.135254 2.06335 5.45605 18.1438 9.10999 -4.49341 10.4825 9.20923 
4.8186 4.99805 -3.87549 6.0116 6.78113 3.20862 -5.4137 21.2292 11.8778 11.5616 
12.2385 -0.196533 1.44617 -1.93201 3.72217 2.23035 2.12854 3.4314 -0.79541 4.77625 
12.7982 -2.87805 -0.529663 -0.227783 -0.0705566 6.26392 5.3501 1.80884 1.93115 2.88721 
-3.15662 14.8381 5.38086 2.79163 5.92468 4.25403 -0.657593 4.68726 4.40222 7.2959 
3.27832 0.577026 1.5791 -0.591187 5.84314 4.83069 -5.19019 14.1183 5.63928 5.72681 
-6.25964 5.5105 -2.00061 -4.81311 17.7179 -2.09216 4.63879 2.92505 7.1228 8.93994 
-2.73547 1.18323 3.98376 18.1355 3.06079 5.52551 -9.36694 1.50659 6.07703 9.32727 
2.6311 4.43396 12.8353 5.78625 -0.301147 0.706299 1.26208 7.30237 4.2301 3.17188 
-2.22949 6.91479 -0.786499 -0.0432129 19.4609 0.991211 3.00769 7.07031 3.84778 11.2178 
0.308838 12.5281 7.22949 2.15039 -0.328857 2.7666 3.20496 3.86169 8.24951 4.01367 
10.8 -2.3761 6.34595 14.6709 -4.35278 10.4678 -9.89392 -6.69702 7.65918 13.8096 
3.95923 4.57813 0.191284 10.6807 2.32239 4.45581 -6.61902 18.1361 8.05652 12.1721 
1.1626 5.53027 6.28003 1.72949 5.8988 5.93958 26.4722 -4.92114 0.298096 3.94995 
-4.26514 8.25122 -4.21204 -3.22717 22.0555 2.48303 1.50073 0.767578 4.54565 10.6024 
0.641846 5.6781 5.2334 8.80872 3.75684 4.01807 -2.42749 17.639 2.89832 11.3407 
-0.0286865 1.28418 1.63708 5.64404 4.58398 4.00781 -4.67456 15.1493 5.17969 8.75439 
2.57996 2.91101 -3.1969 3.50903 3.75366 5.24609 -5.21753 16.5986 6.83411 10.0929 
-1.26721 1.90369 -13.2339 7.47937 10.7679 3.53223 -4.68091 13.1511 0.118896 15.2649 
1.62988 0.712646 -3.26599 -1.08398 1.87976 10.8048 1.35461 1.55688 20.6769 9.29395 
-8.47778 -0.425781 -5.18945 4.43604 16.9357 -0.0510254 -0.72937 5.54578 4.63843 12.4005 
3.98535 -1.57727 -0.84021 19.4298 -2.36499 10.4008 -7.37 -12.9518 11.3074 12.4402 
-0.0522461 4.63562 -1.33862 -5.43909 6.03699 5.13159 8.49866 -1.81226 7.36157 4.6062 
3.1449 11.8165 15.562 7.81848 3.04663 1.67651 -6.3103 9.2655 6.73315 11.8873 
-1.33008 6.27734 3.13501 5.67249 -1.68372 7.09607 12.1555 -8.01477 11.144 5.38562 
-5.36011 0.846191 5.49841 23.2439 0.521118 6.69067 -10.7329 -1.32288 7.28064 13.124 
7.3092 -0.738281 -1.30518 5.89893 3.86511 13.2013 4.4884 -3.23022 2.66528 4.97559 
2.25806 1.83044 -5.72583 1.31445 6.85229 12.7672 4.36646 -1.49121 13.2407 6.06946 
20.8291 -2.10425 -0.300415 -6.82129 3.87439 3.27197 7.9071 3.93311 4.70996 4.01892 
6.20398 -3.2666 -2.21045 4.53394 2.64563 16.6625 7.34216 -5.74792 2.60449 4.10608 
-5.07043 7.08032 -1.72009 1.38977 8.33289 1.78076 1.93933 3.23401 5.80823 7.43481 
3.42798 -0.924561 -7.69763 10.0598 8.32471 6.32117 -9.40283 19.5306 4.50659 15.3071 
0.540649 12.6801 5.48865 3.34717 2.23267 2.49133 2.01746 4.77637 8.15369 4.87463 
-3.10864 -1.453 -1.43738 13.9425 -2.97461 7.70288 -2.13062 -4.24353 6.98059 11.7433 
-0.029541 15.4484 7.69727 3.83325 2.14087 4.42505 8.89355 4.7373 6.84863 5.55591 
1.35938 2.97534 6.26721 9.61597 2.16284 -0.98877 -2.20898 24.8945 4.72339 13.6438 
-1.96436 -0.114746 -6.71191 5.8988 10.9034 3.72058 -1.75427 11.6466 6.5686 18.5103 
3.70325 3.88184 5.95203 1.97363 6.34277 9.12012 21.332 -1.93982 -7.04248 3.68677 
2.89258 9.89783 25.6641 8.32349 6.80383 0.11792 0.739136 -0.167358 5.52344 11.9019 
17.9333 1.58911 0.0480957 -0.836792 3.65308 1.98035 5.75024 3.13818 1.39343 4.45886 
5.20862 -1.46204 -4.17419 2.00269 11.8191 0.969971 -2.7738 9.40796 1.6394 14.1305 
0.945068 14.3048 7.04919 0.560425 0.631714 3.80945 5.69482 3.81836 7.3175 2.71558 
3.18652 1.00464 -3.26697 5.33301 5.07629 1.24219 -5.55664 20.2544 8.38696 10.8611 
-3.13574 -1.13318 -1.03699 18.978 1.19397 11.1141 -7.63062 -4.27661 6.26721 14.9397 
2.2749 -4.3009 -5.17639 19.4032 0.221069 10.0785 -7.41199 -5.51465 11.2382 13.1608 
-4.20471 -0.269287 -11.1477 2.82678 12.8932 6.69019 -5.40833 5.23718 4.74695 15.4515 
-0.00476074 16.036 7.43884 1.62659 4.00098 2.91736 3.4209 4.86279 6.34216 4.42297 
1.29309 6.30627 7.90112 1.94995 7.56335 8.9364 25.6952 -1.06311 -8.15076 2.13501 
-3.96655 6.90674 0.119995 2.823 21.6033 0.161011 0.651489 5.07141 2.08142 10.6079 
4.1134 1.8396 1.63354 11.182 -2.55237 6.79846 0.404175 -1.76282 4.15759 5.72351 
-3.78186 -2.99133 -3.70386 5.74609 11.6591 -0.123901 -4.92627 4.828 5.95874 16.7871 
4.61255 -0.0469971 4.87671 1.72961 2.255 1.72412 1.31152 -1.79529 13.8876 10.0056 
3.93347 4.33167 19.8612 3.68518 0.901855 1.52808 1.29712 3.09351 3.07507 8.43994 
-1.44507 11.2841 5.43469 3.31494 2.81677 2.448 0.472046 5.66187 6.81311 6.79431 
3.64819 0.563843 1.22534 -0.906982 5.69922 8.30298 1.77185 2.15149 15.7607 9.07971 
3.23376 3.10229 3.88733 -4.00989 13.4497 -1.82043 23.6332 2.13721 -0.508423 6.86414 
-5.3783 10.025 1.35168 -0.507935 13.89 -8.93872 3.06128 13.011 -0.841553 7.66394 
-0.112061 16.0699 8.87109 3.82397 0.0144043 4.5946 8.09778 5.46899 7.59656 4.89587 
1.30762 1.396 -0.683105 -0.535767 5.27112 7.53784 4.47681 -0.785645 6.61414 3.97131 
6.172 -2.46948 3.41748 4.16077 5.88232 19.2639 3.49609 -2.47253 8.1106 4.52039 
0.945435 6.57996 3.76758 -1.16284 1.98999 8.41406 24.693 -5.64001 1.76013 5.4873 
4.78442 -0.828003 -2.37793 10.1875 0.799683 26.1647 -3.75098 -2.43982 17.2203 15.3971 
25.4539 -0.37793 5.66296 -2.94263 6.01904 -7.41943 -6.48474 4.94458 4.60339 8.16553 
-3.22009 13.0303 3.34619 2.41882 5.37903 9.86865 5.93628 2.38904 4.26306 8.32642 
-2.99719 6.50818 19.3564 8.08362 1.84155 2.84595 -1.65576 5.85144 5.29541 7.18616 
-1.39563 2.27686 1.35693 16.9393 -1.02209 8.4198 -1.57202 -5.60754 5.20483 8.10669 
-5.29089 8.0426 0.700928 -1.21936 15.9974 -4.66663 -0.0549316 13.6266 1.80432 4.62512 
6.88745 2.89978 -1.0498 7.99622 2.4845 12.3668 6.3656 -3.94531 6.15881 4.63342 
4.4519 4.6239 10.2021 -7.93481 5.39099 -0.0212402 22.0035 0.223755 0.321411 3.32092 
-2.19104 3.11841 8.25269 13.5663 10.0745 -1.68042 -7.11438 28.6533 6.03345 12.3801 
13.0785 -1.49146 4.08643 2.55713 4.70642 -5.35767 -0.303101 -0.772217 9.21667 4.46326 
-1.38501 -1.44299 -8.72266 13.8433 12.2921 -1.35913 -10.9207 13.099 0.114258 21.4252 
25.119 1.30151 1.46924 -7.55298 -0.677734 -0.215576 1.70154 10.1793 -2.44836 7.04321 
-4.22534 11.9847 5.06055 4.04651 6.53418 6.61719 3.20007 2.77991 6.146 10.0293 
-2.98047 4.547 22.1538 9.86292 1.9386 -2.12195 1.24463 -0.188843 5.76038 4.94409 
-0.476196 0.152344 6.74487 19.8138 -0.112305 6.86963 -8.67224 -1.71619 7.96008 12.5732 
-4.40002 8.39075 -3.89233 0.853516 16.9716 5.22644 2.00598 7.86865 6.3136 10.7875 
9.00122 -2.46521 -1.02734 8.70679 -1.72559 16.2809 1.66235 0.250732 6.91223 5.91638 
4.64624 -0.210449 8.94971 -8.47461 2.29529 -5.08069 21.0087 1.92981 -0.397949 -0.733521 
-2.56189 5.17883 4.60144 8.49487 2.00854 -0.21582 -3.9292 15.6835 7.5282 8.57019 
7.38025 -2.40137 0.615479 7.79102 -1.03674 0.861816 -1.9939 -3.06433 13.4431 10.3108 
-9.28552 2.32349 -5.4823 11.6549 8.40491 -1.07129 -0.29187 12.9763 1.4624 16.1279 
25.3827 1.36194 2.68884 -8.40125 1.7262 -6.94263 -1.45398 13.0614 -0.152466 8.82471 
-6.1947 13.9832 6.54053 4.93567 5.70447 9.26172 2.67773 -0.288696 7.41992 10.3057 
-8.49316 13.3326 33.8284 10.1079 5.89453 -2.03564 4.78845 3.91858 8.13513 10.7472 
-3.33801 0.981812 3.97839 22.9604 -1.4707 11.4417 -7.61914 -5.1925 9.29541 14.7842 
-3.04944 9.98279 -3.38635 2.37024 14.8315 0.670654 1.52502 8.38892 1.31616 9.38904 
8.49341 -1.77527 -7.57202 10.1176 0.057373 21.8737 4.80164 -6.0575 4.99023 7.93652 
-2.91101 1.00964 9.724 -1.9834 8.80127 -2.8678 25.5168 -4.06995 3.61938 6.95447 
-2.49731 1.79114 4.02686 10.7017 3.9021 0.811035 -4.54272 23.5354 8.5863 14.3805 
2.30725 5.79614 3.7688 4.79028 3.01013 1.15515 3.02429 -4.39429 14.2813 10.1478 
-4.0116 -4.12268 -5.39429 12.6865 9.70508 -2.20642 -7.26697 12.5415 4.74622 19.8145 
0.66626 1.08069 3.30798 -0.261963 6.03564 2.30164 18.8856 -4.15625 7.92969 0.28833 
-4.99036 1.55237 -3.34863 8.52759 9.42273 0.887451 -4.5625 9.02295 4.9812 15.6538 
0.782837 0.310425 2.03381 12.0239 5.3125 2.68225 -4.57104 23.4272 5.71692 13.637 
24.3011 -2.28845 3.97278 0.414673 4.06396 0.355713 -9.35645 7.15833 0.545532 13.1982 
-3.24463 5.67322 23.9044 17.7344 2.81055 -6.36438 2.30334 4.76172 4.23914 7.56714 
-1.05005 2.34326 7.08447 20.522 -1.53955 5.71899 -4.89905 -8.52222 9.03784 12.9156 
-4.59607 9.07495 -5.18823 1.62366 18.5499 1.65479 -3.73792 5.86499 0.656494 8.38037 
5.24866 -1.28101 7.61963 13.335 -5.38013 5.2583 -3.47473 -4.44373 6.15234 11.1469 
8.05444 -3.54651 7.25818 4.85071 -3.32385 0.17041 -4.70422 0.0649414 10.8363 7.9104 
7.43994 -1.21191 -4.64526 4.4751 0.950684 15.5088 5.43372 -3.87817 6.5929 2.97168 
-1.15881 13.5176 7.89282 5.57434 2.25391 6.22632 7.64014 2.31238 7.59521 8.8429 
-0.997681 1.50305 6.19568 15.8284 -0.995728 4.80481 -3.79846 -3.66199 5.18457 9.35205 
16.3972 -1.54199 -2.75354 -3.6156 7.52295 -1.40002 -1.18628 11.4319 -3.54126 5.03943 
-5.14795 13.3641 4.03149 4.005 6.32495 8.18005 3.23267 3.78174 5.86243 8.66858 
1.97998 6.8407 25.0376 4.70789 -5.62085 -1.31653 6.02954 9.73523 6.76624 2.81055 
-2.72229 11.2184 2.84753 2.63379 4.51587 6.29785 4.70557 0.901245 7.2323 8.53479 
1.6521 1.88977 -0.457642 14.7743 -2.46948 11.609 -0.66333 -7.10571 4.63123 10.1451 
-8.77747 9.75415 23.4641 12.8417 -2.93884 3.59668 4.70984 3.8689 9.26965 4.16089 
23.2098 -2.88037 2.17126 -3.04004 7.46973 -7.03992 -5.04224 16.8422 -4.19714 10.3955 
-2.12292 4.43579 10.9923 10.0184 -1.66199 1.18396 -4.38196 12.5502 8.85303 11.4957 
-5.26953 10.5042 26.4083 17.8563 -2.23425 4.27795 -3.03845 4.53052 8.06323 7.99988 
1.67566 -2.91077 8.32312 -2.85889 9.68628 -2.74683 19.0951 -4.27393 3.69116 4.0824 
-2.05945 7.68848 -8.65479 0.697876 23.4645 0.00219727 -8.35938 8.94141 0.460083 10.9025 
20.4172 3.36816 2.32715 0.344116 5.62939 -3.9884 -0.866333 8.40808 -0.458008 7.78711 
7.14832 0.896606 0.270142 7.79285 -4.99927 11.9827 -0.65625 -7.59351 6.82336 7.77368 
-3.03613 1.20447 -0.0286865 6.07556 8.67188 2.33203 -0.163452 4.14661 2.59436 12.3916 
-1.24536 -1.34766 0.321411 5.53796 5.13013 6.55127 -0.96936 2.42102 2.99438 9.79187 
9.88501 0.226318 5.92358 1.78076 0.500122 3.59631 3.71814 3.15723 16.4996 6.11401 
-4.28613 3.49011 -1.12744 7.37878 8.09058 3.24329 -2.1272 4.73596 3.29956 13.6267 
9.45349 -0.328125 -5.58069 2.8197 6.01892 21.4774 5.5752 -2.97888 11.0491 5.92517 
6.79382 1.9574 4.84766 13.9012 0.097168 3.51331 -5.83704 1.96594 4.45154 6.73108 
-3.90833 10.8057 5.06677 4.52209 4.92346 6.51147 3.43665 1.57507 8.06689 8.65833 
-4.3855 3.95789 7.70374 7.80798 1.94653 -1.47644 -5.33032 13.795 7.03186 9.10132 
-7.28345 11.1609 0.0526123 1.44897 17.3755 -2.58447 1.66895 7.56458 1.44421 10.8958 
-2.41296 -0.75647 8.72546 5.29138 2.07544 -6.61841 -7.56946 17.4186 8.35254 9.3158 
18.5164 -1.38086 -2.32153 -7.71033 4.74207 -0.30127 1.01196 11.2307 -3.73633 4.45166 
23.9493 -2.61304 -1.21729 -1.19897 4.75464 0.733643 -5.13208 8.36829 1.85266 10.849 
4.84668 0.941528 8.81396 -0.188477 4.72852 -0.326172 14.9636 -7.56873 5.98462 2.59033 
2.54712 -4.47803 6.12903 -1.83972 6.50439 -0.265259 19.2867 -7.0824 5.0719 -0.690674 
0.736206 -3.35632 9.1499 -1.13721 5.92065 0.868896 20.6904 -7.3252 6.69739 -2.71753 
0.878662 2.76025 5.32886 23.3179 -2.31592 7.56604 -7.54822 -4.88904 6.03442 12.4749 
-2.125 2.56592 10.5349 11.8788 -2.49451 2.60388 -3.34851 9.99438 7.40076 11.4803 
-4.44043 6.28235 0.0170898 -0.559082 8.98621 3.01294 -0.738892 3.67041 6.16895 12.2694 
-3.80896 10.2803 17.1047 4.49609 3.1189 5.6084 0.805176 4.77063 4.36853 12.4454 
6.84131 1.09753 10.3217 -3.48975 -0.997681 2.06445 7.96411 -5.71411 6.85461 4.32959 
-8.49268 0.052002 1.3446 2.96533 8.25281 2.90344 -1.17358 4.21667 5.18701 12.3608 
4.7887 3.42676 5.78674 2.74878 2.65503 -1.0957 1.41284 -3.5957 13.0703 8.83081 
-5.84644 4.44873 8.32776 9.42358 1.12634 -0.724365 -5.39746 14.9716 6.20081 10.7805 
-6.61914 13.0576 3.34998 3.80505 6.22522 8.30383 4.39807 1.89807 6.69263 9.80933 
-2.33142 4.13684 0.304565 0.62793 6.1615 3.31531 0.353882 2.02136 4.51465 6.59253 
28.3698 6.73083 0.791504 -5.77356 9.05298 0.274414 0.238403 9.66394 -1.44604 11.2211 
-5.27246 11.6187 -0.654785 0.828003 19.8724 -2.65234 1.43677 2.41675 2.27148 7.45544 
4.56873 -0.450073 3.52185 0.566772 2.77954 3.7019 -0.583374 0.695435 7.927 5.58679 
3.60559 5.83264 1.79712 14.3857 -3.77136 19.2128 4.18726 -7.45459 9.80652 11.5807 
-4.66223 14.6526 22.2401 6.25049 0.540771 4.58984 8.40771 2.92493 7.76001 3.73157 
0.0791016 2.41992 3.68872 18.116 -1.39575 7.46082 -4.92346 -5.71692 10.6105 12.5371 
-3.65869 4.41333 -1.43115 6.68787 9.39868 -0.763184 -4.91443 6.84668 4.33984 14.8136 
31.653 7.94312 7.59265 -0.598389 0.938232 0.571533 -2.58264 6.96973 1.38672 13.6313 
-7.59558 13.9149 2.84399 2.76367 4.87964 8.79419 2.29431 1.87329 5.25391 11.5386 
-4.26184 6.25842 -2.28113 5.68799 10.3146 4.17297 -0.461548 5.22498 4.68347 14.2622 
-7.74707 14.7206 5.06519 3.8335 6.23584 8.94519 2.33533 3.14685 6.73889 11.0822 
7.14136 2.52417 -2.27234 10.4982 -2.27051 15.557 3.92798 -4.97278 3.40942 5.13794 
-7.06921 14.7523 4.65698 1.89307 6.45679 9.24927 3.69568 2.66138 5.16553 10.2587 
-5.01953 5.53821 8.40442 10.0463 -0.0377197 -1.23596 -2.91064 14.3281 5.60522 9.91003 
0.707642 5.21606 5.51477 3.36462 4.83105 2.01184 15.6384 -3.87646 5.11169 4.73474 
-7.52148 14.4421 3.28235 2.88477 5.07886 9.1438 2.62842 2.38354 5.90405 11.2794 
9.0332 -2.76062 20.9756 13.8497 -1.229 -0.806763 5.34045 2.54199 0.866211 4.79199 
-7.20593 14.5171 4.76636 2.6676 4.53711 9.0343 3.10181 1.28186 5.08997 11.7946 
0.742798 4.9939 6.09509 0.971069 4.82593 2.45142 16.2052 -4.24377 4.11536 5.07385 
8.49976 0.0515137 3.92175 1.74731 5.19202 4.83118 -5.95142 -2.01758 17.5057 14.624 
27.7529 2.03943 4.86462 -3.7168 1.64783 -1.72498 -2.41113 6.87634 2.40771 9.79834 
-4.53271 12.9692 5.45898 4.68225 4.56604 9.09888 4.54517 3.34607 6.61206 8.46472 
-4.04626 5.30566 26.7156 9.0437 -0.347168 0.61145 -1.08484 14.7826 3.51514 9.63013 
1.36279 5.11169 5.62378 18.8002 -1.20923 8.66992 -4.63025 -11.8684 4.63086 12.8042 
-6.9574 6.12903 -1.44385 -1.37512 19.5431 -1.58716 -2.40918 8.51404 2.8114 5.70874 
8.46265 2.25 -1.8739 15.3677 1.31677 17.1222 -2.39282 -6.85791 10.0225 14.6262 
6.57251 4.34375 9.42737 -10.5808 5.04529 -8.06909 19.6279 9.82556 -0.569214 0.628906 
-1.57336 7.21436 1.76965 16.3488 7.27539 4.01538 -4.797 27.3652 3.29065 15.4166 
3.44006 -1.10547 3.21191 6.81335 2.38647 2.24719 -3.92188 3.49817 14.8984 11.319 
-7.24036 2.59363 -10.4692 9.04309 13.6367 2.57263 -3.81152 14.3179 4.81689 17.0905 
22.0941 1.01306 4.17053 -4.10669 3.88965 -1.99097 -0.196411 1.62891 5.39941 7.87488 
-0.590942 14.2081 5.62756 4.53271 2.52209 6.34045 8.02087 2.8811 6.99182 7.55676 
7.97803 5.16406 21.7418 13.2036 6.36243 -7.39648 -2.10791 -1.99585 7.46606 2.79529 
-1.98511 1.37073 -2.91602 19.4473 1.91492 10.901 -4.26807 -4.34863 7.604 9.07849 
-3.25049 11.9435 3.97803 -3.63306 17.4309 -6.38391 1.1803 12.3066 -0.545166 7.24268 
-0.84729 -0.536743 -7.17334 7.76245 7.51013 19.0299 -0.83667 -0.668335 5.68909 11.4871 
5.07617 2.34631 0.639526 -11.3145 6.84021 -4.38074 15.1415 9.20288 1.55273 1.28381 
-2.49072 3.69495 6.84851 5.51672 2.81396 -2.99902 -5.02209 15.1244 2.29443 9.80554 
1.54907 -0.290894 1.01709 9.33911 2.97412 4.92627 -5.20886 1.47974 14.4979 12.9625 
21.3822 0.809448 3.48303 1.20178 4.81592 -1.79663 -7.13855 -0.692871 6.86804 13.3483 
-3.61792 12.4264 3.92688 3.30237 5.52832 9.32788 4.63379 3.30176 4.46472 9.02429 
3.48071 -4.42065 19.1323 6.92029 -0.0318604 -0.915161 -0.13562 3.19055 2.07312 1.01074 
2.03247 0.122681 -2.07471 16.4215 1.23718 8.00598 -8.38684 -5.27307 9.78296 8.8324 
2.31836 7.56409 4.96729 5.36707 0.0820313 11.4717 5.75476 -2.81763 5.91467 13.1998 
7.9718 6.58655 10.2189 -3.94543 6.50696 -2.81982 16.3386 -1.67993 -1.24963 3.41406 
4.66101 7.18628 -4.62036 18.1776 11.7614 9 -8.00647 42.3605 4.21265 21.0659 
0.296021 -2.3999 4.55383 6.66931 2.56531 4.62219 -4.0957 1.53674 16.5127 10.6844 
-3.83386 12.6759 4.38916 4.89453 4.5957 5.81628 0.802246 5.42004 5.40649 9.88611 
20.8253 -1.55627 0.863281 -2.60559 7.08704 -1.37378 -2.10352 8.45337 -0.0787354 10.1744 
-3.71399 10.1547 -2.17249 0.522705 19.3416 1.83398 -0.217163 4.84814 0.488647 8.01331 
3.32727 3.85449 -2.67896 1.42896 -1.76453 6.86426 6.67896 1.68945 -1.34399 6.90393 
6.8783 2.81348 8.4447 -7.43689 7.42993 -7.93726 14.2052 8.12146 -5.88501 2.72009 
4.38037 1.72424 5.75049 -4.19543 11.4746 -3.3739 18.0863 -2.36316 5.3916 2.63562 
-1.75403 1.10071 5.43945 14.429 -1.88696 5.12927 -6.66064 -5.96814 6.3092 11.5341 
-4.51282 9.04993 -5.97913 -1.53613 20.7305 1.76343 -2.1355 7.56775 1.07678 11 
-1.53467 8.84863 -1.18567 -1.2085 18.0126 0.0848389 1.69348 6.77466 -0.627563 7.73303 
9.33154 -0.129883 15.0697 12.6185 -3.94531 6.59387 3.52808 2.40906 2.37793 7.67883 
0.0257568 0.671387 3.57629 8.28479 2.10901 3.1377 -2.73291 1.45166 15.2592 9.84583 
-2.11743 14.9972 5.47302 3.08984 4.70837 3.86926 4.14893 6.76245 7.91272 8.81812 
26.6316 2.59729 1.59082 -3.11157 7.94702 -3.22656 2.47131 7.0957 3.80249 11.6989 
8.45898 2.48938 6.97485 -3.29114 5.01294 -4.37695 14.7372 0.277344 -3.40271 2.27686 
-3.89563 8.68909 -5.58643 -0.560303 18.6077 0.8302 -1.21606 6.80005 0.539063 9.33069 
-3.39185 0.812622 -2.62097 6.8656 10.4576 -1.17053 -3.70654 8.45337 1.39587 14.887 
-1.18726 4.771 7.20178 7.99475 1.62427 -1.00244 -2.9646 18.5472 2.29114 10.7076 
8.84033 7.50354 17.4373 9.37854 0.210938 -1.93799 -0.958252 -0.923462 9.92493 5.14771 
-1.19348 4.78577 -0.781738 2.10645 8.77161 0.481934 -5.12744 4.9458 3.56372 12.5457 
-0.964233 6.7085 18.1696 5.27686 3.53674 -1.43811 2.24609 4.06653 4.98755 3.74219 
27.5077 3.55579 0.170776 -6.89526 5.41711 -2.06494 -1.29944 10.5791 1.98499 10.7042 
-1.63647 2.90088 -2.20764 2.4917 8.13904 -1.18628 -4.23096 8.82678 2.01587 12.608 
1.35413 -0.660156 2.35474 13.2963 0.2229 6.34961 -7.54431 0.31604 10.0897 11.3165 
-0.750854 0.42627 2.33105 16.1477 1.79919 2.95081 -5.7915 -3.48938 6.93542 10.2745 
-4.89404 -0.521606 -5.84216 5.05408 12.8466 2.98474 -0.449219 5.70093 4.61926 13.2965 
-1.1499 14.5872 6.98621 4.8075 2.05652 5.83276 4.76001 5.17651 6.30969 7.23523 
-1.02686 -2.88428 -5.34363 9.40076 0.639893 11.9801 1.73999 -0.882935 5.35413 8.11707 
5.93506 -3.53662 15.7229 11.7559 0.199097 -0.578735 -6.52112 5.94263 5.28162 5.2002 
-0.767944 2.3208 3.69543 13.9929 1.79041 2.04724 -3.12952 -9.44714 7.25586 6.74792 
-2.00305 12.4719 4.68201 3.98206 2.49683 4.22144 2.41089 4.34375 6.26831 7.53528 
4.04175 2.02869 2.80554 -5.02051 8.40466 -2.89124 11.6335 2.6333 2.39917 4.76599 
-3.74719 3.24255 6.74805 6.88818 4.20227 -2.70142 -4.70862 14.7234 1.08728 8.61719 
4.42871 1.31079 0.80603 9.53821 -3.63953 4.74377 -3.51257 -6.25342 7.42261 7.70276 
-1.02844 2.64978 5.63281 11.0627 5.5675 -1.52783 -6.74634 17.7334 -1.69043 11.8778 
1.58105 -0.439087 5.15015 1.13892 3.38208 0.223877 -2.69177 3.23584 11.6542 10.2103 
-0.591431 6.00281 -7.72827 -2.68542 20.1802 0.980957 -3.70374 7.55688 1.56262 10.8126 
19.1085 2.64124 0.11145 -3.04126 0.187866 2.58667 -2.17957 1.7749 9.17004 6.61389 
2.93738 5.39551 21.9922 6.46753 6.83484 -1.88367 -5.67932 3.69775 2.96326 10.6362 
-3.02722 6.17041 -9.29163 -1.4292 19.8677 2.92517 -2.81104 8.81262 2.97424 10.4982 
21.6584 4.77222 1.67725 -0.476685 2.2135 2.69531 3.09277 -2.39648 7.53528 8.91736 
2.0155 1.60791 15.6071 10.1674 0.279663 -0.875244 -3.89661 1.66064 5.09485 6.65552 
-1.98291 10.1571 2.48938 -1.45728 13.8685 -1.98315 -2.60889 6.4458 -0.119385 9.63623 
-0.15271 5.92261 0.861328 4.12183 8.04053 0.374512 -2.33582 14.8171 0.0136719 12.3896 
1.93481 0.486328 5.28845 5.03003 0.519043 3.51294 -3.48267 -1.78821 14.8604 8.48401 
28.2521 2.24414 2.46118 -1.08447 3.90796 0.965576 -1.7301 7.26965 2.22217 14.1224 
-3.19751 5.60913 3.1687 9.6405 8.16821 0.510742 -3.90674 19.2815 0.0748291 12.447 
17.926 0.766235 3.19604 -0.765259 4.96265 1.63733 -2.93066 3.42029 2.27344 9.81018 
4.40479 6.11206 1.67993 -6.89172 8.92688 -4.30518 15.8395 4.62695 4.55042 3.10693 
-3.98853 0.521729 -2.37415 2.35498 9.85083 0.568604 -1.53308 6.5542 -0.240723 12.817 
6.84949 1.50403 9.20081 16.425 -2.89233 4.31848 -11.0614 -7.9834 7.41504 10.2427 
-0.429077 4.67407 22.063 10.7471 3.5918 -1.16577 0.903687 2.61523 4.31934 8.79199 
-3.67896 9.11877 0.383179 -1.19348 18.6357 -4.1134 2.38757 10.0311 0.0283203 6.20886 
1.98499 -0.849609 4.97961 2.94446 2.32166 0.970581 -2.91028 3.95056 10.8503 7.95288 
4.51563 1.83997 2.76868 -7.00549 4.82349 -3.55151 12.593 3.84167 6.87146 0.78479 
23.1469 6.27759 2.29834 1.32202 7.46948 -2.20386 4.8927 2.11218 2.79065 9.62842 
-0.0253906 2.46448 -4.02515 7.24036 0.111084 17.8247 4.72876 -6.41919 7.95068 10.2566 
1.34619 4.05225 6.02588 12.4711 5.39001 -0.611938 -3.26001 18.5879 -1.53198 14.6599 
1.82446 5.97595 -2.36365 9.97095 -0.728271 17.3661 7.58875 -4.27466 4.34644 14.4207 
-3.91345 13.0942 5.51453 6.21875 4.91833 6.96643 1.96057 6.60693 5.33569 11.2562 
18.5781 0.09729 0.994751 -2.00085 6.27258 -0.0256348 0.0449219 -2.74146 8.94238 7.42029 
2.20618 -0.166748 5.43066 4.70691 0.463623 4.1936 -5.5553 -4.43445 13.5828 9.00232 
-4.76379 12.8031 5.90784 3.85437 4.25012 7.97144 4.46777 4.92932 7.01538 8.42969 
4.901 2.56018 13.6118 -3.03711 7.14209 -8.22827 19.6243 3.34167 1.83179 1.2356 
-2.23389 4.48083 1.07751 8.72522 9.15771 2.0083 -4.7511 19.6284 1.78125 13.7468 
10.0072 -4.35522 15.861 11.1129 0.307373 -5.7959 -7.98083 2.09387 7.07593 6.4126 
-2.62109 3.17407 -3.89856 4.85266 8.33887 2.60144 0.309814 4.36377 2.11938 11.4348 
-1.26575 6.4657 4.43481 9.62048 6.34497 0.757568 -2.45105 17.9896 3.3855 9.13391 
-5.89026 0.651733 -1.82263 4.97559 11.6158 -3.15662 -2.85107 9.76624 2.42798 14.5813 
-1.04248 1.20447 -5.90649 12.2736 2.51855 17.2288 -0.944702 -5.51965 6.52698 10.7318 
2.91077 2.84534 1.83313 -3.83765 7.79456 -2.38049 13.7023 2.33154 3.4519 4.80127 
4.7146 3.35205 -1.68994 4.44153 -0.495605 7.25159 2.44092 0.734985 3.16052 9.01917 
2.98474 7.36633 16.6943 13.8298 12.0109 -8.86646 1.7616 -1.16809 3.31763 3.80554 
-1.18823 -0.800659 0.30603 -2.33179 8.18994 -0.926147 11.8175 -0.430542 6.05566 2.77344 
4.51917 0.630249 18.6719 9.25244 4.43152 -2.41138 -3.81396 -1.03613 6.18994 2.85474 
1.03503 -0.343628 3.2251 5.54175 1.49792 4.27002 -1.01782 -0.498169 13.5081 7.01941 
-1.08582 14.2036 6.59875 4.67004 3.05579 2.70618 3.31042 5.43384 7.20618 6.09985 
-2.39526 6.89014 0.378296 5.10461 10.1841 0.329956 -5.77087 17.0952 0.123169 14.3394 
-0.0841064 3.3313 -1.0542 7.64954 -2.40063 10.4215 4.45398 -5.22498 3.1543 7.91589 
1.56213 1.6875 2.91357 7.20068 -0.837036 9.83545 0.404419 -1.36023 3.47583 9.5459 
0.0164795 4.42651 4.46179 8.02161 5.66394 0.651367 -4.05762 13.5106 0.917969 10.4076 
2.12964 3.38245 6.78491 15.4324 -1.86682 4.38342 -6.38403 -5.86475 5.58777 7.15527 
3.16321 1.974 -0.506592 4.8114 -1.85815 11.7035 1.32471 -3.72595 3.03271 10.9836 
25.8718 2.79114 3.13745 -0.774048 4.21375 2.86035 -2.41064 8.57593 5.43054 9.43713 
-1.29248 14.7749 6.28784 3.47083 2.74133 4.75806 6.05334 5.3219 8.05273 6.8551 
-3.37085 14.1233 5.4447 4.59216 4.19592 7.36804 4.224 4.96472 6.50195 9.38245 
3.0376 -3.21216 0.703491 21.4445 -3.43091 7.69568 -9.46069 -5.50378 9.37756 11.36 
0.694214 -2.86243 5.77197 6.73193 2.99451 2.32922 -6.3335 0.543091 15.1606 11.9689 
-1.96619 6.67041 -1.61926 -4.21277 21.189 0.0124512 -1.40417 5.34021 -0.301514 9.15161 
-6.76111 1.09314 -3.02319 4.53918 11.9012 -0.608032 1.8717 8.00488 2.36292 17.114 
1.66101 8.23938 2.13342 -0.523193 21.7631 -2.92371 0.338867 5.79639 -0.168579 8.0813 
5.06494 4.11926 1.97253 5.57349 2.97131 10.4735 -0.920654 1.02576 2.23291 16.6219 
-3.7627 12.1511 3.99011 4.77917 3.98633 4.04578 1.51465 7.30359 5.11011 8.19727 
3.43884 1.39868 4.05359 3.22058 0.821411 4.02637 -0.407959 -5.63013 10.9686 5.45276 
0.992432 1.21692 5.10205 -6.6814 6.73975 -4.17224 15.0879 2.47595 -0.119141 4.37036 
3.93005 -4.26208 4.35583 1.98779 1.67041 -2.37195 -3.06604 1.3075 8.14746 8.0603 
-8.75684 -4.15417 -2.66919 4.97498 11.1531 -1.23071 -1.02966 8.30945 5.13452 14.6843 
29.2739 1.29993 7.1001 4.86853 0.973145 1.71814 -5.06958 4.31738 3.77539 13.2968 
0.148804 15.2391 7.74597 2.45178 2.4552 3.81372 7.67383 5.65454 6.84912 4.83557 
4.31152 3.71484 18.609 7.56262 -2.72424 -0.94519 -0.478394 10.8013 7.28699 2.33032 
0.870117 0.97229 3.61499 14.4976 -2.45325 7.73035 -0.477051 -6.78345 6.06323 10.1454 
-7.39624 6.00256 -6.25769 1.57727 22.1116 -2.11841 2.88647 8.60034 0.316772 13.0391 
14.7106 -0.254761 3.23962 8.43018 -2.94336 20.509 7.04639 -5.85571 9.29858 9.70471 
0.661133 6.12756 6.88782 0.0133057 7.34619 2.79028 23.0986 -0.176636 -3.82837 8.10083 
4.08313 1.4259 -2.19934 4.70032 3.26953 5.69983 -3.94812 13.0083 8.47437 10.6205 
5.28394 3.95752 -4.35217 4.99097 0.0895996 8.67273 2.71924 -0.979858 12.5291 8.85999 
-3.5752 5.08154 -6.91309 7.25537 14.4402 5.75964 -2.22803 10.609 4.89209 19.3475 
15.9922 -0.818604 3.6333 3.50195 0.763184 -0.36438 3.36365 3.17908 1.21399 5.79858 
-2.88818 12.9618 4.85071 2.78564 4.61951 3.36255 2.6908 5.45032 7.56763 7.02344 
1.13428 10.1001 20.9169 9.6886 -0.00170898 -1.0553 -1.22595 6.96484 10.2428 5.44507 
1.59741 1.54114 6.22278 21.566 0.306519 6.68225 -5.76758 -4.32056 12.2111 10.0128 
-7.51001 8.16443 -5.01208 1.14514 22.3241 -0.953857 6.77039 10.3741 2.74255 6.88586 
12.1573 1.22864 1.41406 7.43188 -1.04346 21.3625 6.89661 -10.5098 7.21204 10.2294 
1.32825 4.96362 6.49316 0.952026 7.35107 6.07886 23.7958 -1.32751 -2.01782 2.97327 
2.80786 1.97339 5.76074 5.43372 4.20398 -3.63953 -6.17871 17.5508 3.77283 11.2676 
6.65198 -1.62561 2.2821 7.43896 0.480835 3.03296 -2.67773 -1.92566 15.5229 10.8578 
-2.62683 3.01587 -1.75061 5.32471 10.0933 3.7406 -1.39514 5.34851 5.1637 15.7026 
18.5785 0.975342 3.3468 1.72205 0.686401 0.334473 -5.87061 4.96924 2.76965 6.47217 
-0.0618896 14.0604 5.34033 1.849 2.9314 3.53967 3.0918 4.92834 7.58264 5.90845 
6.34717 4.71729 19.2445 6.55176 4.92578 -6.91846 2.34937 6.28601 5.80322 0.59021 
3.7478 1.47656 5.60657 19.9351 -4.82507 12.1705 -6.75623 -4.96167 10.6241 15.2534 
-7.25244 5.54785 -6.89893 3.92395 19.7831 -2.07764 1.6449 9.83594 0.229126 10.2319 
12.1309 -2.02454 -1.70569 0.574219 6.3186 25.3477 4.87415 -2.26038 13.2061 5.4187 
-1.32581 5.20422 5.4364 -1.41919 6.21545 3.32019 21.5337 -0.827271 0.830688 7.81311 
3.17944 4.16064 -5.06042 3.8833 3.94458 3.67175 -4.86255 16.5718 8.02466 10.2302 
4.87231 3.39636 -1.67957 3.09534 3.37573 7.73218 1.48706 0.859131 15.8669 9.49341 
-0.396973 6.31494 -4.93347 0.637451 11.8973 8.13232 -1.04651 6.43201 6.85791 16.0909 
-0.407349 0.303955 3.43848 20.6494 0.622925 7.01318 -5.58081 -4.84985 6.6322 10.3197 
7.87231 1.93518 3.29358 2.23499 -0.778198 16.7471 9.30701 -3.90186 10.2441 9.18237 
1.63513 0.904419 5.07837 17.238 -1.26416 5.44238 -7.32434 -7.8844 9.14429 11.8538 
-1.55237 8.23792 24.5665 13.3514 -0.694214 -1.05823 -1.74902 5.60889 7.66125 9.21643 
-5.97449 6.12268 -5.28174 2.04858 14.326 5.64233 -0.394043 5.34814 7.00098 16.8646 
-3.16077 0.344849 7.547 18.886 -2.74109 10.0344 -3.53601 -1.37415 7.23572 11.1638 
-3.64307 2.52966 18.9163 6.29846 4.76013 -2.77893 2.85339 3.06335 2.36584 6.14233 
1.29846 13.72 7.62964 1.89465 1.78748 3.21851 2.55762 4.61731 9.17908 6.42542 
-6.7605 5.63965 -8.63635 -1.79187 26.3008 0.0473633 -3.1604 6.14954 2.00269 10.9027 
8.92017 1.84753 1.73621 5.078 -2.00696 14.2548 9.70532 -3.46594 9.20154 9.28979 
4.2251 4.31677 2.87854 8.08044 -2.66162 18.441 6.62451 -9.48132 8.59155 9.04602 
9.75488 10.1924 26.4169 15.7743 1.93616 -0.105103 -4.34131 0.493286 13.4901 7.96655 
2.00049 -1.02319 1.07678 15.2869 -2.50989 7.54761 -0.898315 -7.78247 4.03162 9.3772 
-2.75037 12.9344 25.3198 7.96741 4.31299 -0.752441 -0.617432 4.11499 9.09558 10.0643 
1.77551 14.9456 8.36401 4.21436 1.49768 4.86279 10.0811 3.65869 7.57288 6.63989 
3.94141 1.37659 3.90015 23.1125 1.34351 8.34888 -9.63013 -10.0938 5.91199 12.7079 
-4.59521 0.507568 -3.5957 5.08569 11.7979 3.40979 2.39832 3.74365 5.34705 17.3291 
2.95398 6.20386 4.23792 6.62512 3.29712 0.477295 -7.16211 18.8794 7.52234 12.8738 
-5.64185 10.6967 22.8352 7.00232 2.40149 3.41199 1.98169 6.36389 6.24744 9.66638 
0.782593 14.4227 5.76123 0.994995 1.42395 4.36108 4.59058 3.95117 7.67126 4.35486 
0.801392 6.36145 21.5704 8.88538 6.85999 -5.59937 -2.14978 5.17725 5.33691 7.60144 
4.93347 -1.40869 0.994995 1.7738 0.66333 7.1062 1.41211 -2.57776 12.1572 5.96362 
-2.87537 4.29858 -0.71875 2.13818 9.00317 2.94666 -2.2113 5.63025 6.15771 15.969 
-1.36877 15.0651 7.18335 3.83545 2.24707 4.00891 4.75183 5.61572 6.83984 6.13257 
1.89148 0.484619 3.15955 5.06946 2.47449 2.38086 -3.49854 -1.53918 15.4652 11.1879 
3.67432 0.00939941 3.43665 1.94617 3.39307 4.20007 -2.38269 -2.31592 14.7311 10.8212 
0.262085 5.27197 1.07019 6.45642 5.4165 3.8291 -4.63232 14.0691 5.24475 10.2598 
1.27063 0.111938 0.601196 4.59387 1.60706 5.95996 -0.325195 1.36841 16.4805 10.5967 
0.935059 14.9084 6.66455 2.10632 3.14624 3.84973 5.68945 3.24731 8.14075 3.44214 
26.1284 1.98083 2.88306 2.16162 7.06812 -1.79443 -2.59766 9.78491 -0.0800781 10.7577 
22.1367 2.3656 3.54187 3.58081 5.5271 -0.268555 -2.66492 5.58582 0.356201 8.65527 
2.91162 4.09814 6.68298 -7.46631 10.3761 -2.66113 20.2888 7.72668 -1.01636 5.51685 
-2.16626 5.24023 5.01611 5.19617 7.8197 -0.983398 -4.56665 14.816 4.93884 10.5696 
-1.59399 8.3208 5.02966 12.3132 4.33911 0.711548 -3.66797 26.271 2.2262 13.2657 
0.1427 -2.83667 2.552 6.20239 3.09143 2.94019 -4.21643 5.59509 15.2965 13.6167 
6.24463 2.4884 -5.21106 4.54199 5.79126 5.67004 -7.17126 14.6182 4.78149 14.2224 
9.72986 1.33911 1.13879 11.901 -3.58398 26.6982 10.7638 -10.679 6.9187 11.911 
12.882 2.52332 2.05725 2.72339 3.63379 -2.13684 7.70691 2.82739 -1.36194 1.12073 
-2.6322 9.61414 10.0621 -11.2488 2.08838 -4.26416 21.0873 6.59668 3.10303 8.16174 
-1.27502 16.2159 6.9873 3.62109 2.823 5.49438 7.12659 5.04858 7.37085 7.34106 
7.2301 3.63892 0.347046 11.5481 -4.71252 21.0969 8.39172 -10.6121 6.95959 10.2742 
1.48926 6.1134 4.87512 2.99707 2.91833 2.86108 -4.81628 11.1901 8.4469 10.4446 
-2.66638 2.31079 -5.54468 -0.823853 19.458 3.28467 4.38257 6.96289 5.47095 13.2313 
0.136353 1.20874 1.21094 3.87756 5.65942 4.71008 17.4935 -5.06165 1.27637 0.727173 
0.76001 14.4156 8.1416 1.24573 0.788086 3.4364 7.54932 5.33838 6.99634 4.08777 
1.6106 5.47705 21.4299 9.17456 6.75012 -5.81323 3.53247 0.80249 4.48877 5.72437 
4.13843 3.37903 4.5199 7.87952 0.12146 15.0544 7.10168 -2.08435 8.8468 11.994 
19.9436 4.43848 3.41589 2.30066 3.11853 -0.711182 0.0177002 1.64355 1.49976 6.42737 
-0.590576 6.4021 0.527954 4.63818 6.09302 2.60913 -5.06592 15.6779 6.78809 12.7305 
-5.31531 0.473267 -6.06189 5.39722 11.7177 0.48584 -3.36975 6.68628 5.14514 15.2539 
-2.86731 0.950317 -6.96704 7.72156 12.6378 1.84253 -3.94165 9.23499 5.03125 19.2292 
16.687 4.1886 2.41248 -1.44885 6.44641 -0.219727 2.06506 3.79419 -2.35901 3.55994 
3.56116 1.94019 4.63525 21.1003 1.94226 7.91345 -10.5984 -6.41089 8.60876 12.4994 
-4.86621 8.7478 2.62048 0.987549 19.9772 -0.0150146 2.9762 5.8678 1.0155 10.1753 
-3.07739 3.97742 -7.41199 -0.721802 21.9634 1.25891 -3.44568 7.07336 2.82483 10.691 
-1.29822 4.17065 8.01648 4.64172 2.72595 2.90381 -0.888306 0.282227 10.772 10.0146 
-9.85522 4.81982 -3.16113 -4.18958 23.7914 -0.999878 4.55469 7.52625 3.52661 8.97363 
2.18567 13.3334 6.96362 1.07007 0.748047 3.31506 5.5957 3.53943 7.547 4.55237 
2.71313 -0.323486 5.27441 2.17407 -1.2395 0.226196 -3.53088 -1.63818 11.0826 8.72717 
-2.50916 2.79309 7.10278 -0.843994 4.58972 -1.48486 14.3292 0.0957031 1.8053 7.02917 
13.1049 -1.04651 -1.67163 5.6499 -1.35925 24.469 11.5774 -6.20654 8.1394 9.33948 
1.38123 4.6571 -2.70959 0.929443 10.4502 4.16113 -4.55725 8.23022 8.55981 18.6796 
20.3064 1.7124 5.53394 2.65332 5.7345 -4.67822 -0.374756 7.98572 -0.0710449 6.72534 
19.3369 1.38416 3.82471 3.77344 4.32434 -2.67725 0.671021 4.70544 -2.00562 5.57117 
21.2109 -0.386719 6.31616 2.77661 2.92847 -3.45313 -3.23865 8.56177 1.04773 6.67664 
0.767578 6.10413 6.75366 25.3309 0.060791 7.99158 0.839233 -8.53845 4.22815 8.6637 
1.92334 2.32849 -4.04004 8.59705 5.2749 5.27649 -4.69189 18.5394 2.28101 13.4911 
0.42749 14.0156 8.09351 0.556763 2.33704 2.72498 6.08813 3.64307 6.78064 4.80615 
1.61682 4.51331 4.76038 0.174561 10.0565 2.92786 23.2157 0.00671387 -2.83032 5.37427 
-6.05017 4.80505 -1.18799 0.849609 16.0831 1.0321 3.21716 6.69153 1.52356 8.37769 
-1.07983 2.34741 4.06104 0.351074 5.08191 2.68567 20.8179 -1.3855 0.611572 1.81824 
20.4176 5.00818 2.18774 3.88208 3.14001 -0.324951 1.11707 3.41113 -0.984009 7.49158 
-6.55127 8.90735 -3.28882 -4.52722 18.1499 0.967163 5.85547 6.72485 8.77795 8.1947 
5.98108 -2.07068 -4.0658 8.79578 0.519897 25.2025 9.5459 -5.37451 7.37671 9.06445 
-6.56604 6.31946 -6.64673 -2.03369 24.0952 1.58765 4.29285 3.72766 6.66284 9.76123 
-0.993774 13.0417 7.026 2.00024 2.99463 1.78955 3.2113 4.3324 8.0437 3.76526 
-4.56897 -1.82263 6.04309 24.2426 -2.48621 9.69458 -8.32861 0.26709 6.92542 14.4308 
3.24915 -1.66956 4.36597 3.54224 0.413452 2.00171 -2.04749 -4.17505 15.9083 9.82971 
-1.1698 5.69189 8.1991 -2.22131 9.52966 -0.637817 22.9139 -1.01648 2.88525 9.49084 
-1.5553 2.51941 7.34326 20.5781 -5.09595 9.27783 -4.39868 -3.58203 6.29639 12.1008 
-0.286499 -0.69165 0.00268555 3.94238 10.0813 0.867798 -1.63184 3.51868 7.20007 14.7114 
-2.26208 -4.15491 -2.37622 3.93445 10.5836 -0.000488281 -3.23108 5.16492 8.75281 15.8602 
6.55396 -2.0387 -1.36621 1.41223 5.11194 24.2771 4.61218 -3.60522 12.4713 12.65 
-2.88062 1.3313 -3.4176 7.8761 10.9009 4.03735 -3.62122 7.90393 4.80823 16.8108 
1.83459 3.29749 2.80286 17.0488 1.052 6.29431 0.922485 -4.12988 1.90247 4 
-0.255737 5.14209 1.86182 14.1603 4.59985 4.01685 -4.32654 25.5244 3.70544 15.8896 
0.591064 1.28162 3.55713 2.89746 3.30664 1.76184 -2.37646 0.821899 13.2274 8.85242 
2.37292 3.93005 -1.0885 10.5366 -5.63281 15.0106 6.84277 -8.45129 7.1626 5.93115 
0.423096 7.49365 6.65332 -3.49634 6.27332 -1.84045 18.9023 2.64941 -1.28101 8.00342 
-6.21753 7.81396 -5.77148 3.7179 24.3857 -1.15918 5.98633 8.69385 0.895142 10.5264 
5.36023 0.515991 2.35608 13.6121 0.482422 0.720337 -8.20874 19.1268 4.45667 13.4532 
0.873413 -1.12708 8.98193 -1.38928 5.1886 -2.83276 17.4731 -1.50061 1.71106 7.32849 
4.18701 1.71899 26.9889 9.34766 1.78638 -8.21362 -2.01685 7.49622 7.51343 1.36145 
0.411377 7.41125 24.0706 11.7412 -1.82788 -0.664673 -2.06262 8.96252 8.15381 7.03528 
15.952 4.44482 4.11682 5.95703 4.3158 1.42285 4.34509 1.51563 -3.26062 3.84058 
-5.15552 -0.142212 -1.18457 7.04968 12.3534 0.347168 -1.04541 7.31177 3.64685 16.6854 
-7.20752 7.3125 0.668701 0.941162 17.7142 -1.3468 6.07385 7.06543 1.79761 7.46997 
24.3497 -0.0812988 6.17932 2.63733 6.97327 -5.63208 -10.3118 8.4104 1.8009 14.5961 
1.17468 15.0608 6.0437 1.85022 0.135986 4.09436 5.46631 4.52783 8.74194 4.31128 
1.96582 8.73608 25.8806 11.7068 5.93848 -7.57727 2.87402 0.771851 8.29956 5.77612 
-0.0587158 1.4104 2.73096 23.1211 -1.05115 10.9023 -11.4207 -10.0593 10.2675 14.543 
1.28406 4.37573 5.60645 -0.587891 15.9879 -2.18555 4.97302 7.33984 2.28796 6.86523 
4.62341 -4.45117 -1.89685 -2.63452 7.33215 23.8723 9.61633 -6.30371 10.3613 7.9967 
3.55798 5.03186 2.89465 -0.434692 11.2601 1.21765 19.025 0.220215 -1.75256 4.77942 
4.67053 7.25916 3.82654 8.95691 2.14136 1.99878 -7.06238 18.7781 4.06091 13.929 
-3.15906 5.82568 -1.42737 5.15259 4.36511 7.38733 7.55518 0.448853 13.7366 11.3624 
-4.37781 3.74817 -5.11841 5.74268 11.2975 4.50708 2.23877 1.59155 4.04944 15.2434 
22.257 0.565674 0.578369 0.211548 8.6958 2.25647 -0.694702 5.57959 2.81458 9.85803 
-2.87891 17.9053 5.22144 1.22107 8.66504 1.93506 -2.16125 7.57678 6.88757 7.13721 
-0.891113 11.2009 23.1603 9.01599 -0.119019 1.67542 -5.30005 10.2985 7.9906 12.6489 
0.194214 2.3772 2.54407 21.4663 1.37219 8.70435 -7.56311 -9.11377 7.39832 12.3246 
-6.61255 8.05481 0.408447 -3.50598 16.4722 1.26978 1.97119 6.54431 6.19336 11.0417 
4.00769 -2.96301 0.599609 3.24536 2.29968 24.3671 6.16333 -6.49121 8.49939 7.67407 
2.70972 3.19482 5.53967 4.83655 7.8385 4.44397 19.3243 -3.18188 -3.03735 4.0321 
4.71765 -2.4021 4.10242 9.19458 2.92041 -4.03186 -7.30542 18.2471 2.73193 10.8595 
1.16321 8.50183 3.94226 5.31067 1.01001 1.0166 4.47107 4.87573 14.0994 5.28235 
-2.95789 1.03174 -1.75317 3.51611 9.0033 3.02222 0.791504 1.78906 6.88159 14.6985 
25.3444 5.40222 7.11194 3.85547 6.83069 -1.46594 0.824707 7.15601 2.91614 7.74561 
-1.67651 15.1715 3.25366 2.17749 9.63806 2.03833 -2.33752 8.40454 6.03076 6.66907 
2.40674 3.13013 26.673 13.7284 1.75073 -3.29199 -1.50354 3.88879 6.94812 8.60693 
4.25415 1.92639 4.3479 19.6034 -3.04077 9.8584 -7.16638 -12.755 5.073 11.0549 
-2.29211 2.07178 -2.73523 -2.35986 16.9529 0.603149 4.15869 4.87805 9.27966 9.54175 
6.72351 2.57312 1.58362 -1.26404 4.63342 17.3032 4.01257 1.10278 10.8546 4.02661 
-0.956665 3.60107 4.62463 4.45898 3.25476 5.88354 24.0497 0.490112 -1.95801 1.78381 
6.30347 7.84387 4.5752 7.60498 5.172 0.134521 -6.94751 21.7306 3.27319 14.2288 
4.90784 0.32605 4.90454 4.14917 3.35291 -3.0105 2.02197 1.20557 13.7301 9.57031 
-1.79431 3.15186 -4.09351 -1.71313 10.0665 5.50964 -0.26001 3.71033 7.21155 16.5834 
-3.82056 5.68433 3.27844 0.867676 4.04565 7.32556 22.1825 -4.84509 3.36145 5.87756 
-4.67871 8.19141 -3.22546 -2.33899 23.2627 0.110596 0.465942 4.68945 3.82654 10.1859 
0.282837 7.0022 27.0492 16.4431 3.00854 -3.32422 -0.544434 1.57581 5.55981 4.78833 
0.513062 2.96716 1.92969 2.2998 8.9071 2.43079 16.2297 -3.78333 -0.764526 5.42114 
-4.91382 10.6359 -1.89832 -0.145752 22.7571 -4.38501 4.27551 9.72961 2.08679 6.80249 
1.53381 3.41052 -3.026 6.02173 3.78979 1.16321 -5.77673 14.7367 8.91711 10.7281 
8.81409 -3.52332 -0.287231 5.59045 0.186768 25.6743 8.51184 -8.17883 10.3633 6.78271 
1.88037 2.83057 1.06006 7.59949 -0.299561 19.3983 7.65137 -7.20935 9.63953 7.71924 
-7.8147 9.53723 0.0294189 -0.0716553 17.9091 -3.35962 5.85791 9.92358 4.93384 6.61072 
1.20691 1.36182 1.69458 6.05249 5.07031 -2.19312 -3.35205 15.3798 4.90186 10.4619 
-1.4198 15.6638 32.5659 12.741 11.7712 -8.16589 0.953247 2.27844 9.88928 10.1543 
-1.37708 1.12939 -3.09607 5.1814 10.0513 2.25049 -5.19519 6.40576 3.37903 14.4294 
-1.005 -0.55542 4.36829 24.8298 1.66479 10.7642 -10.887 -2.85754 7.6969 15.0013 
-5.48157 1.98022 -6.25195 6.41418 10.9398 3.93982 0.546875 6.15881 5.5321 18.5563 
3.76526 1.34253 4.33704 19.9634 -2.85754 10.896 -6.9375 -9.60474 7.1261 11.7981 
2.93188 6.12952 -1.44849 -1.37793 6.81433 5.46997 7.91614 4.65381 18.172 8.56079 
5.62256 1.47778 23.2234 13.9065 6.85242 -4.72083 -0.493286 2.76501 0.202759 8.64197 
19.5994 6.72339 2.94958 1.9519 7.28137 -2.40137 0.526245 4.01831 -0.530396 6.93079 
-4.80432 7.10059 -3.69189 3.80737 12.5371 2.35303 -1.07227 5.86145 3.32593 12.5699 
8.30542 -1.57483 -4.32227 0.923828 4.29248 15.3647 6.83301 -5.87866 2.3407 5.2124 
-0.234375 4.13782 4.00415 -0.345215 12.6021 0.581543 22.2251 -2.79321 1.98486 9.28137 
15.4242 0.494141 0.643677 -2.2843 8.7804 -5.78442 2.14075 9.66064 -1.04175 4.81555 
-0.153442 15.9314 8.83923 4.40588 2.44373 5.42847 7.28394 5.35962 6.45825 7.50708 
20.4327 3.77173 4.1283 2.70251 6.04126 -2.88855 1.42175 5.0387 1.36804 6.11731 
-2.50928 5.21545 4.77234 0.205322 7.07373 5.42651 23.7614 -2.72961 -1.4325 4.3656 
12.5819 -4.65393 0.313843 -0.928833 4.74658 24.6815 9.71753 -4.42578 13.283 0.229736 
4.83777 2.61597 5.43774 19.1389 -2.18689 8.19397 -7.41699 -14.3926 9.72424 12.7827 
5.46143 -4.89417 -0.463623 -1.9989 5.31787 24.3641 6.80505 -8.57117 11.2617 8.35278 
4.21313 2.9928 8.02588 21.9005 -4.71008 10.6858 -8.79004 -9.69397 5.83215 14.8152 
1.5874 4.85034 3.12988 2.14368 2.94629 1.30859 7.46472 2.82336 11.7351 6.68677 
23.1332 4.70007 4.66235 4.62891 6.94971 -0.309326 -1.07141 3.70764 -1.44666 9.8877 
13.4781 0.0222168 -0.0286865 -2.36877 7.84888 -0.670654 2.94788 5.17896 -1.34985 4.17444 
1.49854 3.0835 5.06763 20.9552 -0.227051 7.91284 -9.85522 -8.91797 6.26526 13.0083 
-2.79028 8.79773 -1.50647 0.10437 22.5084 -1.17017 7.03357 5.73401 2.92749 7.88477 
-0.0527344 15.8586 9.34277 1.26245 2.1698 1.84253 2.34436 5.87476 7.88867 6.38574 
3.84985 3.72498 5.48523 2.17749 0.888672 15.3281 15.454 -9.61755 10.499 4.64099 
1.41125 3.1875 2.21558 15.9956 -2.53113 7.97473 -1.25452 -6.64038 5.10291 9.17761 
16.6329 0.638794 3.14819 3.78845 3.56116 -2.68738 -7.37183 7.18835 1.30249 9.10388 
0.324707 4.37524 2.89661 3.49524 4.63318 3.66858 0.391235 1.36462 12.1775 8.91467 
4.13794 5.04016 4.79114 16.8661 -0.132813 3.93579 -0.597168 -4.43823 3.11096 6.45337 
21.9137 -3.69299 6.9491 -7.49524 5.5907 -11.235 -3.12927 13.105 1.04175 5.68945 
2.79932 -1.27185 -0.805054 -0.93335 5.37292 -0.461548 13.3823 -0.012085 2.07471 3.89026 
0.00817871 9.38342 18.7708 8.71948 2.94922 0.537598 4.66736 3.42993 5.33862 7.29956 
2.11133 0.219604 7.0675 14.1118 3.24146 -2.17358 -2.10266 20.0558 2.53357 13.3367 
2.07361 5.56995 8.01318 6.94104 3.28296 2.97778 3.43323 1.44714 15.6809 8.32056 
-0.325928 14.0099 6.49854 2.2738 2.84973 3.80469 4.88818 4.4325 6.88074 6.53442 
2.93762 2.77722 4.72876 12.163 2.72693 0.838745 -4.81067 18.8647 3.33923 12.2277 
1.71313 14.0514 7.09644 0.353882 1.80994 2.84326 4.6687 3.63367 7.26611 5.08105 
1.85059 3.85437 -0.164917 18.845 2.79736 8.87476 -6 -5.56116 4.76672 9.46582 
1.59717 7.19543 2.57324 5.51758 2.63464 3.83191 2.43982 2.43469 14.4269 8.94983 
8.76599 -3.34717 -4.70667 2.16516 3.61035 21.6177 9.51111 -6.40247 5.09387 8.58521 
-2.23315 8.45605 -4.39014 -0.602173 23.1711 1.58264 5.61914 7.33142 4.34412 11.2209 
0.727295 6.16174 21.1395 9.44543 5.25012 -5.3623 0.571533 5.06238 5.83337 11.2861 
19.6915 6.3772 4.31848 1.71228 8.63916 -6.68225 1.86926 8.24329 2.23291 4.73047 
-4.35596 4.48096 -2.34436 5.78772 11.4205 1.95544 -2.22595 6.95435 3.98779 14.8337 
4.05237 3.42957 -1.38843 8.64124 6.89648 6.84204 -7.94434 21.8267 7.16187 12.3107 
0.345337 0.24353 4.3136 -1.94824 6.51135 -2.16626 17.5995 3.05579 3.79065 6.35999 
5.4314 1.46765 9.73865 9.07739 2.39771 -3.51526 -10.1401 19.4355 3.6189 12.292 
0.489136 3.09204 -2.86584 -3.32104 16.998 0.973755 4.30615 6.00073 7.09827 8.46082 
-2.03589 15.7006 4.97937 2.09656 9.9624 1.79126 -4.66516 9.54089 4.53308 7.87085 
0.275879 3.71375 4.1283 1.6427 6.45459 5.42786 23.7144 -2.18994 -1.78381 3.15662 
9.33289 -0.378662 14.3486 6.84961 3.51245 0.747681 1.75024 2.9856 0.678955 4.57922 
0.901611 0.962646 2.51318 1.90149 5.34534 2.24792 19.5577 -1.58032 -0.461792 5.10254 
5.62671 3.69519 5.2406 8.48425 4.2915 -4.14856 -8.03406 24.0667 2.66296 12.9 
-1.94421 15.1353 9.3562 1.60449 4.21741 1.29187 -0.767822 6.31042 6.53223 6.15393 
-3.7478 0.166626 -5.12903 7.03503 12.2839 0.17627 -2.15442 6.88953 7.14258 19.6311 
3.73022 4.2002 0.954468 4.03711 2.98755 4.10791 2.28735 2.27063 14.08 7.59009 
20.4078 6.21094 4.00574 1.51245 4.40906 -0.732422 2.31067 3.26343 0.257568 7.95056 
1.78381 1.58594 5.1604 2.93005 9.84985 2.97021 19.8014 -4.91663 -1.37769 6.29797 
2.54236 1.58765 -1.93933 0.991333 11.1877 -2.27356 -4.56116 5.36719 11.1144 17.4135 
-2.47803 3.93396 -2.67188 -5.65405 20.1724 2.58716 4.34912 7.69006 7.95728 10.7319 
-4.50037 4.65039 -7.36658 6.18909 13.6725 2.42859 0.161865 8.72583 6.61816 18.6025 
-3.33997 4.39355 -2.12427 -0.630981 11.6298 1.58533 0.884766 3.22656 8.11133 16.0542 
-0.00976563 3.27588 -0.302734 1.81714 3.5686 1.11072 15.0216 -0.141602 1.83789 0.591919 
5.43396 6.87646 14.5905 5.84033 2.46143 3.28796 -0.9729 6.98657 6.45178 7.67944 
2.31421 2.12878 3.7002 17.8784 -3.8197 7.95422 -5.50964 -10.6782 5.59131 11.8657 
5.96375 1.98499 -4.69556 13.6403 2.03992 3.54529 -4.50244 16.6985 5.76868 13.9556 
-3.07751 16.4843 7.38672 1.93103 6.57483 2.35071 -0.742065 6.49658 4.2417 7.90552 
-0.480957 4.22412 -1.60144 -3.83105 9.73425 5.37354 3.77271 1.09583 7.39954 14.7761 
8.33411 -0.112183 26.9518 11.1226 5.29395 -10.6089 -2.75562 2.51294 8.85815 0.491821 
2.20972 4.67737 12.7623 7.87524 3.98218 2.18359 4.55127 0.228271 4.20007 5.91223 
8.66516 0.314331 0.691284 5.04468 1.58826 20.3298 6.00037 -4.70728 6.93982 7.60547 
-0.0982666 1.2052 0.887573 20.1821 -0.549194 10.6261 -5.11694 -7.60645 5.23157 13.8026 
3.91614 -1.2168 5.51062 5.67285 4.21179 -5.38525 -9.66406 20.504 5.24121 10.2787 
1.94458 6.44507 2.84045 6.53699 2.74915 1.75183 0.874878 4.93689 13.1991 5.59717 
13.1149 8.68994 0.231323 4.88696 2.04602 2.11633 4.77356 2.05823 0.5625 3.11902 
-0.546753 16.8204 8.78137 0.25061 1.44861 3.48376 4.92151 6.13611 7.48706 3.34741 
3.19177 9.39185 21.2268 11.2928 6.95215 -2.73132 5.79797 0.275635 7.48022 4.33789 
-5.33752 -2.46814 6.28125 24.4904 -3.12769 7.28296 -10.2872 5.55615 5.5199 13.2372 
2.48401 6.79285 -4.82056 -7.3479 17.8578 5.87708 1.75793 9.58679 5.24866 11.2369 
2.81714 0.381714 -3.94995 6.89099 5.57739 3.08215 -4.16394 15.8413 4.8783 11.4402 
3.01721 -1.2793 8.26013 6.46521 1.35449 0.948608 -3.75488 2.96277 16.4249 9.24292 
-4.13098 -1.61487 -2.02002 9.30151 8.30408 -4.47131 -2.91602 10.5603 6.64514 15.5078 
20.7733 4.25085 4.92688 5.26672 0.790161 0.762329 3.79614 1.5885 2.64124 5.59949 
0.250244 18.0116 7.69849 1.60645 6.03894 3.07129 4.78955 5.92395 7.40417 1.9917 
4.89941 5.19629 17.6177 9.07715 1.63586 0.664551 7.54675 2.37305 5.82788 2.75171 
1.35693 3.9729 5.72791 22.474 -1.97778 9.89014 -5.98303 1.58386 8.96484 15.3097 
4.75574 6.40808 0.888184 -3.18518 21.8099 6.60205 11.3744 2.30688 5.40698 4.51025 
5.08533 4.27466 -2.92944 6.44067 8.88037 1.03638 -7.40283 21.8779 8.87878 13.5967 
3.61658 3.80908 5.06641 3.45923 2.97668 0.654175 1.23364 3.64661 16.2992 8.3114 
-0.535767 -1.89941 -2.60291 1.97644 7.75879 3.22021 -2.2019 5.73303 7.22034 11.4016 
24.6128 2.3363 3.21436 -2.75842 1.19141 -0.66272 2.96057 4.28674 7.953 5.26001 
-1.47375 17.7544 6.05798 0.61853 7.63892 3.01868 1.25977 6.85852 6.9917 4.70935 
5.17957 4.33667 -4.85559 1.59839 8.55469 4.81128 -3.24329 16.9945 4.3573 10.4249 
6.65723 4.64673 6.95898 2.59131 3.4834 -0.147339 2.28503 3.67493 17.5699 8.53857 
-1.36316 -2.04065 -2.47424 5.57446 9.39014 -0.0257568 -4.20203 6.37354 8.35815 17.2557 
-0.615967 2.88452 3.36816 5.34094 2.29065 2.38293 0.591675 3.09436 14.0913 9.92615 
-6.98315 3.92822 -5.02893 9.39246 11.1309 2.99573 -0.778198 9.59607 6.3385 15.9601 
2.21155 10.6265 20.0629 7.91211 2.41809 0.285645 6.51331 0.55896 7.21716 4.49829 
1.42834 8.15491 4.24634 -1.88611 3.7959 8.6217 22.2938 -0.620117 -1.67444 4.49988 
-3.66846 16.5712 6.16101 0.741211 6.71716 3.36365 0.493042 6.76489 5.46045 5.87659 
1.68909 -1.77222 4.54321 20.9613 -2.34021 7.151 -7.41223 0.562988 8.61646 14.1881 
8.90295 -1.27881 -6.00049 5.05994 4.80957 21.0793 7.74524 -2.80396 4.55286 10.7454 
-2.35535 3.78064 3.93518 2.57336 11.0885 1.31018 5.52454 5.04041 3.69653 9.38074 
3.75562 -0.787598 6.29626 3.6438 2.01184 1.38989 -1.62122 0.281372 9.93469 7.80835 
7.82874 10.7611 20.5835 14.8029 -1.38831 2.68298 1.57446 3.75671 10.1077 6.24194 
7.57874 8.74194 5.62683 -1.19556 -0.275146 6.32813 20.1493 -1.95874 5.9104 1.53333 
3.08984 6.60364 -3.48865 -3.59473 20.5398 8.02759 6.67651 5.47986 6.81396 7.97546 
1.5387 0.313232 5.25574 21.6552 -2.95605 9.54126 -8.55823 -8.02429 5.06421 11.6185 
-0.0169678 1.70593 3.32593 -3.39929 17.3346 1.3324 5.09766 2.52893 7.70044 8.93311 
4.17786 4.37476 0.955688 -0.546265 6.1853 13.286 3.48035 2.10315 3.97498 2.88916 
0.0881348 -3.83594 -2.2063 8.73181 8.23254 -0.918457 -1.3313 10.2939 7.14856 16.6035 
5.11462 12.1143 16.7122 9.56262 7.76086 -2.62988 1.51624 -0.878174 8.21619 4.73291 
18.3651 5.14868 2.58167 2.8197 -0.382935 0.578735 2.61523 2.48889 3.23975 3.38696 
-3.20325 6.78235 0.0772705 13.4553 3.40381 8.34888 -4.82458 2.36218 8.12512 14.1688 
-1.3208 0.10083 -1.18994 2.02966 12.4484 0.140015 -2.47046 4.82544 9.34229 18.2366 
-0.800537 3.85632 0.534424 0.57959 12.7462 4.55469 9.30469 6.11023 2.07739 7.80811 
1.17749 1.39514 -6.00073 6.33911 9.60242 5.92078 -0.402588 6.7771 9.43311 17.8103 
1.13123 8.40076 -0.628296 4.21838 7.74158 2.19836 -5.61584 14.3026 4.96289 12.8651 
0.539063 0.182617 2.4917 25.0507 2.09631 7.07288 -10.1592 -5.42188 6.50342 6.77869 
0.295288 2.66467 2.2771 9.67981 2.1438 7.58325 -4.33423 -0.208252 15.4857 11.3271 
-0.485229 3.49402 -5.43225 10.2528 8.39111 0.19043 -7.71387 20.2568 6.53394 14.3549 
1.10608 3.2511 1.86841 -1.53259 18.8855 1.5282 7.97388 6.36145 3.18433 8.92102 
1.71704 2.72131 0.430298 -3.87183 17.4363 3.15588 4.95007 3.21265 6.75146 7.61316 
0.604858 3.20898 -2.86145 1.95105 11.5936 2.76001 -4.50708 8.86023 8.67065 20.1125 
-0.991821 1.14331 2.67651 3.54492 4.76343 2.97778 -1.42517 -0.400391 11.5825 9.78638 
5.75281 -2.44861 -3.5354 2.18872 2.16748 20.381 6.08948 -2.38757 4.07837 8.84436 
3.64197 1.2561 6.89502 4.90417 3.66626 -0.344604 -3.22424 1.54102 15.7642 9.79846 
3.18835 16.7472 25.5836 13.0671 10.8395 -2.12463 0.430298 -2.61292 10.5863 6.26599 
5.02795 4.71118 2.01721 3.67993 -1.42285 10.1581 20.5305 -8.85901 6.22461 4.59644 
2.10425 5.26794 4.31042 -0.00744629 1.69922 7.25061 24.3855 -6.62488 3.34937 3.79565 
3.98706 2.30005 18.0048 12.2322 0.280884 3.31873 8.31042 3.3501 -0.0876465 1.64539 
0.794189 -3.57336 3.97864 28.0778 -5.35242 9.6189 -12.3297 2.93262 10.3296 13.616 
-2.93896 17.3776 5.85181 1.64697 7.28967 3.2688 2.0072 7.11426 7.45447 5.13293 
0.887085 -0.0925293 6.40479 24.245 0.352783 6.24451 -6.59106 -1.56409 7.93799 9.72144 
8.62878 7.27783 22.9882 15.0012 2.04443 2.51746 -0.0405273 5.33557 6.59448 5.63977 
2.54004 3.05212 -4.55237 2.505 5.5188 3.55994 -3.41943 15.2982 4.56348 10.3145 
4.04956 5.67065 0.374268 20.1136 3.61523 8.97742 -5.1958 -0.928101 7.58105 13.0707 
-2.12146 17.1987 6.25879 0.220703 6.07629 3.74182 3.77466 5.69116 7.23462 4.42175 
0.717407 0.969238 -4.22607 4.48486 12.9441 -2.06604 -5.34058 9.22607 8.16357 20.2151 
25.0692 -1.40186 0.565552 -3.54529 4.94653 1.01318 0.20813 7.7522 1.06335 9.7417 
-0.104126 16.6073 3.15466 3.68298 9.88098 3.90564 1.77747 4.89429 7.19348 4.21655 
-0.71582 18.0941 6.08997 5.16638 9.89539 3.60046 -3.00439 9.78735 7.39893 7.20154 
3.76599 -0.954956 3.92932 22.9728 -0.627563 11.8221 -0.572266 0.979492 6.42542 10.8643 
4.35681 1.85352 2.77625 2.99231 4.95288 14.0786 3.60889 -3.08606 3.12634 4.53491 
19.7969 -3.16846 0.621094 -2.41638 0.510132 4.0885 3.08948 4.38562 3.76184 2.93164 
-0.575562 2.78735 -2.70862 0.696899 6.81689 -1.10364 -2.06079 10.7413 2.5354 7.26477 
1.41772 2.28003 7.68774 7.7085 1.81836 2.17078 -3.56775 2.29443 18.1814 10.8053 
-2.35461 15.5604 5.35889 0.734863 8.06421 0.776123 -1.04944 7.87817 6.78577 5.15759 
7.29016 -0.0406494 -1.12378 8.3457 0.22168 22.3229 6.90076 -4.55786 4.64844 7.9696 
-1.7981 17.6271 6.5166 1.0448 6.09229 3.48132 3.3407 6.31909 6.27942 4.60034 
2.06396 3.64026 1.32678 -3.10828 20.908 4.59216 8.85913 2.17871 7.62695 7.61414 
1.06616 6.33606 4.255 -0.303467 -1.12708 7.38721 22.0217 -6.17468 4.49219 5.34131 
24.281 2.84021 5.53174 2.56616 4.99219 2.31335 -2.146 4.9021 1.79883 15.1464 
28.2664 1.56995 4.91772 0.383423 5.18701 -1.13757 -2.61792 7.61206 0.311035 9.50574 
3.40417 6.92395 -1.51257 -5.01074 18.4442 5.34937 7.2865 4.19067 5.97742 7.05432 
-1.11951 1.43445 -3.13513 6.83325 11.6797 1.15369 -0.660645 7.81421 7.02869 18.2112 
-2.28442 17.7167 4.91345 -0.214966 8.79797 1.58557 -0.194214 7.9707 7.24146 6.35022 
9.40137 6.61353 4.5752 -2.71313 -0.714355 1.31042 20.7965 -0.933716 1.95276 -0.264771 
3.05896 7.29639 4.12927 -1.58984 -0.395386 6.89185 23.3466 -1.64722 0.377075 2.64844 
-1.45825 4.93005 -4.98254 0.419067 12.7303 6.2677 0.772461 8.52954 8.19128 14.8615 
22.6619 -0.220825 1.89478 -3.62122 0.656128 -1.39026 3.87317 4.61902 5.06592 2.24207 
6.05127 2.52441 -1.3429 10.2793 7.95068 1.83948 -6.10718 22.5652 4.84668 13.8676 
7.24744 8.64063 10.3545 -8.93408 -1.39929 -3.23987 19.5206 2.64258 0.233398 6.20898 
-0.940674 17.7302 7.90833 4.78113 8.56152 3.07617 -0.254883 6.15198 7.01697 5.10925 
-1.2865 17.7371 9.44189 5.43201 7.86975 1.87219 0.0819092 6.9707 8.03882 5.29907 
20.4863 -1.90491 -0.00268555 -4.45044 5.10303 4.99304 5.47083 2.69885 5.60254 6.09583 
1.25195 16.4974 4.54639 5.64819 9.46899 2.78528 -1.89404 6.18164 8.30408 5.40845 
10.3114 7.22046 19.0537 19.6451 -6.505 5.41919 -6.1864 6.40186 12.6719 7.46228 
-0.111694 1.34094 8.72205 25.5162 -3.16516 13.3564 -3.16602 6.95081 11.4191 9.96411 
-1.22986 2.41382 1.85242 1.57898 9.50549 0.939209 6.49597 1.61255 3.16443 7.70679 
-0.712036 5.57104 14.1666 10.6667 -0.0384521 1.0321 -4.82422 9.1991 10.2894 7.53174 
11.6842 6.46875 16.8906 14.3644 -2.00574 5.53772 -4.56702 7.46191 15.5958 10.4822 
-1.85999 6.36169 5.76477 21.8461 -1.38403 12.8097 2.67322 5.39233 7.79614 9.14771 
-2.63403 3.13953 1.51367 -0.0991211 10.1711 2.52844 2.8927 0.067749 9.45459 10.9847 
3.22363 4.11755 -1.84619 -5.69971 7.54736 11.7607 8.43274 3.4845 4.50513 1.45703 
4.26257 -2.14563 3.86145 1.93811 1.7959 2.1886 13.5889 -1.97375 0.20874 0.978271 
2.55652 8.17664 16.5547 5.63513 -2.12219 3.94836 2.99536 10.558 7.92468 3.55847 
11.6448 -4.66443 -0.54248 -2.56592 5.93347 9.51929 4.37244 -3.29004 3.15527 5.47034 
-0.511719 17.6215 5.43677 10.6245 11.5798 5.07336 -0.458618 10.4172 9.65393 6.7998 
2.34534 6.89246 16.9935 9.48999 -5.18665 3.08264 1.31482 11.2493 7.68433 2.245 
1.04773 5.30579 12.0812 5.75439 -3.97339 2.76721 0.619385 13.6188 8.88794 2.04565 
2.71326 0.571899 1.97705 6.328 3.70337 4.56543 0.647461 1.0332 15.7576 6.4917 
2.65955 2.11438 10.9973 -0.512573 4.28369 1.88257 28.5712 2.10754 -2.36108 1.90906 
0.653442 4.3125 7.40808 16.7639 1.78479 8.49353 3.38635 -3.7428 8.25171 2.24646 
3.00854 0.827759 -7.37183 5.12427 8.56592 0.799438 -2.3512 6.57825 3.45532 13.9905 
-1.0061 2.68616 12.7395 12.5083 -2.45081 3.32886 -0.573242 11.09 8.61035 7.83948 
-0.89856 14.0996 4.5271 2.22778 6.78699 4.0658 3.44897 3.0271 7.41052 3.72156 
2.3479 4.17249 -1.64282 -1.03149 10.595 2.50818 -2.51526 5.61475 6.01294 14.0033 
1.81458 1.15601 1.18323 22.3649 -1.03589 13.8386 -0.602295 4.21033 6.28259 9.13196 
-0.357178 -0.896729 -6.36621 8.64514 7.26282 7.3512 -0.150757 9.7439 7.12927 16.6769 
2.91724 0.199829 6.46606 6.43506 3.41602 0.979004 24.6223 -1.9104 -0.0415039 1.69824 
-2.08081 17.3986 7.9906 1.60364 6.02954 2.69824 -1.88782 7.12805 4.50977 7.23462 
-0.619995 2.88672 6.99487 5.45483 -0.634277 -1.05188 -3.90198 15.5593 5.41516 5.63916 
10.9677 6.2666 22.425 20.8418 -3.70349 6.72449 -2.91711 -0.211426 16.678 5.75854 
-2.65564 5.10901 -5.93323 -4.52051 21.9618 1.86523 0.258667 5.05017 9.22412 14.9698 
-0.76001 7.32959 -9.48157 -6.04749 22.1886 0.26123 2.13904 3.57629 6.48804 14.5182 
2.36792 2.7843 -5.17383 -1.51501 8.05786 15.4176 4.5155 1.56433 9.1001 4.0769 
-0.193848 4.87585 6.67566 8.57288 -1.02405 4.71436 -6.07764 17.4675 9.49927 9.59485 
21.3425 -3.49133 1.53394 -3.48181 1.84143 0.980713 3.02197 3.12976 2.37598 4.19763 
21.9458 -1.52356 2.9292 -0.935913 7.75073 4.28259 5.14404 7.02124 -4.00439 0.849609 
-0.540894 16.9943 5.62732 2.72644 9.33984 1.90857 0.355713 5.35815 6.47058 5.18896 
3.1925 2.33569 4.99487 3.62744 2.9187 8.61047 29.6582 -2.77954 3.18689 3.71472 
4.6311 3.9209 4.00635 2.604 6.25208 3.71484 26.1503 -1.66052 0.628662 3.0802 
0.0834961 4.26746 4.45435 1.49719 5.98975 3.19043 2.95972 2.53613 18.5671 9.27954 
8.43201 9.37292 24.2388 15.2424 -4.66895 4.87048 -5.11035 2.67175 17.5593 9.85083 
-0.390747 2.19177 11.9489 5.79187 -1.1604 -3.3916 -1.39624 15.005 6.19141 5.10547 
-0.949219 -2.89246 11.5323 6.56543 0.400757 -3.32422 -2.63782 12.3123 5.06201 2.50269 
6.64758 4.80127 18.2279 18.7528 -2.59229 4.30164 -6.26477 4.56433 12.2722 7.97888 
-5.87292 4.82434 -0.286987 -0.670044 14.7247 1.58557 2.18848 3.82935 8.20654 9.81995 
-4.99426 10.4757 30.9703 11.2424 -2.12634 1.93347 0.687256 12.4111 9.96472 6.54761 
-2.59094 17.6381 6.66565 4.23975 9.21777 3.47449 -1.17761 7.76843 6.48584 6.30786 
4.5415 4.89124 6.27344 3.46545 0.426758 8.89294 21.2531 -2.77319 0.477539 -0.413818 
3.84167 11.4904 6.43347 0.788574 4.57581 2.1676 1.21289 2.16492 7.24866 6.40503 
18.1301 -1.72961 -0.584473 -1.28479 1.16455 0.747559 -2.26123 3.73743 0.824951 2.95593 
3.54419 6.77246 10.7057 0.0169678 3.37073 4.0365 26.9713 -1.02405 1.22815 0.931152 
1.60071 5.43359 -3.4845 -2.54761 8.87842 5.60596 -1.44446 7.1189 4.13391 13.4607 
-0.0266113 2.94897 5.67908 5.96814 2.35803 6.33044 -1.18762 3.22217 20.2727 12.6135 
3.50232 0.456665 3.87061 22.5428 -3.12659 12.6122 -5.7052 -14.3456 9.91699 11.1783 
0.619751 -3.1781 -0.338013 9.76355 5.82019 4.88013 -1.82056 4.94849 8.48633 16.2848 
4.8291 5.16516 7.84692 1.26819 5.25244 3.9989 27.6239 -0.204468 -1.14697 -0.0371094 
-0.397949 -2.70117 3.25146 19.6052 -3.90173 15.2557 -8.78064 -9.05994 6.17432 11.6144 
33.772 4.87646 7.02795 0.977661 1.46313 0.219971 -8.46765 10.7343 4.85266 12.424 
-5.0575 12.6116 5.42029 4.45032 4.28296 9.05212 4.65149 1.85828 7.19434 8.50403 
3.06824 6.86145 20.1788 -1.27014 -2.36426 2.09265 -0.648071 1.151 14.1986 10.8271 
-3.42383 6.40027 5.47046 17.5175 -2.79773 7.21997 -1.25269 1.98657 10.5386 5.81262 
-3.52002 8.67761 -2.86926 0.223389 19.042 -0.695679 -2.18042 7.48071 -0.696899 8.44861 
-0.0245361 -1.70923 -4.8739 10.2117 4.021 23.624 1.26257 -5.33557 11.5917 16.1943 
2.12073 -2.88904 6.46228 -4.52722 4.59668 -0.203735 22.3378 -3.01831 4.75122 -3.09302 
0.0881348 4.55725 -2.57507 3.24426 12.1141 -0.669678 -10.0889 19.5554 0.795654 9.979 
-3.94934 -3.11414 5.35022 6.646 3.60876 1.57031 -3.56665 0.709595 15.4739 9.7489 
-4.32043 -0.16626 -3.14331 3.90295 9.87268 3.56921 -2.84912 4.23755 3.78394 13.8257 
23.5042 -0.719849 1.22168 -9.71021 4.06458 -5.1936 2.21948 15.3258 -0.486206 5.3429 
-3.79382 8.00183 4.34937 2.60046 5.1814 3.52051 3.9823 -1.33411 6.42029 8.36084 
-0.905273 9.20203 25.8883 14.1272 -5.68787 6.72119 -5.27344 -2.01697 12.692 10.4159 
0.868408 5.22424 5.98193 9.41675 1.36108 3.18494 3.42407 1.34912 4.82227 2.82788 
-0.970703 9.17896 3.16541 0.404663 12.1372 0.0941162 2.03088 7.94897 2.09009 2.83618 
1.75134 -6.78503 -8.57031 12.6096 4.55957 19.2823 -1.59644 -2.21948 5.08594 14.1976 
7.59387 0.561401 6.62842 0.0456543 2.00256 -0.795532 17.1891 -5.9292 1.57092 5.2688 
-2.38025 5.20068 2.84814 12.2754 11.2686 2.25952 -8.38159 24.5618 4.81775 14.3943 
0.85144 -1.80908 3.08447 0.122681 2.19409 2.90442 2.32751 -0.991089 13.3271 3.50476 
-5.81006 0.0821533 -3.2334 6.88977 11.1566 1.61462 -0.826172 4.15002 3.77429 15.1484 
27.5896 -1.14771 2.33337 -4.79968 2.23035 3.85498 -1.11279 3.56238 6.79358 7.18665 
-1.91272 11.2433 7.45679 4.56348 3.89221 5.73425 3.21753 4.16882 5.81665 8.64087 
1.66296 8.18201 21.1063 11.2476 -5.30457 4.74219 -1.61414 -3.94775 14.324 4.98804 
-5.04724 8.80347 9.7085 26.593 -1.21558 10.8348 -1.02625 -6.53308 6.03455 10.7006 
0.0864258 8.84216 -0.109375 1.22131 12.4363 -1.42908 2.28748 4.60156 0.0548096 8.30676 
3.22668 -3.33521 -3.94641 6.31628 0.948975 9.86621 1.703 4.55334 2.09949 8.47864 
6.46436 -2.11475 9.06409 -3.66577 3.21716 0.338135 24.205 -4.70996 3.82751 0.767578 
-4.56116 5.42419 1.69067 13.1368 11.7096 -1.47375 -9.36792 25.4252 5.68054 15.7191 
2.24951 0.280151 6.09448 1.40393 -0.581665 1.43213 1.74255 -5.56152 11.1709 5.70251 
-3.18274 1.60938 -1.04822 1.46558 10.2809 6.05957 -3.61792 3.14685 5.30713 14.8489 
-3.83606 12.824 6.30054 4.40833 5.63855 6.39746 3.32983 4.65125 4.69421 9.29089 
0.744019 1.26282 2.63196 -3.34814 8.35095 1.32324 18.1262 -6.21643 5.43359 5.41089 
0.385986 -0.990845 9.48853 3.59473 1.05212 -1.94897 -2.46582 -2.20056 13.7898 4.50793 
-4.98718 3.58459 -2.67163 6.11414 9.01941 0.433716 0.939941 3.99109 2.96558 10.1221 
-7.66638 3.73865 -3.95422 8.09631 10.5121 2.19507 -2.21729 5.2594 4.73694 13.6632 
25.8567 0.970215 1.37451 -5.53137 2.29187 -1.16992 -0.255615 15.8987 -2.03772 5.90857 
-1.64722 14.0521 5.47424 2.69653 3.85242 8.22156 6.26453 2.90198 5.99878 8.12854 
-1.6676 17.1178 25.0854 9.26343 -1.08105 3.82507 6.33398 -2.44739 12.1093 1.06482 
-4.93347 13.2303 4.00574 -4.05566 16.8931 -2.1333 -0.102417 12.4391 2.72168 2.05103 
-4.77979 11.2312 -1.1344 0.187988 15.0991 -3.17224 3.3175 10.4037 -0.0384521 4.53845 
-1.36987 2.04199 5.71533 17.998 -2.20715 7.1886 -5.25464 -4.95142 7.84851 11.0537 
-0.437988 2.46802 4.05298 10.3772 5.11523 -0.429321 -3.82593 21.3882 4.29553 12.3066 
-3.50488 7.49866 -3.75635 3.25452 16.4969 -1.43677 2.82349 4.99304 2.65393 10.5693 
-5.37744 3.48059 2.81384 -1.19885 7.62903 -2.79883 6.93018 6.42712 8.25 2.55212 
-5.04285 6.38123 -1.30029 1.21021 14.2728 -2.52222 3.28979 7.12219 -0.689453 8.78552 
23.5468 2.22363 -1.00879 -8.7301 5.61157 -5.02649 3.06409 15.8633 -3.12561 8.35229 
-3.58374 11.816 11.8059 28.2234 -1.14954 10.5288 -4.20923 -11.548 10.0638 12.5726 
1.06421 1.87915 4.4353 4.56812 0.892944 1.64478 1.98572 -2.85999 13.4417 3.81006 
2.76257 1.26001 -6.29004 6.12585 12.4226 3.98926 -10.9792 24.6577 4.48145 15.5894 
1.7998 -1.04041 -3.20081 7.2052 7.48743 22.535 1.06299 -3.73743 9.94543 15.3948 
1.06897 3.43103 7.54187 4.45361 -1.99573 6.28345 -0.598999 -8.50232 13.0421 8.79443 
-5.36182 12.5054 26.865 14.7822 -2.4115 2.56775 -1.14905 5.11267 13.4412 4.422 
-5.11438 12.1791 5.25732 2.48291 5.08167 7.14282 5.05945 -0.455444 7.38342 9.06213 
-1.53552 1.47595 -3.05994 5.48425 10.6689 0.380249 -4.74109 19.9943 0.177368 11.8981 
4.85889 -1.44482 0.239502 0.182129 5.50842 24.6344 5.9801 -1.56995 12.5195 13.1843 
-0.388062 4.00696 9.37891 20.7053 -4.1134 7.125 -3.69153 -4.82751 8.31616 11.3705 
0.412109 -4.20837 7.86462 2.63208 4.67029 -3.03467 -1.20044 -0.841675 16.1582 11.0773 
11.0728 -1.53809 -4.42065 4.63916 0.406738 16.317 2.43738 -0.838257 4.65698 7.18018 
4.96216 10.7939 25.1111 8.27917 -7.67761 8.8468 -0.709839 -0.333496 11.1924 8.86084 
0.370361 -2.52515 -6.3468 1.29602 4.27112 15.6798 7.94446 5.47876 10.2791 9.61108 
-0.812988 14.3184 5.86682 5.25598 1.93274 7.03125 8.15332 2.75391 6.56042 7.67822 
-0.62085 15.2072 7.11682 4.8324 2.93091 5.04114 9.28979 3.60107 6.98206 7.06421 
2.33728 4.7522 7.8877 -0.650879 4.22559 3.06763 24.1931 -5.47827 4.56604 2.13977 
2.74915 7.16553 21.1224 18.1602 -2.37244 4.30481 -0.155029 -5.13269 15.1843 9.85046 
-2.35522 13.377 5.24341 4.0553 3.47888 7.71838 5.76367 3.93665 5.92969 8.54797 
-5.2699 8.02393 9.75659 26.752 -1.8739 8.01575 -6.49817 -12.6799 9.87427 12.3949 
4.99475 3.84436 6.13416 0.733032 -0.53418 4.68958 3.95154 -6.57288 12.7478 4.78223 
1.04358 8.7428 13.8568 -0.0393066 6.70007 2.89233 23.6447 -2.83728 5.06067 5.18384 
-3.20496 8.22009 4.19592 2.00256 6.78284 -2.53992 6.4342 8.93469 5.76648 1.69946 
0.70752 7.15076 28.3859 16.4375 -8.4126 9.06824 -2.7821 -4.00024 17.2332 11.8297 
1.52856 0.0528564 8.30688 -6.21033 2.71301 -5.33655 12.3951 5.56323 1.23083 7.20496 
5.62976 13.1967 35.1802 11.3628 -10.2175 8.86084 -0.703003 -1.9834 15.1539 14.4542 
2.67175 -0.0654297 2.19238 8.86169 -1.37207 15.501 0.190674 -4.77405 10.873 13.4601 
1.96533 -5.30603 1.36157 3.61182 0.345581 14.9618 4.33716 6.15405 13.6178 9.86072 
24.8484 3.20886 4.91821 -2.44189 -1.10071 0.0632324 -1.80737 6.87512 5.27222 4.90112 
-6.9021 17.2418 35.9008 21.7111 -6.02063 7.39673 2.81506 -3.30603 11.5793 7.29333 
-2.31628 -0.370239 -0.299805 6.83948 4.43542 4.49854 0.656494 0.948242 12.2611 9.50916 
23.403 -2.5542 7.01917 3.53442 0.665161 -4.26086 -9.37585 9.11914 0.351685 9.89172 
-0.180176 -2.05078 7.78943 -2.35229 5.27087 -0.47583 22.9569 -3.00708 5.69812 1.66077 
-2.93762 2.45276 1.48669 1.62134 6.61279 4.9115 1.8175 -7.29407 14.531 2.93005 
-2.68567 14.0239 6.66455 4.69824 4.27356 6.27075 3.36414 5.7561 7.23389 9.69714 
-2.2323 4.75647 -13.2244 2.65735 16.5914 4.53369 1.20264 20.7294 0.0102539 15.6101 
-7.56372 5.88672 -1.88062 8.27185 12.1669 2.32385 -1.78076 7.0116 4.9635 16.9181 
-3.27759 15.676 4.72522 4.59827 5.12708 5.99756 4.6449 7.09473 6.23425 9.7417 
-3.45947 1.9469 -3.00806 6.74854 10.406 0.765625 -3.76404 6.11426 4.76892 13.6652 
0.189331 12.9222 27.28 12.7083 -4.84473 4.34399 2.01233 -0.245117 10.8691 4.47888 
1.34058 0.0848389 2.11597 1.92981 3.41187 4.67981 14.4731 -4.59314 0.540527 1.87769 
-0.802979 1.96448 -5.8833 3.36475 9.70996 3.88379 -4.28845 22.015 1.45776 12.8999 
7.99268 4.03699 7.39355 1.88171 1.08618 5.64185 21.6436 -7.92566 4.39209 2.48096 
5.63867 6.60376 6.24854 1.21045 -0.868774 6.80664 21.2793 -7.28162 4.45178 2.55457 
5.13635 0.670288 -0.539795 1.38708 1.31702 5.30273 6.04944 -10.335 12.9414 2.69092 
1.73242 2.57813 -11.0699 5.41943 13.478 5.09277 -7.64233 21.0389 0.19043 14.9061 
-8.25269 7.74646 -2.45056 0.13147 18.4496 -5.21179 3.08826 9.35327 5.02258 7.66064 
-2.35889 6.297 -0.947632 0.446655 9.05066 7.68103 3.1488 0.538452 6.68396 15.9359 
-1.29871 12.998 29.854 17.5811 -2.47632 2.94189 -3.6499 -4.22815 16.6797 9.89673 
-2.57874 12.3008 5.99219 3.82678 5.41357 6.24011 2.50439 3.98999 7.77905 9.78015 
2.9137 6.56982 6.47229 19.4905 -3.10852 7.43347 -0.527954 -6.9762 5.25439 10.0599 
-2.68054 3.69861 6.95874 23.358 -2.87109 10.1438 -6.69409 -5.69373 11.6854 8.98608 
14.8583 -2.34546 -0.186279 -3.20532 6.58081 -3.14294 3.92419 8.88586 4.74719 7.61475 
4.18225 -1.40002 -2.9292 7.50562 -0.00939941 18.2466 5.54333 -11.4073 9.58069 14.2373 
2.99817 -4.58557 -0.0238037 3.18213 7.22278 27.6666 3.85767 -3.87708 12.8135 14.8868 
6.44543 1.51587 1.68262 3.5094 -0.824463 5.53662 1.41846 -11.2782 11.5365 6.98206 
16.9092 -5.55518 2.02478 -0.605957 9.79773 -7.42126 -3.52759 8.09033 -2.63757 7.16187 
-3.18665 4.46631 18.7936 19.8915 -6.68274 -0.823608 -6.43616 4.07483 13.7358 6.34631 
0.0441895 3.26721 -5.76465 5.58423 11.8456 2.10742 -8.91077 24.0807 -0.542603 14.2417 
-3.30273 4.08301 -0.935547 -1.19824 10.2771 5.49597 5.62048 0.934448 7.10889 15.6914 
3.60413 1.9646 -6.07458 3.28333 11.661 3.69165 -11.1267 20.3279 1.00806 10.5011 
28.467 -0.459839 0.923462 -3.30872 4.9624 3.19897 -6.80847 10.6948 2.37573 11.7684 
-1.63525 4.67004 14.5116 9.31067 -0.642944 1.78101 -3.41943 -2.30103 11.37 8.48499 
-3.23755 5.13489 -9.32483 6.28821 14.7311 0.277954 -8.0094 23.1846 4.91272 16.3699 
-6.06177 3.00928 -1.95752 2.16626 11.3145 8.42639 5.81433 0.272827 4.69299 12.64 
-2.30371 12.2894 6.00244 2.81042 4.51746 8.10144 6.66956 3.68188 4.97632 7.39233 
1.02393 4.77075 -7.40234 1.09607 15.4207 2.69739 -4.84619 16.4722 -0.526245 9.07703 
-0.595947 2.6759 5.36169 3.57483 4.12976 3.51196 -0.890747 1.73376 14.4039 8.66174 
23.269 2.00562 1.81384 -7.26624 0.67627 -0.146851 2.84167 10.3137 -0.878418 5.79236 
-5.03479 11.6498 15.4353 25.6418 -2.65527 6.29272 -3.29004 -7.74683 11.7098 11.4753 
5.14624 -0.136475 3.59851 3.59485 3.53235 14.5546 0.512817 -1.04578 9.6084 13.7742 
-2.44824 5.32617 9.34875 19.5042 -2.1012 7.1626 -3.90942 -11.764 8.56616 10.4379 
0.907227 -1.49475 8.18713 -5.56897 5.94836 -2.88245 23.4556 -2.43726 4.03516 5.33167 
25.7013 3.36853 4.27576 -1.98657 2.16345 1.45959 3.32996 3.28271 7.72412 9.12805 
1.2738 17.9484 7.98889 4.12537 6.74805 3.79797 1.89856 6.54272 8.23328 3.59912 
8.52429 12.3853 22.3834 13.3539 -1.56836 0.259644 -3.37048 2.81311 16.1416 7.01038 
-2.7605 5.28333 1.55139 19.364 0.559326 9.55786 -1.19385 4.46399 9.30518 10.6964 
4.35559 7.62292 -5.41052 -4.35938 13.5878 5.36292 1.32129 3.62366 2.26611 9.93115 
6.15063 -0.810425 -2.31848 4.29602 2.52686 20.2091 7.39954 -3.84924 6.81958 6.73523 
3.74048 3.61975 5.38147 5.54895 4.19177 3.07861 23.6423 -4.7406 1.2262 2.71667 
3.38135 5.05469 -3.15063 2.98645 8.59399 2.74719 -6.55884 18.8794 8.29883 10.9187 
3.1687 5.40906 2.91675 3.53064 5.76477 1.75439 3.38416 3.60327 15.8638 7.06323 
1.76794 4.08508 -4.09497 -1.40515 10.5875 2.37793 -2.06616 4.68311 6.78345 14.0043 
25.5786 -3.65112 1.37036 -2.7041 -2.3269 6.19055 -2.63806 -0.481567 10.4802 7.47742 
-1.42419 16.6423 3.63989 2.68835 8.61047 4.52466 2.35229 5.37073 7.55151 4.3501 
2.63281 8.323 23.0314 13.3478 -2.87634 5.27563 -4.56018 5.92712 15.0626 11.4186 
3.79712 -0.926758 -1.41895 23.6892 1.06165 13.5732 -8.59888 -7.86792 7.48865 12.5386 
6.81555 4.81421 3.4696 -2.81506 13.629 6.0896 8.04004 3.96143 2.15381 7.39526 
3.67273 0.126099 -1.59106 6.7865 4.34521 18.876 4.6532 -5.52026 6.57373 5.99976 
4.07935 3.87341 4.09204 1.77258 1.51453 1.62695 23.299 -4.33118 4.79675 1.15405 
3.58032 4.17859 -1.52258 6.36182 9.8761 -1.2666 -7.2002 21.1322 8.74487 13.5818 
4.59106 2.81848 4.00232 3.29565 4.62073 5.84094 1.5033 -1.00525 13.6263 7.99805 
0.665771 1.22156 -3.56104 3.75024 8.22656 -0.845825 -5.92883 6.35815 8.0863 16.2454 
27.8319 -1.49536 0.539673 -6.81824 4.69653 -0.283447 3.86389 5.83203 7.30884 4.51819 
1.23608 20.1162 10.7153 4.68433 8.19189 1.3783 0.433228 6.08911 8.41541 4.82971 
5.78516 9.01501 30.3622 19.9491 -4.52075 3.3811 -5.77185 8.34705 17.9795 3.45398 
3.0293 7.58276 -3.13269 18.4012 4.09131 10.0333 -4.4187 5.08105 4.05066 16.4072 
0.0964355 5.2854 0.714355 -0.141235 11.3735 4.50659 7.9978 4.90417 1.104 6.40613 
5.14905 2.33203 -3.22205 7.37097 10.1176 5.33777 -6.80017 19.7778 3.87952 14.0144 
8.04773 4.45056 -1.06384 1.60815 5.7821 3.40161 4.87756 2.57874 13.4349 4.66943 
0.252808 0.550049 -6.14929 0.970703 11.0046 0.372803 -4.29614 7.94861 8.04541 16.2755 
0.775513 2.94495 2.76099 3.81677 2.06775 2.04114 16.3667 -2.88586 3.09448 2.39319 
1.35876 9.40466 -8.01135 -5.52344 15.7219 8.42249 2.40735 4.32739 4.70715 13.5852 
4.63525 7.43164 12.6426 8.03711 0.105225 -1.44922 -1.74158 7.22302 11.9978 5.11426 
1.03125 0.911865 -1.16174 2.75122 5.93982 -0.00549316 11.619 -1.61633 1.51453 4.8606 
1.7406 9.61499 -5.04712 -3.26526 13.304 8.4967 0.850708 1.42456 5.59802 15.2638 
7.77185 2.9884 -5.13074 3.96912 8.44775 1.13879 -7.12231 23.108 10.7155 12.2765 
3.81067 4.68372 0.928101 3.36145 4.38403 7.15771 4.13245 -0.266479 16.4371 7.98438 
1.80042 3.11511 -5.73511 3.84875 12.2428 6.36633 -2.50562 11.4983 9.97314 16.1041 
3.57813 12.3257 19.88 8.45801 0.858276 3.84167 -4.89075 5.68054 14.2351 11.2716 
2.10034 3.9425 -4.06885 0.832764 10.9868 0.802246 -6.36108 6.66394 6.78455 16.7406 
5.6405 4.04224 8.73938 26.702 -2.96326 11.1672 -3.29907 -1.25085 15.7032 13.2255 
2.43164 4.90039 -7.28625 -0.727539 11.535 3.73132 -2.10803 6.57068 7.64966 15.8724 
6.51855 0.321777 3.05505 24.9813 0.581421 11.3704 -5.3396 -2.15979 10.4974 11.2443 
26.502 0.878296 2.17847 -0.566162 5.85364 2.79211 -4.97839 8.04688 2.5166 8.9657 
22.5403 0.0343018 5.90259 2.05811 1.81592 -0.11438 0.0213623 3.06543 2.2876 3.43896 
-0.22644 15.2522 3.17712 3.90125 8.37073 4.62427 2.04761 5.43652 5.92603 3.96716 
24.493 1.23389 2.61218 -4.755 2.20142 1.23694 1.97266 4.35205 3.98987 5.24426 
1.3866 3.24426 -2.15808 -1.82861 15.9446 2.4364 7.9126 8.41565 4.91223 9.33948 
5.98425 7.44128 19.2437 12.8082 -2.81677 7.76221 -0.751343 6.81311 13.7427 8.5719 
0.821899 1.62659 4.59851 3.81079 2.61499 2.94751 18.6155 0.748047 -0.540405 2.9845 
6.81934 3.23633 10.3636 21.5873 0.756836 7.88232 -0.0267334 2.10803 11.6135 10.153 
6.08752 -0.349854 -2.09009 6.44116 2.7998 21.4727 4.94849 -2.41931 5.88416 7.6781 
3.84778 1.71216 8.57434 25.9487 1.3927 6.28577 -6.20544 4.61609 11.1499 12.7126 
25.8145 -2.07727 1.20923 -3.43469 5.81238 -2.50952 -9.14819 9.98633 -2.00427 15.6393 
3.95984 4.90173 1.66138 17.2122 0.147217 9.72205 -2.43298 -0.194092 2.8866 11.583 
4.85083 6.27869 0.904419 -6.36316 19.058 4.36292 4.68005 2.67896 7.48352 8.15332 
1.38306 19.5889 9.16064 5.84473 10.1465 5.30432 -4.07996 8.28027 7.9978 6.62781 
4.25452 1.69958 -1.03162 3.96191 5.83228 21.111 5.20435 0.782227 7.43347 6.37817 
2.88062 4.29224 4.52649 29.2573 -1.58032 16.3569 -3.08582 -1.61658 13.4 13.1439 
21.8501 -0.871704 2.88208 2.61365 -1.36182 4.17322 -5.94556 2.41614 5.26917 8.22522 
5.71863 2.82751 5.48145 2.2019 6.79163 3.29504 3.08459 -2.27869 14.7362 7.57178 
4.18616 5.14551 8.1322 25.4719 0.395996 8.7323 -0.00830078 3.68542 9.06409 11.9869 
31.1072 -0.94165 -2.09473 -5.92334 4.09534 7.45557 0.869385 10.34 5.94495 7.53333 
0.792725 1.70801 1.20593 2.37659 -0.546509 -1.44849 14.6151 -0.587646 3.00476 0.187134 
0.262573 18.9166 4.6366 4.2865 11.4037 4.71777 -1.52112 6.93127 8.37524 5.93909 
3.98132 3.1156 -5.72278 8.77344 7.9845 1.91418 -5.1488 20.7836 5.84436 13.8777 
8.0199 8.16113 2.30884 0.321411 5.36853 1.93115 4.25562 4.80066 15.1458 5.39514 
20.2194 2.44495 -0.686768 -2.11536 1.61597 2.24219 1.60193 4.60181 2.3219 3.10083 
1.94946 3.08984 -7.58289 6.76196 11.672 -2.35242 -6.18591 16.5399 3.93103 17.1527 
7.32678 10.2773 24.1069 12.4764 -3.45679 4.46985 -4.37549 7.38806 11.7108 13.46 
0.819214 1.30371 4.13098 3.57996 -1.33142 0.0622559 20.0446 -0.516724 3.2627 0.206299 
5.17029 2.34924 -6.03625 1.30798 9.19275 4.58862 -4.08667 18.5507 5.73621 10.1312 
0.336548 15.856 4.92151 2.70691 8.34216 2.55603 3.02209 4.64587 7.11914 1.75024 
-1.09277 1.17883 -4.47449 4.10632 8.9032 0.837036 -1.81201 5.15613 9.20618 16.0433 
0.946411 3.88232 2.06995 1.85425 2.86926 4.95837 19.983 -1.85046 2.04688 3.76941 
5.30994 5.36572 -4.427 -3.08655 9.30444 0.885742 1.24976 6.37341 5.90186 9.94275 
5.24609 5.65857 3.84497 -0.259033 8.30664 8.70227 4.74927 0.80896 3.46765 5.30835 
1.89941 2.33032 -3.53967 3.54199 8.79834 -0.50708 -4.42859 6.38306 9.02673 16.557 
2.08826 6.61804 -6.62329 0.898315 9.93872 0.347778 -6.14905 10.2627 7.39343 13.3607 
2.03601 1.92017 3.45374 4.62292 1.0365 5.01831 15.254 -0.345459 -0.835693 1.71582 
3.92712 4.30872 -3.06067 2.03198 7.02417 3.5343 -2.5874 12.3506 4.23389 9.04504 
0.436523 19.1254 5.42419 3.75525 9.10547 4.37207 1.70825 4.56128 8.49072 4.30225 
8.33215 7.28467 26.0165 16.8909 -8.00562 8.16833 0.844116 6.06641 15.0311 6.9978 
9.82849 1.87305 -4.35107 4.36633 6.17273 25.3998 2.68884 0.183472 7.63647 8.58557 
-0.754761 0.182983 3.93396 24.5425 -1.73767 10.4342 -9.85425 -2.45068 7.67419 15.4425 
3.78528 2.29285 1.70557 7.71936 8.29993 -3.33777 -7.25879 21.3625 5.70837 12.7368 
6.3407 -0.925171 5.2998 2.01526 6.30994 5.44397 -2.70105 -4.54175 12.0175 9.99329 
17.814 -1.43994 2.19604 4.55835 3.37915 3.09497 -4.29895 2.57703 3.28333 11.5686 
-3.35815 9.96875 0.59021 0.962769 4.16174 7.6958 2.2644 3.67114 2.03113 7.88525 
3.24463 6.08484 18.4609 8.47046 4.70447 -5.10828 6.30615 -3.86841 6.21497 -0.168579 
-6.16272 2.38965 -3.84009 2.84949 12.199 1.73328 -1.32056 1.52173 3.50671 8.95728 
3.88501 -4.07813 -0.698364 11.601 -0.735474 14.2012 1.44177 7.21301 11.3673 7.43127 
0.302612 2.28113 5.22461 -2.11475 5.62793 2.59668 18.7609 -2.35815 5.78821 4.23132 
0.608154 7.18335 4.93384 9.97095 3.50061 2.42871 -4.28296 19.2236 3.35181 12.0055 
2.58984 2.67566 2.91614 2.35681 1.32849 4.88623 2.22278 -4.73132 13.1327 7.5813 
-6.77625 2.96924 2.23914 8.22192 6.48364 5.8595 -0.619995 7.46899 4.90295 14.6504 
19.4307 5.30774 2.90881 -5.00659 3.74255 1.36401 1.99915 9.23376 2.46863 9.53955 
-3.31213 12.9242 1.42126 2.8457 5.10437 9.29602 4.17578 1.82947 4.38757 9.00464 
0.292603 1.46252 1.49414 15.3828 -2.42151 9.32068 -1.34448 -7.25586 5.90295 9.31372 
-6.96118 5.54297 3.25159 1.1167 12.8562 1.96655 0.96936 3.95508 3.31616 8.94238 
2.5481 -5.04663 -0.013916 -0.308105 4.31689 19.776 2.3761 0.537231 15.4283 13.7684 
0.80188 -2.08423 6.29724 -3.91272 11.6631 -3.10876 23.3937 -1.40918 4.84436 6.15833 
1.7666 6.65625 3.82336 15.0934 7.67468 6.35913 -6.63379 26.6171 0.887329 16.233 
6.18213 -1.39905 -0.279907 5.93091 -0.495117 5.01709 -0.724121 -5.88867 7.79712 7.85974 
18.7557 2.21252 1.20386 0.67688 4.93591 3.1189 -2.47168 4.51074 3.98254 6.78101 
-2.23071 11.3538 3.9801 4.80029 3.07556 3.15491 2.48242 5.43384 4.91138 6.02625 
-5.47644 -0.362061 3.47681 15.2671 0.903931 8.59558 -5.82068 1.06702 5.47766 10.6417 
-4.43115 6.25745 -4.22888 1.32007 19.0367 0.188599 -2.3999 6.48145 1.27112 8.34619 
1.81677 3.49634 6.85522 9.3938 3.84509 -0.0664063 -2.71777 19.3308 2.64856 8.4751 
2.79321 4.84399 7.09753 4.99316 1.7312 6.22302 1.20825 -0.58252 13.937 10.6138 
-6.29663 1.8584 -1.60742 2.24487 10.0262 4.04407 -0.104248 6.70007 5.52429 14.9886 
0.10083 5.66638 4.16992 7.16321 4.53784 -0.454346 -4.17151 18.9319 1.72888 10.4763 
7.61646 -3.37793 -0.0220947 5.48596 2.12769 18.9418 -1.30627 0.885498 14.0676 10.2004 
7.78479 -0.669922 -2.27771 1.37817 3.18127 13.4022 3.2179 4.29114 9.6897 7.72693 
-3.70874 11.8524 4.19177 3.84155 3.45642 5.92883 3.1228 5.48755 5.22119 7.51855 
-5.4198 3.88049 0.182739 9.06812 8.75952 3.45056 -1.20618 5.63708 4.98547 15.9105 
-2.34595 4.90308 0.462036 5.16821 6.64502 2.03882 -1.22095 5.53186 5.35632 15.1385 
0.383667 5.32239 4.05908 13.1469 5.72742 5.74243 -7.19287 24.4763 2.17786 14.7004 
-2.69409 12.0583 6.27783 3.31665 2.54675 2.18774 2.2981 5.08362 6.90125 6.14465 
15.1624 -3.48413 6.85876 -5.40808 -0.815918 -0.726074 5.30432 8.78357 6.26501 4.29126 
21.0988 5.04102 1.72229 -4.57703 0.113403 6.41321 4.90527 9.7533 3.3053 6.88611 
-0.897583 -0.257813 -0.346558 12.0924 1.8949 24.6075 4.90808 -8.12659 7.26184 13.771 
-3.31689 5.10608 -3.43787 5.04529 10.3098 4.2832 -2.58215 6.99866 4.46484 14.9841 
2.14417 1.08105 -0.827148 17.7339 6.81677 7.25879 -8.58679 26.5369 1.22034 16.7111 
-2.30896 11.0055 4.28101 3.36719 2.58411 5.40906 3.13049 3.8125 4.14746 5.91943 
3.45105 2.42249 1.64185 13.7435 5.11743 6.85364 -5.67517 21.3616 0.96167 12.7721 
0.152222 -3.96692 10.7529 7.5116 1.98962 -2.37976 1.75964 1.79895 5.61023 3.30237 
2.29871 2.46899 15.0536 8.97229 1.3739 -2.9364 2.91138 -2.55554 6.57117 2.88867 
0.974609 1.99194 0.841309 14.7383 -2.49097 8.93347 0.763428 -6.74133 6.48889 7.47314 
2.58044 4.87061 15.1187 -0.0701904 0.619141 -2.76709 24.5269 -2.71375 6.2196 0.616821 
5.06494 2.40234 1.88318 3.87109 1.06091 4.08801 -0.935669 -4.93896 12.7939 9.84644 
2.63733 3.1825 2.37195 9.42871 0.38623 2.68701 -4.11389 -1.66504 4.07202 6.95349 
-0.8927 4.89087 15.6488 7.6427 6.10437 -5.14136 9.27075 2.98621 4.07043 1.53796 
23.3442 1.18201 2.14819 1.64551 3.48206 5.75671 -5.16797 4.72083 4.31946 11.0269 
16.7938 4.01965 4.8252 0.228516 2.83484 -2.19788 -2.01843 6.74951 4.06665 9.57764 
-1.74146 2.00342 3.85938 -2.88013 5.64502 1.95776 18.9199 -1.05701 4.51111 5.69666 
-0.830566 13.8718 7.03821 3.45203 1.86169 8.26282 7.09631 3.06689 6.25232 7.84387 
-0.731079 6.6825 4.6228 9.68054 4.72461 -0.565796 -4.62036 19.5308 1.54663 11.9574 
2.63 -2.7511 0.524292 4.72778 0.0252686 13.0059 0.293823 1.31177 9.14929 9.83936 
5.07178 -3.36963 -3.2218 3.86267 -0.950806 4.49524 1.47754 -0.553833 8.16895 6.09827 
-1.27478 0.54895 10.5219 5.24243 7.06799 -3.40344 19.6566 -1.17004 5.93091 8.24475 
-1.36218 8.63892 19.9894 7.33118 3.15759 -1.28125 5.28296 0.453857 6.21106 4.71387 
-1.81543 3.07581 -0.227783 6.63672 6.7666 4.75354 -3.75916 4.49158 3.13013 13.7267 
-3.08618 8.49695 -3.21704 -0.468506 18.2834 4.46521 -2.72192 1.14514 5.98901 11.2922 
5.57153 0.177368 1.71094 6.3833 0.803589 1.96497 -0.269165 -2.08215 11.2002 7.61206 
2.58118 5.41711 3.32104 7.06238 0.799072 5.71777 1.74243 -3.27112 14.0375 8.5282 
5.36487 5.49487 -0.942627 16.167 6.34192 7.73303 -8.31018 26.4712 2.81909 14.9547 
-2.31946 11.7694 5.00854 4.26892 2.79492 2.95557 2.97339 4.49207 6.08716 6.11829 
18.3114 3.10474 2.11243 -0.474854 1.18701 3.27869 -1.24292 5.6814 -1.33044 14.1038 
3.87073 -2.00525 4.05908 5.35291 -0.234985 2.26636 -3.08313 -1.08667 10.8073 8.48254 
1.16968 7.21753 3.06177 13.3518 5.99048 4.76587 -5.53259 22.7534 1.89465 14.6744 
2.15771 9.48206 4.59045 15.5217 7.35901 7.0874 -6.37964 27.6332 1.7561 16.2238 
1.29309 -6.25061 0.463867 13.8536 1.32153 25.687 -3.90588 4.64136 15.422 16.439 
1.14465 1.79443 3.76355 5.56824 1.02368 4.80505 0.134033 -3.14795 11.1366 8.78259 
1.12781 1.21252 0.613525 9.35974 -2.16357 15.6843 1.97449 -7.30505 5.97888 9.04114 
2.20007 2.38977 5.0282 12.7225 -2.578 4.6416 -1.93054 -1.05603 4.62634 5.97168 
-6.16895 7.12524 -3.4408 -1.71167 20.8354 3.65344 0.26355 0.88623 5.87598 10.5566 
0.637207 6.68933 9.43811 1.20654 6.03784 3.896 23.8859 -5.46411 5.49585 5.896 
-3.05627 10.6208 0.903442 -0.335938 5.31921 7.57983 1.98193 4.29846 1.17151 8.64063 
-4.13367 11.8628 1.375 0.725342 5.7146 8.24597 3.25476 5.41797 1.54797 9.28723 
1.61523 -2.65723 -1.65369 7.33215 0.478394 18.9111 -0.725586 -5.20459 7.97925 10.4659 
1.39478 -4.80835 2.06543 16.5214 -1.03674 24.7382 -0.162231 1.68237 11.9667 13.6102 
18.266 0.541016 5.72607 4.32031 2.74133 2.61694 -5.33691 2.46777 4.64661 10.8124 
-1.1825 8.35339 2.94104 9.60437 3.69495 1.5271 -4.31775 17.2815 2.14844 11.5914 
1.49658 -0.115234 15.5404 6.61877 0.423096 -3.44409 5.02979 -0.313721 7.50696 1.88586 
6.1499 7.77002 8.95972 17.1774 -4.75586 6.02026 -1.19543 -3.52087 3.06543 7.65576 
-0.452148 2.51404 7.27539 0.675415 3.10938 2.22827 19.4385 -4.98755 8.91125 4.83704 
-6.44092 6.90808 -5.71509 -1.60767 19.7604 5.51343 -2.9447 4.12817 4.85046 9.21729 
-2.52539 12.903 5.74426 4.67908 2.75696 4.81458 4.24133 5.77942 5.56067 6.68225 
10.5269 -2.94409 15.5006 5.40552 0.0540771 -5.6886 -0.406738 1.16687 6.41699 5.86865 
-8.43286 8.0946 -3.17505 2.80273 16.6292 3.23132 -1.50793 4.50342 4.56262 8.54004 
-0.928711 14.6487 6.84668 4.16846 2.36401 6.70068 7.02917 4.15088 5.98096 7.53613 
5.85693 -2.23193 1.06189 7.01489 0.291016 21.8035 5.7312 0.953979 10.8287 11.7769 
-3.18018 8.7135 -1.41345 -1.42395 14.766 2.36182 -2.36536 3.13953 4.97949 9.16357 
-1.52002 4.24475 18.6024 7.33887 1.73511 -3.16492 6.73352 -0.944702 8.50916 2.3999 
23.3805 8.3252 4.71313 -2.76343 -1.01465 6.82593 4.80664 9.72913 1.68567 11.2996 
-4.52197 5.99915 -3.30469 1.13489 14.472 1.71252 -2.30884 1.98608 2.69202 7.07813 
3.93176 2.94324 4.04944 7.4978 -3.0553 5.09082 0.827881 -3.73828 13.6656 9.29382 
-4.3866 1.83545 3.40417 -0.972778 7.77039 2.71191 22.1951 -2.80103 5.84497 5.13501 
-2.85107 11.5962 4.22632 3.3949 3.72778 7.07971 3.67737 4.6781 4.31848 7.19885 
-3.43835 7.81494 -4.10217 3.51538 11.546 5.88538 -1.50305 7.34229 5.85559 15.9966 
21.236 8.56738 5.91724 -1.55505 3.69348 -2.31128 2.61975 9.59229 2.19092 10.0859 
5.01917 5.55908 21.8158 7.94006 7.92969 -7.20129 8.51318 -4.69299 4.54028 0.946045 
-2.4856 -0.928345 1.17407 9.27991 4.70764 23.6656 4.20605 -6.80872 9.50903 14.6783 
-2.49634 2.13013 8.13562 0.522583 2.16333 1.82532 18.0403 -0.490479 2.20752 6.96631 
-3.76453 4.22156 -1.83264 4.88684 9.3114 4.7583 -0.296143 4.12195 6.1272 13.4943 
2.40051 2.84583 5.04126 14.2819 -3.25183 7.68811 -2.91785 -4.07532 3.70605 8.32922 
0.250244 1.85059 9.00195 -1.17859 4.11694 -2.64246 13.8538 -1.62585 6.02612 8.229 
-0.240967 5.10095 1.27356 17.553 -0.549438 9.10242 -3.50586 -7.08521 8.32996 10.8334 
0.385986 0.831543 8.24475 -0.505249 9.76917 -1.69812 14.6761 -2.75354 3.43591 10.282 
27.5973 2.7832 1.97937 0.881836 3.03467 1.78406 -3.9231 6.4679 1.60767 15.5405 
-4.02881 12.8331 4.33154 3.34656 5.7699 8.26685 4.23914 3.79041 2.8158 9.50427 
1.30298 2.3313 17.9716 5.80591 -6.30811 6.3125 3.125 6.24402 3.53699 8.64124 
-1.47961 1.12402 4.16907 16.4155 -0.612183 4.07739 -2.30359 -4.91248 5.80652 7.65259 
-8.83777 9.71851 -2.29785 2.55798 25.4001 1.45361 -1.25464 7.0271 2.89063 11.7935 
4.83228 -0.510864 -5.47119 9.83374 1.06885 17.1251 8.82007 -10.7925 3.57788 7.97876 
-1.44617 1.04956 7.16724 -7.55627 10.4932 -4.20056 18.2971 6.94653 -0.920654 6.1261 
-1.52637 1.12708 -2.83179 9.51929 11.0214 -2.16748 -7.34387 22.7236 -2.49854 17.5729 
-0.49939 9.03931 3.91504 4.5863 1.59241 5.31836 8.87769 -8.92383 15.5464 8.25366 
-7.94336 1.7146 -5.62085 6.14441 11.5896 3.50281 -1.27649 6.18323 8.25256 16.2828 
17.8416 -0.280396 2.01196 -10.1755 2.99121 -6.10083 1.78638 11.1373 -3.12415 3.85608 
-4.70105 13.415 5.01062 3.77637 6.01477 9.71802 4.51172 3.16626 4.58496 8.99561 
8.22131 -2.96899 24.2042 4.02124 -5.56494 -9.70032 0.82666 7.36023 10.3872 2.06824 
-4.89307 5.1936 3.50415 11.9297 -0.908813 6.05981 4.10229 -2.15771 4.78174 2.2948 
-7.7323 8.69629 -8.39539 3.33545 25.1235 4.08289 -4.48145 10.9436 1.78406 12.5037 
-0.379639 2.64661 -3.53271 5.80969 4.63855 7.68494 1.5835 -2.22302 7.22314 4.96667 
5.29016 0.693726 2.4032 -5.54126 14.9294 -2.48169 22.156 3.27039 -0.294312 3.55164 
-4.04431 5.67993 4.19727 15.1207 11.3975 0.606323 -5.72498 29.8169 1.8479 19.1853 
2.44714 5.8125 4.00085 4.91235 -2.21606 8.01733 9.29175 -5.10388 13.1593 6.08435 
-4.57959 3.74023 -3.4613 5.0575 8.81958 4.20142 -1.20117 7.06079 4.28198 13.8868 
20.0188 -1.17529 3.46338 -7.70288 -2.45605 -4.21948 2.21924 8.448 -1.11377 4.31433 
-1.60571 12.1732 3.40002 2.85181 4.74084 7.68628 6.42029 1.87793 3.97156 9.45825 
5.05737 2.74329 29.4409 6.02808 3.69214 -12.873 1.03015 7.09155 6.93689 1.49268 
-4.88892 1.47937 6.54004 22.5443 -2.44238 8.16675 0.733643 6.49158 5.50708 4.71399 
6.62146 1.38855 -2.21155 9.25745 2.99585 17.9844 -0.0251465 -5.74194 7.62317 8.72644 
-0.703735 3.29138 10.5637 -7.83899 8.00427 -5.14709 21.7909 8.50037 0.527588 3.18884 
-2.95239 3.48352 0.53772 9.84155 8.59924 -0.300049 -4.75574 23.9158 4.06873 15.3779 
-0.551514 2.55811 5.50684 2.77722 -1.89246 2.41614 1.59229 -3.59705 11.2787 7.28101 
-3.72681 11.4468 2.20129 1.65649 5.20752 8.10828 4.34912 3.61768 1.40796 8.97058 
23.4434 1.06201 0.948364 -6.53979 3.96533 -1.90698 1.78259 11.7869 1.03821 3.80042 
-1.86951 -2.24939 -3.39941 0.663696 9.13269 2.33179 -4.24756 5.21765 2.95581 14.4177 
1.99719 2.51636 2.77979 15.9861 -5.8645 19.2926 2.26221 -10.453 6.55591 10.9255 
4.48804 0.154053 -9.18811 6.13318 11.7242 2.15063 -6.86597 25.3274 1.27771 13.6696 
4.49646 7.33289 5.21887 8.22192 -1.57581 15.3359 2.18604 -6.69861 6.13159 9.53613 
-4.67822 12.5808 1.87183 1.97571 6.06616 9.39539 2.85767 3.63721 2.61426 10.5026 
1.55542 2.51184 4.94824 4.07959 -1.07727 4.52661 0.604248 -2.16333 14.1709 7.52808 
2.9519 5.80737 4.65637 -7.63611 6.12573 -0.0374756 23.6946 -0.269531 2.36133 8.37085 
-5.15186 -0.258545 -5.39001 7.59155 13.052 -2.10388 -3.02161 7.58728 1.12988 16.9731 
21.3049 -3.69824 5.08228 -0.35437 0.12915 -0.600952 -3.5658 4.53284 -2.69043 7.68262 
-4.55786 8.40918 -4.1272 -4.08521 23.0514 3.72253 -4.90613 7.16785 3.625 10.5101 
-4.14636 13.1284 3.7832 2.91028 5.62817 8.34265 5.4895 4.21472 2.39014 8.18628 
-4.62451 1.90649 -3.74219 7.0354 10.1364 -0.214478 -3.04712 10.1897 4.47876 15.5155 
0.955444 -3.48816 9.01538 27.9893 -3.09326 12.5944 -14.1509 -3.79761 14.2925 15.2156 
-1.89099 7.25977 4.48523 4.33411 -1.51843 6.32764 9.33813 -3.08765 15.04 7.75244 
-4.67273 5.1864 0.0633545 0.879395 21.0482 -3.66809 -1.35437 7.26758 1.82959 12.8662 
-6.01172 9.87292 -2.39221 -0.0424805 25.1902 1.21716 -3.07422 6.84729 5.23193 6.4873 
-1.15247 6.2655 5.29285 5.01367 3.15906 0.0649414 -1.88318 15.5624 3.82117 11.5776 
26.5255 0.217407 4.71887 0.717529 5.84595 -5.14136 -5.47314 11.3416 1.28748 13.575 
-3.95837 12.0168 2.81628 2.36938 5.30859 7.53601 3.51001 5.23547 1.42358 9.40417 
-4.427 2.75964 -2.56152 7.33618 8.63892 2.87097 0.837524 5.4541 4.60999 15.2543 
6.86804 3.00818 18.5706 4.13245 4.59875 -8.26367 6.87219 3.30713 1.77747 2.60303 
2.45068 3.82007 9.72412 7.11633 -2.62622 4.12561 0.280273 -1.78125 13.3695 10.0731 
4.29529 5.30359 2.10364 17.9768 6.79211 5.64819 -8.60461 24.3763 -1.94727 16.3328 
0.577393 2.58215 7.39526 6.16174 -0.86853 3.7937 -1.14758 1.36987 15.5309 11.0078 
8.74719 0.530396 18.3119 15.0348 -0.614136 -2.31189 3.50818 2.83826 0.717529 6.79114 
4.71423 7.44043 6.52637 13.4297 -5.85974 16.1917 2.99243 -7.10327 5.26599 8.19666 
-2.34973 -0.276978 -1.43604 8.20715 10.3031 0.447754 1.57458 3.99451 1.40881 11.6783 
-1.94751 3.59216 9.07678 -5.82727 7.69019 -1.6825 23.6014 1.68774 3.44617 9.49963 
13.3663 1.78687 5.32544 -4.36438 3.80066 -6.49597 4.00623 7.02747 1.33374 1.23376 
-1.32239 2.80273 8.31274 -0.296143 9.20288 -1.97559 17.2645 -1.01318 4.16711 11.104 
5.40161 1.14844 -2.3772 16.2556 -4.2738 17.5669 5.02612 -8.80017 4.87878 10.0358 
3.36865 2.93079 0.308594 9.75208 -1.43188 20.3494 4.42419 -4.47839 6.18384 10.4012 
-3.82861 -2.58325 2.79114 22.4291 -2.03259 13.1356 -10.6178 2.60913 10.4424 16.1241 
-1.26599 7.37097 7.76208 19.9825 -0.59729 4.09985 -2.78296 -6.63782 4.35388 7.75598 
-5.87769 -2.22839 4.61707 19.2295 1.27991 9.11316 -8.78064 4.15381 3.70557 12.7921 
-7.00464 3.48389 -2.84692 6.6864 9.41174 1.88232 -1.71558 9.52832 7.26587 14.2844 
-1.33533 -4.59888 7.96472 -5.25769 8.52588 -0.0581055 3.44421 -2.59998 12.4833 7.29846 
-4.11182 12.9215 3.8811 4.46619 5.84521 7.46887 3.66382 5.40015 3.41138 10.0242 
-2.52185 12.3711 3.18188 4.32263 4.97864 8.43018 5.28503 3.36121 3.35352 7.9364 
14.1847 -0.836914 3.14197 2.57031 3.83887 1.58057 -3.146 5.59387 -3.45496 9.70447 
0.0925293 6.22705 6.79187 -4.40906 8.12842 -1.47754 18.9349 6.65356 -0.443848 8.43616 
-3.32544 12.5981 4.43164 4.36853 5.34229 9.35632 3.51965 3.10046 5.00256 9.84412 
24.1516 -0.715088 6.36133 2.24841 2.52209 -4.45361 -8.45239 9.36401 -0.488403 13.5276 
20.9792 -0.116211 5.84253 -9.40234 -0.269531 -5.84888 1.8363 11.0861 -0.214722 4.10535 
-0.563477 -0.974243 3.64551 1.81433 3.36182 -1.63623 12.4985 2.35461 5.10986 0.560669 
-3.70581 0.606323 20.6077 3.1687 2.65442 2.01563 2.51611 5.40027 3.29639 9.18481 
-4.09729 12.4857 1.40417 0.921631 5.85779 9.02087 4.61694 3.52271 3.07642 8.78345 
-3.05383 11.2612 1.01001 -0.502686 5.29785 8.46777 3.19556 3.60938 1.34802 8.95679 
-5.00647 1.10669 6.49963 26.6769 -2.58545 12.1489 -9.98389 -3.67493 8.20544 16.9567 
4.81274 8.04163 12.4147 3.16846 1.6864 2.62183 6.3905 7.87744 6.03528 6.75513 
0.0999756 3.49597 -1.32214 3.03918 7.78174 2.71619 -0.658569 10.839 -0.376953 8.9812 
0.174072 5.02563 3.37842 8.43555 4.61584 -0.0561523 -4.646 16.2618 -0.363159 9.92896 
-0.849487 1.6532 7.19189 1.00134 1.86511 4.21606 -0.566772 1.83887 13.0619 11.124 
-0.217041 8.82507 4.73596 5.08704 -0.444702 9.67859 11.4174 -7.56506 15.5581 9.01843 
1.49109 0.782837 0.563965 6.56628 6.1261 0.630493 -6.48901 14.929 -1.74121 9.59106 
-1.69934 6.85669 4.99548 5.49731 -1.59375 5.82776 4.09155 -3.49048 15.931 7.79785 
-8.30688 5.47546 0.734131 1.45972 17.3259 0.950562 -0.679199 6.58325 1.78406 10.036 
-2.14282 7.27393 6.8009 -2.53882 10.0452 -1.26636 20.8182 3.50012 2.86938 10.8378 
24.0441 0.784912 3.46997 2.50586 1.83459 2.37354 -8.83093 3.35327 0.365601 15.1006 
2.53418 6.09229 17.9128 1.42236 1.23083 0.306396 5.10486 10.3047 5.78284 8.80762 
23.5374 4.79053 2.94788 -3.65881 7.76135 -7.00769 2.76257 9.90564 -2.83728 10.6721 
-3.00757 1.89636 -0.820923 3.23999 11.1678 -4.07495 -0.935791 22.7247 -0.092041 14.3845 
28.2037 1.64856 2.54919 -2.00122 5.578 -1.77637 -5.62427 9.3623 -2.26929 17.2053 
-4.83301 -2.23035 3.49622 26.3364 -1.77161 12.1803 -12.8655 2.27588 9.94446 18.6718 
-0.826172 0.177368 5.69861 -5.59558 4.69775 0.335327 18.2185 1.16577 4.52417 3.57056 
-0.273804 0.0463867 8.05566 2.07361 1.4729 0.132813 -1.78125 -0.283569 14.6909 7.18591 
-0.394897 4.11584 0.221924 4.4657 11.9292 -1.82898 -2.60205 15.9379 -2.27771 12.0317 
-3.9032 14.0359 4.80066 3.97583 3.94922 4.57288 4.70776 7.15747 5.60083 7.81458 
5.60962 1.53845 1.63025 17.1169 -2.00989 19.0507 5.13574 -7.6582 2.32751 9.51636 
-3.48267 5.27417 -5.04102 4.0564 12.0481 4.81763 -1.87903 6.85132 4.52734 15.3289 
-6.86743 6.24182 -4.87305 4.5177 14.2092 3.59033 0.199585 6.14429 5.05652 15.8629 
1.23816 0.550049 7.82129 21.5854 0.531006 7.90906 -8.72217 -2.88257 11.8851 13.9441 
0.319214 2.08362 5.1217 4.03625 1.50012 1.49231 -4.04431 11.2642 4.86938 7.7168 
2.22852 1.33484 16.1241 5.24646 2.02441 0.419922 6.00525 -0.255737 3.19775 5.92542 
-3.46851 7.06506 3.20325 1.66833 13.5269 -3.06104 -2.47156 7.81433 2.00854 9.65222 
-6.55713 2.86206 -1.93176 4.29211 10.2437 0.133545 -3.19458 8.02612 4.91504 14.2091 
-3.63879 7.13831 -3.6217 -2.55798 19.5411 1.37842 -0.2771 5.90173 1.8949 8.72302 
4.5166 3.23999 4.37134 13.3167 -1.21753 8.08838 -3.85999 -1.93213 1.80859 6.96826 
1.46008 -0.350586 13.2909 -1.39697 0.990967 -3.73413 22.0992 -1.70032 4.44678 -1.27905 
5.1062 8.01941 25.1472 10.3529 3.3031 -2.68481 3.35449 3.38965 6.20837 6.51282 
-2.63879 4.24487 20.1244 4.9552 1.32935 1.2572 5.50537 8.49402 4.62061 10.1614 
9.47742 1.505 -0.742554 11.2704 0.256226 17.7289 0.524292 -6.45959 8.56445 6.14185 
1.01367 4.28552 7.25366 19.6277 1.21753 10.6465 -3.60181 -3.17078 13.2964 12.0551 
3.80432 7.9043 24.2526 15.9392 1.71545 -3.17407 -1.45325 1.00183 9.29675 8.83948 
13.2769 2.22375 -0.536377 5.02258 5.07996 19.2544 2.7002 1.45801 9.47314 6.95007 
10.3152 3.38489 10.4388 14.436 -4.41675 21.7284 -4.83423 -6.61499 14.3838 12.9064 
-1.7229 3.27344 -1.20886 1.88257 9.9707 6.85474 -0.422974 3.30066 4.60596 13.889 
-7.94788 6.91541 0.248413 1.49011 18.9406 1.82007 -1.20996 6.3064 5.28455 9.61194 
-0.403809 16.4845 8.53345 0.363403 4.09729 3.19995 1.51599 6.7959 5.18945 5.26099 
2.18896 1.45776 3.01746 9.49622 4.68103 2.61365 -5.28589 14.2521 -0.304199 10.4583 
6.56348 12.8123 21.946 5.99255 1.5188 -2.97437 16.4819 4.06543 8.45801 3.09387 
19.3007 0.948608 1.74658 -8.01318 1.18457 -5.10608 1.18323 12.1544 3.16663 1.73267 
-1.95935 13.9847 6.76831 3.94446 4.51184 6.03271 4.22791 4.1311 7.97229 10.0887 
-3.65051 8.41553 19.8585 13.8062 -7.07556 5.75806 -1.72522 4.11951 7.19922 6.69141 
-1.37085 3.94739 -3.75122 10.9001 1.14026 6.36597 0.29834 -0.800293 3.84106 6.88354 
-12.2203 11.8885 -0.0692139 6.19482 26.8549 1.39014 -7.14026 11.0197 2.81531 19.0345 
-2.3324 1.83508 -2.49109 1.76001 7.70105 18.3792 2.95972 -4.23816 15.4222 11.5479 
3.66199 5.94214 10.2764 1.23108 8.43958 0.516724 20.9655 -0.0637207 0.903564 3.63916 
-3.03613 5.00403 3.02673 11.0272 2.32922 4.30249 -5.27795 15.6249 3.75708 13.0057 
-2.22266 0.517944 5.54492 4.40906 1.19531 1.50024 1.24353 2.50439 11.8761 7.33545 
-3.40564 1.82324 1.5636 0.0666504 8.12512 3.00867 -1.50586 3.9281 7.28845 13.7454 
31.7732 3.53699 3.1145 0.535034 5.00769 1.82336 -5.48889 9.30408 3.18347 16.26 
-3.30994 13.2803 4.99878 4.27576 5.13184 7.526 5.55103 5.1947 3.41028 9.1217 
0.446777 -0.163574 16.7712 13.0247 -4.50842 -2.21191 -4.59363 10.9515 7.08325 6.08984 
-3.51477 0.340454 -0.274048 17.2662 1.80884 8.49207 -6.18542 7.83716 6.20068 12.3752 
-8.27136 3.44507 -1.73804 8.4032 17.905 -0.658813 -3.14697 5.18323 5.33667 8.79736 
3.55029 -4.45544 -6.11719 -10.9509 8.66138 20.8728 6.13428 -4.56006 14.1056 5.88818 
1.60522 2.4729 14.0334 -1.36865 3.96619 -6.58154 19.7909 0.122925 1.15234 2.6355 
-1.41309 1.47473 9.6427 6.89966 -0.141602 -1.91785 -4.04138 9.84314 8.49939 8.94519 
10.5276 -1.0365 -0.470825 1.23743 6.71716 -4.88379 -4.88464 0.968018 10.6215 12.6351 
-2.78625 4.70349 -0.188721 -2.09094 8.20972 2.3689 1.91943 3.27539 8.85925 15.9553 
16.9795 4.31079 -0.69873 3.45667 5.67468 4.65308 -3.97119 6.69861 1.75598 2.55701 
1.46973 16.6074 10.0552 0.415405 6.01111 1.22314 -1.30396 5.31482 7.41199 5.19666 
1.83093 4.97302 21.3157 5.7345 2.43896 -1.0592 -2.38794 6.07495 6.75 6.59363 
2.47839 -0.764282 1.57581 14.5729 -1.85608 8.5769 -8.83301 -4.83276 2.15405 11.3794 
-10.7239 2.255 -2.07654 5.94067 16.4923 0.61438 -0.765869 4.74268 10.3629 13.6904 
1.52637 4.96533 -0.836548 -5.07825 9.40125 16.4137 6.67615 2.4292 12.2007 5.20764 
-0.893311 2.88123 3.75403 -4.77136 11.871 -2.60059 15.3055 2.81055 2.36011 6.9375 
-0.514038 4.57947 4.25293 3.56555 5.48303 0.140381 -2.83118 16.5981 8.77698 7.55042 
2.97803 2.16504 5.10132 2.32813 2.78625 3.62744 0.380127 2.05615 17.2611 8.86511 
-3.45386 5.03589 -0.909546 -1.42505 11.3646 2.64856 2.78418 4.39783 9.69458 15.2864 
-0.333618 13.6578 6.69226 3.23694 0.788086 3.32861 4.3092 4.76062 7.68787 5.15039 
23.7236 1.3103 2.82166 -1.31079 6.76331 -4.93872 -3.87561 9.47302 1.49536 11.537 
-2.92798 14.1246 4.26501 4.77661 6.29907 2.9397 0.679077 6.35168 7.401 9.23315 
0.642822 5.9541 23.0366 14.2571 0.786499 1.30957 -6.06665 6.41931 12.3185 11.1681 
1.14612 5.56616 -8.1687 -0.581543 12.7635 1.31006 -3.20569 17.4979 -2.13843 12.8177 
-0.743408 1.79285 -0.086792 8.09473 5.23901 18.8276 7.79407 -1.23364 6.06299 11.1119 
1.79956 1.44226 2.15344 14.5175 -0.435181 9.06091 2.09961 -4.47339 1.76477 7.14954 
2.01941 1.4137 2.48059 -4.38989 23.0411 0.0593262 1.77625 8.00354 5.28503 10.4265 
-5.22339 0.72229 -4.67993 -4.09351 16.844 3.65613 3.08179 2.13049 7.88245 12.0542 
25.1414 -0.522827 3.27173 -5.67395 4.99097 -6.72644 -1.05444 11.1493 -3.8595 10.661 
28.5127 1.58264 1.26233 -0.77832 5.24878 3.48486 -3.78967 8.66223 1.52429 9.23804 
2.17578 1.67786 7.23889 -3.58728 9.12817 -2.52246 18.2601 1.33777 0.506714 6.11145 
-0.897583 5.35767 -1.38721 0.75354 4.79224 6.56238 -0.885132 3.01025 6.48267 11.827 
1.37415 3.98499 4.87646 -0.088501 12.1073 -1.40552 19.4795 0.577881 0.305908 9.16443 
6.73462 6.09204 7.90955 -10.7473 6.91553 -8.0741 18.4871 12.4465 -4.78149 7.08325 
9.11377 -3.98315 -3.71924 -2.65186 7.8429 17.7646 5.33142 -0.477173 9.28845 3.67615 
3.7561 2.00574 -1.42163 -0.168701 10.6119 -3.71838 -5.9071 14.163 4.99316 13.2321 
5.97339 4.60913 11.547 7.82678 5.76965 -0.199341 2.354 0.668701 4.49768 2.17554 
-4.4801 -1.52661 1.65686 19.1951 2.70276 6.50317 -9.2262 11.1169 7.26587 14.6183 
-0.158813 3.3988 -6.5 -1.77356 17.238 1.40515 3.35669 9.59009 10.8636 13.0452 
0.849976 12.7991 -7.854 -0.833862 17.6428 6.39844 -3.04309 8.88452 7.37695 15.2164 
-0.392212 6.91931 -6.70142 1.9917 10.0912 8.63025 -3.26282 7.87695 7.06909 17.4491 
-1.37585 11.8054 5.20435 1.02356 2.57959 4.30212 3.65906 4.47974 7.79077 7.6947 
-2.06287 7.97205 -8.84595 -3.15723 17.3865 3.34875 -0.857178 9.70483 8.74524 13.2982 
17.6051 1.55188 5.0553 0.275635 3.70947 -1.78857 0.1875 1.01624 2.46643 2.36633 
3.53491 3.87061 -0.703247 11.4767 4.47949 0.853149 -6.77209 18.9324 8.5929 14.3281 
2.86023 3.77124 -5.45154 1.44409 10.3492 7.10474 -3.61316 10.2469 5.25867 13.3103 
1.10645 0.75415 -6.56885 11.925 6.39404 23.7296 9.36987 -3.71912 3.05615 12.9209 
5.23999 1.04297 -5.76563 6.22192 8.92542 3.39233 -4.93469 21.45 1.60559 13.1477 
3.90295 -2.36475 23.0017 3.27832 0.237671 -6.39783 -1.43396 9.90259 4.81177 1.85083 
-1.37781 -1.8739 8.30212 22.0267 -2.98267 4.89636 -9.88489 -1.88342 7.93542 12.4958 
-3.36096 14.5159 5.3374 3.1825 4.44641 4.04724 2.85876 6.21582 6.73218 8.36597 
-0.0568848 3.45667 -0.00866699 -2.6366 20.6533 -3.59583 4.75574 7.20203 5.34155 10.1836 
-6.17188 7.63708 -3.15393 3.74097 18.3929 2.84192 2.79675 2.95251 6.82947 9.66443 
13.1351 2.01208 0.714233 0.393677 4.68872 -1.09033 3.55383 -1.20618 -1.17505 4.21521 
-0.0563965 7.00378 0.097168 -1.07141 9.30981 4.41553 0.810669 4.05176 6.35657 14.4244 
0.06604 7.24622 0.108887 0.181396 7.82886 3.20703 -3.08716 5.52319 6.08398 13.9136 
-1.48474 0.759277 5.73535 -0.806519 7.21887 -0.304565 21.4379 -0.775146 6.04077 6.34314 
0.554565 15.7623 11.3895 1.62427 4.50574 0.0496826 1.07971 3.98682 9.53992 3.83606 
3.31274 8.34644 4.1283 5.57178 5.62427 3.07776 4.2937 2.57458 14.8225 6.43542 
-2.33081 -3.05408 3.27136 19.5087 1.71106 7.42993 -10.2478 1.92285 7.19849 14.7449 
-0.516479 -0.787598 4.10071 18.2527 3.99756 4.01685 -8.82178 5.71704 7.71924 16.5723 
3.87683 5.99756 4.65466 8.09595 5.44592 -0.162842 -9.72229 14.9893 6.63562 14.1046 
-2.58679 -4.60266 4.26123 20.7408 0.114258 4.59521 -9.52295 10.9119 5.9165 13.1182 
0.986694 7.28052 -2.98877 -4.23816 10.5148 5.66663 -2.36353 5.22009 4.59497 13.1062 
0.860474 4.3429 3.53406 4.09814 5.92896 6.38867 4.60095 4.08545 18.3939 10.4415 
-0.859741 4.52417 3.07104 3.19678 4.96582 0.906006 2.95032 2.03174 12.5668 7.9657 
-1.84717 4.00525 -2.50574 -6.85193 15.7156 -1.3634 3.6698 6.69116 4.59131 12.6033 
6.56909 4.60242 1.2627 12.3929 3.11035 -0.434448 -9.41089 23.7871 8.05664 15.9569 
1.39734 6.13489 0.366821 11.1027 4.98206 0.518066 -5.4491 18.7977 6.10376 14.6688 
-1.40051 3.10315 10.252 -7.96948 7.65234 -0.995361 24.7045 -0.161133 3.53796 7.80957 
-3.2417 9.62549 27.3279 15.8889 1.00562 4.23279 -10.3661 8.03479 7.26709 13.847 
-1.23071 14.6415 6.56531 4.38367 1.55481 4.76843 4.93066 5.26184 6.59363 6.80127 
-4.16382 1.69153 -1.0033 2.25891 11.4875 0.920898 -0.0334473 2.71008 8.17004 14.1935 
6.46252 0.0499268 2.32874 -4.52856 3.55127 3.43164 4.23047 -2.50659 12.3501 6.94019 
1.31824 1.62158 2.19861 10.9315 0.432251 1.37659 -7.41528 22.2528 12.4907 13.8053 
1.21057 4.76843 2.2688 3.19495 6.23474 1.22021 1.03979 4.2843 16.3254 11.3176 
0.966797 5.69092 4.05029 2.36658 3.67749 0.339966 4.53796 3.63525 14.229 10.1383 
3.09814 4.61963 -1.17578 2.00781 8.00659 4.03882 -4.32214 14.1561 4.15564 10.9288 
2.92639 7.28662 23.6006 12.5001 -1.08459 5.16113 -9.51257 1.6676 13.1998 10.5096 
10.8906 4.18469 27.3361 11.6467 3.45837 -1.97034 -3.34949 3.19641 11.5625 8.95728 
-3.74548 0.536377 2.00439 20.3015 0.10498 9.16919 -9.40222 -1.13831 5.77173 14.6056 
-1.61353 3.43469 0.778687 2.16565 8.22559 1.05554 -2.27563 7.12207 6.34509 14.2356 
-3.83557 -1.92505 2.69678 22.0078 0.694336 7.42651 -7.84753 4.85767 4.92554 12.0878 
0.434692 0.288818 5.56079 18.9093 -0.742432 9.50964 -7.36292 -3.6189 3.30457 13.4211 
4.80957 -0.0957031 -2.27075 6.37195 3.89038 21.8002 3.80969 -5.89124 5.78015 9.86572 
8.97437 -0.121948 -4.1759 1.63306 10.4114 29.0535 2.44604 -1.26672 11.6564 10.6097 
19.0399 1.65662 2.00537 1.28394 5.92627 -4.90833 -6.75281 8.01514 -1.11853 8.6178 
2.76587 2.8136 4.18811 5.03625 3.35388 -3.74915 -6.95361 17.3441 0.78479 10.0225 
0.236206 6.58264 2.11401 0.599487 13.6423 4.12292 1.33826 1.45728 2.03442 8.63538 
1.94519 -6.4635 -0.256226 5.16846 2.5166 20.5184 4.83057 0.5979 11.1167 12.1752 
1.10596 9.53357 5.71619 -6.41016 10.2982 -1.23547 22.6208 3.95874 -0.156616 9.23743 
5.45642 -3.49915 -2.40881 2.82776 5.80334 30.7854 11.4624 -6.31775 10.0385 10.8503 
1.55042 16.809 8.96924 0.789429 2.95642 3.09778 4.38306 4.96545 8.70203 2.88696 
-0.65625 0.0588379 -4.21582 -3.26135 19.2764 1.30164 5.71033 4.60876 6.33862 14.3547 
0.097168 15.9736 7.86133 0.556641 4.40417 3.40674 2.58887 4.3291 6.6908 5.76306 
4.94275 11.9773 6.11523 1.46436 0.0751953 3.16211 6.77832 0.756226 8.95935 3.96924 
9.44824 5.82019 15.4646 -0.101685 1.41602 0.68396 3.83533 3.43396 7.22913 0.818237 
3.33789 -3.56287 1.61768 6.40955 0.385986 7.04846 -3.13293 0.482788 9.05469 10.0931 
3.83606 7.28271 23.8071 15.5376 8.54077 -9.13733 -3.31995 -1.00098 10.2197 9.46362 
1.51465 5.56262 5.31921 -7.44421 9.06604 -2.87256 22.7384 2.40503 -0.258301 7.72314 
2.38684 11.5741 7.19336 1.7146 1.0896 3.60876 8.61438 2.9801 6.93335 3.41003 
7.45679 4.77332 -1.91113 -2.37256 8.08618 18.2861 5.56848 4.25903 5.59204 4.46057 
24.4952 0.670776 7.25354 4.47449 3.16443 -1.40833 0.0281982 2.56079 3.69775 7.13562 
-0.650024 15.5746 11.0367 1.78003 2.48914 2.26208 2.52759 6.0144 7.00525 6.44202 
-4.07654 14.3394 24.0908 8.67834 5.31567 -2.80383 0.16748 7.09619 8.43225 8.06055 
-0.751465 8.62695 9.8905 26.5518 -1.18921 11.4189 -2.35596 -16.6774 7.22437 7.55103 
5.83679 5.80151 5.58789 -4.09424 18.6438 4.99097 7.01428 3.33398 4.09131 6.45972 
5.2135 0.0953369 0.551392 -0.676147 5.74316 14.2875 2.39185 -3.40002 5.91748 6.15234 
8.45605 2.54541 2.53113 2.17493 7.08765 3.7135 12.3107 1.60583 -0.0339355 -1.56934 
3.93005 -2.76062 6.9928 11.3566 -0.132568 -3.64087 -7.23206 19.7507 6.90039 10.4572 
5.62695 -0.803101 7.47034 -0.587891 4.68665 1.52039 -1.57227 1.57568 19.1445 10.8314 
-0.316406 -0.201782 -1.979 3.64941 5.12634 0.56311 -3.14551 7.29846 4.80103 11.106 
25.734 3.57715 4.45593 2.10803 3.65088 5.85706 0.605591 4.70813 3.52563 9.37268 
-1.87097 18.4138 7.98511 4.91504 12.1542 1.77576 -7.57983 8.94702 6.26245 10.9701 
5.19421 9.07605 13.1873 13.3303 3.90601 1.61365 -4.61426 10.3368 12.6758 6.7373 
5.95984 3.39856 -0.663452 19.9202 -3.78235 16.9063 4.21741 -12.8776 8.79541 6.47766 
-2.07593 1.59827 3.64783 3.88318 15.0099 2.71655 2.26709 1.77222 2.26208 4.84314 
10.9159 -2.72009 1.19055 0.565552 2.34705 19.8391 6.52271 -3.00732 7.4342 3.37354 
3.43677 4.02405 7.45227 3.05139 8.4397 2.78455 20.3053 1.68787 -6.29419 -0.917236 
4.79663 -2.88708 9.1405 7.40967 -1.02539 -4.87195 -4.89954 13.7209 4.30286 9.50549 
1.53345 1.21289 2.25244 2.63904 3.66187 1.01965 1.06421 1.20471 13.7899 7.47095 
-4.83069 5.56226 0.484131 -0.47644 4.54761 2.03235 -0.498291 4.0387 8.18457 10.8492 
17.328 1.50073 0.680664 0.454468 -1.39063 4.3418 -1.13293 4.30042 7.70703 4.69507 
-1.95288 12.5055 6.06982 3.8219 4.10449 2.89282 1.78088 6.56152 5.74524 8.31311 
1.48193 12.6228 22.1147 10.9675 4.7356 -2.16479 -1.03796 8.63989 6.49426 4.14331 
1.04199 1.65552 5.698 13.3555 2.89966 5.09021 -5.57227 2.23584 10.9574 9.03943 
-7.11194 4.25281 4.45618 2.93811 17.2583 0.28479 2.77466 1.91504 2.57043 12.3164 
6.20056 -1.40088 2.17627 1.32751 3.97852 15.4489 5.58887 -7.18262 3.72681 -0.220703 
7.81238 2.01978 6.1842 2.34631 7.6615 4.01172 17.3164 1.146 -2.30957 -0.177368 
9.27271 1.40698 7.36426 8.63733 -1.40527 -2.76611 -2.18274 14.7778 3.84741 8.55322 
-0.283203 4.01392 6.48792 2.61914 5.1228 4.30249 0.763428 1.22864 10.4728 6.72485 
3.23401 -0.846558 10.7523 7.99805 -2.35522 1.00452 -3.32568 3.73328 15.7166 8.85596 
16.3732 8.43542 2.1333 1.61475 1.45947 1.97156 6.09912 0.388306 1.11218 5.06396 
3.64319 4.49438 5.74683 2.27795 2.2251 4.71851 16.827 1.97595 -1.27954 -2.03735 
16.8802 5.24402 0.442017 -1.7738 7.33801 -4.08032 -0.896362 6.65698 2.57642 5.22705 
8.15613 3.44543 2.50647 7.9364 1.38135 -0.0090332 0.658203 3.83081 6.68506 2.80396 
-7.46704 11.845 23.2421 13.7457 6.75085 -1.74133 1.43457 5.38733 8.36084 9.28137 
-2.13379 4.89001 1.47009 15.2953 -2.62439 11.4423 4.98865 1.81616 5.26062 3.51831 
0.254272 0.0699463 2.96216 14.3232 5.84912 -1.72266 -3.55957 17.1946 1.75818 13.9324 
0.377563 2.08826 -0.591431 2.98987 8.71814 -3.85583 -3.22571 9.95129 4.39307 12.16 
-2.25757 2.09912 3.55286 1.07324 10.9469 -2.29126 2.3385 6.61633 2.39893 5.9325 
4.1875 3.77478 8.36987 4.28455 2.33191 -3.72961 -7.51343 15.432 3.46094 9.2251 
-2.80762 11.7847 6.48218 3.13867 4.01208 1.25989 1.70276 5.54272 5.01807 5.01648 
3.63623 -0.340576 -2.10876 8.24414 2.29028 -0.11499 -3.23242 8.64368 2.13611 7.51697 
-0.40918 11.5763 2.28259 1.69861 7.96484 -0.492798 -5.51892 5.56299 1.8396 6.55945 
6.04639 6.44495 6.7019 2.88696 6.97205 -5.49194 -3.88708 19.9473 0.325806 9.65063 
-1.57593 14.8202 6.92004 2.4259 10.3694 1.91101 -7.91467 10.0687 1.28101 10.796 
3.38025 10.3715 -1.78333 -6.85693 14.9928 3.31555 -2.84924 2.05652 4.08496 11.6902 
21.8734 1.85901 3.61877 -1.87927 1.59021 -1.42688 6.19666 -0.211182 8.32849 8.14233 
20.2097 3.10596 4.15088 -1.16443 -0.205811 1.42712 4.19885 -1.90515 7.46606 8.50281 
1.3844 18.1478 8.01978 8.22449 11.6382 4.75366 -2.34216 10.0833 10.6057 6.95325 
7.72668 5.25354 -0.600342 2.65601 9.0116 2.17859 -6.06799 17.8087 4.42737 10.2378 
3.90308 0.928589 3.30237 4.4054 2.78003 11.6058 3.22278 -3.4834 5.27124 0.796753 
10.3173 4.81592 1.66064 3.11755 5.97266 2.16357 0.886597 10.3247 -0.325562 8.5116 
0.881836 15.4575 5.79089 1.35913 9.50671 -0.25061 -7.45618 8.93335 4.87878 8.16809 
-0.945313 3.81592 3.47803 19.6307 -1.1228 9.38623 -2.14246 5.71619 8.66321 10.6456 
0.921631 0.806519 4.0907 9.73047 2.67688 6.21338 0.085083 3.87329 2.974 4.08313 
2.0144 0.0316162 5.98071 20.3815 -1.05823 14.3811 -0.420288 -2.703 5.25513 8.73511 
-2.10156 16.2084 10.3794 2.85205 6.36438 2.03772 -1.00549 7.06738 5.01282 8.21509 
6.67664 3.85547 5.32581 3.92065 3.73181 9.5177 25.6439 0.206055 -2.68396 -0.0235596 
-0.545166 6.36572 -4.52405 1.42322 11.7266 5.24622 -0.27002 6.40137 7.66528 17.8727 
4.12012 4.94861 -0.525879 9.65295 4.55078 -1.7738 -5.44031 14.7449 3.84937 12.113 
-2.19971 13.9233 4.87048 3.16333 9.37683 1.75903 -3.4491 4.76965 4.87122 8.91333 
8.72314 1.47485 12.0569 19.5161 -2.01538 6.18298 -6.94678 0.0701904 11.7493 11.3171 
22.0795 1.91333 9.09497 3.93652 0.150635 -0.67749 3.89233 -0.813354 3.15784 5.26001 
0.125854 6.59619 3.89331 10.6542 2.64221 0.680298 -0.217529 10.7512 5.14404 7.50854 
7.71997 5.69556 6.8241 2.16162 5.83484 4.37085 23.2849 0.197754 -1.43518 -0.535034 
14.6224 4.43872 3.53882 0.359009 3.75061 -2.22278 1.46277 0.542969 4.37512 2.73767 
2.22681 4.0968 10.4354 7.68054 3.25391 3.0365 -4.19116 3.07764 17.7754 8.59802 
-0.952026 0.292114 -2.22351 3.98657 8.15527 -1.34045 -2.36316 9.41528 3.71582 11.2319 
3.11414 4.32288 0.436279 -3.82935 9.38623 9.01038 1.54346 5.72485 0.705566 6.97314 
2.2218 1.58313 2.12317 18.2218 0.218262 7.93127 -3.7345 2.87769 12.5841 13.4825 
11.1138 -0.134888 0.0162354 3.97046 -1.02136 17.3602 5.29224 -0.398071 5.14758 5.14893 
0.950073 8.28918 -0.588379 -1.28333 13.3358 3.94104 -0.806396 1.05127 4.47644 11.2714 
-1.02832 -3.96057 3.00232 6.36792 2.55261 4.646 -3.81433 2.3905 16.1185 11.4762 
-1.43579 17.5911 10.2546 0.463501 5.85754 1.38879 -1.79358 6.4917 5.56506 7.12183 
6.04163 -1.08679 0.492432 1.16345 6.22253 14.9851 4.86829 -5.25122 4.15674 4.88611 
-2.15039 3.4762 -0.223267 6.31714 8.28748 -2.74487 -2.51685 9.19763 4.95764 12.5999 
11.0652 2.10437 0.226563 0.648438 4.40491 2.02295 6.14978 0.694092 0.187012 1.84924 
2.24011 1.43616 7.15369 4.96594 6.60205 7.55261 21.4773 0.929321 -4.93835 0.410645 
5.26526 4.09033 5.73047 8.73694 2.80017 5.33655 10.105 -0.220825 -3.651 -1.38928 
-1.12268 -0.314087 5.09387 17.0122 -0.834717 7.745 -6.06079 2.38831 11.3329 12.472 
0.629761 3.43481 4.0647 9.78284 1.91333 4.38281 0.522339 -0.405151 16.0773 7.60742 
-2.33167 14.8162 8.85352 3.83594 3.00635 4.76733 5.51416 6.76086 5.43555 7.71045 
-1.08472 6.09216 1.03064 1.09802 18.1936 0.859863 10.1021 0.872559 5.34485 10.4854 
4.20349 2.25342 -2.67261 3.55774 5.3573 2.30273 -3.56506 17.3361 10.8843 11.6362 
7.13513 -1.31934 -2.66797 4.97559 3.49316 18.3649 5.93152 -3.91492 3.28442 6.94312 
-0.280029 8.81836 15.8839 7.48889 6.82507 -3.07617 -1.36877 4.11279 8.19641 6.14294 
12.1938 3.76514 2.30408 2.52051 2.19958 -1.13367 0.517578 1.37085 4.55566 5.03687 
18.7771 4.23975 2.02319 -4.80139 0.723877 1.15613 4.64038 3.11438 7.34912 3.59082 
-2.83899 16.6804 5.44519 2.4165 8.60107 3.12207 -1.42773 6.03723 4.50903 7.34607 
4.22168 1.72546 -1.83215 6.76025 6.77136 -2.4071 -3.75696 19.5195 3.26941 10.2771 
-1.04797 5.02783 0.695435 5.3894 3.92529 5.5625 7.00745 -1.5918 13.2316 4.08923 
-1.06213 5.06458 -0.129761 -0.349609 9.53247 -0.385864 -2.85242 9.61694 2.0542 9.38 
4.48975 4.80212 4.55151 1.41602 2.91736 5.14368 18.1365 -0.757813 2.09229 1.75073 
-2.12427 4.15967 1.073 7.53027 2.3645 4.17371 0.853882 5.97778 11.9125 7.05627 
1.57178 0.714966 2.57715 8.0437 3.41553 2.64075 -4.74622 2.91357 13.3711 8.41431 
-0.588135 13.7858 23.0885 11.1857 0.0710449 4.88477 -2.20532 6.25366 10.5531 5.85498 
2.16162 3.30945 2.64148 18.4791 1.16748 12.063 -1.1593 -12.3953 8.16003 2.2959 
5.38806 6.1759 1.65906 3.36816 4.34229 7.43433 9.11438 -1.34973 -3.39148 3.54749 
-1.93237 15.1605 8.57263 3.32043 6.15283 2.10681 -3.61414 9.59033 4.8551 10.0671 
6.95361 4.92786 7.60254 -3.80981 2.68616 3.54651 4.19873 1.81824 7.10547 2.76648 
-2.60034 2.87915 -4.82886 2.703 13.1238 0.462036 -4.40991 15.0212 -0.328979 16.1084 
9.96729 -0.743164 1.08289 -1.55139 4.33887 17.9805 4.57141 -0.904785 7.35437 2.80786 
0.667847 11.234 17.6033 7.61255 2.7926 -1.61975 0.315063 3.33643 9.51428 2.89709 
16.8375 -1.20483 -2.4762 4.33838 -1.83862 6.23804 -5.86816 2.12158 5.5968 9.08118 
0.168457 15.2073 6.81165 0.570435 2.35449 3.8407 3.82739 4.60413 6.12463 5.13342 
9.86633 6.73413 17.0898 9.85168 -1.72546 0.601807 -1.06824 5.68872 4.5907 6.38879 
-1.37781 -1.74158 4.24658 26.8257 3.27173 11.6514 -12.2831 -7.52307 12.7471 13.5775 
2.64148 9.67676 -2.2876 -6.96216 14.244 6.02673 5.04883 3.34375 7.54358 8.83899 
7.87146 -1.23462 6.24487 1.64478 3.55945 10.9871 9.64014 -8.1217 4.68066 1.1886 
6.47375 4.34546 4.86755 0.952637 -3.08655 0.493408 15.3658 -0.226685 6.24316 3.13647 
3.9353 5.38513 -3.81873 4.86292 10.2037 3.35486 -2.9668 17.1271 7.65405 12.726 
7.56616 3.71765 -3.07568 2.87402 3.25073 9.02393 6.08508 1.37598 10.4739 4.58411 
1.63477 5.5199 -3.65955 3.54785 9.00208 3.27368 -1.97559 8.78064 6.05042 14.9261 
13.5557 6.72827 -2.42578 1.60876 6.05994 3.3175 3.87354 7.63477 -1.80566 6.37 
-1.87708 16.743 7.67053 0.957153 4.53174 2.79907 0.802368 5.78027 5.08691 5.5105 
17.6638 7.48303 12.4266 12.9467 -2.27612 8.16699 0.306885 -6.29053 4.89124 7.83838 
-0.153931 0.700073 -1.13513 21.1399 3.16931 9.89514 -10.8441 -7.2666 13.7217 16.5876 
3.50427 6.94177 -3.21191 -5.22803 14.5768 6.6886 7.7113 6.21936 5.755 6.94128 
12.3639 -0.719116 -0.375977 7.26721 -4.0387 13.2576 -9.13281 -3.33655 4.2124 10.3087 
5.06189 1.49829 5.94812 -3.9303 3.74561 2.39722 18.6136 2.6571 2.87573 3.63416 
2.74011 6.02405 1.20923 8.57727 6.97205 0.935669 -6.2981 20.0632 8.61951 15.649 
4.52893 6.92395 2.146 4.76233 3.7666 0.264038 2.76855 5.46313 14.8009 6.79285 
-1.9021 5.60339 -6.81738 4.26208 12.5457 1.15173 -2.44446 10.0264 7.82568 16.531 
17.7532 -0.349365 2.3877 3.68103 2.17334 4.22437 1.63086 3.23083 1.99817 2.75684 
-3.73584 16.9026 5.10962 0.109497 7.10876 2.71448 1.74133 6.32971 6.74353 5.62036 
14.4143 5.84155 12.2247 14.4738 -1.70264 8.01501 3.18506 0.159424 4.53247 5.60547 
3.52625 2.68823 2.32568 20.9154 3.05774 7.6676 -5.68506 -9.54333 7.26917 7.21082 
4.53003 8.78308 2.50598 -3.75354 10.5175 6.0708 6.96777 2.09839 6.91394 6.51062 
-0.0284424 -1.02917 -0.984497 3.26697 5.20984 6.65271 14.9802 -4.93323 0.920166 -0.0548096 
7.73254 6.67078 3.6532 -1.57202 5.13818 7.42786 21.6066 -1.6748 3.92529 4.71265 
2.06287 3.26782 -2.66919 5.96741 10.1503 2.13013 -2.95776 14.8627 11.9878 12.8694 
4.09387 3.92004 -3.64001 8.2594 4.04871 9.26074 3.79736 0.0992432 10.3833 8.40808 
-2.13257 2.47302 -3.98608 5.7655 11.6591 5.3595 -3.20154 8.09839 12.0171 15.2123 
6.79932 4.83716 -4.32056 -2.24768 10.653 5.38403 1.66748 11.5045 1.61096 8.92261 
-0.14563 10.6444 0.674805 -0.755127 11.6447 7.75366 1.3833 4.47791 3.22131 11.1359 
-0.104736 -0.240845 1.78638 0.529053 0.915894 3.88025 14.1635 1.10278 4.08337 3.41309 
-2.37183 14.4268 6.67346 2.26819 4.16736 2.88013 1.98401 5.00391 4.31543 5.55103 
7.31152 7.02405 2.94775 -3.3573 9.2998 0.83606 6.13306 0.0899658 4.21997 2.51294 
16.6731 3.79993 1.39172 -2.54395 6.04309 -2.20374 4.04651 3.91467 4.04858 5.15356 
-1.58203 3.69812 -4.599 0.763184 11.2212 4.96252 0.190308 9.80579 11.3766 10.8792 
0.936523 3.50159 -2.85437 4.82666 6.34924 2.67859 -2.61646 11.6062 10.3324 10.3037 
3.2478 2.81543 5.3551 12.179 2.15295 2.01575 2.43005 -5.47644 12.3727 4.58643 
3.22888 6.55908 -2.53931 3.77039 9.98633 4.78076 -4.00037 14.469 7.42969 11.3107 
-1.37366 9.78577 5.26038 3.30481 -0.124268 1.44312 5.46533 6.32568 14.2205 3.33398 
6.61829 2.0957 3.18555 -1.56726 5.04504 -1.16333 4.24524 3.36316 0.94397 2.53979 
9.69519 4.23547 -3.70764 -2.41626 9.73926 3.13098 2.55664 13.0022 2.32532 6.98999 
8.58167 -1.14478 -3.00439 2.37427 3.1571 13.0366 2.58044 -0.277344 -0.826416 5.14417 
2.08179 5.71594 3.25146 4.1366 1.14063 2.31628 8.65588 2.30762 16.1471 5.45483 
2.42297 2.09131 -2.90503 4.9884 0.0605469 5.01892 9.61621 0.187378 -0.527466 -1.77185 
2.40125 3.47217 3.65857 18.8981 6.15063 6.29419 -6.87268 -11.7533 6.39636 8.99377 
10.9877 2.57141 11.54 9.57153 -0.89563 -0.828491 -4.68994 5.55237 6.08301 8.53101 
8.72217 1.76038 11.2197 8.46057 -5.72131 4.12427 1.7428 2.3457 5.07715 4.63501 
19.2357 -1.31812 0.299316 -2.69324 1.65674 3.18945 3.21008 3.33813 5.63501 4.36865 
5.99243 -1.29089 1.37939 -1.58911 4.5116 10.9756 3.77283 -5.60632 5.58398 4.323 
8.69043 1.00073 -5.38171 -2.40808 4.74402 10.0947 2.47058 4.43823 14.093 4.34241 
4.29211 4.67468 8.12903 3.22388 1.97363 4.73853 18.9924 -5.51306 4.45007 4.70325 
18.8434 2.86108 4.91528 4.14136 5.61353 -2.96094 -0.425171 2.65027 2.67517 7.53394 
1.49292 1.93127 -0.498779 14.0927 2.19385 4.8761 -2.10107 -3.14673 2.68994 4.98413 
-0.9021 4.729 4.46753 7.59851 1.49072 4.84363 2.40247 0.36145 14.0559 7.35706 
-1.10486 12.6261 6.73877 0.906982 1.7804 2.22668 2.20325 5.17371 4.6394 4.91907 
16.5414 4.46924 0.910278 1.9873 4.59729 2.11731 6.04211 2.62537 3.80164 4.72522 
2.09827 1.61218 3.30908 8.83008 5.03516 2.3363 -3.74402 -1.8739 4.90283 4.97241 
14.137 3.92773 1.66016 -1.49695 5.53296 0.282349 6.04309 2.56079 2.82715 4.90308 
4.3667 8.78259 2.63147 -4.95947 7.86865 2.62317 1.89966 4.43506 3.96521 5.02991 
8.01746 2.75964 -2.83093 0.293701 9.30786 6.57764 -0.930664 15.0886 1.32495 9.95325 
5.94275 7.67615 1.34326 -4.57629 13.4767 7.48022 6.47424 3.88403 2.5752 5.65088 
-0.315186 3.23926 -3.23962 2.71704 8.75159 5.88123 0.5271 9.448 6.68274 13.6696 
7.64893 -0.804443 6.8241 4.0835 -1.07568 2.74036 1.76587 -1.53088 1.6925 5.40771 
1.24463 3.28015 -3.27393 5.33545 7.82092 -1.77673 -5.47192 8.43469 7.59668 13.8851 
6.7666 4.02917 -0.28125 2.85388 3.08325 1.48877 5.60413 1.70154 -1.84778 1.58643 
4.39563 4.28528 -6.13367 1.55078 10.7922 3.73486 -1.21265 18.6024 5.02576 10.5618 
-1.22046 17.6113 9.23694 1.70056 5.35132 3.73511 1.11731 6.76855 5.66272 4.50842 
4.97205 7.04688 -4.88171 -2.33813 10.9094 5.56226 0.291382 13.767 3.34973 8.8822 
-2.56824 15.6818 5.40125 0.998901 6.82422 3.3606 1.95081 5.47742 5.51221 4.59949 
9.49646 2.91968 10.7694 0.238647 -0.939209 -0.473389 15.5929 2.95398 3.34351 0.728027 
5.41895 5.01318 9.74805 -1.3844 0.470215 1.52002 17.3583 1.98035 2.99805 0.0279541 
9.16467 -4.48608 2.05237 2.47046 3.91589 9.64783 2.51807 -2.79712 2.56116 2.98865 
5.46484 3.36792 11.1371 -2.35046 -1.28162 -2.68701 15.3021 1.25891 3.52063 3.84998 
13.2568 -1.92126 7.60791 0.478149 -0.940186 -0.174194 -0.332397 2.60449 9.72717 6.84033 
2.3938 3.84106 -0.388428 4.35388 4.11951 10.1737 -3.86047 6.58984 13.1854 8.6626 
4.25964 2.9635 -1.61279 4.93384 7.85425 -0.204224 -4.6344 11.1129 8.41577 11.3361 
4.92419 3.32288 6.36914 -0.697998 3.52905 4.12964 11.4685 1.22559 1.78967 1.28113 
7.11316 5.63733 3.75964 -4.86108 8.60962 1.30164 6.2074 3.78308 1.90625 1.9668 
0.578369 7.52881 -4.67175 0.793091 11.5131 4.38916 -4.80884 10.0574 6.21411 18.1576 
-1.24707 2.91626 -1.96802 4.1228 8.43457 3.09497 -2.14258 5.89294 8.64221 16.1653 
5.85938 -4.00305 -1.16772 7.94739 1.84827 13.8711 7.97913 -6.82703 -0.501587 3.75049 
1.01257 -0.498657 -2.10022 17.0278 1.7168 11.7684 -1.21753 -6.19556 7.55554 10.8065 
2.67261 3.35547 -0.572998 4.64954 7.69092 1.11499 -3.74939 14.0848 4.99658 11.3221 
5.03235 8.85498 0.65332 -6.79932 12.9219 5.69873 6.00195 4.21777 5.82861 6.54712 
5.52087 -0.9198 4.7052 11.2249 1.77307 3.17395 -5.74255 -1.45667 0.928101 8.26196 
18.3503 5.02808 1.3894 -0.795654 6.72009 -3.30713 1.7821 6.93762 1.677 4.30396 
0.981445 8.16626 1.00989 0.687134 8.90442 5.73328 0.714722 5.14673 3.67688 8.96021 
5.76941 4.92554 4.07642 -2.30688 0.430542 9.09192 17.5685 2.40259 1.57214 3.97107 
8.23804 4.76685 9.10864 -0.677856 -1.15698 -1.18115 17.4183 2.81348 4.21204 1.03113 
-1.81946 11.5291 6.45764 3.25183 6.12634 1.80981 1.67212 4.19104 4.7937 2.21448 
-1.38147 16.7382 8.02515 1.5741 7.28735 2.67358 -1.80786 8.04968 5.44031 5.50696 
-3.78833 4.3905 -0.918701 18.1526 4.94958 11.3715 -0.587646 -5.29016 10.2094 13.3156 
5.88062 3.29797 15.8109 9.89697 -0.931519 1.81885 -0.910767 6.26477 4.74548 6.28149 
-1.36304 17.5287 6.37427 5.3136 9.01147 4.19714 -3.71094 10.2991 5.71936 8.20361 
12.2681 -2.43787 0.0367432 -1.19275 3.0708 1.32056 -0.171143 2.49902 2.03259 7.87878 
22.6958 -1.66846 1.1554 -5.96179 1.98853 5.36182 6.75989 -2.35461 12.2003 5.18201 
-2.36707 16.1349 6.24475 1.82336 5.38354 4.51794 1.52979 6.3479 5.13025 6.56604 
5.96619 4.27417 19.6296 14.3335 -2.04736 2.07446 -6.70203 5.11023 16.5793 11.8231 
5.01965 4.04907 3.38147 18.3157 -4.9126 11.2498 -4.07202 -5.81323 6.08984 9.86145 
-1.24792 7.69421 -5.04993 -2.2594 19.9515 2.73132 3.73242 7.54858 6.8916 12.1406 
0.0373535 5.078 4.16467 7.52661 4.56433 -0.70813 -4.54749 16.6145 1.6853 10.8802 
-0.823486 5.94373 2.93896 5.38501 0.0928955 5.86499 4.54688 -1.32507 14.6501 8.01758 
0.131592 5.88794 -0.498657 2.12854 14.5095 5.69934 0.54834 8.2135 1.2406 11.97 
18.9324 4.46973 2.9873 0.604248 1.58484 1.31165 3.88428 0.190552 3.93103 5.79907 
-3.00928 16.6393 6.7793 2.18018 6.07031 3.76538 -0.645508 6.32922 4.78137 6.78931 
4.09229 2.65112 10.5138 11.2118 -1.30908 0.523926 -3.75232 7.79712 15.1088 9.88269 
3.4635 5.26013 3.50134 17.3884 -0.378296 8.44238 -3.38196 -6.30432 4.95593 7.91748 
-2.2749 7.81104 2.72705 -0.636841 11.697 -1.60303 2.33594 4.56787 5.90942 6.96326 
5.02966 4.9552 1.6283 11.5974 -2.16052 21.3105 7.6322 -1.84863 7.64172 10.0906 
6.10767 3.34277 0.447632 4.62488 -0.81189 6.021 18.8185 -4.81519 6.24719 0.670288 
3.31592 3.02185 1.78125 6.89185 3.56213 1.64453 -6.18445 12.5405 3.59875 9.13794 
1.42749 7.5907 2.02429 1.98474 0.526489 4.14429 7.8374 0.753418 12.2246 2.20837 
21.1234 1.16858 2.64514 -3.33777 3.32031 1.38794 6.51282 2.22522 6.64319 3.28406 
-0.772583 16.3231 4.86841 3.66113 9.5072 2.6908 0.106201 5.42297 5.34326 5.58997 
4.30664 1.62488 22.2413 12.7684 -4.96045 0.56189 -5.67712 6.8197 15.6256 11.7686 
3.10889 -0.560181 6.15479 22.3491 -2.48303 7.07434 -11.0117 -10.9127 11.426 14.7238 
1.12122 10.3384 -9.99829 -7.95618 23.557 5.76331 3.67993 6.12073 6.72888 12.5143 
2.1781 4.30237 6.23828 9.94141 0.0878906 1.42847 -6.01355 20.9606 4.44922 13.5975 
1.90552 2.11597 2.59961 4.70618 -1.0144 7.58398 4.08289 -1.1377 14.1178 9.71484 
0.290527 5.27783 -4.23108 3.02844 10.9061 3.9696 -0.989624 4.99609 4.73303 13.7836 
16.9137 5.1582 4.08167 -1.14783 4.89465 -3.07678 10.6948 2.15356 5.59705 -0.471924 
0.376709 3.69702 7.09656 4.01172 -0.254883 4.02698 -0.121582 -0.660522 12.8719 9.85864 
3.04712 2.21729 0.601807 15.3997 -0.998901 12.8658 -2.97583 -8.82813 5.08508 10.295 
0.122559 7.14551 -0.549316 -1.65454 8.3855 3.66748 0.998047 1.72852 6.18958 11.252 
6.74121 5.25012 3.75415 8.34534 -3.05896 18.3403 10.1591 -3.2865 6.32617 8.50061 
5.00891 7.73303 5.58508 8.88245 -7.72644 14.7778 9.45776 -3.24622 9.29358 7.42615 
8.23682 6.8606 15.4171 9.17603 -8.70276 7.10034 0.499634 -1.30029 13.712 6.29553 
2.70581 1.51233 3.57349 2.65137 3.25049 1.25562 12.8749 -1.59265 3.28015 1.29822 
2.27649 2.22998 3.69556 4.73376 -2.58447 6.698 6.651 -6.1012 12.7405 7.86328 
4.99634 6.16089 2.27319 -0.963989 13.3149 0.744019 8.04004 1.71094 4.09668 5.98547 
-2.37439 16.2194 5.30591 2.52478 7.48901 3.80029 -1.729 6.98132 5.04419 8.91516 
2.66797 4.26477 4.12231 7.10303 2.88477 0.159302 -5.0155 14.9958 2.59351 9.99377 
-2.93604 15.2455 4.19995 3.17444 6.65674 3.28064 -1.4104 6.14282 5.53491 9.0802 
4.2793 2.15356 4.71936 7.70581 -1.55078 5.63831 -5.30188 4.9563 7.55615 9.83008 
6.12036 2.89758 7.61621 13.7886 -2.98938 5.65381 -0.0181885 -2.76379 3.9259 6.20349 
4.87671 6.31628 3.80505 8.60278 -2.74377 21.7843 14.5254 -4.90527 6.19946 7.58704 
6.57349 7.06799 6.63464 1.70898 5.37244 1.48279 25.6154 -2.79163 4.07251 3.27466 
2.89978 5.0354 -0.643921 -2.17371 8.04382 3.651 -0.696411 4.1897 3.91382 10.7491 
-2.12073 14.6062 7.83911 1.42102 2.47949 3.33301 4.54822 5.77197 4.74561 5.31824 
-1.98547 16.3131 8.06519 1.30701 5.12 2.98145 -1.17761 6.88342 4.56116 7.58203 
-2.99011 17.5759 7.84473 0.990723 7.92981 2.11597 -3.85559 6.99084 4.60681 8.53076 
1.6615 0.405151 12.2574 4.63281 -2.33984 1.45239 -2.78638 6.96631 7.22949 8.47974 
-1.57983 15.9869 4.95081 2.4635 9.02173 3.23633 0.397827 5.45264 3.9458 6.38257 
4.74878 7.53186 16.9751 9.74426 -2.28442 2.20593 -0.932007 1.53345 14.3302 8.85046 
11.1891 1.53064 -1.83801 -5.49658 3.72754 3.28992 6.99622 4.73865 3.41943 3.05994 
1.38354 6.97168 3.49695 12.2223 6.32153 3.44678 -6.53809 19.8732 2.31885 13.1392 
3.67114 2.65076 4.42627 7.99512 -0.248169 1.46741 -3.58643 15.0521 5.05261 10.5839 
3.56384 2.61304 3.53564 7.11609 -2.20667 15.9426 5.12891 -0.430542 7.07361 9.38611 
0.0377197 5.05261 3.51575 3.84546 -1.073 5.97034 6.99097 -1.82776 14.5708 6.50952 
4.63391 5.69836 16.4817 9.75732 -3.06982 2.12988 -4.50244 3.11743 14.4424 10.4923 
0.748047 1.12402 -2.48462 -0.150513 5.66553 10.4038 3.41797 4.73364 3.22363 9.50061 
-0.582642 3.86755 3.01953 2.74573 -1.57251 4.42749 6.24475 -1.48706 13.5752 7.84204 
1.43188 4.4491 -0.559814 5.46497 1.0127 3.79858 7.90027 -1.87073 6.24011 2.05713 
1.16418 4.77698 3.26648 5.974 6.80383 2.28979 -4.49939 15.7361 5.93445 11.5692 
6.0752 1.5426 6.03113 18.1708 -3.10791 9.32581 -9.79578 -7.85889 9.25208 11.8494 
-2.07764 4.9917 4.96606 -0.895874 15.7439 -1.05029 3.29553 5.72534 5.88684 6.20044 
4.0282 3.9917 2.63416 3.5603 1.35376 0.309814 13.6266 -1.92151 5.31799 -0.260376 
0.216431 5.76624 3.37659 4.14417 -2.63293 5.46216 7.22241 -3.96399 12.5084 6.38733 
4.59436 5.54565 -0.525269 6.52051 4.09436 3.15771 -5.60999 13.0782 5.4353 11.3468 
21.3944 5.29468 0.249756 -0.351318 2.13501 4.63074 6.28101 1.57422 5.71729 5.02661 
1.40625 7.3064 11.4806 -4.83911 19.0862 2.29102 5.67749 5.11133 3.91418 2.52612 
4.18909 0.655762 10.3037 6.03662 -3.0946 -0.308472 -2.37769 3.54419 10.3444 7.6521 
4.42102 9.19495 0.805908 6.04309 4.80457 3.27319 -5.73584 15.936 4.58704 13.0125 
2.93152 4.85449 4.06287 7.45459 5.052 4.44812 -4.698 17.5826 7.6593 11.5845 
7.71472 3.81165 5.30737 4.29675 -4.50647 17.0267 10.9734 -3.49353 8.34692 7.06201 
-4.28296 9.78601 -2.46472 0.728638 18.3323 1.20618 2.08948 6.48779 4.15259 9.75598 
0.326172 1.96863 4.85876 18.5414 -4.22058 11.7175 -0.490356 -11.4491 3.35425 8.65247 
4.95349 5.87952 4.16138 -1.21533 19.7323 1.3175 7.74731 1.25122 1.11414 3.85254 
4.4408 1.33521 14.5319 7.80737 -2.91956 0.071167 -4.41077 4.37842 11.9037 11.9186 
-2.74536 4.23035 4.3938 1.24353 4.44287 1.76038 1.92859 -0.69751 12.1389 8.974 
-2.34253 18.2452 7.71521 1.91431 8.11633 2.88562 -1.5741 6.75671 5.79675 6.36316 
7.14941 2.59192 -0.358276 6.76306 0.365967 20.1177 6.32959 -0.166382 5.78528 7.5968 
-2.51111 16.3877 7.35229 1.6189 5.63293 3.3894 0.37146 6.03113 4.28357 5.91406 
10.9445 4.83423 5.79675 -2.0415 2.15027 -1.09277 4.30322 1.89185 4.05469 1.85095 
5.23718 5.7561 16.3405 9.13 -0.220825 2.08069 -2.67871 1.19702 12.8932 10.1332 
1.22498 2.99927 -1.297 11.8846 -0.681763 9.50403 3.56287 -4.25659 2.76917 6.28137 
-3.39795 2.74109 1.05457 15.1589 -1.47986 13.3617 0.125488 -4.4187 3.63086 10.6588 
4.01453 11.3489 8.01416 4.67725 -7.95544 14.5887 12.1945 -4.29285 5.66211 7.81287 
3.8844 6.18115 -1.07361 1.27588 6.43616 4.71814 -3.18164 12.124 4.79395 9.09998 
22.1375 4.21753 1.21167 -2.86328 2.50879 0.424927 8.17139 1.74268 5.66577 2.35352 
3.02478 6.83948 8.5708 -3.19604 4.44812 3.53198 14.3789 -0.649292 1.69849 3.30408 
2.72571 4.7655 0.202637 0.620117 0.894775 5.3866 6.1344 -0.650879 8.44495 5.04028 
5.16772 5.08093 -3.88794 2.19836 5.08044 0.0571289 8.6333 0.15271 2.1521 3.78369 
1.65332 1.22925 3.03979 13.8423 3.30334 3.60974 -7.00513 -1.32556 9.71753 11.3721 
2.43774 5.61938 -3.18811 -2.2179 8.16736 1.68896 2.97144 2.37415 4.19812 8.92322 
1.65613 1.81445 -3.14429 0.598511 7.79529 3.46179 2.24036 4.44727 3.32837 5.83533 
-1.35181 3.87085 2.32971 3.59485 -0.206177 7.24695 8.76843 -3.53015 9.9873 8.13208 
3.41772 3.33875 12.3477 8.44397 -3.06641 3.53796 -1.74011 3.64539 13.2567 10.3481 
3.57007 7.24866 -0.320923 6.45728 4.58569 5.92529 -5.57532 14.3733 7.66357 11.4078 
3.12366 7.59729 0.204834 7.00623 5.82751 4.51672 -6.18835 17.4835 6.91736 13.3633 
-3.6615 16.9846 6.86938 2.20728 6.75745 3.48071 -0.509277 6.51624 4.61926 6.39087 
18.756 -0.549072 3.38098 4.99231 4.74805 1.47876 -3.81982 5.18225 1.7605 9.37585 
-0.274292 15.8163 7.33472 0.251953 2.17188 4.60547 2.71814 5.5022 5.5033 4.99036 
2.40283 6.2467 2.29517 10.1707 6.60461 -1.74036 -6.09082 25.5001 8.26038 15.6254 
2.9613 3.3252 2.33704 2.98083 0.347656 6.66797 4.59326 -3.56177 12.4429 4.04102 
-1.20032 2.94531 -3.8291 0.962158 9.67407 1.7876 -0.109741 6.69299 8.27698 14.701 
14.2385 -0.573853 3.09241 0.0587158 1.6731 2.146 1.30066 1.70068 1.42017 4.55469 
-2.46191 14.5911 1.80591 3.48108 10.7158 2.45569 -1.97986 7.59277 7.63147 7.55347 
3.76392 -2.88049 6.23425 3.72766 3.26135 -0.199219 2.62793 -0.153809 1.07397 3.6665 
1.49792 2.66357 2.849 11.5327 2.96411 -1.01782 -1.09253 10.4725 7.76416 10.4846 
5.25537 6.17969 1.23572 -3.32495 13.0768 3.18945 6.005 -0.770264 4.24426 5.32495 
7.85571 2.21753 2.12451 -1.09204 1.49561 12.5303 4.76221 -1.6676 6.65417 1.06543 
1.71948 8.1156 2.91919 0.511963 3.44861 5.80493 22.1655 -1.1438 3.23267 2.09375 
3.16724 3.38428 -1.09814 8.77185 5.43713 0.758423 -4.39771 18.8784 9.3103 13.2449 
-2.65332 7.24536 -3.72217 5.10193 5.80798 6.89209 6.13379 0.768555 6.96875 7.88232 
20.0847 5.28882 5.84131 1.90222 1.60193 2.72583 4.65991 3.31274 3.5343 5.5741 
-1.33801 15.4263 8.57056 6.87305 8.34338 3.83569 1.19604 6.60181 8.62891 4.95471 
-0.690796 5.3103 13.7469 10.5383 2.07629 4.76477 -1.61194 6.20801 8.32471 8.84326 
-0.991333 4.25085 -0.300415 15.8566 3.54407 10.3396 -6.31604 2.80139 9.39624 15.3474 
2.42175 10.2177 -3.44177 -3.40588 14.8789 4.76086 6.30432 -0.418457 5.63538 5.14368 
0.807983 2.42969 -3.2124 9.45435 4.53955 -0.77478 -3.27881 11.6486 8.03149 12.8435 
-2.35254 6.15747 3.12744 4.34192 2.96008 3.46472 5.25818 0.16626 15.6484 8.9823 
-4.58154 1.80627 -0.993652 3.53955 9.49976 -0.609619 -2.47986 9.94092 5.46167 11.2153 
3.46143 8.58228 -5.82239 1.91882 7.98938 3.83691 -4.21106 17.1492 7.77588 13.4836 
4.23169 0.467651 3.07202 5.16382 1.09033 2.0575 -0.115479 1.84033 11.6572 5.37085 
-2.36707 3.08655 3.61853 3.97205 1.05786 7.1676 14.6653 -0.713745 0.329346 3.72034 
3.55432 7.90088 -3.67725 -3.2782 11.7325 9.6803 -0.255249 3.70032 6.21277 10.9519 
-2.47144 18.4468 7.69543 0.689697 6.58423 3.65906 1.7489 7.06238 6.66724 5.54749 
0.431641 3.28271 -0.729614 4.39099 8.75977 -0.0107422 -0.947998 5.26941 5.9491 11.9601 
3.2533 3.41602 7.57275 12.7667 3.42773 7.42529 -0.19873 3.66284 9.69604 6.08264 
-2.56287 7.052 2.51599 8.39624 3.88599 6.4657 4.19299 0.819458 12.9945 7.82446 
4.64307 3.20166 2.47522 -3.45972 11.8608 0.856812 4.61646 5.75024 3.69275 8.22668 
0.543823 5.9281 0.0913086 -0.467407 14.4569 3.61414 3.1969 9.00378 4.4231 6.58655 
-0.0876465 2.41846 -0.704712 7.68018 4.64941 -0.864502 -3.86353 16.066 5.5459 12.7942 
20.7734 4.35986 1.04272 1.22852 -0.796265 4.07751 2.43579 0.452393 6.42712 8.34277 
-3.24414 15.0972 7.33545 4.69189 2.47241 4.18274 4.48474 6.84961 5.41821 7.4541 
-3.32129 0.463501 0.787354 4.41016 6.26892 -3.37512 -1.49622 10.7491 2.12646 11.2573 
3.21338 7.00574 17.5386 9.71509 3.14417 4.3512 4.37512 2.00879 3.54993 3.22778 
0.208618 1.24805 2.14905 7.47107 0.703125 7.04199 -1.78467 -4.18188 13.4834 9.18176 
5.11646 4.33984 -1.01282 6.63098 4.05469 2.10938 -5.81726 12.5675 3.9613 11.0594 
4.36621 -3.05005 3.06458 7.9895 -0.0615234 8.59058 -0.719849 -0.786255 16.2393 7.05859 
6.14563 1.46106 18.0928 14.2136 -1.51282 3.01892 3.34937 0.0653076 6.50635 1.25781 
4.40015 5.94006 3.26465 1.74768 3.06641 6.06848 22.0453 2.3158 0.608154 -0.325317 
18.4272 -2.83972 -0.684204 -1.74292 -0.621338 5.28589 2.8313 2.34424 2.54614 4.82703 
3.84558 3.37964 3.9281 -2.36462 10.8164 -1.55908 8.51233 -0.601929 -7.55469 6.76221 
-0.147217 5.02515 -0.157471 2.90295 -1.87097 5.37061 6.27124 -4.44409 5.19885 6.32251 
-0.39502 0.702881 -2.51599 23.3561 0.759155 16.0847 -6.3634 -0.897827 13.4187 14.2754 
-2.05725 6.43274 0.283813 12.6194 3.03796 12.6879 -2.77136 5.26111 10.5201 12.1558 
-0.959473 -0.0327148 3.0249 9.22595 0.981812 7.58997 1.40649 4.10791 14.9651 9.20679 
-5.68286 4.68115 -4.56604 1.578 10.2183 4.96692 -3.16614 8.54248 8.70776 13.6077 
-2.48376 13.653 5.03699 2.30835 3.62012 2.9137 1.8949 5.54395 5.2699 6.88916 
0.825439 9.552 2.95398 0.297119 18.7047 -5.51636 7.11536 6.82764 -0.546509 1.69556 
18.1084 -1.56372 0.117676 -1.42065 2.60156 6.20471 -3.38904 0.931274 7.40173 7.16382 
4.84631 4.79614 2.86719 -4.48279 4.04309 1.46057 16.4829 6.41223 -4.8446 5.57434 
-2.60681 14.5381 6.86682 1.17432 5.46423 2.12683 0.502197 5.97302 4.53784 4.85437 
13.5898 4.47424 -1.32458 0.865845 2.9845 1.49683 -0.680908 3.78076 3.40063 5.27197 
22.0587 2.15564 3.07056 -1.23865 0.821411 2.73816 5.1792 -0.795776 9.36023 6.75403 
5.72876 4.87988 5.10901 -4.55017 5.63782 0.466553 10 0.861694 -4.58484 6.48242 
8.12622 0.460205 16.0447 9.67322 -4.41309 -7.13135 -3.94922 3.75464 9.46021 7.49927 
2.90515 14.8217 7.37793 2.67981 8.12244 0.682129 2.18457 6.13501 8.60889 2.2439 
-0.187134 16.2473 10.146 0.472778 6.45569 1.33154 -1.3988 7.89575 5.61304 5.29883 
2.90491 0.969604 -0.0373535 8.65576 5.94104 -2.44971 -3.32532 18.0645 7.42212 13.1414 
1.37207 5.27307 4.18054 6.08313 3.11548 2.62524 -8.77222 15.4869 4.995 11.958 
1.45166 4.44934 1.68921 2.9021 1.47717 2.96143 -1.73242 -0.477783 9.24768 6.8363 
-8.48352 7.41138 -5.32043 0.606812 18.8312 -1.76758 1.12231 10.3967 2.57776 12.8772 
-0.440186 6.35364 6.59937 1.47046 5.47766 5.72046 19.6921 -3.23389 0.645386 5.90747 
16.824 -0.531494 1.36853 3.20251 3.1167 2.00598 -3.09985 2.95166 5.00769 8.6958 
5.34802 -0.424683 3.89563 13.3749 0.999146 -0.650513 -3.94385 17.4594 5.48865 11.5818 
15.4597 3.94019 4.67297 2.02429 -0.950928 2.99292 4.07727 -2.97253 4.91663 6.77722 
-0.285889 -0.439819 2.3075 17.8661 3.03613 13.5609 1.79895 -2.6803 9.95715 10.3423 
2.32202 5.34998 5.16406 -6.00024 3.96667 3.39685 18.0031 5.55176 -7.28845 3.3595 
3.60925 3.35791 1.9137 9.41711 0.25061 7.97461 2.42053 -3.22852 14.6423 8.89734 
4.88269 8.90662 2.38367 7.20935 5.45801 1.57605 -4.25684 20.1482 5.91711 10.9016 
-3.58972 16.2209 7.26233 0.822632 6.36963 2.52246 -0.117798 6.49463 5.60583 5.3927 
2.80823 8.33093 -1.07275 9.45813 -3.14539 16.5775 10.264 -5.6394 1.72021 7.08533 
5.90466 2.75867 11.2064 4.08362 2.70227 0.628296 0.589844 4.54309 3.94397 4.32153 
-3.26025 9.5321 -2.29114 -0.423584 20.2448 -0.202393 1.90942 7.68921 0.258423 10.0105 
-2.6532 3.28625 -3.35706 1.93274 11.6904 1.52625 -1.59875 9.31201 10.8477 13.6833 
-0.178467 9.98035 0.504761 -3.12085 18.8007 -0.387939 3.98438 5.66443 4.42407 8.15747 
-0.0512695 2.31531 7.646 12.1106 4.7948 7.25269 0.775024 6.64783 6.37939 5.05591 
-0.536865 3.97766 2.47632 2.35547 8.99329 -0.377197 13.6353 1.49243 2.43567 4.74792 
0.86499 7.72144 -5.59192 -5.00659 13.2672 3.63293 3.80176 5.22241 5.99219 7.31165 
-2.29443 17.3955 6.37097 4.18701 9.80029 4.01563 -4.60693 10.6481 4.29492 8.41284 
4.14771 2.68665 -4.94763 9.78662 9.35144 -0.358398 -4.85779 18.8529 3.99048 14.9342 
9.45447 -3.93469 18.1268 17.9138 -9.97961 1.64771 -5.02795 8.49817 5.07385 5.36707 
4.53931 4.21851 6.37878 4.50806 6.04749 4.25488 19.5449 1.76794 -1.55115 -0.63269 
1.76965 4.42822 0.799194 5.77905 0.473755 5.62952 12.0228 0.883911 -0.0668945 0.515137 
29.4236 0.523682 1.06628 -0.983032 -0.763184 6.34387 -5.61609 4.1886 7.25146 11.9485 
-3.79602 13.4313 4.87524 4.39258 4.44482 4.3833 1.97888 7.77222 6.01135 8.82471 
3.88306 1.9187 18.5757 6.87122 -4.66882 0.757446 -5.98169 5.39026 10.15 8.36218 
0.771973 6.23499 8.87036 17.3267 -2.88342 9.82434 -6.1731 -1.61401 8.26636 16.7635 
-3.18774 7.81299 -3.68005 -0.00854492 21.6107 3.18909 6.11194 2.70886 6.27771 12.3562 
7.94958 -1.27625 -3.1864 10.4912 2.21887 25.7297 2.84155 -5.08643 10.0624 12.6622 
2.24341 4.28137 6.35095 2.19739 2.9845 3.77832 25.3484 -3.57751 0.870239 2.42456 
1.83337 7.172 4.31934 4.48242 3.87061 -2.33533 -7.32642 17.2373 6.10999 13.9771 
7.39734 -0.487305 3.78906 6.21045 -3.17957 6.56018 -2.49194 -6.28467 15.4047 7.10767 
-4.81506 5.31909 -2.23303 4.28857 15.3148 -0.361572 -0.0368652 4.90234 4.62378 16.1808 
19.1865 -2.729 -1.15955 -4.77051 -2.56946 3.44006 1.82336 -0.233154 10.918 1.27332 
-0.703491 14.5026 9.10583 2.94629 1.44067 4.34302 7.32727 4.88196 7.32813 6.41296 
4.68384 4.55688 23.5868 12.5964 -4.27393 -0.489136 -5.33777 1.9906 13.808 9.75317 
4.71924 -0.440308 5.32031 17.4403 -7.61792 10.5873 -3.85193 -7.96912 4.46387 11.7601 
-0.785767 7.57642 -10.5508 -6.09473 18.4055 5.41748 1.16187 6.60779 7.71021 14.0844 
6.24023 1.73645 -1.82654 2.21509 8.34021 21.088 6.66772 1.99927 9.84778 5.87317 
2.35095 5.26489 7.77344 0.434937 0.496826 1.54993 24.0348 2.38086 -1.92578 -0.999146 
