-8.89038 -11.6721 -9.95068 0.409424 -26.7815 -12.4126 -22.1721 10.8733 -9.71216 -5.62744 
-2.57739 -1.17603 15.0056 -4.36938 -46.2944 -10.8762 -12.8533 -27.5857 2.43701 -27.4863 
-9.45044 7.58325 -2.00122 -7.17017 -9.21289 -10.3918 -4.8269 -6.29077 2.30908 -13.7622 
10.6985 -13.3843 -0.862305 -6.63721 -16.7302 -1.79053 -7.01953 -5.32959 -7.41943 -1.58936 
-6.89697 -10.3564 -3.34082 -14.2939 6.35669 -16.2131 -6.38232 -5.01807 -10.782 -0.519775 
-11.2205 10.074 -6.24829 -6.68286 -8.12866 -15.6062 -10.8677 -2.64136 1.677 -10.2805 
-16.4814 -12.7 -10.272 -9.11768 7.87427 -10.2119 -9.44702 -4.40063 2.0979 0.775635 
-16.9246 -5.85449 0.057373 0.346436 -5.2041 -8.56885 -21.6082 -7.93091 -3.58545 6.2749 
-13.9841 -17.7722 -6.76978 -10.769 -14.7383 -2.76733 2.10962 -26.3606 1.59229 -7.86499 
-16.623 -15.6021 -16.0293 -4.90186 -6.88037 -22.7092 -21.9023 1.77881 -1.28662 10.3689 
13.4631 -16.2886 -3.24683 -8.72119 -27.0332 -7.18872 -9.58228 -2.67529 -19.5898 -1.74048 
-4.43604 -15.4092 -3.41821 -5.68115 -11.4714 -3.45459 8.80054 -17.05 2.15186 -12.198 
-20.3074 -14.4978 -8.98804 -5.80762 -3.97412 -14.3076 -20.3274 -2.78076 -8.23413 9.94165 
14.8237 -19.1689 -4.73022 -13.7832 -26.0352 -7.70483 -9.07886 2.89575 -6.56616 -4.12207 
-13.9697 9.70142 -14.8965 -4.39893 -8.79102 -10.7212 -10.0583 -11.3899 0.380615 -4.42969 
-13.363 -11.1807 -7.05786 4.69092 -23.5908 7.69067 -23.0427 -10.9795 -7.61719 -2.12183 
-7.67554 -17.939 -4.51343 -10.8506 -8.8064 -19.2776 -13.7769 -2.78394 -8.33862 5.17212 
-7.74219 -8.53979 -3.3186 -0.405762 -22.0979 -9.10107 -22.3772 10.7036 -13.6067 -8.42041 
-1.51489 -10.7776 -1.41992 2.33594 -11.6926 1.06885 -8.70532 -7.39087 1.39331 -5.86353 
-13.9475 -7.97437 -5.93359 -7.96948 11.0969 -15.395 -9.83105 -4.17603 -4.95752 -4.72852 
-11.8408 -6.61182 -15.3586 -7.66699 -6.82568 -9.04907 -19.2925 1.54126 -0.943359 8.34863 
-6.30347 -20.8933 -1.89136 -11.8652 -7.67651 -2.05591 7.64014 -22.2949 2.74927 -9.88647 
-6.84595 -11.2126 -4.15723 -9.8186 -2.73608 -7.98657 10.2698 -9.60522 -0.539063 -11.5322 
-17.0334 -11.4995 -17.1724 -6.89526 -18.9858 10.3738 -9.86572 -23.4854 -13.7891 -4.71948 
-8.00439 -11.5356 -4.60962 -8.52222 6.93018 -8.75513 -9.16089 -1.29175 -8.58423 1.53809 
15.9441 -21.1826 -4.25122 -16.7644 -8.45044 -6.60278 -2.57935 -9.39111 -13.0483 -1.1272 
-14.5063 -12.4692 -2.42871 -2.29565 -15.6748 -14.4968 -32.8813 13.8379 -26.4497 -4.2666 
-17.0586 -18.28 -8.30981 -9.96631 11.085 -11.7527 -15.5366 -6.34692 -6.08472 -5.77563 
15.9067 -14.1111 3.67676 -10.9385 -40.6438 -9.17358 -11.9377 -1.99707 -6.07202 -8.40942 
-16.6047 6.88501 -10.4438 -2.68188 -4.90381 -6.39478 -10.6013 -10.459 3.04395 -5.38159 
-12.6428 -3.40503 -12.9182 12.3601 -22.4373 -6.95386 -27.0999 -10.822 -13.5242 -0.804443 
-11.3022 7.51245 -11.1196 -4.4436 -3.24756 -2.01367 -5.74976 -4.73438 -1.71265 -1.97388 
-13.895 -14.0591 -4.46289 9.54028 -24.8877 -6.05859 -24.1055 -12.739 -8.35107 -3.34009 
6.41553 -22.1411 -11.2017 -16.8 9.93188 -3.57813 2.14233 -3.71143 -10.9707 -7.36035 
-1.33667 -3.95264 0.536865 0.0908203 -24.1016 -25.4519 -20.4639 8.17676 -6.02246 -10.8354 
-4.67969 -3.95239 13.2661 4.58887 -33.2607 -12.4258 -21.4412 -11.5408 2.51709 -20.3188 
-17.8726 -8.36816 6.3335 -6.56494 -20.6516 -24.4473 -20.3403 8.38062 -12.2971 -14.4893 
-17.418 9.29077 -14.8909 -6.05103 -2.61426 -7.66992 -9.48071 -3.99585 1.85205 -5.78589 
-2.7373 -3.57715 9.83008 -1.88477 -31.2327 -9.40161 -8.37646 -19.9807 1.52417 -17.0032 
-8.90112 7.24146 -12.7388 -7.63232 -10.709 -12.9102 -7.01611 -12.144 1.19238 -6.13501 
-12.5947 6.85498 -7.30615 -2.35767 -6.78467 -7.7063 -8.00635 -5.34253 1.05957 -8.1665 
-11.9995 -2.83228 0.254639 -0.92749 -13.0977 -16.7627 -16.1318 7.34766 -10.2756 -4.13281 
-25.1372 -8.49854 -11.812 -7.94849 9.84839 -27.8152 -17.4744 0.0585938 -9.42529 -2.20483 
-4.57202 -7.93115 10.9653 -9.22266 -4.56641 -7.54932 -7.03516 -7.54834 -5.64941 -28.771 
-11.5569 -10.7832 -7.125 7.19897 -14.8201 -3.09253 -15.8425 -15.2131 -9.0144 -10.6748 
-6.06812 -5.09424 -8.55518 -4.51074 -16.4866 3.76831 -3.58862 -12.134 -2.7251 -4.2644 
-23.4055 10.3296 -5.94189 -0.720703 -7.88257 -6.34082 -15.9155 -13.5232 1.67261 -2.91357 
-17.9041 -2.00781 15.8481 -3.22485 -16.293 -20.6831 -2.02344 -25.2749 -4.21069 -26.6641 
-25.0249 -13.4998 -10.8723 -8.1665 8.37134 -13.5798 -14.543 -9.83228 2.67188 -2.74097 
-9.61182 -11.2236 -6.28516 -9.83496 7.26538 -23.5803 -11.8557 -0.965088 -10.2351 -3.34912 
-2.12158 -7.29688 -4.83252 -11.2556 -10.5691 -4.45435 11.6187 -15.8538 0.628418 -13.7839 
-8.74219 -13.0178 0.452148 10.4236 -17.2239 -4.36206 -23.823 -3.87598 -6.38647 -10.4514 
-13.376 -15.3875 -12.8379 -3.34741 -17.5847 6.79297 -9.79858 -8.36597 -4.3606 -4.07568 
-10.9231 -14.4058 -7.13892 0.282959 -10.5518 3.69238 -13.5222 -8.84033 -4.54517 -2.58862 
-8.15869 -8.72925 -2.75659 -16.5903 -16.3118 0.359375 13.728 -19.5925 -1.62915 -17.0518 
14.6321 -9.19678 -3.12988 -18.6804 -24.1709 -4.71411 -4.31274 -7.15967 2.07813 -10.355 
-17.043 -21.1709 -9.59619 -15.1758 11.2976 -14.7307 -14.0039 -0.803467 -8.68311 -6.34766 
-9.70898 8.65356 -5.427 -3.82373 -7.63525 -15.03 -7.94653 -1.93896 2.31689 -12.3611 
-17.0522 -22.5999 -9.38013 -4.99097 -0.994141 -16.8792 -18.8577 -3.37012 -11.1663 9.86548 
-7.05591 -6.5481 -11.7385 -8.54761 -13.1445 8.37646 -9.49683 0.684326 1.74316 -4.26245 
-17.8188 -21.0996 -3.27368 -4.52539 -16.1943 -13.1431 -44.2358 18.0955 -20.3433 -6.63013 
0.493408 -14.8281 5.24048 -3.28711 -17.0857 -9.87231 -9.9165 -13.1292 10.6306 -13.0784 
-9.49805 -17.3276 -2.85059 -9.91357 -4.20166 -5.34277 -6.71558 -6.33252 0.37915 3.33911 
-11.8379 -12.3435 0.250244 4.76904 -29.624 -11.1199 -17.3547 -16.6804 3.75171 -10.2024 
-16.2407 -16.0696 0.537842 0.408447 -16.7446 -30.0576 -31.3882 13.6274 -8.7085 -9.09424 
-14.1335 -5.729 -7.2561 -6.50488 6.03882 -3.11255 -7.58911 -9.95532 -0.241699 0.907471 
-7.71167 -4.19263 -0.587158 -6.60938 -7.28076 -12.6265 4.47095 -5.70264 -0.338379 -15.7476 
-13.9146 -6.19604 -1.4397 -6.00708 6.19751 -17.8303 -12.98 -14.8687 -9.5293 -2.37183 
-12.6294 -11.0842 -9.66528 9.04297 -25.0845 -8.86743 -25.8176 -12.3811 -6.56738 -1.07202 
14.9087 -15.9709 -9.81201 -20.4526 -8.95996 -3.36719 0.00610352 -3.36694 -18.8354 -10.4509 
-9.20581 -8.22168 -5.35303 -4.58472 -18.5745 -16.356 -26.2422 14.6738 -15.4944 -8.17017 
20.4268 -26.3962 -9.07642 -15.2874 -31.071 -9.51953 -8.9165 -1.01489 -22.1062 -3.48926 
-10.551 -5.68896 13.1826 8.25146 -43.6851 -7.9353 -29.5913 -9.40088 -1.42163 -23.2256 
-2.96265 2.19775 -5.58423 -5.9502 -13.2705 -15.8477 -15.7036 -1.34326 -1.42676 6.54321 
-16.2732 9.11841 -15.9688 -7.81714 -2.08179 -8.20313 -8.54614 -6.06836 1.60791 -4.67358 
-23.3591 -3.83374 -3.86084 -2.85107 -11.0151 -19.0669 -30.061 12.9741 -12.5593 -3.92139 
-13.5039 -4.90796 -5.9856 8.30298 -19.5574 -4.14404 -25.2434 -16.6008 -5.32251 -1.67334 
-7.00391 2.18018 11.8455 -4.29565 -15.3096 -14.2915 -10.5115 -15.2168 -5.93774 -18.9714 
-12.6492 -3.34058 -14.3 -11.2991 -5.17041 -11.7708 -12.9565 -1.92212 0.0671387 8.60767 
-10.0425 -6.65869 -7.34229 0.562256 -22.6853 -18.0623 -22.0916 7.38745 -3.80811 -0.43042 
-5.55396 -9.07593 -5.4353 -8.27515 -5.23193 -7.65088 -21.4417 7.04688 -8.75659 3.85376 
-5.44067 -7.25781 -4.64893 -11.7656 -9.42261 -3.78833 7.07031 -14.1206 -2.20386 -1.95996 
-7.45581 -9.16309 17.5569 3.30322 -30.6401 -26.6067 -21.3276 -17.0405 3.32275 -34.4622 
-8.82544 -9.94165 -8.19019 -6.91162 -7.177 -14.5415 -23.3279 11.5449 -19.9221 -3.021 
-9.98145 -12.0613 -8.73193 -8.09155 -7.98291 -3.08838 -3.90894 -8.97437 8.01758 -12.104 
-22.2751 -10.9243 -7.56885 -6.80469 8.36182 -21.0115 -15.6182 -8.78418 -0.331299 -9.60645 
-12.8608 -9.12671 -7.65283 -5.4375 -17.4502 -18.0183 -24.4917 8.49194 -4.71118 -0.521729 
-7.45337 -3.1377 -2.22046 6.27271 -9.08228 -1.19165 -15.9666 -4.59692 -20.05 -10.9155 
-8.29761 -21.2996 1.06421 -16.811 -2.45532 -15.3711 15.2686 -21.6816 -7.229 -12.4133 
-8.70459 7.72803 -5.18286 -7.60376 -9.93506 -11.7168 -3.58691 -11.8413 3.40454 -14.9243 
-11.9004 -9.09131 -3.2417 10.4272 -25.2034 -9.13574 -30.3706 -13.2803 -4.1521 -7.47974 
-11.9041 -13.3945 -0.558838 -10.3469 -10.3591 -3.5481 14.7905 -31.386 2.25146 -15.9453 
-12.7632 -6.68188 -7.61963 -6.6167 -3.48022 -11.1489 -10.6838 -5.77539 -0.0632324 4.65845 
-8.05591 -2.12964 -10.8945 6.69556 -22.969 -0.492432 -32.6975 -17.4382 -8.85767 6.24512 
-19.9441 10.1501 -8.91284 -6.28882 -7.97534 -8.0022 -10.0718 -15.4739 4.65649 -6.38794 
-6.89648 -10.6951 -6.75098 -8.18799 5.29956 -12.2368 -3.07837 -8.78442 -0.0280762 -2.70386 
-13.0703 4.66528 -9.88379 -2.64893 -3.5564 -2.0896 -9.94214 -6.67236 0.0881348 1.69873 
-4.95581 -6.41211 -0.436768 -5.19971 -10.2192 -14.8523 -15.1523 8.98926 -8.68872 -14.8508 
-1.94507 -10.5232 -6.69604 -8.94189 -18.6245 -0.556152 7.82739 -20.6602 -5.50098 -10.0156 
-10.2686 -21.2612 -6.95337 -3.8999 -9.61719 -19.3809 -20.5325 -6.22925 -5.5293 6.65039 
-6.90845 -7.3291 -4.0481 -9.75659 -8.1499 -8.57861 8.37866 -15.2871 -2.33838 -9.18604 
16.3438 -19.7441 -6.58057 -16.5708 -22.8335 -5.3335 -5.61768 0.566406 -12.9788 -4.02026 
-22.5713 -19.7395 -23.7834 -3.75366 -34.041 10.8784 -16.7729 -12.5146 -11.072 -2.32813 
-13.8589 -16.5437 -3.17603 -10.1692 11.0254 -18.7317 -15.1987 -10.1013 -12.7727 -13.4048 
-13.0562 -20.5159 -11.196 -5.49292 -14.6982 1.24365 -22.2029 -11.8879 -3.20801 6.72021 
-15.3833 -20.0188 -9.13232 -5.91138 -10.5095 -15.1702 -17.4978 -8.21631 -4.46021 5.55347 
-2.56689 -11.064 14.0659 -0.650391 -22.0352 -17.8904 -17.103 -2.14014 5.97729 -16.8789 
-4.69897 6.81738 -2.56934 -12.6887 -13.0056 -9.21655 0.984131 -12.9834 1.54663 -16.2891 
-13.5427 -10.6362 -7.17505 -9.14917 -0.706787 -5.01904 -14.2954 -5.30298 -1.19727 8.46191 
-12.3049 -4.23877 -5.19702 -11.6296 11.5825 -14.6875 -9.28979 -1.77344 -10.271 -4.4646 
-9.49365 -4.01831 1.1106 -1.25635 -16.2314 -10.7549 -11.5125 -22.2393 10.0884 -13.6689 
-10.4763 2.55273 -2.44507 -3.22729 -17.2095 -15.9536 -18.4116 2.30908 1.8208 -6.9187 
-9.50806 -8.35938 -11.6541 6.06274 -19.0461 -5.18091 -15.2083 -11.3286 -7.63745 -2.79883 
-15.5044 -9.03735 -4.21948 -4.77832 -5.17456 -18.8923 -18.3616 -9.93604 -5.03638 8.39038 
-13.3018 -6.73242 0.342529 -0.954346 -13.2791 -16.0781 -9.91064 8.13452 -8.14282 -12.5869 
-12.0422 -4.42773 -6.40161 -7.41333 2.4668 -10.4343 -5.45337 -8.44263 -4.04468 -1.38745 
-22.5085 -9.91382 -11.552 -7.49609 8.00317 -15.2212 -6.27148 -10.7019 1.10791 -1.37646 
-28.488 -20.1804 -6.3772 -5.51685 10.0125 -15.6533 -17.7849 -12.9106 -0.153076 -1.44116 
-10.1277 -2.92798 -0.635742 -6.2915 -2.94385 -12.0281 -10.4917 -4.28955 -7.00708 4.40894 
-8.18677 -3.43921 9.5061 -4.3584 -20.28 -16.4087 -8.17725 -11.0488 7.97729 -17.4326 
-21.1714 -15.4329 -13.3337 3.70239 -37.6494 6.33008 -24.7639 -18.1169 -11.353 3.33496 
-5.12231 -15.7478 -7.9856 -8.00928 1.77319 -12.2854 -4.48584 -5.57007 -1.73291 -4.49414 
-10.2083 -3.46558 1.71582 -3.41797 -9.64575 -10.3677 -18.4927 8.30249 -9.82813 -2.80737 
-13.2085 -0.477539 -5.86206 -6.32495 -8.51392 -1.52051 11.1523 -17.406 -4.91333 -18.5005 
-29.3157 -8.896 -17.0566 -11.9741 4.06323 -17.7034 -12.4441 4.56445 0.959473 -1.24438 
-9.35498 -2.19214 2.37329 -2.89209 -2.73315 -9.64209 -13.6443 -11.2305 -3.77466 4.3418 
10.1685 -17.4333 -0.893066 -7.14966 -22.6196 -1.54297 -13.0044 -8.17139 -13.5156 -3.30029 
-18.7292 -14.7551 -15.062 -7.49707 -29.6187 10.3411 -20.6672 -14.0962 -9.17798 -5.53296 
-6.71948 -17.4524 -4.15454 -3.4834 -26.2405 -5.79004 -11.1748 -10.0132 8.65991 -3.35449 
-19.5708 -19.522 -14.8389 -3.20166 -33.2461 9.39819 -17.3816 -18.3667 -10.5691 -0.0637207 
-4.8999 -15.2825 -2.43457 -6.72461 -9.19824 -8.03442 9.88013 -21.5383 1.24487 -5.75854 
-3.31177 -15.9404 -5.10229 -13.5334 -16.0662 0.730957 13.2839 -33.8845 2.42163 -6.81885 
-17.916 -13.1924 -7.54126 5.8562 -39.0037 7.31689 -20.9666 -27.1543 -8.61768 -4.20264 
-11.8916 -6.26074 1.56445 0.44043 -16.5107 -17.2837 -17.3918 9.50513 -4.32568 -12.5208 
-6.65283 -1.78687 0.835693 -5.97339 -20.7725 -11.4875 -11.1934 -18.5796 11.7043 -9.57764 
-10.2114 7.2583 -12.356 -6.20386 -11.8699 -12.0266 -8.13745 -10.8811 2.31909 -6.06592 
14.8513 -16.0327 0.0932617 -17.8381 -20.3625 -7.97119 -5.00781 -5.69336 -6.47021 -6.30835 
-5.39478 9.36938 -4.50195 -11.6367 -12.7795 -12.4456 -6.5144 -14.584 1.76758 -11.3914 
-4.6062 -20.4431 -2.64038 -9.93091 -7.65674 -7.13696 13.5679 -18.927 -2.48901 -19.626 
-11.1345 -6.29346 -9.79443 -10.5969 2.98022 -20.2427 -5.88501 -7.66626 0.993164 -2.75928 
-1.83545 -3.50537 -5.13672 -9.94531 -4.6709 -0.695557 9.7959 -16.7065 -2.46143 -12.5874 
-17.2043 -21.3877 -5.29395 -6.16895 -25.5166 -21.5117 -46.3254 21.863 -29.4543 -7.98682 
-12.501 -11.6016 2.63647 5.70142 -21.9839 -13.9741 -25.0203 -1.72803 -1.27661 -10.4653 
-11.3047 9.0332 -4.37231 -8.5498 -11.698 -13.4905 -6.59741 -5.88794 1.44556 -14.7676 
-19.7444 -10.7278 1.71997 -1.56763 -14.4607 -23.0291 -24.5486 8.71826 -14.3569 -5.11182 
-15.7896 8.69482 -13.9583 -3.78369 -4.73608 -2.88135 -8.53247 -9.90308 0.910889 -5.39478 
-7.67017 -7.71655 -3.82959 -3.12549 -19.4458 -10.8345 -10.5481 -8.17651 7.77319 -5.48877 
-8.20459 -12.0366 17.8508 7.25513 -23.6792 -26.2356 -15.2273 -19.2566 0.625244 -23.1599 
13.8394 -10.6714 -0.473389 -13.9473 -25.6816 -7.96021 -4.6748 -7.36255 -2.6499 -4.69141 
-14.657 -2.5127 6.24438 -3.38232 -8.07837 -2.0293 -10.9331 -16.1204 -7.50024 -2.5354 
-12.0884 -21.0176 -3.81079 -6.69434 -10.5781 -11.0879 -13.991 -10.9353 1.40454 4.52246 
-4.60107 -21.1814 -4.01392 -2.83179 -24.2263 -4.38184 -19.6765 -14.2002 3.89502 3.1001 
-11.532 -24.4307 -19.7959 -14.6738 -16.1013 9.82886 -5.63257 -9.17505 1.49585 -3.21411 
-11.6509 -8.35034 -7.18262 -3.7998 -23.4087 2.21313 -13.1467 -10.3899 1.6355 -1.64648 
-13.0022 8.62769 -13.1621 -8.23999 -0.656006 -7.81201 -5.5564 -4.70898 -2.88647 -0.932617 
-24.8154 -25.3516 -16.6187 -5.40601 -14.3274 9.9541 -11.3293 -24.4875 -13.2563 -2.9707 
-9.75464 -26.1404 3.08228 -18.5718 -0.717041 -12.6848 19.5637 -18.6006 -11.1475 -19.6877 
11.5835 -13.8374 -3.61084 -15.2131 -20.5857 -3.95361 -7.5498 -2.07349 -7.60864 -1.87524 
-10.9875 -6.10522 5.37744 8.89526 -26.9963 -6.75513 -32.1858 -6.40771 -13.3208 -16.5483 
-6.84985 -1.81372 -2.802 -6.97583 6.75464 -7.23755 -6.76929 -2.64673 -7.78491 -3.79688 
-16.9387 -12.3428 -7.84497 -9.24341 7.44873 -9.38135 -4.64844 -10.7405 4.42944 -4.25879 
-3.56421 -17.9714 -12.7712 -14.5083 -7.99731 -1.07715 15.2307 -20.4756 -5.47949 -12.1499 
-23.0615 -21.2051 -17.3511 -4.82007 -43.0803 12.4963 -26.4756 -14.6833 -19.2302 -5.65967 
-23.2551 -15.3237 -9.95337 -8.80078 10.3718 -29.4727 -19.864 2.08301 -10.7393 -0.503174 
-8.12109 -22.2356 1.70117 -12.3354 -2.87207 -11.175 14.6848 -8.38159 -2.07178 -18.6689 
-18.3933 -21.9778 -10.772 2.06445 -28.0381 8.53906 -23.4971 -18.3923 -7.33032 4.2417 
-0.538086 -1.61963 -6.08325 -13.5015 7.45923 -15.5571 -8.85229 1.23804 -11.3887 -7.43188 
-5.31055 -11.9714 -6.25317 -0.358643 -9.89722 7.43188 -0.562012 -4.93823 -3.36011 -16.135 
-17.2642 10.4358 -13.4402 -4.14307 -7.12744 -6.74292 -5.26563 -11.0901 2.71338 -11.5618 
-15.6108 -7.35107 -11.0168 -10.011 11.4824 -9.00146 -9.35571 -6.09473 -2.30737 -1.3396 
-15.8132 -8.51099 -6.70679 -5.73315 7.625 -9.34595 -11.5879 -7.27783 -0.822998 -4.42188 
-5.56641 -4.52612 -0.651855 2.29736 -28.2668 -17.1829 -21.731 3.45972 1.45239 -5.60669 
-5.72192 -5.32983 18.937 5.12305 -51.1262 -18.5828 -24.2605 -16.853 5.54517 -31.3164 
-6.68896 -13.1709 1.30176 3.65723 -19.3289 -6.93164 -19.5952 -4.81104 -3.41162 -7.50537 
-6.97998 -1.33813 12.4399 -0.210449 -27.2979 -15.2786 -10.8298 -13.0247 4.62866 -15.7629 
-5.61108 0.43457 -2.81616 -1.48584 -11.0747 -7.56128 -13.1868 -0.30957 -3.98901 0.519775 
-11.6948 5.84961 -8.79907 -4.52417 -7.46753 -7.71191 -6.85107 -5.78052 -0.177246 -6.59985 
-2.02515 -11.4924 -3.37329 -5.82349 -13.7681 -5.97266 -3.13477 -9.62988 4.97144 -8.95874 
-11.115 8.81006 -13.5073 -3.92407 -7.74707 -13.3281 -9.21582 -8.81274 1.39282 -8.57007 
-4.18384 -4.17358 4.34912 -2.99268 -31.3926 -8.00732 -13.6787 -12.5078 9.16138 -13.9668 
-11.5039 7.98804 -12.3557 -5.57495 -4.92065 -13.1919 -9.92017 -1.25171 -1.26538 -3.3252 
-6.90845 -6.06836 2.47388 -1.3269 -28.3726 -4.86157 -8.62817 -18.512 10.8208 -11.062 
-7.00659 -8.73145 -8.87085 -8.44214 -25.5449 7.18311 -4.66235 -14.0676 -0.492432 -4.00635 
16.9561 -19.4607 -5.80005 -15.8762 -20.5635 -6.32251 -10.6184 -3.63037 -33.0317 -6.5791 
-6.82178 -1.08594 2.10815 1.13989 -9.5918 -10.2683 -5.06885 -15.5613 7.14209 -16.9248 
-10.6899 -10.5591 -3.08521 -4.97754 -4.07642 -16.3154 -6.96167 -8.30029 -7.16089 3.04639 
-7.77319 -8.36938 19.8394 2.50806 -62.9016 -21.0244 -24.4619 -18.3787 5.88428 -26.7595 
-21.157 -23.6448 -9.93726 2.16162 -40.4993 5.02466 -22.2927 -15.9917 -8.76807 -1.37817 
21.5315 -12.6716 0.48291 -18.3037 -35.8782 0.759521 -7.49316 -6.65845 -7.26392 -14.2031 
-14.9399 6.78979 -11.302 -2.07324 -5.40625 -0.787109 -9.25391 -8.71631 0.2146 -2.62646 
-4.73364 8.97583 -5.28442 -6.42334 -7.00415 -16.8721 -9.21997 -4.20239 2.94629 -8.22388 
-15.6277 6.31885 -10.2766 -1.95996 -3.10254 -0.846924 -9.26563 -11.5667 0.160156 -0.869873 
13.8972 -13.0525 3.89502 -9.41113 -17.9529 -6.30249 -2.2749 -9.06421 0.877441 -7.84717 
-9.75903 -15.1021 -4.86694 -6.08789 -2.80762 -7.87793 -12.1431 -3.52368 -0.00732422 5.81519 
13.8208 -16.2693 -0.452637 -13.7229 -31.8025 -3.36401 -15.3325 -0.0412598 -11.1448 -2.58618 
-9.68726 -9.97925 -1.56567 3.14331 -11.3398 -0.476807 -18.283 -10.0664 0.164551 -1.97998 
-10.5129 9.12671 -12.7219 -10.0415 -4.8833 -10.9768 -3.57764 -13.2388 1.60449 -8.78003 
-1.73145 -11.5688 -6.20313 -15.8059 -12.2788 -3.57104 16.1594 -32.5164 2.45117 -17.4192 
-17.1201 -14.5171 -9.0376 -11.0898 9.03613 -13.4585 -12.113 -2.96899 -2.84937 -4.37012 
-7.34033 -6.78857 16.1309 6.76782 -46.0386 -22.1687 -17.2017 -15.877 10.1243 -23.3774 
-2.57104 -14.2952 8.34155 7.49951 -35.9045 -9.17334 -15.1887 -16.8279 7.75952 -11.4507 
-0.587402 -13.2327 -3.30054 -19.8274 -10.4177 -11.2451 14.312 -12.5723 -9.53931 -11.9187 
-8.10449 8.85547 0.979736 -9.37085 -11.04 -16.0769 -7.85938 -4.93555 -2.35913 -16.5735 
-11.4106 7.79956 -13.5564 -4.82715 -3.97925 -3.07324 -4.04321 -4.87085 -1.24512 -2.94287 
-9.72534 8.18066 -2.94287 -6.19043 -9.12817 -11.8823 -6.08301 -5.26929 1.9939 -14.009 
-13.3345 -9.52417 -8.67529 6.10376 -11.6506 -6.59741 -15.4849 -8.94238 -2.91333 -2.28003 
-16.6865 -16.783 -6.79541 -10.447 -9.14502 -6.92456 -14.9993 -6.19092 2.72803 7.31201 
-9.88965 -16.1213 -9.90137 -2.76758 -14.5632 5.53223 -11.6614 -8.06055 -4.66089 -3.80713 
-13.3481 -7.92676 18.5159 -5.71289 -22.8555 -13.6484 -8.98584 -10.5205 0.932373 -38.5188 
-20.3735 -18.4363 -8.91309 0.368164 -1.40503 -3.93213 -25.7942 -6.92383 0.244385 10.229 
-10.8325 -14.2354 -8.77148 -12.9614 8.89355 -16.4575 -13.8584 0.0888672 -10.7544 -1.53613 
-7.40552 -4.62061 -10.4143 0.9646 -18.3638 1.44604 -11.418 -3.89307 3.42944 0.630615 
-16.3679 -22.3289 -10.7544 -3.08276 -8.88696 -4.11084 -27.686 -7.78174 -6.0271 10.0552 
-12.5625 -7.75659 -10.0757 6.11914 -21.0747 -9.99292 -21.5664 -8.04932 -3.53369 -1.30664 
-15.6821 -12.679 -5.17114 -7.69458 -2.27344 -10.584 -14.9106 -6.00903 3.51294 6.73804 
11.1243 -15.7642 2.54956 -15.3308 -13.2424 -14.6943 -9.10229 -0.286621 -8.8916 -6.68701 
-18.7405 -14.7307 -9.01636 12.3425 -29.333 -8.97119 -32.6873 -11.8726 -10.8523 -0.411621 
-4.41162 -15.7302 -8.68042 -16.6682 -15.6152 3.16382 5.79053 -22.7332 3.32227 -8.49512 
-13.6409 -7.12964 -17.3672 -0.748535 -19.5349 9.31714 -16.4312 -0.6521 -2.99463 -3.10034 
-12.0706 -6.3125 -14.5313 -1.53369 -19.438 8.82104 -12.3132 -21.0583 -3.19824 1.6875 
-2.93823 -10.5049 -5.53369 -9.46094 -9.73608 -8.7146 -19.4309 9.29614 -17.7866 -2.04346 
-1.63867 -11.7417 7.32739 -1.52417 -23.9199 -12.9092 -10.2974 -5.90186 -0.756592 -14.1426 
-5.61377 -13.1208 16.1411 -4.64063 -24.5071 -15.4067 -12.2644 -3.46509 4.65332 -19.7871 
-10.7883 -4.3606 -3.0271 1.83618 -23.707 -26.8284 -27.1709 13.4639 -17.0542 -6.60156 
-8.61084 6.11475 0.489258 -7.37598 -7.14551 -6.74487 -4.00342 -4.79761 -1.16089 -12.345 
-2.76416 -4.81885 10.6384 6.33276 -41.6001 -11.3469 -20.8396 -4.9834 0.409668 -18.2422 
-8.66089 -4.40649 -5.56006 -1.19727 -11.8127 -4.59717 -8.67944 -10.0615 9.37085 -8.64526 
-10.98 -0.421143 -4.24365 -6.87988 6.41846 -7.42017 -5.96387 -5.50928 -6.4751 -5.61206 
-7.3501 9.30029 -3.52246 -8.11743 -9.82056 -12.689 -4.03052 -9.5061 1.80688 -17.77 
-6.15698 -1.9585 -4.43799 0.297119 -12.574 -14.2966 -19.1802 7.854 -10.4343 -2.86572 
-8.36353 -2.23633 -3.44312 8.41089 -18.1545 -0.59375 -22.3342 -10.7864 -8.59644 -3.71582 
-12.5562 -3.46533 -3.21753 7.87427 -23.8374 -7.55054 -28.0786 -12.1909 -3.88281 -3.37646 
-0.35376 -10.2764 -1.35913 -7.27344 -26.4934 -1.83838 -1.02515 -21.8477 9.17236 -11.407 
-10.3679 -11.0557 -7.27954 -3.97974 -23.2527 -12.1877 -14.8499 -0.759521 4.47485 0.634521 
-3.05151 -0.822998 -1.0918 -3.04517 -22.9534 -15.0806 -18.4275 5.36206 -7.8374 -4.77832 
-5.64673 -11.8774 -5.45361 -9.573 -7.29834 -14.0081 -15.4248 -1.47705 -8.2854 5.84277 
-21.8096 -8.1228 17.1418 7.20557 -40.5237 -19.3005 -23.9255 -18.9915 2.36597 -39.084 
-18.2991 2.03394 16.7375 2.29834 -13.991 -19.2605 -9.29175 -22.072 -2.99365 -25.8894 
-20.6523 -16.2856 -6.03979 -10.509 12.0774 -26.0881 -10.9658 -9.7124 -11.2566 -3.82935 
-14.0647 8.64136 -15.8755 -6.66675 -4.64551 -5.40576 -6.79004 -7.27637 -0.283691 -3.677 
-19.1377 -7.31494 -9.05981 2.15503 -32.4441 6.12085 -22.9021 -23.4944 -7.58569 2.81738 
-3.12769 -22.6384 -7.65796 -2.69336 -17.3335 -2.09521 -17.5076 -11.6423 -4.55371 3.21216 
3.4043 -16.7485 -6.43677 -24.051 -12.321 -9.7666 -7.22192 -14.8169 12.3442 -5.57324 
-15.4678 -9.07764 7.56104 -5.34448 -11.0168 -10.3223 -12.9939 7.86597 -7.28784 -12.8086 
-7.61499 -5.57593 7.28589 2.96973 -14.1404 -9.71851 -7.8916 -5.2356 -0.0791016 -15.8892 
-4.26611 -10.7161 1.49829 4.27881 -5.29053 -3.69067 -6.18066 -7.68579 -8.8418 -14.5029 
19.5498 -20.436 -7.35278 -16.5276 -27.0598 -5.69312 -4.40308 -6.02588 -11.1824 -9.81836 
-6.6333 -12.2815 5.84619 -6.896 -3.97778 -5.57617 4.3562 -14.8679 -1.00488 -24.9185 
-9.34497 -11.8669 -7.08594 -15.7585 10.5549 -25.5566 -10.032 -4.75 -12.4441 -5.39258 
-8.75684 2.84058 15.502 3.78003 -32.3733 -14.9924 -12.5691 -20.2883 2.44409 -26.9424 
-17.6736 -7.19995 -6.75952 -7.86816 5.52563 -6.56299 -14.2874 -5.13623 1.90088 3.85791 
-6.99634 6.71606 -10.5464 -4.62256 -2.01416 -1.48096 -3.1189 -9.39478 -0.294189 -8.80151 
-18.6851 -9.56958 -8.62988 -4.41528 -2.57886 -16.0889 -21.6951 -6.36157 -8.70703 10.3872 
-13.1345 -10.27 -7.64648 -4.85327 -21.1831 9.26147 -12.094 -11.7546 -7.59351 0.14209 
-14.3118 -8.73511 -1.61255 -3.57324 -20.813 -17.8914 -33.8931 13.4761 -20.3674 -6.24487 
-8.20654 -3.81616 0.210449 -3.26953 -19.6455 -14.5256 -20.6501 7.09839 -4.85718 -0.395996 
-7.97192 2.07324 17.0298 0.799561 -36.1863 -16.1038 -11.4146 -17.0979 5.9541 -30.3684 
-8.00659 6.10156 -3.68188 -4.76221 -17.9775 -9.71411 -0.512939 -15.0649 5.55054 -15.9519 
-3.75513 -17.7258 16.4497 3.41675 -31.6428 -23.5554 -12.2649 -20.9153 -1.23242 -23.9622 
9.68335 -18.573 -5.2312 -8.95386 -11.874 -0.467773 4.74658 -9.85547 -9.14429 -17.1328 
-6.07397 -12.1946 5.1521 -7.60571 -28.9695 -8.03027 -6.37207 -15.4219 11.3152 -16.7219 
-19.2576 -7.88843 -23.6707 -3.11426 -31.967 12.5928 -19.8442 -15.3982 -3.63037 -0.381592 
-22.3564 -6.90869 -4.70947 -2.58301 -25.9019 -26.3884 -48.9067 23.8157 -29.0823 -5.85474 
-16.5559 -4.86084 -5.20483 -0.249756 -17.4517 -18.3071 -29.8997 12.0925 -11.6401 0.0595703 
-12.6594 -5.51563 -1.75049 -4.56836 -1.57642 -5.99854 -15.1152 -7.50122 1.75513 6.19678 
-14.5889 8.66138 -12.7214 -3.31421 -13.2686 -11.2495 -7.49194 -11.2668 3.45728 -8.1582 
3.16089 -7.54126 0.537842 -1.81055 -18.3167 -6.63135 -2.60156 -17.5588 6.11084 -10.5315 
-15.0142 9.96729 -14.2107 -6.95044 -4.84595 -12.9377 -8.36353 -11.2219 1.39038 -1.85938 
-3.86792 -18.1958 -0.479248 -0.241943 -21.6494 -5.95874 -12.0142 -9.49756 7.98608 -3.46021 
13.6482 -22.0718 -1.12012 -12.6589 -10.4458 -5.00635 -7.88794 -9.25464 -17.5735 -6.12524 
-15.1458 -9.35718 -3.22363 7.42578 -28.3584 -0.610107 -27.3528 -12.6304 -6.14185 2.54907 
7.96777 -19.2747 -5.82056 -14.9072 -17.7336 -4.06201 -9.49072 -2.04492 -13.5452 -1.05103 
-12.7424 8.44116 -14.9094 -6.92725 -4.54517 -7.05029 -5.79199 -4.42261 -0.311768 -2.58887 
-12.8269 -11.2329 -5.95679 -4.08789 -15.5889 -24.2451 -20.2 -5.00659 1.53516 6.51709 
-8.28687 -15.4324 -3.97363 0.160156 -14.5264 -14.5405 -18.406 -9.83643 -0.512451 5.06689 
-14.6765 -15.6741 -8.23291 -11.2371 8.44507 -16.803 -12.3679 -6.14868 -9.83862 -1.98462 
-10.1025 8.14331 -8.64087 -6.55811 -12.2551 -14.4204 -9.26172 -8.31665 2.63281 -10.1804 
-0.963867 -7.12549 -3.97144 -7.42505 -15.707 -9.88647 -10.5708 -5.68335 7.54272 -3.71777 
-1.80273 -5.76807 11.9011 -4.77881 -29.9871 -15.5527 -9.54346 -15.6316 7.03076 -20.4304 
-11.2825 8.50806 -14.0374 -5.90039 -3.38794 -7.34375 -7.42871 -5.95557 -1.77075 -4.17261 
-11.4268 5.16602 18.2021 -0.25708 -37.5996 -26.4709 -15.3855 -28.7183 -2.20337 -32.9534 
-14.7026 -9.38379 -5.98511 -5.43164 -10.2642 -21.6567 -15.4568 -7.3125 -3.271 8.27173 
-7.00195 -0.476807 3.59985 -1.03589 -17.814 -12.9048 -12.6492 3.85767 1.10205 -7.21411 
-17.6472 -10.5493 -19.9592 -2.10913 -21.6465 11.3076 -11.8306 -4.68994 -7.55249 -2.22095 
-1.84375 -15.8728 -4.81348 -9.60034 -8.3269 -4.54272 -14.2642 -6.12451 -5.89771 4.18286 
-24.2974 -7.2373 19.1458 7.00684 -40.509 -15.9939 -18.0017 -25.877 2.93359 -45.6675 
-8.89966 -5.30347 -1.29175 -12.1584 -23.144 0.143066 8.82764 -30.146 5.01001 -16.4604 
-21.0522 -15.7727 -7.05688 -3.10669 11.1206 -16.47 -20.03 -7.5437 -0.924072 -2.28906 
-10.0017 8.47705 -11.6094 -9.52808 -10.4258 -12.9229 -2.84351 -7.44165 2.44678 -11.531 
-16.1455 -13.5786 -6.64868 -0.384766 -7.24878 3.12354 -15.7839 -15.408 -1.45166 -2.7207 
-19.948 -11.969 -9.49268 -5.12793 -1.26855 -2.50122 -10.3882 -11.2288 5.85498 -0.674805 
-2.48242 0.0900879 16.5437 0.636475 -43.1035 -17.3269 -16.8218 -22.7639 -0.0256348 -32.7183 
-3.23486 -9.78027 -1.50562 -10.9758 -5.1272 -4.84253 -11.0798 -5.44141 -3.7002 3.77075 
-10.4453 -3.86353 12.9646 -3.98022 -12.97 -15.8738 -8.26074 -19.9651 -4.13428 -12.8027 
13.2744 -10.2415 1.65405 -12.8943 -34.374 -3.76563 -10.6382 -0.995605 -0.90332 -10.7031 
-18.8826 -13.5718 -9.65039 -8.17358 13.4011 -11.3013 -16.1118 -6.42529 -0.176025 -1.44629 
23.5276 -29.1841 -3.2876 -13.4626 -31.095 -6.8811 -15.0759 -11.5527 -25.6306 -7.09644 
15.0686 -14.251 -9.77466 -17.1057 -7.55005 -2.36694 -4.14282 -0.858643 -22.217 -10.7332 
-17.6545 -6.30566 17.6531 4.7832 -27.1338 -14.4966 -10.895 -23.448 5.33813 -30.6572 
-8.18774 -4.20605 2.01343 -1.2959 -23.429 -7.84448 -15.1936 -11.6624 9.73657 -12.5964 
-7.39941 -6.23315 -2.18652 -10.7876 4.41504 -9.73169 -4.64844 -0.443115 -10.1206 -9.62109 
-14.1199 -6.24561 2.40723 -1.89136 -7.15405 -12.9028 -20.3613 9.0542 -7.77368 -6.58594 
-17.9736 10.5493 -16.1145 -4.3623 -5.14697 -6.94971 -4.86597 -9.99219 1.47632 -7.87183 
-6.83521 -11.5935 11.0095 -5.51855 -20.3772 -7.88574 -4.52856 -5.3728 1.37402 -18.6436 
-15.3052 -5.36816 -16.9746 -10.4258 9.07373 -11.6177 -11.8796 -3.76807 2.91577 -1.09595 
11.4243 -6.21411 -5.08203 -13.762 -24.0901 -2.37061 0.370605 -3.76147 -7.77563 -13.7053 
-7.77051 -0.586914 16.9084 -0.289551 -43.5525 -18.085 -18.2932 -22.8545 1.05688 -22.4199 
-14.3821 -1.65332 -1.69336 -2.82739 -14.9683 -22.271 -13.0962 5.61646 -7.31323 -7.27344 
-20.6272 -10.7446 -13.0137 -14.4998 8.55005 -23.5396 -16.2925 -7.16138 4.2356 -7.34253 
-19.3127 2.30688 3.0686 11.1707 -29.616 -3.35791 -31.6707 -18.4448 -10.5896 -13.8359 
-11.8767 -9.44019 -2.32666 7.22534 -18.8582 -4.62671 -18.488 -13.571 -3.73193 -4.64673 
17.0505 -28.1763 -5.72607 -15.7378 -24.9651 -5.96729 -6.31201 -7.34058 -10.7017 -4.85474 
15.9187 -18.1663 -0.884277 -19.0417 -13.6228 -13.6001 -6.15479 -5.11133 -7.97266 -2.177 
-15.1316 -6.16113 -6.1228 8.50928 -16.3965 3.81445 -17.6992 -10.0498 -19.9443 -17.4905 
-16.0254 9.39746 -18.1829 -4.5647 -8.24268 -7.22705 -7.06885 -11.9878 1.93262 -5.979 
-9.52759 -16.5356 -5.13452 -4.62964 -15.7419 -21.3433 -13.9648 -6.18652 -5.4209 5.39087 
-6.70288 -5.87134 -8.48145 -13.7234 -10.9814 -2.87524 13.0249 -23.9026 3.58252 -11.1472 
-13.7349 -20.719 -16.3596 -6.59912 -5.99634 10.1052 -10.3538 -7.92944 3.4978 -15.2039 
-3.80615 -11.1077 8.71851 5.34302 -26.0544 -18.5313 -9.87744 -8.57617 4.74658 -24.2358 
-17.9094 -30.2273 -10.7273 -1.60645 -21.0859 5.08618 -15.5212 -24.0652 -5.01196 -1.20068 
-11.6196 0.220947 -5.87207 -7.88672 -5.22192 -10.7808 -18.0618 -1.39868 -0.554932 5.25366 
-7.38208 -4.10767 5.03833 0.117676 -31.2668 -15.5725 -20.8843 3.67627 -1.02759 -15.3809 
-16.2263 -13.6267 -11.0833 -1.81909 -7.44336 -8.65259 -22.8135 -2.05469 -1.61108 10.5029 
-12.6333 -7.09595 -2.46802 7.40576 -29.2766 -10.5745 -29.9551 -17.5251 0.00927734 -3.81519 
5.05347 -7.67017 -3.09717 -9.14624 -7.32715 -1.25464 -3.83618 -0.108643 -2.48779 -5.15161 
-11.2644 -12.3413 -9.65161 -10.7871 3.73462 -14.1443 -4.92896 -2.3501 -3.02856 -6.26294 
-10.1836 -1.85986 11.635 -7.68286 -15.8213 -7.89282 0.256104 -28.2314 -0.273682 -23.6665 
14.4517 -21.9756 -4.7146 -16.0073 -12.2793 -10.0796 -7.26904 -5.01367 -17.2749 -3.30981 
-15.8955 -1.21729 -1.67847 0.0671387 -14.2012 -13.6655 -13.3999 7.45874 -0.498291 -12.7441 
-12.7898 8.82446 -14.1692 -5.4873 -7.24512 -12.1563 -10.0784 -11.9426 1.52686 -5.32739 
-11.9949 9.20776 -14.6489 -6.05249 -4.94287 -9.77515 -8.4939 -8.29541 -0.267822 -4.02979 
-15.2725 4.20264 18.2434 3.92773 -39.5127 -22.0745 -24.4265 -16.0376 -4.58765 -32.0952 
-11.7041 9.62427 -13.3628 -5.677 -5.49146 -15.2605 -11.4155 -8.49609 0.155029 -5.33008 
-14.4185 -12.49 -7.2417 1.38086 -23.8735 6.50269 -20.1218 -13.2024 -8.69751 -6.12036 
-10.8835 -7.41821 -3.97461 9.27637 -19.6033 -13.01 -27.124 -10.6704 -7.26221 -4.55542 
-11.8706 -7.6084 1.98315 8.02563 -26.5957 -9.27515 -23.877 -9.82495 1.1748 -9.92407 
-10.9192 -14.0298 -3.89551 -9.90991 -4.26782 -10.3486 -17.6052 -7.28687 -2.23779 6.45752 
-11.1797 -5.63867 -1.59326 0.508789 -19.916 -19.7234 -28.9045 8.15698 -16.4917 -0.786377 
1.30933 -15.6892 3.29346 -0.182861 -24.2817 -4.54199 -8.65137 -11.3555 6.93115 -4.00244 
-5.59229 -9.8374 -2.28271 -5.75513 -19.8462 0.307861 7.87622 -28.3879 1.84717 -14.3442 
-10.3962 -1.95483 -7.2771 5.7522 -11.2671 5.58813 -8.81738 -17.6736 -8.41602 -14.3997 
-6.98291 -6.66626 -0.96167 -10.875 -5.09253 -4.87988 5.33325 -3.87061 -0.0761719 -9.49585 
-14.533 8.30762 -15.0698 -4.96143 -6.84473 -11.665 -9.80933 -5.38501 1.33276 -4.6936 
-13.1184 -4.9165 3.0752 8.71387 -32.2153 -3.58716 -30.9685 -16.1448 -4.41162 -7.90601 
-6.37964 -7.37915 -3.71265 -5.66675 -15.3657 -1.71655 -3.7251 -19.2666 8.29443 -10.5364 
-13.0984 8.59204 -15.0183 -4.88232 -5.10645 -14.3828 -12.8494 -7.62207 -0.384033 -0.665283 
11.5359 -7.33594 -1.13721 -10.4763 -24.4597 -5.11938 -6.93896 -7.72046 3.24512 -7.05835 
-16.0886 -3.68408 -9.92017 0.682373 -23.9446 3.88647 -19.5234 -12.2129 -4.71558 -0.167725 
-7.5874 8.7937 -5.86768 -8.06616 -14.0337 -14.0149 -1.58105 -9.89722 2.55908 -19.3323 
-12.9304 -12.2869 -3.89697 7.15356 -22.9343 -12.8938 -25.8745 -2.4502 -1.65234 -3.34985 
-18.9341 10.6306 -11.7703 -4.22461 -4.98804 -8.26904 -11.5571 -9.07617 1.68115 -4.78223 
-13.26 -23.0483 -16.2087 -1.34497 -36.0652 6.38867 -17.8311 -19.1306 -11.0005 1.7644 
-5.24609 -18.7461 -3.14697 3.79688 -29.5005 5.854 -24.4324 -9.91138 -10.8679 -6.07397 
-4.3811 -18.376 1.54492 -4.4375 -14.3101 -5.67529 9.03857 -18.6748 2.55444 -15.5496 
-10.4814 9.28223 2.62134 -8.13989 -5.40747 -22.7148 -10.1897 -5.45483 -6.20264 -19.5432 
-0.995117 1.23242 -3.8457 -11.9038 -13.7126 -10.6538 -2.84375 -13.3267 6.55054 -6.78003 
-15.9114 -13.5349 -18.2102 -5.18066 -29.6123 10.2285 -15.8911 -12.7766 -12.6965 3.16577 
-5.53589 5.54248 -8.81226 -3.98169 -3.15869 -7.85938 -6.1853 -3.05908 -1.65991 -3.21802 
-11.073 -4.65039 0.188721 -5.75684 -4.40283 -10.8538 -20.5615 3.66235 -2.59009 -3.90039 
-15.7927 -9.25635 -7.19629 -8.36157 -3.99194 -14.7009 -15.3481 -7.58936 2.91235 2.55054 
-33.272 -19.208 -13.8328 -9.49121 16.4858 -16.4641 -14.7771 -4.78198 -4.44604 -3.86206 
-10.6858 -22.1704 3.48828 -9.10303 -6.33716 -3.63647 14.3323 -23.2273 1.95508 -21.2534 
-10.5789 -6.71606 9.51978 -4.66772 -27.0801 -15.6201 -23.1968 0.162598 1.60645 -17.6953 
-19.2957 3.88477 17.9922 3.37622 -36.491 -13.3308 -9.75366 -26.3728 3.68726 -37.2686 
-16.1133 -18.2061 -15.7944 -4.94678 -39.4104 8.79517 -19.1099 -12.4714 -8.72339 -3.79126 
13.3313 -8.59863 -1.49902 -16.6086 -15.5574 -7.33301 -3.97339 -5.31519 -2.84204 -5.46362 
-1.74365 -10.9834 -0.194824 -7.49658 -8.65576 -3.36572 7.44849 -14.7402 3.28467 -19.4541 
-13.4465 -14.2891 -3.19458 0.893555 -23.2646 4.58594 -12.6072 -14.1379 -4.78198 0.753906 
-5.69287 -12.0601 -1.36108 -4.41113 -10.9548 -0.304688 7.73267 -21.2097 2.10938 -9.27905 
-7.00562 -7.86523 -3.85498 5.82617 -16.0503 -8.39502 -21.0029 -10.3264 -3.90601 -1.86816 
-14.1479 -5.39404 -0.76416 -1.94336 -16.1018 -13.4187 -30.3994 8.9165 -11.9338 -4.93262 
-15.1443 0.549072 19.6902 -0.511475 -27.8987 -15.8108 -12.073 -13.5164 -1.40771 -34.0908 
7.01782 -14.844 -3.41675 -4.80371 -24.5864 -3.44092 -6.58081 -2.27783 -7.33643 -7.48486 
-1.97754 -7.73975 1.00879 -2.82861 -29.3918 -4.89307 -7.2229 -10.2625 6.45728 -10.5393 
-3.45386 -16.0693 -0.0078125 -5.49365 -16.1428 -8.15845 -7.45654 -14.2842 8.35352 -7.78955 
-25.8755 -22.4858 -17.4929 -8.5791 -34.926 13.0442 -19.8545 -16.1919 -11.9792 -7.17456 
-16.0442 -6.61816 -7.75049 -11.4939 8.34839 -7.94409 -12.741 -4.41943 -2.17554 3.82104 
-10.8174 7.43774 -10.4304 -5.97266 -6.30811 -12.8643 -8.41748 -2.46558 0.488037 -6.02368 
-14.5078 9.10449 -13.8059 -6.33472 -4.70337 -11.675 -8.43506 -9.17896 0.12915 -3.84155 
-9.88306 -15.4521 -5.25854 -8.91235 5.5752 -9.70728 -10.2444 -3.34717 -5.71875 -3.49146 
14.5872 -14.084 -12.553 -21.3201 -12.0439 -0.293213 1.67041 -0.5271 -10.9917 -14.8528 
-16.9563 -2.0625 -2.89941 5.97974 -7.7854 -24.304 -23.5781 4.28271 -7.8811 -12.7173 
-13.7083 -8.66968 -6.79419 9.30225 -20.958 -6.04248 -26.5176 -11.3179 -7.37207 -1.33496 
-9.70508 -7.93359 -6.44922 -2.70557 -20.0012 -10.5022 -22.417 9.52295 -11.1135 -6.7937 
-1.86206 -17.4165 -8.0686 -12.8562 -13.3674 -1.16968 16.4578 -24.7839 -5.70337 -16.3203 
-12.384 8.46558 -9.19507 -3.61646 -8.32373 -12.7847 -11.3894 -7.55176 2.02344 -10.3213 
-0.696777 -7.5564 -5.32886 -6.97412 -10.156 5.56885 8.15698 -10.9277 2.15308 -13.8291 
-12.7092 -7.52222 9.99023 -1.42749 -19.4426 -5.39355 -8.82861 -8.33887 3.47363 -16.4063 
-5.59351 6.78809 0.934082 -8.43018 -8.29907 -15.5481 -7.96924 -5.68335 -4.90063 -12.6914 
-19.6563 -8.64136 -14.5532 -10.0806 2.01831 -11.5159 -19.1284 -0.835938 -3.0415 9.40967 
-6.62207 -20.062 16.6157 -2.36279 -26.0632 -11.1345 -11.6277 -5.28955 2.6106 -23.5925 
1.03125 -10.7151 8.09448 -4.62671 -22.7434 -7.22876 -4.25415 -9.18848 5.82861 -17.5618 
-7.91089 -16.5266 0.322266 -8.88892 -7.49463 -2.66235 15.5054 -25.4939 -2.6084 -17.4065 
-12.1536 7.88501 -10.5781 -6.40845 -5.21582 -13.3616 -9.38989 -1.35449 -2.65259 -4.52783 
-6.60059 -4.41357 -1.06885 -8.98682 -5.10962 -15.377 -10.4714 -2.13257 -7.10742 2.61133 
-10.0349 -12.0723 -11.6091 -2.12256 -28.8328 4.19263 -7.96338 -15.5537 2.21313 -1.64648 
-10.4434 -5.74927 16.2397 2.53247 -14.3606 -20.0645 -10.4841 -13.1821 -0.93335 -29.1438 
-18.2615 -8.59985 -6.64453 3.22534 -27.4993 5.55493 -19.6038 -20.5098 -5.83569 0.189453 
-11.7371 -24.127 -7.39404 -12.7429 10.5461 -7.42456 -12.0681 -0.831055 -6.34937 -2.83716 
-12.2925 -8.54614 5.03125 -12.0537 9.25 -26.6023 -10.6553 -21.2664 -17.4124 -10.2236 
1.08374 -13.9285 8.88721 -2.98755 -20.0566 -17.1855 -18.3635 -8.27246 5.05347 -10.7639 
-3.32324 -3.65015 1.59155 -2.44019 -21.3931 -9.42847 -11.0732 -11.4238 8.35547 -10.72 
-11.8691 -8.94141 2.05566 5.9126 -5.98535 -2.48779 -23.6577 -6.9707 -4.80908 -15.2134 
-9.66675 -7.11719 -4.62744 -5.89331 -10.0129 -10.0596 -12.3115 -5.41455 4.125 -1.67896 
-5.53784 -1.43799 10.9666 -0.518066 -19.8401 -15.8191 -11.4233 -4.10254 0.137207 -16.7168 
-21.1711 -17.6392 -10.6343 -6.1814 11.0417 -6.66016 -15.2251 -4.91064 -4.51221 -9.54761 
-1.85425 -27.1558 -7.16943 -4.88086 -26.0132 4.0188 -5.677 -11.1785 -1.26563 1.05444 
13.801 -19.9956 -3.4248 -11.0122 -33.9988 -2.32959 -15.6487 -0.722168 -10.04 -2.8335 
-7.89331 -10.8704 1.09399 5.13159 -32.6924 -6.82935 -27.9246 -12.8577 0.279053 0.118652 
-12.7341 6.03564 -11.9375 -6.64624 -8.72388 -5.74048 -0.956055 -9.802 3.23779 -5.03735 
-29.7456 -15.0205 -3.01123 -0.544189 -23.9353 -25.5652 -48.3491 22.5659 -30.0046 -6.09521 
-9.52002 0.321777 -1.56421 -2.1123 -20.646 -15.5964 -17.9075 3.91895 -1.21118 -3.07788 
-7.07129 -10.4961 -9.05005 4.15088 -27.157 4.7771 -24.7126 -8.52979 -9.39624 4.04712 
-13.322 -9.25977 -3.05981 -3.10449 -28.1565 -11.7493 -31.2825 12.5571 -14.1475 -4.56152 
-10.7249 -2.49927 -1.81104 -5.04834 -6.4104 -11.3125 -11.8608 -7.02393 -2.62085 4.78369 
-14.9202 -7.89673 -6.77417 -5.79858 -13.0251 -9.23975 -23.6145 11.5249 -14.6614 1.78809 
-10.6296 9.12036 -10.7075 -8.01758 -10.7998 -13.7676 -6.74731 -10.333 3.0144 -11.3823 
-23.9949 -5.47632 -14.0381 -8.38843 2.0835 -17.1858 -18.6089 -3.08667 -4.85791 9.21265 
-2.33643 -10.3279 15.6162 -3.68115 -18.0847 -17.9019 -9.28833 -5.89575 4.34131 -26.4106 
-11.5334 9.11182 -14.5483 -4.50781 -5.31567 -6.09326 -6.83887 -7.94336 -1.00537 -5.78223 
-11.3782 -9.48315 -2.17139 -3.15771 2.19385 -12.4399 -5.99365 -3.21826 -5.90796 -2.3811 
-8.87891 -1.07617 9.22974 4.89746 -38.1428 -3.68384 -27.6267 -8.95923 -9.12207 -23.0625 
-15.2388 -21.2986 -9.23218 -9.69165 -5.07422 -13.571 -17.5171 -5.63965 0.905029 8.05615 
-20.3662 -6.95483 17.083 6.33887 -32.574 -15.9971 -27.6885 -20.1282 -2.63208 -35.0305 
11.8787 -23.5542 -9.35767 -13.6528 -17.2844 -4.68774 -6.16992 -2.11548 -19.2112 -2.91675 
-0.434814 -11.314 5.0415 -14.5608 3.79565 -14.5994 0.766357 -16.2183 -5.29004 -23.5237 
-9.54102 -4.87476 -9.70459 -5.67798 -1.15723 -10.9878 -15.7676 -2.16016 -2.6665 8.70898 
-13.4429 8.68652 -14.6201 -5.41772 -3.56104 -6.26514 -5.75073 -5.83691 0.466064 -5.04907 
-14.5107 -1.26636 -5.10986 -4.40015 5.93384 -16.3469 -6.89429 -7.6106 -3.0874 -9.05591 
-9.61401 -14.1245 0.502686 -5.25464 -16.5159 -7.18896 -7.53296 -8.08301 8.5625 -8.19067 
-10.1626 9.84277 -7.45068 -9.10205 -13.0208 -13.1531 -5.70679 -9.30737 3.31665 -15.9634 
-3.59839 -18.5295 2.9978 -2.7041 -17.1592 -5.98706 -9.29565 -10.6909 7.62964 -4.35156 
-17.7532 -17.5879 -4.60913 -9.0481 5.24829 -2.86694 -5.00269 -5.55908 -1.21777 -3.71655 
-19.6755 -16.4822 -19.6157 -1.80591 -11.313 9.99683 -22.0322 -7.30688 1.40479 -4.16968 
-9.49292 -4.52393 -4.49146 -3.73779 -6.45654 -16.6592 -16.4238 -1.06689 -6.35376 4.02051 
-11.6123 -2.25708 -6.72876 -3.771 -10.9404 -9.44751 -12.1985 -3.33911 6.52295 -1.08618 
-6.1748 -5.3855 -2.72217 -4.37769 -13.708 -7.58667 -8.27832 -7.79053 6.09741 -9.80249 
-16.1001 -3.64526 -3.59521 7.73242 -31.9382 2.95044 -26.3657 -12.5291 -13.3735 0.358154 
-7.13745 -6.09668 -5.77783 -3.88892 -17.9988 -15.1353 -22.7351 8.31641 -14.8013 -2.24658 
-3.80396 -3.07861 -9.54761 -11.9856 -8.44702 1.39673 10.1782 -14.5669 1.77002 -10.2146 
16.9126 -23.189 -6.63428 -14.7947 -29.0557 -1.26953 -13.958 -2.6394 -17.4731 -0.889404 
15.8145 -14.1204 -2.4856 -17.1741 -18.5276 -6.87061 -2.93555 -7.02808 -3.65283 -10.0872 
-12.6833 -12.741 -7.88232 11.178 -24.3503 -6.19995 -23.2988 -11.9431 -7.5625 -2.21606 
6.92212 -10.7983 -0.742676 -5.54492 -13.2136 -1.19531 -3.36328 -5.4978 -1.65063 -5.1228 
0.386475 -8.17944 10.0447 2.11816 -39.4941 -17.4351 -19.6914 -6.47681 6.0835 -18.7834 
5.29834 -21.5356 -6.88037 -8.9873 -13.626 7.34839 1.38916 2.4397 -10.7249 -7.90161 
-1.57642 -13.1924 -5.12817 -7.05493 -28.7136 -4.28223 4.27173 -22.9653 2.11255 -6.75903 
-3.14478 -5.0603 -4.52319 -10.4619 -4.19531 -7.02466 -16.7852 -0.749756 -3.24683 2.52905 
-6.50024 -10.8452 -8.76099 -1.02539 -16.6094 -8.06152 -14.9688 -14.5703 2.94214 4.00317 
-22.1187 -10.8162 -4.11328 9.20508 -30.8467 9.32959 -31.6646 -12.3538 -19.1836 -7.56519 
-13.9053 -1.12085 -6.9939 7.32251 -24.3425 1.98877 -30.9297 -19.0886 -12.9978 3.87378 
-13.4358 -17.5588 -2.78076 12.1252 -36.0876 -12.7656 -29.4204 -11.0891 -1.66309 -10.4929 
-10.7773 4.18457 14.5369 3.03223 -36.074 -9.65869 -18.741 -13.8618 -5.57202 -21.407 
-18.9509 -12.3975 2.7229 8.59692 -20.8728 -10.5762 -31.9241 -6.75708 0.696045 -15.3203 
-8.10083 -23.9473 -10.6519 -9.28198 -6.99829 -14.0374 -18.481 -2.4917 -10.1838 8.5918 
-6.86743 8.73315 -5.79639 -5.74219 -8.92603 -15.6899 -9.15454 -7.60181 3.6062 -12.8018 
-7.47998 3.96094 8.73218 -1.7019 -18.9116 -8.66211 -13.5918 -1.81006 -5.67041 -13.2217 
-3.08057 -4.92017 -9.46729 -12.5281 -16.3992 0.497803 7.56226 -19.2908 4.65601 -6.82104 
-6.85205 -11.6084 -2.64331 -3.61499 -22.6094 -11.0698 -7.83179 -10.2991 8.95386 -5.3335 
13.2261 -20.2085 -6.09326 -14.1467 -18.634 -8.31787 -3.04053 1.58496 -8.88428 -6.86206 
-14.2163 -16.2346 -16.5701 -2.65576 -22.7986 4.68115 -19.5022 -1.0769 -1.78003 5.51636 
-9.14697 -32.062 5.36914 -16.75 -11.7427 -8.52734 17.3577 -31.1499 -6.05444 -18.6616 
0.289307 -29.4758 0.602783 -11.2949 -23.8469 -2.59644 10.001 -31.4668 2.95972 -9.11743 
0.5354 -25.6711 -5.88379 -17.7153 -4.40918 -7.02173 14.1765 -21.6963 -3.77759 -9.56226 
-13.9565 -13.6736 -18.1355 11.238 -27.6331 -16.9309 -35.7039 1.15894 -0.897217 0.634521 
-3.09644 -10.3816 -5.97632 -1.0105 -20.2585 -8.23853 -15.9788 -8.56519 8.37231 -3.57593 
-2.83984 -3.29102 -1.62769 -5.35474 -14.0098 -12.2456 -6.93115 -11.7644 7.82031 -5.6853 
-7.1106 -3.31226 13.7529 1.59521 -28.0864 -16.0857 -16.187 -6.19702 1.87036 -19.5813 
-10.0381 -10.1765 3.79346 5.05493 -26.0452 -21.4243 -21.9048 6.24341 0.783936 -10.5747 
-19.3433 -23.7021 -10.7756 0.623047 -36.9875 5.07886 -19.9707 -17.7256 -2.58203 -0.0012207 
-3.396 -3.57007 2.7749 -1.46313 -25.4326 -9.59375 -7.46069 -15.2319 8.31714 -14.0771 
-15.2312 -7.21973 -10.1155 -7.59106 -2.8877 -8.8667 -16.1118 -1.11523 -7.43677 7.53247 
-5.7666 -18.1094 -1.53687 -18.2664 -1.01172 -15.7861 13.4172 -11.7488 -7.1084 -14.0806 
-12.7427 6.39502 -12.6572 -3.18604 -3.68701 -3.15332 -7.56958 -8.08203 0.651855 -4.75952 
-2.19409 -7.01489 -1.77441 -8.5376 -18.5491 -12.5742 -6.57446 -11.1431 8.57739 -6.17505 
-23.8914 -27.4382 -12.595 -7.52856 16.8306 -15.5007 -21.8926 -7.81226 -3.95264 -6.13892 
-13.1519 8.4126 -12.45 -6.53784 -8.30933 -13.7488 -8.77759 -7.70483 2.10547 -6.44897 
-14.7747 1.73779 19.8528 7.58569 -36.1248 -22.261 -32.8613 -22.8291 -16.8149 -35.4001 
-10.4548 -7.94214 -1.97681 -5.98755 -14.4893 0.374023 -3.42358 -15.8452 1.31055 -11.449 
-7.75342 -23.3179 -9.06152 -3.86865 -9.39697 -2.74316 -14.9333 -11.2239 -4.94238 3.85669 
-11.4944 10.0386 -2.93262 -8.47974 -13.2798 -10.6509 -2.60742 -8.41187 1.7981 -17.7656 
-13.1172 -16.7229 -8.82764 -8.23267 -1.50098 -9.27246 -17.4324 -4.53613 -0.878418 8.59033 
-12.3367 -16.1155 -3.9104 -6.21436 -12.5581 -17.4998 -39.3123 20.9973 -25.9043 -17.3237 
-11.9153 -8.71777 -11.8523 -8.04468 -16.1411 13.2036 -17.4915 4.28857 -1.76904 -5.76563 
-21.9404 -21.104 -14.178 -14.429 13.3335 -14.7102 -13.7026 -4.94531 -5.55737 2.51294 
7.55786 -17.0142 -2.85229 -11.1885 -15.4841 -6.29541 -6.87427 -5.04932 -11.2058 -0.416748 
-15.2739 -16.7107 -1.43604 -5.45483 -6.39136 -9.34912 -7.08374 -8.40088 10.2275 -12.3372 
-7.54468 -11.2463 -7.01758 -1.50415 -5.34351 -5.82104 -16.2026 -1.28589 -5.13062 6.2832 
-16.9075 -14.8376 -13.6975 -9.59277 -3.1145 -17.9438 -22.6484 2.40601 -6.80664 9.73315 
-9.26953 7.99951 -4.66089 -5.24683 -7.28442 -14.3284 -8.87402 -5.1731 2.83423 -12.9854 
12.0215 -22.0747 -5.32471 -13.8215 1.50171 -1.0249 2.9541 0.608643 -19.103 -11.0898 
-14.5623 -13.719 -7.38208 -0.698486 -22.5908 8.28394 -12.7493 -17.5603 -13.6519 1.05981 
-15.7722 -0.859619 14.4573 0.0803223 -40.3286 -16.5078 -19.8784 -22.8984 8.04565 -36.7532 
-23.5095 -8.573 4.03564 17.1873 -30.1191 -13.8564 -35.1179 -17.7988 -8.35522 -21.9983 
-10.2964 -6.92529 -7.37134 -2.21021 -22.1199 -19.9336 -23.325 12.7239 -13.4255 -6.97412 
0.506348 -6.41821 5.73096 0.835205 -18.5562 -10.9458 -4.85498 -14.4304 7.94507 -14.8022 
-13.1563 -13.3689 -6.70166 -5.73389 -1.38721 -13.3345 -16.8638 -6.6106 -3.23682 6.3855 
-13.3491 -3.57251 -8.90332 -8.34546 5.03394 -9.73267 -10.3486 -7.77222 2.90503 -0.661133 
12.408 -8.85547 -1.70435 -15.1721 -12.9951 -8.88721 -4.48535 -3.22168 -1.33154 -8.38574 
-4.30396 -4.0918 -1.87451 -12.9175 -9.37866 -1.7356 7.94238 -16.1807 1.05566 -10.0483 
-18.6787 -6.55103 -2.82764 11.8528 -26.0938 -7.34473 -39.979 -10.989 -11.6514 -0.897217 
-0.90918 -23.2651 -1.17749 -7.24805 -14.5066 -12.7202 -14.8213 -9.4231 -5.54492 5.2373 
-9.71509 -9.6958 -11.4016 -1.37646 -13.5002 5.6355 -6.92188 -11.8552 -0.0512695 -2.56104 
-12.1465 -12.5947 20.6201 4.89331 -35.3267 -25.7146 -21.6807 -15.5845 4.83618 -35.6169 
-9.3269 6.22388 -11.2461 -7.1416 -0.113037 -10.8826 -7.92822 -1.51904 -3.42432 -1.34888 
-13.0488 -10.3142 0.911865 11.7278 -43.0566 -13.3101 -28.3491 -17.4202 1.07446 -6.59058 
-7.64966 8.17871 -0.941895 -9.39722 -11.123 -9.5564 -2.31104 -7.34253 -0.771729 -14.7712 
-17.532 -8.53662 -7.25342 2.04248 -16.0459 -5.71313 -19.4788 -12.0317 -8.40063 -2.52832 
-2.51392 -8.10229 -4.10205 -16.8433 -26.123 0.873779 6.35913 -27.5793 2.56177 -12.8987 
-12.4487 -12.1987 -8.96924 1.89966 -29.8435 8.92798 -14.4099 -14.1541 -3.94019 2.89819 
-8.85059 -11.21 1.21338 1.30957 -21.9414 -21.8296 -16.9346 7.7168 -0.0671387 -10.7041 
-13.1667 -0.369873 -12.2346 -10.4023 5.03052 -9.87109 -11.6355 -5.32202 1.39307 -4.38916 
-9.25195 -0.874023 16.9434 1.354 -39.3738 -21.1902 -20.0242 -16.2107 -5.28467 -24.8047 
-16.4612 -8.70703 17.8279 6.11621 -26.3662 -17.0046 -11.8188 -24.9893 -1.16919 -32.2844 
-5.77515 -12.1143 -2.9248 -9.3186 -3.97217 -13.833 9.56665 -8.77246 -5.49609 -17.8821 
-11.3306 -8.1499 -1.99243 3.84863 -19.2068 -11.6926 -11.3274 -4.69653 1.27539 -10.6948 
-16.2456 -9.35596 14.2002 -0.226563 -10.8799 -14.5635 -6.2876 -25.0649 -4.36694 -28.2183 
-2.39722 -18.3342 -2.00146 -11.8479 -5.17041 -6.81836 10.5007 -17.532 2.81079 -17.9294 
-27.0759 -20.5474 -18.8457 -8.19849 -23.3621 12.2415 -13.9631 -14.1382 -4.70483 -7.2832 
-16.6201 -2.42139 -10.7273 -5.90039 7.00464 -15.2908 -10.4048 -5.49121 0.510254 0.175293 
-6.4375 0.800537 -3.87866 -6.33423 -12.0625 -8.67871 -5.05518 -17.7666 6.33228 -17.3286 
-13.7441 -5.30591 -8.46289 -5.24951 -1.21631 -7.81641 -11.8008 -8.71143 0.839844 8.17993 
-21.0059 -17.7939 3.36865 2.68213 -11.196 -21.9832 -36.0168 9.83374 -14.2515 -3.26172 
-10.9734 5.46973 -3.65601 -4.87134 -4.88086 -17.2029 -11.0544 -4.09253 -1.15259 -16.4434 
-14.5396 -4.37305 2.18604 11.3147 -16.49 -1.79443 -19.739 -9.75659 -16.3018 -23.4063 
13.6357 -19.1428 -6.05054 -13.3953 -13.4224 -8.823 -5.58545 -0.412109 -19.0198 -4.0603 
-6.67432 -8.85181 1.7998 7.73657 -41.9851 -1.09351 -40.2126 -15.3264 -11.7588 7.2124 
-2.99585 -18.4915 2.95825 1.40576 -35.6125 -7.26978 -13.3281 -19.1057 9.24243 -3.47852 
-13.8928 -9.08667 6.58765 3.44824 -11.6555 -12.3918 -14.7427 0.969727 -1.67773 -21.3328 
-15.0247 8.6521 -14.9768 -5.42505 -9.14917 -9.65405 -8.13501 -10.3472 2.60962 -6.10767 
-8.271 0.676025 1.02783 -4.22852 -3.57178 -8.67334 -12.2097 -4.88599 -1.96411 3.18872 
-13.6174 -3.29834 5.00977 6.18091 -21.1299 -9.49707 -14.7346 -20.6628 3.20337 -19.0698 
-1.60962 -5.66162 -4.60864 -8.95752 3.44653 -8.52271 -4.79541 -3.38379 -11.1545 -4.91455 
-1.54028 -13.926 -4.5708 -12.7234 11.7163 -22.8186 -5.11401 -4.48706 -13.7297 -11.9221 
-8.69189 -7.51855 1.12207 -5.30054 -10.0107 -0.201904 9.81543 -27.9644 -0.0812988 -14.2007 
-3.38477 -19.499 -2.95776 -12.7195 5.92896 -11.3569 -6.84888 -4.80225 -10.2788 -6.82471 
-20.8977 9.91211 19.3909 -0.556641 -27.6169 -20.4941 -20.99 -13.8516 -7.00122 -29.3962 
-8.69165 8.95264 -6.17822 -8.68555 -12.77 -12.7498 -2.68481 -12.1106 2.22559 -17.5696 
-2.08057 -1.63696 -2.68848 -6.00024 -11.5208 -7.36548 -5.65649 -17.3442 5.98267 -6.93384 
-5.42725 -16.7163 16.1748 6.70581 -13.917 -17.2224 -3.4082 -15.1182 1.52734 -30.2478 
-17.8025 -9.93604 -9.36548 -0.625488 -24.7271 5.29199 -21.5527 -11.4741 -7.91846 0.128418 
-11.3169 -9.09692 -6.92871 -12.8569 9.3479 -28.093 -15.3264 -5.57666 -15.4158 -4.7644 
-8.11523 -3.49341 1.92285 -5.31812 -9.16602 -1.28369 -3.63403 -8.29077 3.51196 -7.79053 
-10.1609 -7.22559 -4.32788 -4.35645 -7.73218 -3.71655 -7.84229 -8.98975 1.89551 -5.10254 
-15.9099 -5.65259 -3.58081 -11.0908 10.0564 -16.52 -10.0378 -0.904297 -4.73901 -9.48828 
6.82837 -12.208 -2.08154 -7.51099 -11.2458 -6.12915 -9.24048 -2.04785 -9.54688 0.54541 
14.134 -25.6218 -7.51147 -11.4019 -19.8975 -9.93652 -4.323 -5.82886 -10.8706 -2.07031 
-10.7427 -0.700928 13.918 -0.998535 -45.8318 -18.283 -18.9365 -20.7781 6.85864 -31.3501 
-13.5029 -14.7988 -10.5356 7.42627 -12.1326 -5.43799 -12.7292 -13.8711 -13.5591 -9.4397 
-6.16187 -9.04443 14.8357 2.62866 -35.1628 -12.835 -16.2749 -8.44434 1.79761 -20.6604 
-13.1658 -5.41406 -9.85742 -3.46289 -6.94653 -18.2742 -19.0156 5.51636 -6.37524 0.111084 
-14.0686 -1.13013 -7.79468 -2.02905 -2.40283 -20.5483 -18.614 -0.401611 -1.33154 0.962891 
5.70264 -7.80615 -4.2229 -7.74243 -4.97729 0.660889 -1.94434 -6.29858 -2.61865 -1.51221 
-7.45972 -23.9624 0.48999 -5.37402 -14.8118 -5.72729 0.201416 -28.084 10.1196 -16.5879 
-17.616 -8.93018 -1.70728 -3.61865 -13.2825 -17.8916 -21.1533 9.30933 -7.14404 -5.77661 
-7.49927 -1.14819 -7.74121 -8.6582 5.63037 -11.5249 -10.1609 -5.77783 -7.94897 -5.4751 
-24.9287 -12.7773 -2.68457 -7.10205 9.1001 -25.4348 -15.3123 -10.8982 -5.50977 -3.59766 
-15.1465 -5.8833 3.86768 -0.442871 -20.792 -19.4639 -26.2893 6.3418 -5.72168 -2.01904 
-17.71 -5.57593 -9.5 -6.50024 -2.68042 -13.5798 -18.0227 -3.34546 -2.38403 10.2844 
-0.543945 -36.3223 -1.9812 -24.2217 -5.51074 -9.91479 22.7451 -11.8896 -9.10742 -19.4248 
-17.2612 -10.4014 -10.2676 -4.72095 -0.30249 -17.9314 -17.8333 -3.37671 -4.91162 8.32446 
12.5042 -18.249 -2.44897 -13.2156 -9.03613 -3.69629 -4.02612 -3.2041 -19.9404 -6.50879 
-3.78931 -9.37817 -2.55396 -4.08545 -8.78394 -16.8577 -10.9578 -3.30688 -5.53418 4.55078 
-9.57593 -7.28076 1.87329 -2.1377 -17.8564 -10.7361 -11.2268 -10.5762 8.0979 -9.37988 
10.0854 -16.3799 -5.72607 -11.3254 -22.1067 -3.21826 -8.26172 0.799805 -6.49365 1.30591 
-15.9707 -5.96558 -11.6604 -11.0349 5.1604 -13.4783 -10.1384 0.0517578 -0.603027 5.88623 
1.06494 -11.8813 0.851318 -8.08789 -7.89453 -3.69556 6.89795 -14.4019 -2.41992 -15.2632 
8.36475 -13.7524 -0.359131 -8.34888 -26.7014 -5.2876 -11.2231 -3.84399 -3.09766 -0.246338 
-10.4644 -13.5178 -3.79175 -7.22241 -14.874 -3.90503 7.67163 -23.5186 3.22632 -7.31958 
-14.5115 -11.0447 -5.00488 4.13257 0.910645 -0.131836 -11.2102 -6.69019 -8.30005 -10.0886 
-14.6296 -9.80591 -11.7505 -2.521 -34.427 8.09546 -23.8223 -4.21338 -9.53223 -5.0957 
-9.98071 -7.33569 -3.16162 -7.71777 7.54419 -9.5083 -16.354 -4.62256 -10.377 3.74048 
-12.4548 -5.50635 -1.53564 -5.04346 -14.0669 -11.4116 -9.47363 -6.27026 7.34692 -5.82642 
-17.8867 -6.18091 1.21411 10.8245 -24.0303 -4.69482 -33.9204 -15.5271 -8.68335 -10.3877 
-9.95581 -8.41602 0.858398 9.24487 -26.5996 -8.87646 -26.5332 -14.0359 2.32349 -10.9746 
-16.6243 -9.16089 -12.2681 -8.68628 2.47559 -9.06201 -16.1069 -3.86377 1.99976 9.7207 
-12.4292 -11.2368 -6.05566 10.7632 -35.8271 -5.67188 -29.4734 -14.22 -7.05859 -2.68652 
-19.9771 -12.939 -13.9187 9.91919 -20.4917 -10.7224 -18.9546 -9.24243 1.94214 -6.17163 
-3.49121 -9.22095 2.19312 3.66333 -33.9612 -19.0286 -17.3059 0.702148 3.87012 -12.4087 
-7.38062 -10.0264 -12.2754 -5.94092 -14.3391 -14.1687 -17.4832 11.0491 -7.4563 -1.01367 
-1.31274 -3.80737 -6.95874 -0.242676 -20.321 -8.87598 -18.7478 -10.655 8.3291 -0.717773 
17.3865 -23.7156 -7.64478 -13.4683 -25.7266 -3.42822 -3.00684 -13.0161 -17.0154 -11.9392 
-5.43018 1.26855 5.41528 -1.13818 -12.2878 -17.6924 -10.6121 -10.5364 4.13647 -16.698 
-5.30029 -9.92041 6.70239 1.16431 -19.9543 -22.3901 -15.2844 2.73242 4.33789 -16.9531 
-17.1006 10.231 -14.8486 -5.03223 -5.00366 -7.85181 -9.08398 -7.09717 1.56421 -3.71875 
-16.0327 -7.50098 -1.44849 -0.544189 -16.9761 -11.5742 -32.5796 14.0117 -18.5837 -10.3547 
15.1619 -16.6401 -4.08203 -7.27905 -29.7805 -8.03223 -7.56274 -6.8291 -12.0664 -5.87622 
-8.10669 -17.157 1.53394 -0.873779 -8.18579 1.31714 10.9165 -24.2341 0.714111 -21.4861 
-8.06104 -21.5837 -12.1816 -1.62061 -28.0046 6.80615 -17.7766 -9.96045 -8.87524 1.02173 
-14.6633 -12.7368 -5.68506 -6.98779 6.77905 -13.3645 -11.9592 -3.95386 2.21631 -3.85376 
-21.8184 -7.15259 4.63257 13.7214 -33.1863 -11.25 -43.6982 -20.3557 -7.97827 -14.0129 
1.67505 -3.67188 2.29492 -2.04712 -16.449 -8.88745 -6.8689 -12.4272 5.41357 -11.2195 
13.9395 -21.5771 -5.86597 -14.415 -28.5652 -8.00049 -9.89917 -1.96777 -14.5527 0.333984 
-23.4546 -8.57666 -21.9771 -3.60986 -6.08618 -10.3582 -20.9216 -4.45093 -1.95947 9.67407 
-7.54175 -8.61743 -3.79028 -6.14673 -6.39624 -0.411621 11.1111 -25.2161 1.37451 -14.543 
-16.8921 -7.77612 0.825195 6.89551 -18.3354 -4.85327 -19.3906 -11.6921 -8.83813 -9.35571 
0.309326 -12.7271 3.83667 -5.25562 -16.6125 -13.0874 -6.50488 -12.594 7.90186 -6.33984 
13.6575 -22.8123 -0.129639 -11.6406 -8.09668 2.04102 -6.86768 -0.391113 -14.947 -6.81152 
-15.9438 -12.3489 -8.03809 -8.52368 -1.42603 -13.1321 -17.2827 -4.58276 0.802734 10.8997 
-13.5073 -22.4089 -7.60864 -9.85278 -7.69556 -6.55591 -22.9304 -12.4287 -1.23242 5.96851 
-13.3101 -13.6655 -0.237061 -12.6699 -11.1836 -2.79712 15.4856 -27.0615 1.29419 -14.3977 
-2.47217 -4.36792 -4.08813 -4.50806 -19.606 -11.7905 -12.3494 -7.37109 8.87891 -6.18237 
-2.54443 -21.9268 5.25366 -9.02783 -13.5261 -2.4812 13.3728 -15.6331 -0.394531 -21.8401 
-5.91675 -8.98364 -2.49731 -5.13721 -14.3645 -5.01001 -2.08179 -6.74829 5.48877 -4.19385 
-20.5596 -20.8093 -19.666 -8.86572 -42.2661 10.9016 -15.9736 -11.1604 -4.46313 -2.38696 
-16.4937 -0.517334 -4.86377 -2.83545 -17.719 -16.3113 -19.1072 4.56909 -3.1543 -5.95947 
-8.45093 -7.68066 0.762207 -0.490479 -15.0076 -9.0957 -13.1687 -17.0225 8.75098 -9.44995 
-11.9548 -21.4561 0.886719 -8.51782 -7.41333 -9.79907 14.0959 -17.7195 -0.479492 -17.9575 
12.8855 -15.3176 -0.86084 -5.31299 -30.1887 -7.06006 -13.2334 -4.18042 -15.0325 0.0310059 
-7.90576 -5.84082 11.9827 0.8479 -35.5042 -18.199 -23.7529 -3.5896 -2.52368 -16.7578 
-0.431885 -15.5522 3.65869 -7.9563 0.88916 -13.6919 3.01123 -11.1128 -3.6001 -8.9646 
15.3196 -29.9126 -14.9626 -23.9417 -13.2507 -2.01929 -1.67163 0.284424 -22.9197 -8.67798 
-19.28 -11.822 20.6594 0.610596 -21.9141 -17.4141 -10.4465 -26.748 -7.00732 -30.9785 
-0.0825195 -3.90234 5.68457 -5.80859 -21.8191 -16.25 -12.0295 -2.51758 0.27002 -15 
-13.3657 -4.02319 -12.1875 5.6228 -15.0562 -7.22949 -20.0464 -10.4075 -2.52246 2.46802 
-8.37476 11.3279 7.89575 -12.9341 -17.0798 -20.4746 -5.28003 -12.4607 -2.71094 -30.9771 
-12.7617 -19.4685 -9.08276 -2.1814 -5.88647 -4.88184 -20.9331 -2.79297 -4.43555 8.42871 
-11.3318 -9.25659 6.29565 -5.2478 -8.97583 -20.8208 -15.637 10.9773 -8.03369 -19.6809 
-16.1604 -15.6409 -6.73022 1.74707 -27.2209 9.25171 -23.2251 -17.7266 -16.333 3.11743 
-6.78833 1.21948 -4.67212 -3.26733 -7.08545 -7.00244 -4.84033 -10.5386 6.18555 -5.36206 
9.21973 -10.2205 -2.00439 -11.2686 -21.9568 -6.81274 -3.92627 -1.04858 -10.6309 -12.2739 
-4.12598 -8.44873 -1.78442 -5.60303 -18.8303 -4.33325 -6.52979 -8.16504 7.42773 -8.70337 
-2.95093 -6.99414 -2.09521 -8.99023 6.00195 -17.2095 -7.28174 -6.50269 -11.3313 -3.59131 
-9.14771 -14.0762 -1.34595 -17.2703 -2.8125 -4.33447 19.8904 -33.6611 -2.51074 -28.0188 
-5.94678 0.686523 9.47095 -2.39282 -33.2051 -15.9211 -17.2153 -12.7349 -0.20166 -20.2073 
-2.77588 -25.5847 -5.26807 -22.8496 -5.66113 -4.95361 15.8181 -20.6912 -13.4526 -6.69629 
-15.8931 -7.62622 -3.96924 0.865723 -28.3118 -34.9761 -27.5537 14.9312 -10.1343 -9.31812 
-2.66772 -6.46558 -2.98535 -8.01392 -2.47339 -14.4746 -10.6445 0.27417 -8.70801 4.37573 
-25.9712 -16.4661 -3.67407 6.25464 -13.5308 -10.2515 -33.4133 -7.81226 -6.41162 -0.779297 
0.812256 -12.4482 11.7979 -0.854736 -8.91211 -12.9043 -6.03271 -20.366 -7.63379 -21.5872 
-11.2366 -24.9143 -6.17261 -10.2627 -11.7063 -1.66846 -17.5925 -8.80688 -3.46484 5.25928 
-8.79004 -0.533447 -1.69092 0.173096 -20.4731 -9.05615 -5.8584 -8.53223 9.677 -16.9128 
-2.37354 -19.9814 17.8752 1.68115 -40.7268 -18.114 -5.44824 -18.3323 5.72534 -29.688 
-11.7686 -4.9519 14.9648 3.75952 -21.271 -19.5144 -8.85962 -18.7876 0.997559 -24.3904 
-16.031 -27.3472 -12.0459 -6.40552 -2.62769 -12.8792 -22.2063 -7.41895 -7.1062 11.0652 
-7.09399 4.11987 11.9565 -0.583008 -22.5098 -10.012 -2.05664 -18.6333 3.81885 -34.9729 
-16.9211 -16.0134 -3.55322 -2.47437 -23.2593 -6.29468 -34.3076 15.2751 -15.062 -6.49292 
-3.44995 -6.81494 3.78467 7.25537 -12.5129 -7.46924 -7.95728 -1.64868 -3.09741 -17.9646 
-14.3718 -11.3682 -19.1824 -1.86499 -25.3455 13.1182 -22.324 3.59546 3.30933 -6.17017 
-14.7219 1.3855 -6.78931 -6.58081 -0.700928 -17.3491 -19.6294 -0.584229 -5.81812 8.78687 
-19.5181 10.8823 -15.2952 -4.05273 -6.99194 -8.88452 -8.71411 -12.46 3.52808 -7.6521 
-5.552 -12.7305 -1.03296 -1.44214 -15.3408 -8.28369 -2.15137 -19.4185 8.23706 -10.8994 
13.2102 -28.6887 -0.208984 -8.11719 -13.5835 6.10156 -2.56836 -2.95728 -14.4119 -12.311 
-15.4778 3.15479 19.1575 3.63208 -34.3384 -19.2449 -23.6814 -12.957 -7.26294 -29.0469 
14.7231 -18.854 0.509521 -16.1345 -18.873 -12.8408 -4.83447 -1.61816 -8.51147 -3.21069 
-14.6111 -6.53149 -9.80884 0.82251 -9.77466 1.76514 -4.07861 -18.7212 -0.2771 -8.33057 
-0.88916 -10.9119 14.1133 -11.0984 -8.13086 -7.15869 2.28076 -20.0105 -7.56372 -28.1228 
-15.5637 10.7605 -15.7969 -5.17578 -4.88281 -8.68896 -8.28564 -7.18921 -0.474365 -3.54321 
-17.2026 -9.87134 -0.0458984 10.4543 -31.5757 -6.20679 -31.7405 -13.0259 -8.89282 -3.09473 
-13.1377 -6.57104 2.25366 -2.41064 -18.7954 -11.218 -25.7559 8.7168 -15.3367 -7.8938 
0.74292 -5.90088 -5.87378 -14.5159 -12.1167 -3.60303 10.1423 -15.9688 -1.4668 -13.8733 
-22.3096 -13.2573 -1.71802 -3.30103 -20.563 -21.5286 -37.0049 14.7576 -14.6125 -3.54102 
-12.3945 8.15112 -12.4141 -6.20996 -6.69897 -10.3005 -7.68823 -6.07129 0.594971 -4.67261 
-16.9475 -0.272461 15.9954 0.598389 -28.5747 -21.0029 -17.5095 -17.5332 1.45947 -24.5637 
-8.1626 -19.636 -6.00098 2.88086 -29.6013 7.52051 -18.9495 -13.4348 -2.75781 -2.1167 
-6.26709 -4.04321 1.82324 -0.605225 -30.0544 -10.6904 -13.271 -8.90942 8.62769 -16.7148 
17.1631 -28.4995 -9.80981 -12.2842 -31.0044 0.724365 -14.6255 -3.4895 -20.1174 -3.62231 
-15.8879 -13.7622 0.752197 12.0781 -28.6631 -8.32568 -33.719 -14.532 -9.36523 -2.48706 
-3.90649 -11.7512 -3.84106 -8.88721 -10.606 -3.16553 -16.5244 4.19287 -9.09058 2.54028 
-11.8162 4.58228 3.13501 -2.02441 -15.1721 -16.9316 -13.8706 -4.42188 5.19141 -7.00684 
-9.33032 -4.32397 -0.89502 -11.4858 12.24 -17.7209 -7.63721 -4.30127 -10.8755 -10.3708 
6.75586 -5.39209 -1.14648 -5.6543 -11.28 -2.22607 -1.48267 -9.44531 -3.16406 -6.17993 
-19.8289 -18.3835 -8.98804 -2.03369 -0.890625 -17.0466 -23.2695 -8.42993 -4.13892 13.0085 
-12.832 8.19629 -16.2727 -5.85229 -7.69775 -9.89648 -9.44312 -10.6321 0.604248 -2.36719 
-5.02539 -5.00952 0.00415039 -9.92529 -30.7705 -3.95898 -12.9482 -20.6792 11.0671 -22.2065 
-7.64648 -17.7305 -0.256348 -21.187 -10.2302 -1.75684 17.312 -21.1956 -5.18066 -22.8748 
-13.8936 -1.75708 -7.32056 -1.85205 -14.2554 -15.5632 -21.0081 5.44165 -6.65869 -5.42578 
-8.53394 -0.798096 -2.25977 -1.72412 -14.2083 -7.8689 -12.5886 1.70752 -0.399658 -5.3728 
-11.9548 -9.7771 -7.51294 -7.35107 8.8186 -9.7002 -9.85034 0.507568 -4.23389 -4.93628 
-13.6897 -9.15088 -6.76611 7.06885 -22.3782 -8.00122 -19.1528 -7.71387 -1.2832 -3.26392 
-15.5505 -8.91626 -15.7773 -14.0994 12.3186 -13.9373 -13.3154 -4.39771 -1.47827 -4.77026 
1.28369 -18.7256 1.01001 -7.88574 -11.6377 -9.58105 -6.78296 -9.82886 -4.8147 2.22363 
-10.0845 9.94556 -8.72388 -6.29614 -10.7334 -16.0593 -7.55322 -7.93823 3.49561 -14.6401 
-10.0896 -20.2637 -6.19116 -10.0474 -3.38477 -12.0115 -13.4629 -8.10913 3.99341 7.88135 
-12.5034 -9.68506 -3.28613 5.72852 -16.3777 5.33008 -22.0461 -20.1118 -16.1543 -7.23145 
-14.4756 8.77173 -13.2881 -4.9751 -6.72461 -10.6934 -7.24561 -5.823 0.586182 -6.81909 
-6.53442 -8.78735 -1.38892 1.23682 -28.8743 -18.364 -15.554 8.31494 1.9978 -15.7566 
-10.5527 -14.0664 1.32251 7.70923 -26.4011 -6.64453 -26.238 -6.70459 1.44531 -10.5479 
-5.68311 -13.104 -4.33569 -10.3997 -2.33423 -10.1667 -10.2014 -5.80908 -7.66138 4.71753 
-10.1965 -3.12598 1.28418 -1.14844 -20.0876 -16.658 -20.9607 7.56494 -6.56104 -7.41675 
-14.4124 -27.8242 5.71997 -24.5208 -3.03271 -10.8796 20.0066 -29.6914 -0.976807 -20.8391 
-21.6357 -27.6787 -8.42676 -4.56812 -3.38184 -13.6765 -26.0544 -3.98486 -11.6335 9.28394 
-14.219 9.85376 -12.9084 -7.66211 -2.00854 -9.48486 -6.07886 -7.65112 -1.87061 -3.9231 
-11.3315 -0.403076 -10.9397 7.05444 -12.2803 -2.62939 -15.8511 -11.8821 -7.82544 -3.51147 
-9.42944 -4.08228 5.38623 0.134766 -5.73755 -13.7654 -17.1982 -1.39673 -2.09546 -10.2183 
-2.37573 -3.89331 -0.827637 -3.69995 -11.6619 -8.90894 -7.52368 -8.87183 5.24463 -2.41626 
-20.438 -4.70801 0.756104 9.6665 -24.7256 -15.0066 -31.9324 -18.8147 -2.87573 -10.1167 
-8.3833 -11.9487 -2.11865 6.98462 -19.0264 -8.84302 -20.3079 -10.4009 1.2373 -4.24023 
-0.423828 -9.62769 -3.46948 -14.281 -10.6675 -1.63159 7.54248 -24.6111 0.787109 -11.8279 
-5.54883 1.15942 -7.28052 -9.84888 -0.723145 -5.93652 -10.1807 4.81592 -6.77222 2.85474 
-6.39355 -5.89063 14.1487 2.64136 -41.2083 -21.2634 -24.0803 -7.95801 -1.46143 -27.864 
-13.1731 -13.0222 -2.07349 -7.72314 5.81079 -10.8054 -4.82935 -1.88794 3.82886 1.22266 
-18.4902 -13.7339 -29.3047 -0.238525 -36.9507 8.01221 -15.8789 -0.582764 0.927734 0.141113 
-9.84448 -2.32544 -6.40649 -1.99072 -8.18945 -4.75488 -7.89087 -12.77 7.4917 -8.79395 
-29.3125 -19.8416 -30.7996 -9.08008 -16.2888 14.239 -20.2275 -16.7976 5.25806 -17.9211 
-9.54224 8.39795 -6.91357 -5.01343 -4.72852 -15.4849 -9.91162 -1.85815 2.46021 -9.32495 
-9.35913 5.63647 -7.64404 -2.87036 -13.1096 -3.99121 -8.25537 -7.80908 0.125732 -5.58643 
-17.9775 -16.0259 -1.85718 -6.8855 7.97192 -13.7502 -10.7698 -11.9604 -3.1604 -8.9812 
-19.2239 -18.8772 -5.76074 -8.66113 7.09668 -16.4651 -10.9954 -7.03784 1.44873 4.88159 
-16.9321 -8.86572 -15.085 4.80933 -10.4922 -6.37964 -20.7847 -1.71948 -6.35815 1.08154 
-17.2275 6.78955 -13.3291 -4.12012 -3.33423 -2.04736 -9.94702 -12.803 2.01465 -0.0410156 
12.9895 -18.783 -0.724365 -8.0188 -29.9717 -6.0293 -11.1138 -12.1592 -13.4871 -1.80566 
-10.5708 -3.2334 -3.81274 -3.23657 -14.1084 -20.5396 -17.6479 5.88062 -1.88159 -4.03125 
-23.7092 -11.8296 4.47632 -0.969727 -9.74194 -26.4329 -31.8425 16.2085 -13.4683 -12.3242 
14.1248 -8.9707 1.66162 -8.28076 -21.3213 -6.66553 -10.9048 -9.92188 -19.0039 -9.82422 
-21.7148 -5.45996 0.713623 -3.28809 -15.8696 -20.7764 -29.4685 13.3276 -21.6907 -5.74536 
-13.281 -13.4558 -7.76587 -6.70386 -3.30518 -2.48462 -19.9238 -2.49268 -7.48999 7.21826 
-13.8442 -1.80249 -11.5708 -7.9165 1.54785 -12.155 -14.1646 -3.37329 0.147461 5.96533 
-12.6553 -9.2981 -6.37817 -12.3875 7.94214 -13.7324 -6.45703 -1.83887 -2.00757 -3.06372 
-2.7522 -1.61963 3.70923 -4.96484 -26.1055 -10.1284 -9.17041 -10.2795 9.3042 -13.353 
-21.3743 -20.3323 -21.6848 4.08911 -35.6204 13.1218 -31.7004 -11.261 -12.4316 -1.96411 
-20.5698 -15.8066 -12.4824 -3.91455 -20.1235 8.80371 -19.5569 -16.1711 -5.60693 -2.53027 
-7.50708 -2.22998 0.0734863 -7.0437 6.01563 -7.83423 -13.7817 -4.84937 -9.53076 1.29004 
12.3206 -16.2588 1.56079 -5.21655 -30.2097 -5.50366 -12.6306 -4.63574 -5.25464 -2.26196 
-0.6521 -10.8999 0.0834961 -5.71899 -10.0752 -7.21851 -6.12061 -8.38013 4.26782 -13.1477 
-0.977539 -12.7656 12.9121 1.93628 -44.4717 -21.8491 -16.6311 -3.11182 6.4707 -24.7759 
-11.77 7.23462 -5.39038 -9.33057 -17.2454 -13.4602 -9.90601 -3.78516 0.935303 -10.7556 
4.56592 -17.2964 -2.40088 -5.22852 -10.0984 0.565186 -0.137939 -1.59424 -11.512 -6.75684 
-3.72412 -5.12842 2.48926 -3.47314 -24.7983 -9.61475 -10.343 -9.75122 9.42236 -11.7795 
-28.2629 -26.9692 -8.10791 -9.60059 10.8237 -9.58325 -19.541 -5.8457 0.91333 1.34204 
-3.87476 -29.2666 -4.25537 -7.29004 -27.9453 0.157959 -1.74609 -22.8838 8.09375 -15.887 
12.1523 -19.7703 -3.14551 -6.26172 -18.1125 -3.32446 -6.87451 -10.8882 -13.1375 -4.9502 
-14.3579 -10.5713 -5.35669 -7.70825 7.67407 -22.728 -14.9587 -0.796143 -10.0027 -3.63062 
7.82617 -12.8828 -9.14551 -14.3787 -0.979492 -9.74951 -3.9187 -0.667969 -17.323 -9.62622 
-13.1067 -5.82031 -2.24805 -18.7344 -5.64014 -5.31592 14.0957 -16.353 -6.34204 -11.2388 
-9.39331 8.13843 -7.60059 -4.79297 -9.21729 -14.0359 -8.41235 -8.12891 3.42505 -11.5715 
-13.2551 -6.48535 -9.00488 -2.18091 -5.97363 -5.12158 -11.7139 1.67212 -5.35059 -1.11548 
-10.6343 -8.08569 2.52002 7.71631 -33.4507 -9.51196 -29.3743 -9.34839 -1.78076 -5.74487 
0.970459 -11.731 11.2932 1.78223 -41.4163 -20.4065 -16.8157 -5.67749 5.45898 -16.3201 
-9.18652 -8.57813 -8.82886 -13.9285 -19.6577 0.200928 8.16748 -23.5979 3.53125 -10.8047 
2.22388 -15.3047 -14.8423 -10.178 -13.0725 1.11841 -17.7539 13.2031 -21.825 0.255859 
-15.4451 -17.4294 17.0293 -1.91626 -14.27 -11.5864 -7.69897 -1.32495 -2.5686 -29.9556 
1.7251 -19.157 -0.830566 -19.1035 -3.19287 -13.1663 12.2666 -18.5947 -3.92407 -9.04688 
-17.7227 -21.7771 -8.58325 -4.07593 -5.09619 -7.51367 -21.9541 -9.26123 2.30225 8.5769 
-11.5227 -1.04126 -5.98853 8.00879 -19.5659 -4.24438 -20.8271 -16.6797 -10.3196 -3.14111 
-16.4221 10.0691 -14.541 -3.95605 -6.5769 -5.64844 -5.04688 -10.5039 2.18286 -8.57227 
-14.6555 -12.0413 -1.20947 -10.7581 7.06445 -20.5081 -4.63184 -10.6104 -3.30835 -9.90039 
7.19897 -26.6487 -7.85693 -25.3496 -4.25586 -2.6853 12.5925 -11.2959 -11.7112 -17.9438 
0.75415 -12.0056 12.5203 -0.837646 -44.9861 -16.333 -17.6743 -11.8347 8.15552 -20.9255 
-8.39331 -9.99097 -8.67383 -0.963379 -15.9331 8.70581 -7.55811 -18.8083 -4.16187 -3.95166 
-9.25049 -6.04126 -1.38623 -9.86011 4.23755 -7.42456 -16.155 0.473877 -5.26392 4.95508 
-3.11206 -10.1252 10.0071 -2.34277 -30.7334 -18.3135 -15.5754 -5.89429 1.65894 -18.8701 
20.0073 -21.3523 -5.01245 -16.8457 -19.5537 -2.82007 -9.25317 -3.85474 -22.3787 -3.71533 
-5.01074 -8.99707 -3.34668 -8.65576 -6.14771 -4.41943 11.4028 -19.0044 -1.30933 -12.4661 
-8.06372 -9.29272 14.1104 3.62695 -35.845 -13.3745 -17.3899 -11.083 3.54395 -17.0396 
-8.27466 11.6655 -1.12524 -5.12524 -8.40576 -19.6321 -11.3264 -3.29736 -0.393555 -14.6021 
-18.6716 -2.5769 -6.03003 -3.18701 -10.9106 -22.0313 -25.0754 10.5396 -14.6318 5.4458 
-16.3982 -11.3286 -7.36743 9.25293 -36.3259 -4.99365 -32.6604 -9.96387 -2.61475 -2.93066 
-10.5732 -3.82544 -0.542236 -4.60645 5.89136 -8.15112 -16.3901 -5.85767 -9.61548 2.50415 
-11.0596 7.63037 -5.79492 -5.25269 -10.772 -10.28 -5.87109 -4.09204 1.0144 -10.7778 
12.3887 -20.8943 -9.26929 -14.6675 -13.9592 -8.85791 -1.20679 0.163086 -12.9189 -5.42261 
-17.7869 -28.1956 -10.2466 0.245361 -45.5386 7.85718 -29.4102 -19.3967 -10.321 3.5647 
-6.97534 -3.3313 -6.99707 -8.97485 7.91162 -12.8623 -11.0195 -1.48047 -8.50073 -5.10449 
-18.9785 -10.9434 0.544678 8.11279 -24.5791 -13.1904 -26.9634 -25.3059 -3.26099 -8.09399 
-8.61914 8.4585 -6.64941 -4.24561 -8.56885 -15.6172 -8.51099 -6.16626 2.94604 -12.53 
-13.8079 8.12207 -13.261 -5.10107 -3.80615 -3.19849 -6.78931 -4.90601 1.20239 -5.16455 
-8.49268 -4.89014 -0.923584 -4.30225 -19.0425 -19.0417 -23.6433 9.90747 -10.668 -8.02441 
-17.074 -16.8889 -8.88452 -11.6243 8.46729 -15.0557 -12.1582 -4.78247 -1.43066 -2.92651 
-17.9961 -14.158 -9.79517 -7.44482 -4.62109 -15.5979 -17.6948 -7.12866 -4.65063 8.78247 
-16.772 -13.179 -11.3125 -5.6687 -7.40283 -9.97046 -17.3411 -9.13403 -2.56274 7.18433 
-14.1028 -1.18872 -11.845 -7.95532 2.11304 -11.585 -7.06323 -3.41943 -5.58887 -1.03784 
0.693604 -1.7793 -3.71973 -6.94238 -24.3557 -6.19189 -0.467041 -11.7095 5.77661 -6.53687 
-8.42896 -21.2451 -7.15771 -16.8774 8.51123 -20.5789 -3.04761 -7.85303 -13.9653 -8.42627 
16.0686 -21.415 0.00683594 -8.20068 -22.6941 -5.01074 -13.0269 -8.92944 -20.7603 -5.50708 
-2.45825 -17.3542 16.2983 -0.118652 -23.3445 -15.5862 -8.91089 -0.0849609 -2.12256 -29.9353 
-18.1509 -10.5623 -9.43262 -13.6594 10.626 -18.6897 -12.5525 -0.498535 -5.84082 -0.10498 
-14.8811 -15.5923 -14.7651 -4.0083 -36.3955 5.99756 -13.2473 -15.2583 -7.20654 -0.475342 
-8.57544 8.94824 1.91895 -9.08936 -6.81543 -12.873 -7.73413 -6.04468 -3.0354 -14.4426 
-11.6523 8.03662 -12.6072 -6.6106 -9.64771 -11.5559 -5.99414 -10.7485 2.31665 -7.56543 
-1.72388 -6.82007 -4.66406 -12.8997 -13.4421 0.367188 10.2781 -24.6206 3.62915 -18.8914 
-11.2371 -16.1494 0.436768 -11.9568 9.29785 -18.7693 -8.6875 -15.9736 -4.42285 -5.4624 
-6.85449 -11.5984 -9.76245 -14.4766 -6.64087 -13.0376 -20.291 9.74194 -12.7947 4.67017 
-13.7856 7.98975 -13.9229 -6.10938 -3.2478 -9.9292 -7.33252 -0.173828 -0.75708 -4.5293 
-17.6616 -11.9072 -11.4792 -6.19946 -3.06055 -17.929 -20.7727 -7.44922 -4.47559 9.09888 
-12.2097 -3.67285 -5.38965 -6.36841 5.28198 -6.38428 -7.59375 -7.30469 -1.95508 1.81445 
-12.7249 -3.23193 17.3787 1.53613 -36.2866 -18.3447 -12.1641 -14.6196 5.70093 -30.947 
-29.0403 -23.4944 -3.61426 -8.2417 9.45142 -14.5354 -14.042 -9.01294 -4.35449 -10.3438 
-18.6362 9.32568 -12.1455 -4.8457 -5.22583 -12.7515 -13.5977 -9.29175 3.34473 -4 
-20.3279 -20.0813 -10.1499 -0.85498 -27.2478 8.08252 -17.7341 -23.5718 -10.9255 0.147217 
-17.1018 -14.594 -22.125 -9.74072 -26.0757 11.0435 -16.2949 -14.5193 -2.802 -1.0791 
-12.5408 -4.63672 -2.09546 9.44995 -23.0852 0.433838 -26.1111 -10.3572 -13.2905 -6.646 
-3.29175 -6.78076 -1.68994 -1.73926 -10.707 -3.62427 -9.28247 -9.78882 5.21558 -2.17773 
-15.1572 -4.92944 6.65503 12.3081 -29.322 -8.94434 -27.8628 -12.3574 -7.5376 -18.4167 
-14.4268 8.27539 -13.0747 -5.48145 -5.35962 -8.74512 -6.72559 -4.4021 0.881348 -4.70947 
-27.4048 -16.5842 -4.21851 -5.76611 7.53809 -15.2371 -6.55933 -7.20679 3.70728 -10.7124 
-15.2949 -15.5574 -11.0813 1.96948 -27.6384 6.84668 -21.9207 -11.0171 -15.8071 -1.66113 
-3.74658 -11.7478 -3.27368 -0.617432 -13.6611 4.51489 2.63721 -11.6995 0.579346 -10.989 
-16.6353 -19.8789 -2.03735 0.386719 -10.0588 -13.4585 -15.2129 -11.813 10.1897 -0.340332 
-13.2483 -16.7986 -5.82178 -6.72339 -5.13232 -9.29224 -16.0938 -5.44653 -0.707031 4.87207 
-2.37524 -9.30737 -7.3479 -8.06519 8.88428 -11.4956 -5.73413 -2.87231 -8.97388 -4.54761 
-10.4746 8.17432 -13.9927 -6.13892 -12.6694 -10.9717 -7.76978 -8.0874 0.14209 -8.94067 
-13.9895 -15.7061 -14.9773 -7.25049 -12.5891 3.42163 -13.5845 -4.83643 -1.66602 1.07471 
-22.7671 -11.6973 5.34473 14.8535 -42.6228 -10.5518 -39.7954 -8.3186 -3.14722 -15.8369 
-2.51099 -21.4705 0.786621 -5.81836 -21.9746 -8.3479 -8.06543 -14.8311 9.61255 -9.80371 
14.0686 -14.1965 -1.1377 -15.4573 -17.8213 -4.45898 -3.27563 -7.74707 -9.65723 -5.40991 
-9.71777 -0.0539551 -0.178223 3.04736 -11.9978 -9.92139 -9.89063 -6.09961 1.53638 -8.23145 
-8.5957 -25.3513 22.3037 1.97534 -20.3447 -18.282 -6.42822 -13.5625 -0.0322266 -38.9214 
-7.9187 -6.50903 -9.60693 -13.0879 -20.031 4.26172 -2.91064 -10.2886 4.88916 -6.57739 
-18.6851 7.99609 -10.333 -2.60474 -5.65161 -7.47949 -9.50488 -13.5056 4.50342 -6.85376 
-39.679 -5.16309 32.0129 11.2097 -42.4165 -25.2527 -38.1045 -21.8247 -8.22852 -50.5437 
-3.09473 -14.6282 0.052002 -1.87988 -14.7542 -7.3418 -10.2258 -10.4766 5.46533 -5.17969 
-16.6782 -3.05786 -3.00781 10.5396 -9.99878 -6.29443 -16.0359 -9.79492 -10.4912 -14.8381 
-11.6248 -5.51978 -6.39478 -12.5725 7.76855 -11.4292 -7.87988 -3.82178 -5.94092 -2.24707 
-6.60889 -10.6006 -2.76831 -9.58032 7.98169 -9.05347 -4.37109 -12.5591 -5.19946 -2.27441 
12.666 -16.8545 -3.98853 -11.1602 -18.3743 -3.53882 -8.63232 -9.75708 -6.14648 -8.6709 
-2.22412 -6.11279 -5.00635 -8.23926 -27.7344 -5.66895 -12.3706 -14.8193 11.7207 -6.8562 
-12.491 -19.3816 -1.39014 -2.25659 -20.3206 -7.18506 -10.9001 -17.4724 10.9634 -8.40283 
-21.4651 -1.85889 -0.751465 10.4385 -31.8423 -4.20044 -38.1462 -13.4314 -9.91748 -0.739258 
-12.916 -6.35425 -0.72876 7.68555 -22.2944 -4.31079 -31.1626 -10.4368 -7.84253 -0.6521 
-12.4741 6.91138 -11.0557 -3.72363 -9.38916 -7.62549 -8.12378 -6.02222 1.02319 -6.59448 
-5.71509 0.407715 5.64014 -4.3335 -13.6584 -14.6902 -9.51758 0.0144043 -2.04712 -17.6206 
-13.1597 -7.3501 -1.84839 10.6797 -35.106 -11.8035 -34.645 -12.0576 -7.00903 -2.31274 
-22.2019 -15.7148 -12.3064 -1.9502 -29.5371 9.02441 -10.5764 -24.6733 -5.67065 -3.21826 
-17.5024 -16.6492 -9.14941 -11.2734 -7.90112 -19.5264 -17.4197 -3.82324 1.28223 4.93872 
-10.2871 -12.3743 2.55029 -9.07788 -3.50342 -3.23755 17.2681 -28.3052 -2.73755 -27.7622 
-9.85254 -4.36914 0.800049 8.24927 -26.281 -8.62061 -30.6584 -12.4487 -6.28198 -4.16309 
-9.98926 1.65479 17.571 1.30347 -49.8582 -19.9939 -28.1707 -10.6018 -4.23096 -20.8569 
5.18481 -22.9141 -11.6968 -26.4792 -2.04468 -3.30005 13.1133 -7.49097 -19.1289 -15.7766 
-15.8667 10.8577 -9.10303 -5.15869 -16.1689 -5.27466 -5.73779 -15.3577 3.98218 -14.7588 
-23.0151 -5.36401 5.12354 14.6416 -37.708 -7.89526 -46.5459 -26.7075 -9.61255 -11.9678 
5.12866 -18.1201 -2.37915 -12.0952 -18.5623 -4.77832 10.1763 -28.7488 0.227051 -15.8301 
11.4102 -16.0464 -7.2207 -12.3589 -15.4067 -6.92212 -3.30884 -1.4436 -14.2944 -5.82227 
-15.5554 -16.3359 -3.64087 -0.80542 -37.9253 -9.26465 -39.231 20.0776 -25.5242 -11.7183 
-0.669678 -7.53613 8.99146 -0.65332 -17.9233 -18.4912 -8.93628 -17.3518 5.62207 -15.8945 
-9.72632 8.22778 -5.99927 -7.57886 -13.198 -11.5151 -5.57153 -8.97363 1.0022 -15.9719 
-17.4629 -6.8894 -2.98071 -11.6499 -9.66748 -26.0205 -28.7446 14.4202 -22.5439 -1.53149 
-11.3147 8.51196 -14.0591 -4.98438 -8.40869 -10.855 -8.58569 -10.4629 1.86328 -7.2876 
-13.1741 -12.8181 -10.8906 -6.69043 6.15503 -9.73608 -11.1882 -1.4082 2.52197 2.7229 
-8.39355 -0.595459 12.6267 4.27905 -36.1631 -17.7195 -17.6465 -14.2351 -0.224609 -33.4358 
-6.07056 -5.85034 -10.6379 -13.95 3.75952 -9.28101 -3.4895 -3.93945 0.610596 -13.2241 
-5.99316 -8.70947 9.41504 0.733643 -13.2158 -14.9893 -8.10376 -17.1475 1.53735 -13.9846 
-12.7029 9.61401 -13.4663 -5.5896 -6.06226 -16.8274 -13.8628 -5.07886 -0.532471 -3.44629 
-26.5632 -6.78394 -7.20337 -1.46045 -9.2019 -19.074 -20.802 9.17822 -14.0398 -0.864258 
-17.9768 -7.41846 -13.9009 -7.88232 -0.575684 -9.02295 -21.2903 0.86499 -4.59009 10.7239 
-5.31934 -1.57202 -1.22876 -6.79224 -15.3479 -9.43677 9.15967 -26.5439 2.34399 -14.1448 
-8.63403 7.90234 -3.61401 -6.01196 -7.45215 -13.439 -7.65771 -5.95313 2.70825 -12.0925 
-7.12378 8.17798 -1.03784 -8.17065 -11.7688 -11.7634 -5.22729 -9.58276 0.341797 -17.6636 
-7.02905 4.21387 14.4421 -3.33862 -35.8765 -11.9236 -14.3748 -11.1133 -3.47534 -22.0378 
-14.3486 -17.8831 -6.19678 -11.2319 8.98926 -8.64893 -10.3801 -4.38086 -5.87866 -1.99023 
-3.35986 -6.02344 -3.07642 1.42603 -22.2034 -4.83545 -5.15894 -19.4846 7.08057 -5.31958 
-4.80664 8.96533 -5.85864 -8.81763 -12.2329 -13.3093 -10.6458 -5.91724 1.67725 -6.53589 
2.25659 -17.9722 5.57202 -9.21094 -5.82178 -8.72314 -11.5222 7.66748 -11.6479 -2.61206 
-5.81177 -3.66919 -1.15039 -0.618164 -17.7429 -14.5444 -21.3569 5.20435 -8.67603 -3.26538 
-20.9402 -18.3386 -7.91846 -10.9392 10.6719 -14.3621 -13.0669 -2.79077 -5.43555 -7.17212 
-7.92944 -6.1687 0.457031 -3.22095 -6.81689 -8.72803 -6.75464 2.39624 3.93506 -8.83936 
14.0916 -11.2849 1.57739 -6.48218 -32.7178 -2.4646 -16.6167 -8.09473 -13.3137 1.34326 
2.04565 -11.9446 -0.342041 -6.28589 -22.6545 -12.5127 -22.2944 3.13647 -11.1665 2.32495 
-16.8635 -7.02881 1.44995 9.71216 -26.5388 -13.0493 -29.6438 -13.3503 -3.50146 -10.8538 
-7.99487 8.59888 -2.13208 -11.7712 -13.0977 -12.0955 -2.71777 -10.0891 -0.943359 -16.8999 
-21.1611 -9.08472 2.91455 11.0039 -32.469 -14.0767 -38.7412 -10.6777 -6.18945 -9.69189 
-9.93555 7.25024 -7.18213 -6.84351 -12.613 -13.9719 -7.53003 -6.85522 2.89258 -8.07275 
15.1152 -8.78613 -1.42139 -14.8745 -24.4556 -6.32666 -1.16016 -11.2344 1.92432 -6.12085 
-13.658 -4.02588 0.158936 -4.05273 -14.0569 -13.3425 -20.9019 8.76758 -18.1753 -5.4519 
-12.759 -7.38843 -5.30664 3.13452 -33.845 -31.9175 -26.3706 11.1877 -9.06079 -10.0437 
10.6082 -17.0024 -6.58228 -11.7334 -15.3296 -9.03589 -3.71826 2.86987 -7.77661 -3.00488 
-17.0784 -12.8679 -8.94043 9.38135 -20.9312 -12.7083 -26.5334 -13.2173 -3.00244 -1.49243 
-12.5107 -9.30103 -9.57373 -5.15015 -21.9148 10.4612 -23.231 -1.47583 -2.44897 -6.36255 
-10.5723 -2.7334 -10.1016 6.50366 -29.6846 6.35938 -21.5239 -21.519 -9.77319 1.16528 
0.577637 -8.57202 12.0735 -4.44897 -15.7834 -20.3115 -10.0295 -10.1948 5.22925 -23.8511 
-13.0981 -3.3479 -9.53711 -6.36426 -2.854 -16.5515 -18.6567 7.03906 -16.146 -0.696777 
0.272217 -20.3542 -8.3335 -17.989 -18.9253 -0.181396 19.0378 -35.8826 -2.66528 -12.7109 
-8.54956 -6.44067 -9.77222 -20.1304 -3.07007 -3.88037 11.7454 -11.3264 -8.23608 -8.89502 
-12.6255 -21.5481 -5.92725 -8.39795 -2.44287 -5.55713 -17.543 -5.27979 -1.13306 5.22266 
-6.54785 -18.0684 11.7029 3.75439 -15.0989 -14.7222 -3.38037 -18.9368 4.7666 -18.8896 
-8.42163 -16.3477 -2.36035 -5.43457 -29.426 -6.51636 -10.0037 -18.0115 13.0266 -12.563 
-11.1758 -2.46704 -2.95728 6.84375 -15.7114 -6.24512 -18.2368 -14.8562 -5.94385 -9.08862 
-12.3699 -16.719 -9.26001 -10.6328 -10.7773 1.74292 0.854736 -17.1484 5.70386 -3.4502 
-9.62524 -2.97583 14.1743 1.4646 -36.1895 -13.5479 -18.4944 -1.64673 0.0158691 -18.1814 
0.905762 -12.2898 10.3657 -2.54663 -19.6545 -16.4395 -6.48193 -13.6353 2.31885 -22.2769 
-24.0315 -12.1174 -19.1086 -0.626221 -45.7087 12.0137 -27.9746 -12.0396 -11.3611 -4.36572 
-2.48706 -6.34497 -2.72974 -13.5764 -22.2236 1.15015 5.6167 -25.1816 2.12354 -12.7439 
17.2444 -21.2815 -6.46997 -17.5417 -19.376 -3.52466 -4.1875 -6.42554 -20.0901 -5.53369 
-8.94507 -10.283 -4.6001 -6.55615 -14.6414 -13.5989 -11.9966 -6.51709 7.8479 -0.712646 
-4.64526 -7.11938 12.2766 1.11377 -28.5171 -18.0015 -23.969 -1.85425 0.292236 -17.021 
-14.6101 -4.31885 -11.7803 -9.45117 -5.48535 -14.6826 -10.311 -2.62427 -0.678711 5.5896 
1.42969 -22.4163 12.2405 0.00244141 -22.2896 -20.7048 -7.92139 -8.15894 5.9248 -16.6169 
-23.6274 -14.1829 1.28833 3.52832 -22.5327 -5.9187 -16.0876 -16.8379 13.1702 -13.3079 
0.81665 -18.8005 1.06787 -17.084 -20.1838 -4.66357 -1.33179 -21.0422 5.29761 -11.0786 
-2.67627 -24.2847 0.314697 -4.47559 -27.3962 -6.94287 -11.0127 -15.9143 6.21362 -2.43408 
-5.65649 -4.04858 0.596436 -5.78198 -23.8469 -7.38379 -6.36328 -18.1448 9.26172 -12.9792 
-3.85303 -1.53394 2.32593 0.0541992 -17.5005 -13.5554 -17.2322 8.23682 -8.53784 -11.9202 
-17.7358 -19.4648 -7.75781 -5.84082 5.22412 -5.89868 -20.9417 -4.57471 -2.13452 5.09741 
-10.501 1.19824 -8.43677 -5.58667 -2.11523 -15.9192 -9.02344 2.35767 -8.1958 1.61719 
-7.67627 -3.31982 0.249756 4.89063 -13.4805 -1.53052 -14.1594 -6.84546 -4.94995 -7.46973 
12.167 -21.2263 -2.63208 -13.7183 -17.7866 -7.34302 -5.47314 -6.22729 -6.53027 -0.211182 
-12.3005 -17.3948 5.2002 -10.3193 2.96118 -8.71069 7.03223 -16.4414 -1.08984 -18.0925 
-4.29199 -9.89966 -8.68042 -13.0049 -10.4253 -9.03198 7.65356 -16.189 -8.80103 -2.33398 
-14.6414 -8.92871 -2.07056 7.70532 -24.3499 -4.13867 -31.5356 -21.3762 -2.44385 -2.13574 
-7.43311 -10.0261 11.2986 -0.678955 -18.9695 -14.9844 -14.606 0.359619 2.18213 -19.562 
-11.4473 8.12256 -13.7571 -5.18042 -6.73877 -10.2874 -8.43555 -8.38623 1.41675 -5.80127 
-10.7251 -2.17285 -3.37134 7.77686 -25.6804 0.310303 -26.2263 -17.6104 -15.1191 0.715088 
-7.35864 2.65845 18.563 0.118652 -43.7854 -23.5815 -18.5144 -30.2095 -3.86646 -30.2336 
-12.417 -5.19043 17.4512 -4.07861 -31.9475 -12.2646 -8.35327 -8.95703 6.03345 -32.2788 
-8.13745 -10.5171 -5.46509 -6.18677 -11.9639 -20.739 -18.5125 -3.1311 -9.38281 3.50195 
-0.0241699 -15.1265 2.62695 5.25464 -24.6631 -3.88306 -10.3237 -12.9331 4.63477 -10.116 
5.77783 -0.998779 3.76563 -11.4236 -28.1106 -3.88501 -3.37329 -6.94556 -0.00952148 -9.05469 
9.0498 -19.584 0.351318 -4.54639 -4.75562 -7.13867 -2.58521 -10.5032 -7.54248 -5.82959 
-14.2302 -17.5945 -15.5103 -9.20264 -21.9722 8.47607 -8.61108 -11.0073 -12.3916 -5.72412 
-10.2368 -0.270264 -0.895264 -2.76367 -18.1365 -14.9365 -13.302 6.06226 0.00683594 -13.167 
-4.62207 -15.4102 -1.91333 -2.38208 -22.5876 -8.30981 -10.5232 -15.813 7.03809 -8.49902 
-10.9519 6.36914 -14.6982 0.647705 -11.1821 -4.53589 -9.91626 -13.3318 -5.94775 -1.4585 
-22.6289 -14.3572 -10.6514 -7.21313 12.8774 -12.1477 -15.5979 -7.01147 -1.65137 -0.967773 
-10.9312 -7.37866 -6.5874 -6.71191 6.81201 -9.79199 -11.8052 -2.36255 -2.9668 0.968506 
-12.604 -11.3342 1.98511 -5.06714 -7.09839 -1.08081 7.65747 -21.2654 3.91724 -12.2881 
16.6045 -18.4971 -8.04858 -18.0557 -21.7393 -2.11621 -4.56519 1.16968 -15.1145 -9.66064 
-12.8076 -12.0342 17.2227 3.65527 -34.0999 -15.2231 -21.3794 -9.91235 1.72388 -40.0588 
-14.1641 -16.6772 -14.7732 -1.30078 -6.76074 -10.7998 -22.8103 3.64893 -9.42651 9.86475 
-8.55615 9.06494 2.5144 -7.08472 -5.82153 -11.3879 -9.62231 -5.3396 -2.73267 -14.3118 
-18.6467 -5.66919 -4.20923 -9.31152 7.7959 -17.4534 -10.9141 -9.89795 -5.74146 -4.57324 
-18.9558 -17.9014 -3.63086 -3.94385 -16.2688 -9.87744 -30.2214 12.5945 -14.6575 -4.38135 
-20.9438 -21.3088 -8.06152 -12.5977 11.8101 -14.8135 -11.8845 -6.21484 -5.31714 -1.5874 
-11.5085 -6.41602 -3.03979 -2.21875 -22.0894 -26.5408 -21.1084 10.6577 -5.13525 -11.8845 
-18.1987 -8.96631 1.42432 16.4651 -40.7988 -9.12915 -41.5837 -17.6335 -8.69116 -5.02441 
-10.9004 -16.9146 -4.98145 -11.5833 -12.0469 -5.90698 -17.4514 -11.8975 -5.21655 6.8479 
-7.14917 -3.5105 -3.29834 -6.19995 -12.1719 -8.36572 -9.20605 -25.0479 10.0261 -11.675 
-6.39966 2.41675 -4.36377 -4.29858 -14.0012 -4.302 -3.69824 -10.7708 5.98096 -10.1855 
-7.19214 -30.6809 -0.721191 -18.7798 5.17139 -19.2227 -18.759 0.148682 -12.9878 -2.45508 
-22.6577 -5.875 1.82031 -1.38208 -22.6177 -22.6311 -32.1248 17.7141 -26.5474 -8.24805 
-12.1299 7.60059 -12.6218 -5.41138 -3.04883 -6.59424 -3.64819 -6.79272 -0.349609 -4.07446 
-10.0322 1.61475 15.0903 -3.92212 -19.9812 -11.0381 -2.17578 -10.0771 2.21826 -36.5129 
-9.26904 7.23877 -7.70703 -3.94043 -2.82056 -14.1023 -9.86157 -3.00854 -0.0561523 -5.86353 
-12.825 -15.0361 19.3066 5.021 -23.3325 -18.335 -9.18237 -14.6968 5.81958 -40.7656 
0.491211 -3.83447 9.99634 2.41162 -27.1587 -15.6235 -14.4626 -3.52124 -1.36206 -13.2441 
-19.2993 -10.957 3.89453 17.6572 -47.3833 -11.7148 -39.4136 -10.6587 -7.96777 -11.5815 
-9.5896 -6.95947 9.78516 3.32422 -25.8799 -19.0742 -21.7349 1.78711 1.08716 -17.7109 
-12.1372 -8.80103 1.75977 10.5823 -25.884 -13.6719 -25.7549 -7.26758 -5.875 -11.8428 
0.837402 -8.15698 8.71997 -6.71924 -20.7263 -12.3062 -6.26587 -17.3896 5.92505 -13.3955 
-10.5828 -7.73853 0.192383 8.24243 -26.0823 -11.1221 -28.6311 -13.6357 -0.635254 -7.04614 
-6.53394 -24.2969 -4.82446 -9.33398 -11.8442 -10.843 -15.6658 -5.55103 -1.74634 4.04834 
-10.0813 7.78931 -8.10132 -3.06494 -5.37109 -14.0498 -10.792 -1.5625 0.659912 -8.94702 
-9.49609 -6.47998 -1.21094 -7.02197 -11.2524 -20.1917 -10.8403 5.02393 -6.83813 -11.9519 
-16.063 -10.7441 -9.25952 -7.21021 8.67725 -4.17822 -8.71191 -6.29297 0.219727 0.685059 
10.4788 -13.9966 -3.99854 -6.62769 -24.2192 -5.56323 -9.48633 1.01709 -14.304 0.203857 
-12.3306 -8.21606 3.552 10.8723 -28.7053 -11.6233 -32.991 -14.1648 -7.93604 -10.6023 
-14.9084 -23.2771 -20.2183 -12.7146 -13.6282 5.28711 -6.93652 -9.4082 -4.80981 2.79492 
-22.3057 -17.2883 -25.1079 -1.03516 -16.5493 11.5588 -26.2603 -7.13721 1.64429 -0.239014 
-5.03882 -4.42847 -5.89575 -6.36816 -17.3049 -2.40332 -4.17798 -11.3311 5.60132 -4.8811 
-3.78101 -31.0562 1.52734 -21.0125 -6.90088 -6.44458 19.093 -33.9487 -3.24219 -20.3767 
-13.8108 -11.2427 -1.2981 5.48364 -28.5022 3.75757 -33.8923 -14.3933 -6.38501 4.5354 
2.03564 -10.2214 8.35571 -2.25269 -32.8149 -9.85571 -11.9243 -3.46802 3.70898 -14.2805 
-5.87427 -13.084 0.286865 -10.1587 -16.7236 -1.89844 8.28174 -30.866 5.36548 -11.5933 
-14.3003 -4.84546 -2.05127 -2.80811 -21.3882 -16.6694 -29.5032 13.2922 -17.9529 -5.60693 
-10.4651 -12.0317 -2.99048 -15.4866 -10.8838 -3.47705 15.3157 -21.9844 -5.28955 -13.7793 
-2.79224 -8.29517 -6.14795 -16.3601 -8.56519 -1.99878 10.1421 -24.7354 4.18359 -8.96582 
-3.62378 -1.02808 -0.817139 2.89648 -16.8687 -5.23633 -13.0027 -6.79736 0.493164 -4.33618 
-13.6284 -0.72998 22.6067 3.06787 -56.9958 -19.6646 -30.8821 -29.7849 -1.35986 -30.7915 
-6.76172 -6.40308 3.27979 -4.2002 -18.7683 -16.3613 -17.2583 5.021 -7.88037 -1.94214 
-6.52441 -4.44385 -1.16504 -3.80786 -11.842 -10.3467 -9.66528 -8.08228 4.32129 2.19043 
-12.3169 8.99756 -14.606 -5.83569 -4.92041 -5.24316 -6.72437 -6.31763 -1.04346 -3.90308 
-16.4121 9.55029 -15.2764 -4.35107 -2.67676 -4.02222 -3.86353 -13.7751 1.23877 -8.03442 
-10.2888 -10.9854 -0.932129 -0.606201 -17.0273 -21.2483 -14.6646 -3.73877 1.94531 -5.3374 
-15.3574 -12.865 -11.0005 -6.69141 -2.36963 -1.65283 -10.7014 -1.79004 -2.34131 -1.91968 
-1.88574 -11.8521 0.4021 -12.8452 -4.98633 -6.72583 9.55078 -3.97925 -8.67822 -14.7991 
-18.1963 -2.28394 -10.6877 -10.5259 12.7578 -17.7056 -12.3914 -5.31128 -4.88281 -4.28101 
-17.0991 -10.7146 -9.27344 -2.41309 -3.08276 -14.0476 -20.207 -5.4314 -2.00049 10.345 
-19.3762 -10.5818 -7.95581 1.46655 -18.439 5.58374 -10.0957 -23.1545 -7.79395 -1.42676 
-22.0186 2.41284 6.56348 0.43042 -15.9915 -5.36206 -7.72681 -20.2517 5.01709 -20.3586 
-17.1372 -9.6731 -3.42261 8.73901 -30.2109 -3.43091 -35.4951 -15.5146 -8.06812 -0.293457 
1.50684 -7.44653 -0.124756 2.29956 -17.5696 -7.62646 -11.199 -9.29858 -0.880371 -7.29736 
-13.2173 -3.45142 -8.51855 -3.99292 5.23657 -5.30542 -8.0708 -6.86719 1.34497 1.25562 
-17.8511 -2.46729 -13.1487 -4.09668 -15.6169 -10.8662 -15.7693 6.06689 -3.26904 -3.46143 
-3.09741 -5.24585 -2.61646 -2.09033 -20.2021 -8.66992 -9.58594 -17.8542 8.76611 -8.94336 
-16.6189 -17.0117 -6.948 -9.1416 -3.03125 -16.2869 -15.3682 -0.240967 -3.87061 7.97681 
-8.29688 6.62158 -6.97607 -3.71851 -2.60742 -11.8977 -8.53662 -2.27441 0.154053 -6.88696 
-8.71655 6.92603 0.135986 -5.84351 -6.85767 -8.83521 -7.79102 -4.34766 -1.12329 -12.6326 
3.04565 -7.35376 -0.848145 -7.146 -20.6287 4.03735 0.855225 -10.4719 2.85596 -5.81787 
-19.3696 -13.6655 -14.739 -7.729 -10.6877 -13.8967 -17.2705 -4.25415 1.64868 10.1106 
-11.9949 7.98755 -6.85718 -8.54663 -10.0359 -12.563 -8.2439 -6.78174 0.275391 -10.6343 
-19.8201 -7.54858 -11.8528 -9.01807 9.45654 -8.30371 -9.27881 -9.98218 -1.11621 -4.07715 
-9.59546 -8.08716 -5.41309 -6.23047 2.96753 -6.2439 -9.06543 -2.94189 -1.13745 1.52759 
-14.7788 -18.0527 -8.1731 -3.41333 -27.1694 6.88672 -12.3049 -16.3477 -4.2085 -2.24048 
-17.0647 -16.1509 -4.95288 -10.6592 7.85498 -18.6094 -11.8528 -5.56372 -0.0629883 -8.92285 
17.9199 -21.814 -10.7178 -19.3091 -23.5425 -0.408203 -6.33936 -4.76538 -20.2124 -3.68872 
-7.62402 -10.3901 -5.44141 -14.1299 -8.71729 -7.97095 13.9751 -14.2729 -6.77539 -17.1587 
-11.1604 -1.07178 21.6653 -2.40479 -53.2083 -14.1353 -19.5256 -12.7742 -4.21997 -32.0867 
-3.62842 -18.332 9.91528 0.385498 -16.7764 -13.665 -8.04639 -3.56738 -1.91943 -25.9988 
-9.2439 -10.8391 -0.0935059 5.07764 -28.6809 -7.48193 -24.437 -11.8909 0.86084 -0.554443 
-5.00708 6.85498 -3.1748 -8.9624 -8.13745 -13.53 -5.19019 -14.802 1.63159 -12.4045 
-21.5962 -19.2935 -16.5537 -1.39478 -29.2314 8.39404 -28.8682 -16.7744 -10.333 5.53369 
-18.4321 9.00195 -9.90698 -1.73877 -11.2593 -10.1526 -9.3335 -9.32422 4.2998 -9.3125 
-15.4497 -3.43457 16.6233 3.36523 -24.6082 -19.8501 -12.7847 -21.6365 4.48633 -29.6577 
12.9722 -16.6135 -10.3271 -14.99 -19.2515 -5.74902 -0.385254 -2.27881 -19.4294 -4.75513 
-3.55151 -10.021 6.92139 5.50171 -40.6924 -13.978 -16.6506 -6.95996 4.07153 -15.0664 
-8.02173 -2.86987 -3.78174 -7.15112 -11.2083 -13.8708 -8.2522 -21.9072 9.41553 -7.85938 
-14.0344 8.86963 -14.8103 -4.72095 -2.15527 -8.64648 -5.77148 -5.12817 0.0168457 -4.63672 
-9.25195 -4.00659 19.054 2.62915 -50.5547 -23.196 -26.9822 -16.8599 -2.97754 -36.3428 
-4.69189 -11.9773 -5.72314 -14.4321 -16.8843 -2.271 14.6956 -35.1978 3.29468 -12.6509 
-16.748 -6.16748 -5.79102 -2.17236 -12.1338 -17.1243 -17.7705 7.11719 -7.45801 -4.07275 
-13.7385 6.04761 -10.6245 -3.61865 -3.56567 -2.54785 -7.21655 -5.90039 2.46753 -4.29858 
-0.477539 -12.3699 -3.68872 -12.7866 -7.66333 -7.66504 7.62817 -13.7085 -4.08862 -2.23071 
-8.22192 -0.598145 8.25659 -1.90991 -6.71021 -16.6926 -9.98169 -3.0896 0.645508 -15.1873 
-12.0425 -14.9724 -11.0398 13.1462 -46.0205 -9.12939 -24.7795 -2.5708 3.44482 -6.42334 
-14.7664 -17.0349 -9.08667 -12.9548 -2.24561 -15.1816 -17.7578 0.207275 -3.65796 6.54541 
13.97 -4.55933 -1.13013 -9.88306 -23.209 -6.90674 -6.66943 -1.86279 -7.8667 -8.34424 
-18.7217 8.86792 -9.83496 -1.1084 -11.7197 -3.38452 -11.5005 -14.2241 3.60425 -7.41699 
-0.827148 -16.8191 17.1243 2.20386 -35.4712 -19.2683 -17.1594 -15.7188 -3.20337 -16.9922 
-22.1006 5.73853 24.0735 2.53882 -38.4487 -21.3208 -18.8906 -29.5674 1.64453 -43.9832 
17.6301 -16.0066 -2.69214 -9.78906 -28.0706 -5.06421 -9.10352 -8.19604 -14.5469 -5.60596 
-15.9351 -18.6897 0.931641 -4.53418 -5.9646 -8.10059 -13.8884 -14.3606 9.17505 -9.03394 
-11.3369 -10.8718 -6.35791 -9.28687 -2.95923 -12.748 -19.064 4.84375 -11.3142 5.54639 
-12.5525 -2.7002 -17.0869 -2.8877 -6.20508 -13.9414 -16.7922 -4.69336 -6.60156 8.72754 
10.5059 -10.7195 -2.83057 -11.2317 -21.6208 -3.60059 -4.48267 -5.5498 -8.00464 -3.7605 
-7.37939 -0.756836 13.8074 2.448 -43.5762 -23.3208 -19.7634 -19.1904 4.16431 -23.7634 
-17.385 -13.4814 -5.43042 6.33618 -37.5122 3.0542 -26.2827 -19.2793 -10.7607 3.36963 
-15.5657 6.64673 -12.2561 -4.07007 -0.631104 -1.70361 -6.84155 -10.9067 2.30615 -5.96362 
-15.4934 -7.27344 -4.47266 -2.8042 -5.48413 -15.2441 -15.905 -5.34863 -1.28589 6.59717 
-11.8586 -10.1206 -0.710449 -0.862549 -18.1494 -10.0515 -31.3047 8.33301 -11.0605 1.30029 
-8.88672 -2.93921 -6.48828 -5.69849 -11.8745 -5.91675 -11.5991 -8.02954 5.91724 -1.14331 
-16.2251 10.4431 -15.428 -4.46338 -4.24585 -4.58789 -5.26172 -12.7771 0.858887 -11.1484 
12.2312 -17.5173 0.644043 -5.03247 -32.3604 -4.90332 -10.6038 -10.1582 -4.27246 -5.30713 
-26.8171 -14.926 -9.83594 -14.1082 9.55835 -23.0688 -15.2151 0.0930176 -4.35791 2.9624 
-13.9868 9.83716 -13.1423 -6.51367 -8.9917 -9.27173 -3.88501 -11.0938 2.95947 -11.4387 
-20.6841 -4.04712 -0.0263672 -1.52173 -10.5168 -12.8916 -18.2297 4.7312 -12.0894 -3.46655 
-17.4819 -5.78394 -8.11157 -2.90454 2.22827 -12.2871 -16.6917 -4.00171 -2.45166 7.66382 
-2.19995 -17.5813 -2.66748 -4.22949 -11.0237 6.10083 -1.57251 -11.9373 -1.34619 -7.76929 
-13.1887 0.541748 -10.4424 -8.05078 5.58765 -15.8604 -9.74878 -3.32886 -2.90845 1.37134 
-4.1394 -11.4998 15.1323 1.40405 -25.1953 -17.9307 -18.4119 -18.9285 -0.899902 -26.2686 
-10.6003 -16.5806 6.70679 -18.1936 -14.9438 -10.4453 13.7205 -22.3989 0.401367 -19.5313 
-6.14307 -15.6162 -1.88257 -4.60693 -16.125 -6.9895 -7.70337 -12.6968 8.02319 -10.0313 
-12.0242 10.4868 2.90454 -8.25513 -7.16699 -16.655 -10.6831 -1.63379 -4.74854 -18.1611 
-15.0374 -11.9521 -1.73315 5.11914 -20.9248 -7.84692 -18.9131 -8.35913 -2.27417 -4.95557 
-15.593 -7.13184 -0.154785 -5.0874 -15.7166 -10.6003 -21.0034 10.4919 -5.07568 -15.9612 
-21.9626 -19.6309 -20.1042 -7.29956 -20.8884 6.1936 -15.3264 -9.48779 -6.85132 7.3313 
-1.21436 -9.51929 -4.21118 -14.7241 12.0027 -8.37842 -3.5752 3.86597 -10.856 -9.20581 
-11.915 -11.1025 -14.426 -12.4451 7.04639 -12.2788 -14.6768 -2.4082 1.56348 -4.96143 
-9.02734 8.96167 -5.4082 -8.37964 -12.2095 -10.9414 -4.47241 -10.6328 2.6709 -16.7856 
-6.34399 -10.7273 -4.84106 -6.89355 -11.7322 -2.16235 2.12891 -6.83398 6.72876 -6.79053 
-11.3345 8.70337 -8.77759 -9.33643 -7.25488 -16.5522 -8.80542 -2.72681 0.168945 -6.43115 
-9.93457 -8.88281 -3.69507 7.25024 -14.0752 2.11719 -17.1147 -8.76782 -11.2935 -9.31665 
-4.04126 -5.27295 -8.16992 -6.26953 -23.7224 -6.30908 -10.0581 -9.56641 8.44165 -5.91821 
-11.5732 8.28149 -7.00195 -8.15503 -9.84082 -13.7837 -6.95264 -4.3999 -0.0786133 -10.3113 
-12.8787 -12.8425 16.3682 -3.12134 -10.823 -5.88989 -12.6404 -3.07666 -10.8223 -23.7617 
-2.77759 -11.5803 -7.66772 -9.55762 -18.6582 2.75952 1.92993 -10.4995 0.794189 -11.5188 
-1.42285 -1.39771 1.81421 2.96289 -21.448 -14.9089 -10.3345 -15.6631 8.9668 -8.07813 
10.7292 -12.8838 0.231934 -10.1353 -16.3157 -7.97583 -10.2483 -5.58325 -9.52173 0.237061 
-5.02539 -27.95 1.37329 -23.7568 -2.33862 -12.9446 18.7314 -15.4517 -8.52124 -16.252 
-11.1545 -1.97144 16.4973 4.98511 -45.4436 -20.3545 -25.0642 -7.08325 -3.39819 -24.4722 
-13.4492 8.26147 -9.63135 -5.59863 -11.0447 -14.4929 -9.71069 -6.46411 2.3103 -8.83618 
-14.8301 7.60034 -12.7969 -3.37378 -7.97217 -6.34106 -6.92822 -9.13818 2.07373 -8.48877 
-11.7234 -2.34863 3.77686 -0.980957 -6.30786 -6.94019 -7.02979 -2.18115 0.387939 -10.1252 
-14.3657 8.42261 -10.2039 -5.89307 -7.52173 -7.28809 -3.82788 -8.82935 1.89819 -10.2761 
-23.2046 -22.7837 -21.2852 -6.65625 -34.1787 12.0437 -17.3591 -20.6733 -13.8933 -3.10864 
-10.5681 -5.74219 -7.60205 7.96851 -19.5671 0.95752 -25.8428 -11.1892 -9.87158 -1.77368 
-16.8521 -13.1465 -9.71582 -9.96753 8.33301 -17.623 -13.6094 -4.96753 -1.47998 -0.0119629 
-0.510498 -6.13525 -0.765869 -10.4287 -5.98584 -4.61328 4.34375 -19.843 -0.167236 -7.06836 
-11.4875 1.59131 -10.5627 -4.54712 -5.47803 -7.38232 -17.7898 -7.6123 0.388184 8.73438 
-12.6357 -8.15869 -7.38916 1.13037 -25.2368 5.59253 -15.1042 -14.8784 -5.16528 0.62085 
19.8208 -23.7527 -4.77954 -13.4568 -8.12183 -4.13867 -4.71289 -5.96973 -18.8933 -10.2502 
-1.3894 -16.5984 -6.24487 -4.59351 -7.52734 -10.2126 -9.23755 -6.44727 -10.0957 3.79712 
-16.9917 -26.9465 27.6233 -2.47266 -31.375 -24.0183 -0.603271 -24.0164 -1.67383 -51.4497 
-4.61133 -10.519 9.60522 8.74146 -20.2087 -6.49658 -14.7051 -11.6279 -16.1289 -23.0371 
-13.3523 -32.7732 -13.0054 -16.3086 9.13208 -12.5654 -12.8374 -1.69702 -4.07227 3.14844 
-10.8123 -14.2104 -9.39478 -4.73096 -14.1558 -3.09644 -8.91602 -9.39331 8.74341 -0.0153809 
-2.63892 -24.7659 19.7395 4.17798 -28.9253 -20.0728 -9.89697 -25.5115 1.27173 -27.9307 
-10.9912 7.72437 -10.3926 -7.72729 -9.75415 -12.5725 -5.76221 -5.70117 0.637939 -9.88379 
-7.87842 -10.2139 -5.9873 -15.7654 -4.56128 -21.1179 -12.1775 7.15356 -13.3669 1.82617 
-6.13892 -3.02441 14.6948 1.14502 -34.301 -23.5828 -17.884 -12.4111 -2.79932 -20.0911 
-14.7864 -5.66577 -7.49023 -11.9038 5.69141 -15.3914 -8.95142 -9.35815 -4.53442 -3.94312 
-12.9792 -7.87695 -9.52026 -7.16577 -4.8562 -12.3713 -15.686 -2.94067 -1.12085 8.67822 
-7.625 -13.7996 -8.51587 -15.804 6.12085 -18.9978 -9.62842 -2.59644 -11.6372 1.84155 
-9.29321 -15.8699 -1.43066 -4.67896 5.85059 -23.6475 -14.8411 -5.07544 -4.76538 -13.5361 
18.9255 -13.627 -6.87207 -13.8782 -24.2957 -2.05054 -4.28442 -2.2981 -20.5117 -18.1162 
-20.1641 -9.53516 -6.47998 6.77441 -15.5752 -14.1785 -28.012 0.973633 -6.91699 -4.61304 
-12.2808 -7.2334 -11.7554 -8.96362 -4.85474 -12.0012 -17.3708 -3.01099 -0.815674 8.50928 
-20.7659 -5.39697 15.9473 3.323 -28.0859 -12.2898 -19.5972 1.39453 -4.71631 -31.6892 
-10.1677 0.994385 21.0562 4.9231 -57.7395 -19.3999 -20.8679 -21.9451 0.98877 -27.425 
-12.8799 -5.89746 -4.56006 5.48877 -21.302 -15.1641 -20.4226 -5.31372 1.92407 -4.51025 
-9.42944 -14.9417 -11.0911 7.44897 -23.3176 -5.54004 -23.6392 -9.88525 -3.17993 -0.585449 
-12.2505 -0.122803 -5.71094 -7.71973 -4.71338 -7.19971 -4.10278 -9.46753 2.9353 -3.34619 
-13.6287 -15.5171 -5.05273 5.80444 -20.4851 3.12305 -25.981 -12.5955 -7.87207 3.70361 
-14.5894 -20.4534 -12.0144 -1.56445 -27.4775 7.00342 -15.9885 -13.9902 -3.80493 -2.0769 
-10.3701 -6.92554 -4.03833 -7.09229 -11.3821 -11.5352 -22.8 9.31836 -11.5747 -1.92871 
-11.4165 -8.10596 -19.8762 6.42847 -30.4724 -0.675781 -22.405 -6.46265 -4.46167 3.90576 
-25.8611 -15.384 -26.0962 2.53516 -19.7803 11.3196 -22.7007 -16.1587 3.62964 1.94727 
-8.02246 -17.2151 0.0290527 -1.95996 -30.0513 -12.1274 -14.7578 -8.16821 9.55493 -10.7397 
-12.5151 7.92212 -11.3201 -4.21631 -4.39941 -9.02344 -7.67383 -4.7959 1.05322 -5.02661 
-2.02466 -6.19507 13.4409 0.773193 -33.2549 -18.2737 -15.585 -3.47021 -2.94604 -26.8005 
-14.2441 -11.2786 -6.39136 -11.7046 7.60767 -6.19604 -9.4209 -6.34009 -3.15942 2.49121 
1.37915 -3.82275 -0.753174 -9.38013 8.15894 -10.0767 -3.17188 -4.40308 -13.521 -6.73169 
-3.70801 -9.94312 -1.28564 -5.99414 -5.78296 -8.82568 5.19824 -15.1431 -2.06348 -9.05176 
-12.5747 -8.70557 -6.34131 -6.43091 6.69946 -15.1179 -11.0747 -4.03467 -4.19653 -3.01025 
-15.4146 -13.709 -4.86694 -6.61108 -7.66113 -6.875 -13.6431 -9.41919 1.67554 6.07959 
-8.84155 -2.45313 -7.21094 3.06641 -25.6677 3.45044 -14.7712 -21.1731 -4.49927 -0.960938 
-13.853 8.63062 -13.1316 -2.57202 -7.44189 -4.04102 -7.25439 -7.59033 0.188965 -4.96094 
21.075 -17.2944 -8.52832 -14.5205 -25.9878 2.06226 -11.0242 -6.37988 -22.9929 -12.9863 
-7.03564 -7.00659 -2.76636 -10.5996 -2.45435 -1.44067 10.3447 -16.3389 -6.08521 -15.2874 
-15.7417 -23.8867 -5.073 -8.2478 -8.9729 -8.66113 -21.1619 -12.3054 -2.97388 7.58691 
-11.5332 -14.0906 -13.8586 -9.01074 -34.3037 7.10132 -13.3538 -14.6838 -2.47534 -1.89673 
-28.3733 -19.8179 -18.6301 -7.59595 -0.119873 -21.5461 -22.5254 -3.91626 -11.4448 13.7329 
-1.67163 -9.89209 -7.50171 1.35669 -18.4358 5.42212 -5.56445 -8.99512 -1.58423 -3.58691 
-3.33813 -11.3511 -0.435059 -10.1013 -3.3125 -9.20068 -9.57935 -3.4248 -7.78223 6.84888 
-14.5234 -4.04565 1.81763 -3.21558 -13.8635 -11.8906 -13.0896 8.69849 -6.97192 -9.01294 
-9.25073 -11.5535 -6.22217 4.63428 -12.3574 -8.02856 -15.3713 -12.6411 -3.87012 -7.57373 
-4.58789 -5.51294 6.7041 -0.860596 -26.2842 -11.1445 -5.48828 -19.1125 9.30664 -19.1174 
12.3608 -13.1709 -1.99268 -11.0032 -26.4851 -5.20044 -5.53369 -10.5835 1.08276 -4.51245 
-12.4287 -2.2063 -1.61548 10.6919 -20.8657 -3.91748 -28.1606 -15.2246 -11.7681 -6.42676 
-0.822021 -23.6047 -17.6035 -25.8848 -3.70825 -13.3486 -18.8506 14.126 -19.1372 5.81665 
-10.8882 7.37793 -9.55054 -4.9939 -10.2925 -9.37109 -5.18921 -9.19897 1.44189 -10.811 
-8.66406 -3.70313 -4.78052 4.54541 -11.8457 -4.55493 -18.7429 -8.74487 -5.51367 -3.41357 
0.131104 -9.58057 -2.81665 -10.4395 -8.19092 -4.38745 10.7407 -8.45288 0.114502 -21.7197 
-20.1968 -10.4868 -10.5762 -2.12817 -25.7986 -12.3848 -29.6187 10.728 -3.68628 -3.21729 
-12.8899 -9.76709 4.09424 0.174805 -9.16528 0.414795 -10.7834 -14.4026 4.59399 -3.81763 
-17.8857 -19.822 -15.3547 -7.92139 -33.3779 10.2498 -10.644 -10.51 -8.77881 -3.89551 
-16.8723 -25.0217 -7.54639 -6.50708 -8.177 -4.79199 -18.5803 -8.75073 -4.72778 8.37183 
-9.37769 -5.80786 -6.49316 -0.154297 -24.7954 -21.179 -19.2678 9.97217 -7.31738 -8.95166 
-18.8884 -14.6819 -7.25244 -2.87549 -4.83521 -20.4758 -17.5879 -5 -11.2017 9.5354 
-10.6692 -25.6267 3.97656 -14.1409 -9.8252 -10.5298 20.2512 -19.8303 -3.42383 -27.8008 
-9.22046 -20.0823 -7.24219 2.91309 -24.1606 -1.60645 -23.1729 -14.9883 -4.23193 2.32227 
-4.57397 -9.79468 -5.24976 -7.20313 -12.1311 -0.59375 6.16089 -17.1414 2.02319 -9.7981 
-16.3225 -3.59229 4.04199 10.2288 -17.0891 -6.15405 -29.2764 -10.0303 -10.4749 -13.0095 
-19.2302 -6.96094 -0.894775 0.418213 -26.0625 -15.0596 -35.1052 18.0417 -24.7444 -11.4009 
-24.386 -11.0991 -11.1299 -10.6611 11.7727 -21.5168 -13.6479 -2.06299 -10.0225 -0.273438 
1.70288 -18.3521 1.22583 -2.34448 0.267578 -10.4441 8.97363 -9.93066 -4.71021 -14.9458 
-29.5322 -24.1277 -23.3789 -12.0808 -29.3416 12.6584 -12.853 -22.0691 -12.1006 8.16724 
-0.56543 -6.10229 3.93359 3.58618 -28.7483 -10.2141 -11.4546 -8.14795 7.93433 -15.0474 
-17.8025 -22.425 -19.2813 -1.9646 -27.5352 7.26245 -16.5808 -8.81592 -2.67578 2.38281 
-20.333 -8.0564 -8.79736 -8.81958 9.79614 -13.7917 -14.8284 -4.69531 -5.73999 5.07813 
-5.13306 -1.51636 3.9231 2.55322 -30.323 -22.1875 -26.7002 7.41675 -9.23901 -9.0376 
-10.0234 -10.0137 3.5022 -2.07617 -22.1162 -12.5354 -10.46 -13.8325 11.458 -12.8577 
-9.57642 -5.7666 -1.29346 -2.2937 -25.6086 -17.5833 -14.5012 4.19482 6.56567 -14.9404 
-1.09082 0.0109863 -1.25 -4.83813 -10.3521 -5.77954 -2.94092 -10.5928 4.26245 -13.4512 
8.93018 -7.09595 -0.636719 -1.96924 -15.1169 -4.89307 -1.11353 -15.4609 -0.206299 -5.84229 
-5.43066 -2.93384 -3.7002 -4.34766 -6.2019 -6.69043 -11.5068 4.85547 -4.85498 -0.9104 
-4.70215 -18.7507 0.475098 -10.8274 -14.5757 -2.65576 12.2693 -29.9785 1.83276 -17.1965 
-4.08179 -8.71362 -3.2395 -11.1145 -14.8105 -2.17993 -0.463623 -5.89673 0.94751 -1.30688 
-18.4712 -13.4543 -9.78931 -4.95947 -3.20654 -10.8706 -11.5754 -4.5166 6.2605 1.61694 
-9.83838 -10.6184 -3.59668 -8.3623 -11.6338 -20.4785 -15.9595 7.72388 -13.9954 3.52734 
-9.87329 -9.6543 -11.7393 8.50757 -23.8748 -12.5667 -23.1514 -2.99683 -1.3186 -3.83887 
-13.6565 -19.137 5.8374 2.65967 -13.7122 -14.0396 -20.7456 -0.748535 -7.04761 -10.2312 
-6.80713 9.52563 -3.74146 -8.70703 -15.2773 -12.9946 -5.86621 -11.9211 4.46924 -14.6702 
-8.22363 -18.1653 -4.64771 -11.5691 -2.67676 -8.50586 -15.5398 -12.3779 -9.83887 6.94922 
-27.4998 -31.9026 -17.6714 -12.0903 -8.59497 6.50757 -1.94604 -15.9507 -2.21558 -10.0247 
2.33447 -15.7053 17.1399 -3.89868 -25.4595 -21.1567 -11.2932 -9.74438 5.86206 -20.5398 
-9.90747 0.653564 -2.73486 -5.78491 -13.8574 -19.0237 -18.9766 5.28784 -9.03906 -2.36035 
-12.2314 -8.82422 -8.98218 12.4941 -34.8401 -5.5415 -33.9609 -17.4724 -13.0295 2.76416 
-15.2561 -7.09497 -22.8232 -5.47729 -24.509 11.3052 -13.9614 -16.6328 -8.75562 2.13794 
-9.18896 9.44556 -11.4045 -7.79224 -8.64111 -13.7378 -5.50342 -5.26953 2.12891 -11.5029 
-12.946 8.46069 -11.6289 -3.88379 -6.37109 -5.53125 -5.13867 -8.92773 0.926025 -8.67896 
-17.5701 3.1709 16.6514 1.53613 -21.2622 -12.5713 -14.7942 -20.8655 -11.2354 -28.5547 
-8.37427 9.04541 -11.1116 -6.78516 -9.86279 -15.4983 -7.55493 -9.02881 4.40161 -9.54517 
-16.9846 -11.8215 -8.32153 -8.33789 8.03906 -19.012 -14.1985 -3.61304 -4.49292 -4.396 
-10.2595 -3.21631 -1.14819 -2.42676 -19.3232 -19.7832 -20.7444 10.1914 -4.56372 -7.91602 
-1.03345 -2.21118 -7.28467 -9.02832 4.17651 -10.3076 -3.771 -7.14868 -6.95239 -6.89429 
-13.8057 -4.17944 6.0354 -3.93213 -16.0178 -18.1223 -22.3486 11.4409 -3.73633 -15.5012 
-11.0974 -16.1851 -10.1218 -0.355225 -27.5781 9.01196 -15.3933 -12.4155 -7.68359 2.12036 
-25.4526 -12.6167 -6.61646 -7.74878 12.8074 -30.2737 -17.9304 -12.9084 -3.80151 -4.1499 
-8.83423 -10.0876 -8.32983 -0.659424 -16.7234 5.03369 -15.1909 -12.2205 -6.14331 -1.47266 
-10.5605 -7.02881 -10.0437 -8.47632 8.87305 -8.45068 -11.4282 1.74023 -10.1309 -6.11157 
17.1536 -20.614 -4.09424 -14.0186 -20.231 -10.2971 -4.6958 -7.12695 -12.8806 -8.93262 
-8.09521 -13.397 1.24365 -7.90063 -20.7168 -12.7031 -10.4719 -10.7092 8.97437 -6.27759 
-7.31006 -7.86865 -1.00537 5.93433 -20.8237 -1.62207 -23.1765 -11.219 -8.68677 0.179199 
-6.97192 -3.03833 -5.37158 -8.78931 -10.3982 -2.99414 7.88135 -21.6748 -0.496094 -15.8865 
-20.8704 -16.9114 -20.7678 -3.81641 -10.8005 -11.0623 -24.4138 5.0708 -11.4875 12.8396 
0.486572 -9.04346 -5.19678 -19.9028 -25.7864 -0.427002 7.77808 -26.7136 2.5625 -9.92944 
13.5188 -25.022 -7.61816 -19.6125 -18.9756 -4.30005 -8.12134 -0.427246 -13.1882 -6.29443 
-2.0127 -4.3291 6.73853 -5.31299 -19.1379 -13.345 -11.7473 -5.41992 -0.452148 -11.2644 
-15.105 -6.75928 -7.70483 -2.58618 -16.1914 -4.53809 -11.8596 -2.61353 2.42285 -4.4563 
-12.3044 -1.82129 -10.9246 -10.3408 6.11694 -14.0735 -8.68164 1.948 -8.34058 0.0812988 
-2.23511 -14.4346 -4.55811 -18.2681 9.85889 -23.3831 -10.0752 0.13208 -14.7766 -5.14868 
-0.398682 -3.13379 -4.17358 -12.522 2.00439 -6.88623 1.00781 -7.06592 -2.07837 -7.32959 
-14.6074 -5.89771 -6.82275 -11.4661 9.72192 -10.969 -7.20264 -7.00708 -14.0017 -3.76953 
-8.23901 -6.64917 -3.94189 -3.27466 -5.72046 -2.35205 5.78906 -15.1523 0.27002 -7.12671 
-4.23511 -24.104 6.4458 -15.5662 -12.7234 -2.63306 15.8921 -16.6091 -1.41309 -19.4871 
-22.344 -7.47046 -10.019 -16.1626 10.1521 -22.7324 -12.8848 1.80151 -3.80884 -4.18066 
-5.88452 -16.156 -9.37402 -19.9199 6.58984 -12.2195 -17.9065 7.13965 -15.6086 1.40161 
-11.3962 -14.1572 -5.72363 -8.0752 -4.94189 -6.20435 -15.8123 -2.18188 -0.000732422 7.2395 
-3.49683 -5.21143 0.334473 -0.278809 -23.8936 -3.15137 -18.1284 -4.32983 -3.05225 -1.86816 
-23.9607 -8.80029 -11.0042 -14.9849 7.82935 -16.5698 -13.1567 -2.6604 -1.47266 0.932129 
-19.323 -18.0115 -15.2834 -1.44165 -21.3928 12.8416 -19.3298 -8.05542 0.0437012 -11.6951 
-9.33789 -9.94556 -16.7627 -3.62646 -31.7432 6.0354 -10.9131 -5.72217 7.87329 -2.64038 
-16.9619 -26.8435 -8.29761 -3.52368 -9.28149 0.872559 -15.2268 -12.3193 9.95776 -0.964111 
-16.8555 -1.80737 -6.12402 -1.07397 -11.416 -17.1035 -27.4119 11.6282 -13.8169 -4.05151 
-16.1938 -6.88013 0.78125 10.8501 -24.1453 -10.969 -30.8892 -17.6143 -5.07568 -12.5469 
-8.45508 -1.28149 -4.76196 -10.7275 -10.2825 -17.5757 -14.1406 4.71094 -3.25659 0.84082 
-9.03223 -1.24438 21.4116 2.302 -49.8906 -21.3032 -19.0295 -26.6143 5.57422 -41.1902 
-18.5508 -7.88013 -8.32153 -0.879395 -16.6584 -19.1206 -26.501 12.6511 -17.7903 -5.39648 
11.0869 -5.92969 0.206787 -7.42969 -14.8135 -10.9268 -6.47827 -2.99487 -1.75439 -10.5713 
-13.979 2.18457 21.0835 4.78809 -42.2334 -20.509 -24.5862 -7.17358 -5.56421 -36.3494 
2.90894 -18.6399 -2.22046 -7.75879 0.853027 -10.2754 1.60742 -10.2144 0.0322266 -6.76294 
-17.5339 8.87231 -12.9988 -4.20874 -5.11182 -5.55347 -8.70508 -9.27832 3.12866 -7.177 
-16.9592 10.1218 -15.1877 -3.68115 -8.03589 -7.76221 -7.45264 -11.8357 2.61768 -7.42456 
-9.24414 3.02344 2.37549 -10.7275 -12.3611 -6.93628 6.90454 -20.6663 2.60693 -28.1265 
-12.8594 -10.408 -0.330811 -6.70972 -18.8845 0.85376 2.60962 -30.9609 9.16138 -8.85913 
-12.8525 -12.1375 -6.19507 -7.89404 -13.3293 -18.583 -16.8879 -4.66064 1.72119 7.22339 
-10.782 4.26953 11.0139 -4.60303 -22.0361 -10.7693 -5.62231 -16.988 2.37378 -22.8115 
-9.43896 -8.79565 -1.54126 -9.31055 -15.5059 -9.90625 -9.01807 -10.093 9.48853 -10.8291 
-12.1152 -15.5825 -11.019 -9.56982 -13.4475 -4.07764 -20.0378 13.2786 -12.4736 -1.67578 
-13.7742 -0.44873 10.3503 0.748291 -33.9849 -7.43506 -14.0381 -17.6274 -4.80371 -27.1931 
12.7351 -5.10327 -1.04199 -14.0354 -22.4963 -3.61572 -4.72095 -5.95142 -3.61792 -5.67334 
-12.2197 7.73975 -11.5002 -5.14575 -9.7793 -7.8562 -5.44531 -6.46533 3.25977 -9.19629 
-18.1028 -12.575 -8.09497 2.61768 -39.0596 11.3101 -25.6626 -17.4346 -11.2065 -4.74048 
5.86548 -25.5034 -4.55127 -11.45 -10.2935 2.25464 -5.80737 5.98022 -17.4087 -2.88867 
-9.69678 -6.78027 -5.01196 -5.83618 -0.489746 -2.84595 -7.72046 -4.09497 -1.94214 2.31299 
-13.3091 9.39331 -10.6936 -7.1582 -4.72656 -14.9541 -8.69995 -7.8335 0.261475 -7.21387 
-6.3606 -10.073 0.922852 -2.3728 -14.7205 -17.3054 -17.0435 -2.68628 -0.244141 -4.03735 
15.0193 -6.82544 -0.984131 -13.561 -26.6267 -4.51343 -2.85596 -7.59546 2.12891 -4.86206 
-5.79468 -7.0022 -2.40283 -12.4521 -14.4641 -5.4502 13.7112 -30.1865 1.82813 -16.9871 
8.44946 -11.2832 -1.52612 -8.57642 -5.50732 -4.10425 -1.74805 -10.1877 -4.63184 -7.83984 
-20.2981 -9.12476 -2.52051 -3.2998 -0.376465 -4.4541 -5.09082 -15.0574 5.69214 -4.39038 
-11.9941 -15.2214 -1.21948 -5.27075 -7.71655 3.50317 13.6936 -25.6233 -0.0622559 -14.7717 
0.258301 -3.1189 -2.82715 -4.30176 -19.0349 -7.25562 -6.41846 -4.53564 5.9043 -2.9895 
-15.9185 9.27856 -14.2117 -7.34277 -2.16138 -15.6531 -11.3064 -5.27637 0.730713 -1.25366 
-8.66943 -11.8655 -2.36011 -2.6394 -16.363 -1.18481 -2.83228 -16.5535 7.61304 -4.98047 
14.0654 -22.376 -3.56836 -7.92114 -31.8528 -3.72266 -13.6172 -8.42456 -11.1455 1.93994 
-14.1357 -10.3015 3.70801 7.31201 -34.6101 -11.8206 -23.5403 -4.3606 -4.59741 -9.81274 
-15.2722 -6.53296 -4.56104 10.5959 -29.2466 -10.9753 -30.5859 -21.5928 -1.41455 -6.93677 
-2.5874 -3.3894 3.87671 -2.06152 -28.0364 -26.6418 -19.408 1.63403 0.222168 -4.5105 
-10.6636 -9.16748 12.2239 0.63208 -14.6707 -17.6653 -8.78833 -16.145 0.48877 -24.3086 
-15.5962 -7.59595 -12.7188 5.0647 -18.6597 -4.13892 -22.699 -8.35303 -0.906738 2.89307 
-10.6846 -5.93091 -2.75757 -11.0205 -15.7158 -2.50415 10.082 -27.5508 5.69434 -23.0159 
-23.4226 -1.88672 20.2012 8.40405 -34.4709 -17.1489 -32.1821 -21.8872 -1.03809 -34.1177 
-8.42651 12.7278 4.1355 -6.99976 -5.57886 -25.231 -13.4067 -4.6167 -4.62866 -15.0005 
0.127197 -6.09961 -3.01709 -7.86328 -8.52539 -2.46802 4.24561 -17.3232 1.90527 -5.24316 
-12.937 9.30176 -13.4475 -5.5769 -4.86938 -17.1658 -11.355 -3.69873 -0.452148 -3.62231 
-6.91235 7.80396 -7.67969 -11.3552 -7.73608 -13.9731 -5.30249 -6.2605 -0.95166 -8.6145 
-12.6946 -9.31006 -7.6001 9.06665 -22.303 -7.87183 -23.7107 -4.08374 -6.62061 -5.28467 
-8.98022 -2.72559 -4.97192 -6.64624 -3.13159 -9.98022 -11.4722 4.03052 -10.2012 3.77148 
-9.66895 3.03052 -14.1643 -7.36987 -8.00073 -11.0996 -17.4294 -0.978516 0.156738 9.11426 
14.2925 -19.9585 -0.470459 -9.05664 -29.6453 -8.18604 -9.97974 -9.29541 -7.98755 -2.44434 
-1.71582 -2.86914 -0.502686 0.0551758 -14.4202 -4.04297 -6.16333 -14.5701 8.46387 -14.1343 
9.0293 -11.6882 -2.40552 -8.84229 -18.0378 -5.70142 -3.34985 -2.5481 -6.24512 -5.19897 
-26.4932 -23.3628 -22.2456 -6.04346 -28.5122 11.3228 -16.054 -17.1799 -5.8291 3.57739 
-20.207 -15.2209 -8.28076 -10.5212 13.0625 -20.238 -16.9819 -1.78369 -9.04834 -2.66602 
16.1216 -19.5525 -13.3433 -15.9341 -14.311 -2.46265 0.347656 -2.03516 -19.0417 -9.40674 
-5.18896 -8.54028 8.95947 -11.314 0.975586 -6.07617 -2.49463 -8.84912 -5.74878 -20.5085 
-6.28613 -7.95605 -0.399902 -2.24292 -18.4756 -7.38623 -5.02368 -8.27954 8.67236 -11.4443 
-17.7449 -0.406006 9.60034 -0.465088 -6.69824 -13.6526 -6.17383 -6.18433 1.81396 -25.1943 
-21.3618 1.5188 14.4353 -1.65576 -24.1377 -4.55884 -14.7908 -6.43091 -8.86157 -22.3506 
-14.6816 -16.1147 -14.6721 0.67334 -14.3699 -4.99072 -20.834 -15.2097 -1.75342 6.40063 
-7.69824 -7.84619 3.07764 -1.14014 -21.7832 -11.48 -13.3152 -4.1687 7.05542 -12.8252 
-19.6545 -17.563 -4.37915 -8.84717 7.8269 -20.739 -15.3667 -12.3977 -4.19531 -7.26978 
13.1316 -16.5212 2.08203 -10.3264 -25.6252 -10.3184 -12.6331 -4.38037 -15.8113 -8.34277 
-1.08936 -3.25195 -0.0537109 -7.14233 -0.25 -6.86255 -0.183838 -6.53979 -3.08228 -4.10596 
-17.9973 -5.18164 -1.70581 0.191406 -30.0427 6.31689 -10.5833 -33.3726 -8.92529 -4.33423 
-8.2312 -3.79492 4.0708 -1.79102 -20.0417 -8.73193 -9.77832 -18.1262 8.53271 -13.7656 
-14.0007 -14.4817 -4.57666 -3.22241 -21.7742 3.84375 -17.7808 -20.4915 -7.63867 1.61572 
-11.8601 8.00537 -15.5986 -3.45874 -5.84375 -2.31348 -5.83398 -7.34473 -1.82324 -3.68311 
-3.68237 2.66187 15.2515 -0.970459 -44.0125 -14.0957 -16.5586 -24.8655 -3.27588 -23.2461 
-10.8926 8.92456 -12.7441 -5.7605 -4.88403 -13.0867 -9.52734 -9.71826 0.460449 -5.42554 
-12.543 -3.95093 -9.63843 6.99658 -29.447 -0.177979 -21.7029 -13.4365 -7.51318 -1.55298 
-7.41675 8.77588 -11.176 -9.84448 -10.1489 -10.219 -4.4082 -9.11816 3.03198 -5.90381 
-9.77612 -4.37451 -2.26978 -3.00684 -12.9309 -15.4819 -13.4272 2.49658 -1.2688 -11.5696 
-8.21509 -0.911133 -4.8999 -10.0574 1.53638 -6.33472 -2.94653 -2.81494 -6.61353 2.73608 
-11.0388 -14.801 -7.8042 -6.88672 -7.11621 1.4834 -2.69141 -24.3987 -1.15063 -5.05884 
-13.7039 -0.348877 -4.27588 -3.55664 -16.9563 -13.9187 -21.5669 8.146 -5.65747 -0.72583 
-11.335 -11.0632 20.4021 5.28149 -31.729 -23.9714 -11.7825 -20.2654 2.56006 -41.8789 
7.02441 -15.2717 -1.2771 -7.20679 -26.3831 -4.6377 -15.7751 0.693604 -4.97583 -3.75732 
-2.89453 -9.57983 3.06958 1.08716 -34.2815 2.07007 -31.0378 -6.4624 -16.6631 -9.36719 
-4.39941 -7.01831 -0.243896 -0.323242 -14.5999 -2.03857 -5.56006 -10.3203 6.73657 -5.45044 
-1.47168 -9.7168 -1.45215 -3.99268 -23.6985 -6.51343 -14.3359 -7.86987 8.43774 -5.44629 
-4.86108 -3.70581 -8.19067 -11.6851 -10.7141 -7.58301 10.9075 -18.5667 1.03882 -13.6057 
-6.76392 -1.91748 7.92212 -1.79688 -6.58398 -6.2251 -5.05518 -20.0081 -5.81519 -14.4468 
-6.9165 -13.0652 -7.12354 -0.413574 -13.604 5.68677 -11.0098 -10.5017 -7.14209 -4.81763 
5.00366 -13.8611 -1.03613 -13.5029 5.99292 -2.2854 -3.08252 0.24585 -11.6475 -7.31714 
-13.3777 8.25879 -12.2063 -4.40601 -7.51904 -9.09717 -8.41748 -3.87183 0.581299 -6.78101 
-19.8384 -10.1309 -12.3572 -5.48804 -1.20679 -13.7163 -20.4773 -5.65112 -4.99194 11.3806 
0.979736 -3.53271 4.85181 -4.22241 -28.5659 -9.37817 -21.2185 -3.70117 -6.90015 0.79541 
-9.63013 10.6304 -0.0895996 -9.72656 -13.2869 -9.07178 -2.83252 -9.87793 -0.517822 -19.5591 
-14.4365 -9.45508 -7.64355 -4.81641 -32.4558 5.95483 -18.7878 -17.4612 -4.07715 -0.184814 
-10.605 -22.1619 0.81958 -5.91138 -18.5569 -5.34106 -6.56006 -7.89868 9.18384 -8.81787 
-11.1401 1.92334 -6.14893 -1.8291 -7.53564 -10.9309 -12.2539 2.45288 -0.364746 -3.7644 
14.2502 -14.0266 0.175781 -12.8589 -26.3623 -7.68237 -6.57813 -4.1731 -7.0293 -4.27026 
-10.075 -4.14648 13.6282 -0.266357 -27.3052 -11.28 -7.53662 -15.4409 -2.12061 -19.6111 
-26.9138 -3.47632 -2.94995 -4.52563 9.31616 -15.0405 -14.6892 -19.2808 4.39014 -2.11475 
-21.4246 -19.3081 -11.4443 -9.52783 8.19971 -11.6938 -5.91333 -9.73511 1.42554 -1.16187 
-12.6108 -12.2046 -0.492432 6.00928 -20.4207 -6.64526 -18.7317 -8.48193 -0.931885 -6.65991 
-6.80054 -15.6555 -1.4314 -14.2029 0.946533 -18.0525 11.2375 -5.91333 -9.62622 -14.4021 
-13.0527 -20.9124 -1.91235 -4.34131 -12.7229 -10.7285 -14.1965 -8.83154 7.55469 1.45923 
-1.61987 -12.9663 -3.63745 -4.52197 -25.2703 -7.63696 -11.9319 -11.9414 10.552 -5.11792 
0.159912 -11.3037 7.78711 -2.1394 -4.45557 -15.907 -3.59155 -19.6865 -1.41699 -9.79028 
-19.1165 -6.99243 -12.7122 -12.0769 7.25781 -16.9824 -10.7634 0.299072 -7.03003 4.79517 
15.8992 -18.9702 -3.72412 -10.8723 -29.3391 -5.10449 -5.396 -12.6248 -10.2671 -8.98706 
-18.9683 -11.978 -12.5613 -2.24683 0.812012 3.27954 -18.3555 -3.63843 -4.83545 1.59399 
8.69873 -10.2046 -3.91797 -4.79639 -11.2805 0.471924 -3.08887 -8.0144 -2.57837 -2.30054 
-1.72461 -8.56641 -0.743896 -10.9807 2.03979 -4.54175 0.337891 -5.76978 -4.40527 -7.31787 
-18.8679 -14.5862 -10.0833 -7.89941 10.0735 -7.48389 -9.19946 -10.1538 -1.31348 -1.50195 
-18.1348 -11.6248 5.77979 -3.47876 -10.731 -15.7092 -23.4751 11.9241 -11.4617 -12.8127 
-10.595 -27.9387 -9.29175 -7.28418 -13.6829 -9.09424 -19.9351 -3.10498 -7.32666 9.20264 
-15.4492 -8.23291 -0.61377 10.9502 -28.2573 -9.36914 -30.6206 -8.93774 -13.1262 -3.66431 
-9.67505 -20.2993 -9.70068 -8.96045 2.57422 -8.8645 -12.2344 -5.70508 -2.95874 -1.90308 
-8.76123 7.89111 -6.72729 -3.8562 -7.50049 -13.7869 -9.4314 -5.77173 2.28857 -11.272 
-1.49487 -9.12402 -1.62671 -5.75024 -19.9958 5.75757 -6.75317 -6.63184 -3.05908 -2.36694 
-6.87988 -9.37354 -2.41187 -8.06494 -11.6809 -14.6033 -13.3784 -9.67212 0.348145 4.16113 
-9.13843 -2.53906 5.53076 -0.787354 -8.54175 -8.0022 -7.76343 2.54419 -3.42285 -14.7378 
-12.1482 -10.8147 -0.00537109 10.8835 -24.6824 -11.1799 -28.7986 -9.46094 -7.09668 -4.29028 
-18.3042 -11.4746 -18.6233 -6.86011 -20.4241 7.32495 -7.27026 -10.5244 -5.73853 2.35449 
-13.085 1.05176 -0.908203 -4.00171 -8.87427 -7.12305 -6.44629 -12.7483 9.01196 -9.90112 
-7.12402 -6.04883 0.989014 -3.82471 -17.3274 -11.6597 -7.58008 -10.47 6.30054 -11.9856 
12.5383 -9.09985 -0.902344 -7.02954 -12.2214 -13.8237 -4.21875 -6.68774 -1.9314 -9.4458 
-8.44409 -5.4585 -10.7805 -6.30835 -11.6064 -0.237061 -7.51392 -4.74463 -0.504639 -1.10474 
-12.0564 -0.459717 -6.66309 5.96997 -20.1423 2.8833 -19.9622 -15.1917 -6.01807 -3.76074 
-12.2871 -10.6941 -5.56934 8.50122 -8.20264 -0.735107 -14.4048 -8.49658 -16.8445 -13.1506 
-4.27393 -10.0159 -2.91016 -12.2937 -13.2231 -1.19678 4.85229 -12.3398 1.16064 -4.81641 
-2.90698 -23.8303 0.29126 -14.167 -9.97192 -3.76245 14.0291 -31.5774 -0.356689 -24.6624 
15.1658 -19.0117 -3.05298 -15.6328 -21.9558 -9.13184 -6.29077 -2.35034 -7.08789 0.435059 
-10.3477 9.21313 -3.51587 -6.57568 -9.70654 -13.6116 -6.63745 -6.91528 3.47583 -16.0427 
-7.93384 -10.7185 -0.954346 -10.9297 -7.44824 0.480713 7.87744 -22.7937 0.19165 -14.585 
18.7485 -22.6321 -2.85889 -14.0125 -34.0852 -8.61426 -11.8071 -1.31567 -9.31763 -1.95923 
-13.5366 -9.00073 0.331543 7.08594 -8.59912 -9.6311 -15.9128 0.0705566 -7.22168 -10.6963 
-1.47754 -15.4138 -8.79272 -7.51758 -23.0107 -2.7832 -28.4927 1.91553 -19.9785 -5.57715 
-8.36768 -5.05664 -3.4292 -8.89233 9.49097 -18.5808 -8.41846 -2.44165 -16.4761 -3.22729 
-21.7136 -12.6624 -12.3994 -13.2649 8.42114 -8.12842 -9.12061 -10.8179 0.255371 -2.81836 
-16.7742 10.8938 -14.4851 -7.03516 -4.04199 -8.36377 -7.77222 -8.51318 0.969727 -3.44482 
2.05664 -17.4053 12.342 -1.59131 -32.3452 -18.416 -11.8464 -7.09424 2.65918 -15.0168 
-12.4448 -19.1853 -6.39307 -5.46851 -5.62646 -10.9294 -19.2666 -6.61206 -2.58618 8.18408 
-6.36035 8.59644 -0.408203 -12.7029 -16.3164 -10.5115 0.129639 -15.5669 2.26343 -18.5063 
-17.8335 -17.1506 -8.8689 -11.0952 10.1252 -14.7996 -15.0525 -3.41528 -4.11792 -3.64917 
-3.06348 -24.3164 -3.73145 -16.3264 2.38379 -5.60229 10.2188 -11.8005 -8.36792 -8.48242 
0.853027 -13.5703 -1.98413 -5.55151 -8.95972 -5.20972 -10.9058 -5.01709 -4.32959 3.93701 
-8.93823 -15.4631 -5.08301 -6.40479 -5.75269 -15.5876 -15.9702 -4.81421 -7.90918 4.77466 
-5.78491 -9.62964 -7.58643 5.74219 -25.814 -3.59448 -24.3909 -0.674561 -8.22852 -0.417969 
-14.9561 -15.3679 -9.90601 -6.35205 -0.618164 -12.218 -13.5674 -4.03662 -4.47241 2.50122 
-7.94922 -1.5564 -0.00708008 -2.94897 -11.6685 -12.0571 -5.53247 -15.636 6.32178 -9.56567 
-16.5684 -12.854 -8.14453 -8.52588 7.07471 -18.2861 -13.793 -5.45898 0.435791 -4.6123 
-8.31812 -5.64331 -1.85449 -14.4807 12.6238 -17.2834 -3.17651 -3.09961 -10.7651 -19.4319 
-16.8816 -5.98682 -2.06006 4.77271 -19.2805 -0.0605469 -18.8584 -17.8093 -8.12231 -1.82544 
-10.623 8.91919 -5.61841 -7.44678 -12.5732 -13.3884 -7.01563 -8.2583 1.7019 -14.2949 
-13.7261 -15.2002 -7.05273 8.41382 -29.1824 -6.52612 -19.3818 -8.24365 -0.491699 -5.14258 
-9.81226 10.6768 -5.95093 -7.04224 -10.9438 -17.3496 -14.7583 -2.30078 1.3501 -8.94067 
2.68408 -11.4158 -1.48657 -0.806641 -13.0425 -3.99976 -5.86157 -5.17822 -0.519531 -6.73096 
-3.48535 -0.364014 -1.08545 0.343506 -13.2009 -8.27393 -8.16113 -10.4807 5.90039 -5.42065 
-14.3481 -2.11963 -4.75146 -2.4585 -12.1428 -18.3696 -24.3289 10.5789 -14.5923 1.76318 
-18.0596 -16.1501 -10.6194 -6.57422 -6.47607 -9.12012 -17.3037 -5.8877 -6.52393 7.8938 
-13.3176 -12.7661 -9.11865 -11.1821 12.6882 -19.1357 -11.1414 0.875732 -9.5708 -9.23291 
0.874268 -4.25732 -1.2998 -7.62402 -19.1201 -12.0874 -8.83862 -9.24609 7.16528 -5.85376 
-12.2117 -6.42578 -1.94702 -4.22363 -13.1907 -9.28027 -1.42432 -31.2966 2.32544 -9.77441 
-4.88354 1.76343 3.87476 -3.48779 -8.33643 -20.3804 -9.62695 -0.319336 -1.15967 -8.94116 
-11.9548 -8.73804 -5.1272 -3.23462 -1.0708 -16.5093 -13.8147 -8.58667 -6.1333 5.99878 
-6.97119 -14.2058 -2.9585 -10.4211 -5.23096 -8.78174 -7.59326 -2.43848 -2.57178 -1.10229 
-13.4219 9.29004 -11.1489 -7.47046 -9.18799 -10.5476 -5.87524 -9.06177 2.53979 -10.6494 
-15.53 -9.97241 -12.0432 -8.94727 9.19116 -12.0791 -5.71265 -5.04541 3.27539 -5.68335 
-16.3462 -22.8281 -5.23804 1.79858 -27.3833 3.11426 -24.4221 -19.9001 -4.00928 1.55225 
-5.85913 -21.1282 -1.41846 -9.8623 -17.002 -1.58447 16.4709 -18.8481 -4.73315 -22.5054 
18.5952 -26.9939 -7.37524 -15.6467 -31.1272 -8.4646 -10.6567 -4.29199 -18.2043 0.555176 
-11.8557 -18.3997 -9.91943 -3.09448 -18.9614 2.05664 -14.9812 -13.1262 -7.75635 4.49194 
-15.2153 3.18457 18.9587 -0.454834 -28.6155 -12.1033 -10.679 -12.7329 -2.63184 -33.7554 
-10.9473 2.59082 15.2144 0.168457 -23.936 -16.0835 -13.7998 -11.5779 -0.994141 -19.8975 
-5.2356 -13.3979 10.1128 -4.81372 -19.0178 -5.41162 6.07813 -36.5212 0.49292 -32.7529 
-11.8506 8.125 -13.939 -5.96094 -2.82593 -8.25244 -7.11182 -5.95386 -0.93457 -2.16113 
-12.4956 -14.0493 -2.92627 3.65088 -22.5098 5.65283 -22.7253 -16.8425 -11.7888 3.25317 
-11.7266 -9.39868 -6.41406 -6.65674 -30.9233 7.35718 -4.63721 -15.4292 -2.3252 -13.6255 
-19.531 -8.22485 18.7422 7.26709 -38.748 -11.9075 -27.3679 -19.1399 -3.7439 -25.5083 
-9.73877 -9.75439 -5.64111 -8.39941 7.70996 -15.2788 -8.25903 -0.0744629 -5.27148 -7.90845 
-16.6614 -14.2856 -7.19189 -7.48145 -1.46313 -10.9524 -12.9583 -6.63257 -1.68481 8.46191 
-2.25269 -0.353027 -6.81763 -12.7742 -10.5117 -4.22803 9.62061 -20.6887 2.6792 -7.67261 
-13.583 -17.4597 16.8357 -10.2207 -15.0828 -0.325928 -11.4519 -3.78052 -7.86743 -26.8833 
-17.1179 -4.59204 -7.5791 -2.54712 -14.3389 -12.6045 -25.228 9.06274 -6.29028 -3.31006 
-8.12036 -9.32837 -4.43188 -13.5847 -4.71973 -12.0486 -13.7778 8.30518 -21.0044 -4.26538 
-5.00513 -9.54956 18.3589 4.00781 -24.4104 -22.5042 -12.9351 -27.2268 -4.46021 -31.01 
-6.72827 1.35889 12.6003 1.79883 -22.2036 -18.3425 -13.1221 -12.4966 1.8772 -27.5769 
-11.4182 8.78174 -13.2517 -5.02783 -7.85522 -12.3738 -11.0098 -8.50879 0.201172 -5.73608 
-5.66455 8.4585 -7.67114 -8.75342 -12.8945 -12.9246 -4.04565 -12.3728 2.92456 -13.1934 
3.18115 -21.906 17.4568 7.11426 -33.8521 -17.4363 -10.7317 -3.93262 2.04663 -25.8274 
-5.26367 -4.92065 -0.969727 -1.36523 -20.3362 -7.94556 -14.7107 -6.25537 7.46997 -3.88232 
-18.9434 -2.55273 -0.268555 5.79712 -10.4138 -5.0957 -25.1252 -8.18188 1.35181 -2.20996 
-10.0771 -1.78857 -7.57031 -11.1682 0.614502 -6.43237 -14.3164 5.41724 -8.70972 -2.95264 
-5.23657 -1.88232 6.41943 -3.23901 -17.4238 -7.87402 -7.01538 -6.63354 4.10669 -16.2373 
0.1604 -4.83105 -4.86621 -8.4021 5.22192 -9.14478 -3.41431 -1.28784 -8.84277 -2.76685 
-10.1279 7.87769 -9.12793 -2.15576 -9.02783 -13.4753 -10.8242 -10.074 3.04272 -9.29199 
-10.5603 -8.02173 -6.11597 -0.390869 -20.3052 -17.2908 -24.8831 11.3936 -8.16919 -7.01831 
-13.9319 9.17627 -16.1926 -3.91211 -3.82397 -5.66943 -7.69189 -8.21118 -1.23096 -3.08838 
-11.6458 -3.96948 -6.04346 -0.156738 -16.3206 -17.9729 -21.144 9.3855 -3.55127 -5.43506 
-9.63208 -14.8394 2.66333 -12.9651 -4.42285 -2.25977 10.7607 -19.9255 -7.33594 -17.0684 
-12.1189 -7.94092 4.7627 -6.75415 -5.60132 -14.2617 -16.2195 8.25317 -7.69824 -7.99438 
-4.2373 -7.61182 2.6814 0.612793 -18.6453 -4.75464 -5.71533 -7.66553 6.29443 -10.4285 
-16.198 2.69141 14.6909 -1.2312 -16.0081 -6.83765 -14.7605 -3.479 -8.4873 -20.4243 
-15.7161 -0.0917969 -5.22168 -6.4917 -3.80664 -14.4771 -16.4355 8.3042 -7.2356 -6.93652 
-15.9487 -13.0828 0.542236 10.6799 -30.9998 -12.2776 -30.6819 -12.7678 -2.52344 -8.98804 
-9.9519 6.04907 -10.7556 -2.94385 -6.94092 -5.30615 -7.31445 -5.69312 -0.423828 -5.99731 
-11.7446 -8.55347 -0.241943 -3.75513 -17.4509 -13.8564 -23.7859 13.7119 -13.1692 -10.0813 
-6.92139 -14.6387 -8.73975 -12.2893 -30.4729 2.67554 -4.40576 -14.2446 2.77515 -4.26563 
-3.96069 -20.8325 3.56812 -3.25757 -30.9363 -9.75806 -12.5747 -11.8022 10.0427 -12.2551 
-7.10059 -0.471436 15.3782 -4.1355 -25.9397 -16.3989 -6.37378 -10.96 2.17505 -29.0071 
-14.5127 -7.12183 -2.35815 -11.8474 -6.9707 -3.05933 13.5728 -20.7007 -3.3479 -14.8457 
-7.27515 -12.6216 10.6665 2.89038 -12.5835 -9.67773 -6.25122 -14.9541 -2.34277 -17.043 
-5.43042 0.750488 14.8193 -2.95947 -41.1384 -16.96 -17.1355 -13.0125 -2.35254 -22.5315 
-16.9465 -19.6887 -20.3838 -5.01294 -33.3762 9.58325 -11.0425 -15.1548 -3.82617 0.562744 
-5.81348 -21.4807 -2.7832 -8.19922 -22.3752 4.75415 11.2349 -36.0742 5.16064 -8.59229 
-5.61792 -12.6372 -1.42212 -11.1885 -19.1143 2.17993 0.736328 -22.6885 0.256104 -11.5779 
18.9292 -15.3726 -1.80249 -14.3806 -32.2437 -2.35913 -16.3679 -2.61987 -25.1387 -5.55884 
-0.0195313 -7.85132 -0.915283 -4.77441 -3.4585 -5.59009 -7.87402 -2.22095 -8.14282 4.75195 
-6.49976 -11.3281 20.3518 3.34106 -61.6003 -26.4714 -20.8826 -24.0679 9.75391 -30.8604 
-8.65405 -7.66455 -6.79321 -11.9612 10.8992 -29.5005 -11.4646 -0.592773 -15.1414 -5.37012 
-9.59644 -5.17847 4.18726 5.58887 -23.8691 -7.42041 -20.2087 -13.3435 -3.15698 -15.7617 
-10.0938 -5.42456 -1.26172 6.13721 -22.4119 -5.33398 -17.9897 0.522217 -1.42358 -6.74829 
-11.303 -13.7292 0.029541 -5.26758 -6.01929 -12.7534 -17.1995 -5.09497 2.61133 7.28613 
-21.4238 -10.2087 -4.67285 4.09351 -21.9348 -20.3506 -27.7214 6.80151 -5.08203 -11.1843 
-12.248 -10.9917 -1.64307 -16.3381 1.78418 -9.4187 14.0261 -15.7588 -5.98462 -17.2063 
3.28149 -16.2961 -7.70605 -12.6956 -17.832 -7.4209 7.8916 -18.082 -7.14136 -6.09424 
-11.5767 -5.34277 -5.4231 -2.34448 -14.5105 -7.71313 -4.3689 -13.594 9.79272 -9.27002 
13.7917 -21.1855 -11.073 -17.2637 -21.2427 -8.55176 -10.0786 1.86816 -25.1599 -3.88477 
-32.4497 -13.8745 -10.9207 -3.9458 8.99097 -9.67749 -27.1096 -6.85815 2.15552 -5.08984 
-7.60791 6.28076 -8.75049 -4.58032 -2.16846 -8.79541 -7.71582 -4.31323 -1.03174 -4.68262 
-21.844 -7.83252 0.755371 1.01514 -17.4841 -3.36426 -17.9109 -8.5293 -7.22559 -15.1382 
-2.64404 -9.07227 0.706787 -0.743408 -12.7776 -8.05835 -8.6355 -6.21411 4.61646 -4.25366 
-2.36646 -13.9419 9.93628 3.5061 -31.1035 -15.2805 -9.7605 -11.6587 6.97437 -6.72705 
-16.0454 -7.02979 -12.9321 -8.38672 -2.93481 -12.6309 -17.3828 -3.18237 -2.83618 9.81152 
-9.7749 7.33276 -11.6902 -6.45288 -2.77881 -4.14258 -8.55176 -5.91675 -5.20947 -3.0061 
-1.14136 -9.21045 1.14063 -3.25854 -19.5393 -5.15112 -11.7063 -11.5813 6.61304 -9.00317 
10.0911 -16.677 -1.6228 -7.74585 -25.2925 -0.927246 -11.0852 -3.32251 -7.53955 -9.23828 
-6.21533 -12.2341 -5.43164 -14.4551 -6.91309 -4.89185 12.0107 -24.9988 -0.326416 -13.8328 
-10.48 -8.07275 -4.48071 -10.7415 -11.6509 -7.86353 -17.3572 7.96265 -15.3262 -3.18066 
-10.428 -3.87305 11.5776 -1.20825 -9.34961 -18.863 -9.09717 1.17261 0.64917 -23.9976 
-9.44214 5.9978 -3.37329 -8.9458 -10.5525 -11.4338 -3.70044 -11.5613 0.442139 -17.6055 
10.155 -5.28564 -0.799072 -9.6272 -13.9404 -8.17017 -5.24097 -6.76563 2.35156 -4.55298 
-10.512 -15.2754 -10.8684 -10.5879 -22.8325 9.10767 0.0478516 -21.9551 -2.04858 -8.57715 
-10.5828 -8.39941 -9.67529 -3.4939 -34.7205 7.21289 -18.3184 -12.738 -0.0275879 -8.59595 
-13.01 -12.2043 19.1123 2.82227 -37.3022 -17.3013 -8.4209 -14.7908 2.88281 -35.9414 
14.4031 -23.532 1.15186 -10.3652 -9.95581 1.82202 -2.97095 -7.91919 -8.35205 -4.36084 
-8.89673 -1.30981 8.27124 -0.259766 -18.1809 -16.123 -11.8091 -4.53931 3.36719 -10.7317 
-10.5464 -3.1709 13.1038 0.769043 -9.5249 -9.10938 -5.24878 -12.136 -4.85693 -30.3613 
11.0562 -11.0735 -2.66113 -7.33887 -26.6294 -2.68066 -10.0811 -4.36548 3.94482 -1.88062 
-8.65869 5.38428 11.9353 -0.414551 -22.1697 -10.6462 -13.3655 -9.44824 -2.07837 -21.0078 
-5.89941 -1.03955 -0.235352 -4.40747 -0.848877 -10.563 -8.56006 -6.06274 -4.62964 -1.5896 
-4.49341 -12.4185 -4.39404 -3.63013 -4.68774 -4.10913 -10.8708 1.39941 -2.64111 1.72266 
-1.68066 -5.18921 0.123779 -6.89014 -14.8433 -3.1665 1.77539 -12.8071 5.82788 -10.3962 
14.4417 -10.5588 -0.783447 -14.1509 -25.6782 -5.26929 -6.50562 -7.83179 -1.43701 -4.73633 
-12.155 -24.1565 -7.97485 -7.17017 -6.83765 -9.88086 -20.939 -3.55078 -2.69873 7.43286 
-13.0657 -17.1199 -3.87036 -3.34058 -7.90845 -20.9717 -15.7891 -10.9778 -9.19824 8.0979 
-27.2527 -33.821 -8.93237 -11.2639 9.60156 -11.8066 -23.9419 -4.21069 -1.22363 2.67188 
-7.50317 -8.65552 -3.15063 -3.5127 -9.62939 2.66235 12.2368 -19.49 -1.25146 -17.9675 
-12.6362 -13.9517 -7.9707 -1.06543 -16.2791 6.17896 -6.99731 -6.11035 0.262451 -3.45313 
-2.35938 -15.9795 -6.22925 -16.1479 3.35156 -10.6162 -7.65259 -1.25293 -9.85474 -0.986816 
-13.7671 -21.3672 -17.4641 -2.53662 -13.8503 -11.2085 -19.6638 -0.415527 -6.16333 11.2651 
-12.7668 7.59521 -11.9641 -8.19482 -10.6194 -11.4893 -7.21313 -4.87549 2.64795 -7.79639 
-5.54028 -14.5076 -7.53369 -7.49292 -6.38965 -1.92651 -5.45703 -11.9399 4.61963 -8.64429 
-17.0518 -11.3806 -10.8806 12.0149 -29.1711 -8.87988 -30.7683 -9.40967 -6.68237 -3.92407 
-8.77417 -16.2139 -2.76978 -12.6885 5.59106 -16.7224 -10.2988 -4.83276 -9.23389 3.32837 
-18.9504 -14.5508 -6.37988 -4.67285 -3.1167 -6.93652 -21.8496 -10.6858 2.94531 9.15918 
-4.36792 -5.75928 -2.72534 -7.55176 -0.813721 -9.39917 -8.47021 -4.1853 -6.91797 4.36768 
-17.3789 9.79077 -14.0217 -3.55029 -4.88916 -7.53882 -6.92041 -10.603 2.46362 -8.27612 
-11.124 -9.18042 13.2036 3.40161 -28.957 -17.8286 -24.217 -1.646 -1.00195 -22.8569 
-6.95044 -2.77417 17.6472 -0.995605 -56.5659 -15.1311 -17.4314 -18.1021 2.43555 -29.5828 
-9.30078 1.90918 -6.04883 -2.14429 -11.5093 -6.54614 -13.3792 -8.05444 5.48633 -0.884033 
-10.5916 7.42529 -11.9556 -6.27393 -7.3623 -9.77026 -7.66724 -8.65625 -0.513184 -3.05835 
-13.5049 -18.3564 -4.3335 -10.3313 -1.58716 -5.63135 -20.1416 -5.50317 -1.98218 6.46265 
1.4082 -1.82544 -6.96729 -18.1885 -22.1294 -0.365723 8.96802 -26.5493 3.729 -10.3843 
-12.7251 -10.5403 -6.10596 -5.45264 7.41455 -8.12378 -9.97998 -4.68359 0.58252 -1.45044 
5.32813 -16.9014 -7.06104 -15.4509 -9.61523 -3.43213 -0.374512 -6.56128 -13.4602 -0.827637 
-12.283 2.12329 -12.6619 -6.10449 -2.67065 -10.27 -11.4861 -8.22876 -2.64453 9.31006 
-4.16772 -4.99951 -3.56958 -4.80347 0.768799 -7.37476 -3.36353 -5.70898 -2.16333 -2.91089 
-3.70654 -11.0039 4.30811 -4.19629 -16.2039 -10.4573 -9.38965 -6.76636 4.8418 -2.55249 
-10.6951 -11.4216 -2.8374 7.42236 -23.2441 -10.0403 -20.2993 -14.543 -2.39185 -8.52441 
-9.125 -3.49219 -0.00732422 -3.35913 -17.1924 -10.4749 -9.41675 -15.9785 9.82642 -9.48047 
-7.06787 -16.2334 -9.21289 -13.3157 1.31152 -15.0203 5.01196 -0.0878906 -11.0049 -12.2864 
13.9319 -19.5872 -4.41333 -15.4937 -19.939 -10.5222 -5.38232 0.794678 -13.3777 -3.50146 
-4.49805 -6.07471 17.8435 -1.45386 -49.5981 -16.6616 -15.1123 -24.9563 4.9165 -25.6655 
-10.8687 -11.7043 -9.05273 -12.2227 -9.92261 4.60205 4.91431 -14.4097 1.17285 -2.26563 
-9.64575 8.93896 -7.46265 -5.10474 -4.56177 -17.1099 -10.7676 -2.42358 1.92871 -8.72729 
-12.2229 -19.5835 -10.6709 -6.65161 -2.25464 -7.54224 -22.5574 -2.70386 -5.85425 10.1377 
0.645508 -17.4277 -4.32031 -12.7708 -8.30151 -5.20337 10.6238 -1.41504 -9.80566 -9.63159 
-2.67114 -11.9453 14.4814 -4.25488 -24.4094 -15.6743 -2.77881 -25.0969 4.95361 -31.0779 
-24.2068 -11.1746 -12.1807 -6.16187 0.254883 -14.6582 -17.7161 -4.91553 -8.52979 11.0945 
-13.8633 -6.54883 -2.9812 -6.70142 6.7561 -5.31006 -15.8081 -3.76563 -3.4231 4.07056 
13.6392 -8.00757 -2.80518 -14.3149 -20.1575 -3.20483 -0.675293 -7.34326 3.31519 -10.3418 
-14.6497 -8.10425 -12.4316 -5.21509 -0.019043 -7.62842 -15.5791 -5.12793 -3.02466 8.23999 
-5.76978 -19.8098 0.87793 -16.9341 -0.207275 -9.24121 12.9529 -12.4414 -6.22827 -20.3152 
20.9187 -26.9338 -11.7463 -14.5527 -31.7964 -1.70435 -11.1274 -2.78296 -21.4368 -4.04126 
-0.779785 -11.5742 -5.85132 -15.2957 -23.6387 -4.26978 4.59302 -16.4341 -5.86865 -3.43506 
-17.469 -0.411621 14.0952 4.09644 -17.8008 -12.5691 -16.9685 -3.94653 -2.69775 -23.0222 
-16.2742 -13.1096 -6.19653 -2.38574 -27.2302 6.25684 -14.9211 -14.6829 -4.40356 -6.59595 
-9.27002 -13.3091 -5.17871 -17.342 9.9895 -6.86816 -13.4915 -4.2356 -8.89551 -4.87085 
1.58521 -19.012 9.58569 -3.49219 -17.6851 -14.4719 -12.6953 -6.9209 -1.72217 -6.51709 
-5.41675 -17.5842 0.288818 4.40332 -43.0989 -10.0247 -42.7439 -2.81104 -19.0393 -8.98901 
-4.15967 -6.08594 0.138184 0.171387 -15.6467 -5.70557 -12.1826 -4.98779 5.02344 -6.80444 
-9.69092 -4.85889 -2.58228 -8.36304 2.7876 -6.87793 -4.948 0.421387 -8.22778 -7.52295 
-9.81104 -11.8738 2.38501 4.11572 -36.4395 4.70581 -32.2075 -6.78833 -10.5623 -9.06079 
-7.63452 -16.313 -8.45044 -2.63379 -18.3743 3.19092 -10.6292 -6.7771 -2.06104 1.57056 
9.33423 -16.509 -1.69116 -9.4043 -8.13696 -6.91357 -2.23608 -6.14233 -9.08521 -2.56006 
-6.00073 -5.07739 6.25928 7.53564 -19.1589 -0.675537 -12.092 -13.3674 -9.74854 -18.396 
-18.4531 -9.10181 -13.3413 -1.55542 -22.709 -3.18652 -15.373 -15.0388 14.5862 -6.55957 
-12.9031 -12.7551 -11.0918 -10.1587 -28.9104 7.39795 -11.9807 -17.781 -3.771 2.18237 
-7.86133 0.0849609 2.14453 6.48608 -23.1082 -3.6521 -22.0381 -6.89868 -6.25146 -4.33252 
-16.6914 -14.9072 -21.9761 -11.2332 -33.6853 12.0149 -5.10181 -8.33008 1.03271 -10.1953 
-6.29883 -0.581787 -2.89258 -3.79712 -17.4556 -13.4287 -9.52539 -12.6013 9.24756 -9.06738 
-0.776367 -4.51392 -0.951416 -6.28882 -8.41333 -2.40674 9.80566 -16.7151 -0.885986 -16.7112 
-8.11426 -9.74683 -4.99219 2.72559 -27.9565 7.9082 -13.0176 -18.9478 -0.967773 -5.42163 
-13.9021 -5.79248 1.5564 -3.83228 -11.0745 -13.0046 -11.2229 5.63965 -3.4624 -9.54932 
-3.56372 -0.401123 -2.75391 -12.9534 -15.4326 -9.51489 11.1062 -21.5432 2.22363 -18.4211 
-16.2146 -14.0056 0.361084 13.5081 -40.2744 -11.8247 -41.8264 -12.5259 -6.70313 -4.73657 
-16.2195 -13.2524 -2.45117 12.4551 -25.1702 -4.20142 -30.7625 -10.6128 -9.75366 -5.78906 
-9.73975 -14.2156 -5.5127 -6.24609 -2.33545 -7.07227 -13.3564 -7.53638 -5.87598 6.38867 
-4.15332 -14.9414 1.15747 -11.8027 -10.2263 -0.689697 6.69092 -18.5984 -2.1709 -12.9209 
-17.7039 8.55518 -12.771 -5.49927 -3.53271 -5.7854 -8.01025 -7.60205 2.31934 -7.8584 
-11.7227 8.37305 -9.08984 -4.12769 -8.47729 -10.5454 -8.60986 -8.03101 2.49536 -11.2927 
-8.67505 -12.3826 15.9614 -1.26782 -28.4844 -10.9709 -13.2432 2.01343 -2.89917 -29.8672 
-9.9292 -11.499 -4.97949 -4.85303 -7.38599 -15.4756 -14.7058 -6.35547 -0.476563 5.92212 
17.3999 -16.5476 -5.93481 -12.7417 -36.8279 -3.53174 -9.53296 -10.4341 -21.3887 -3.88965 
-0.526855 -15.4307 -4.14282 -15.7488 5.94336 -17.9678 -7.10645 0.227295 -8.58789 -1.60474 
-10.3071 -10.5286 2.00708 10.3708 -37.5745 -8.74146 -29.4382 -7.83203 -8.92017 -7.08472 
-11.7649 -9.27563 0.241943 4.20361 -27.2756 -8.11377 -20.3655 -13.9297 4.16406 -8.41284 
-10.011 -21.8093 -0.0224609 -18.8962 1.05176 -8.29614 14.8394 -22.6152 -0.956787 -17.6958 
-16.3997 -23.27 -9.7124 -4.58179 -2.25366 -2.94189 -21.8054 -6.10474 -1.50928 8.41016 
-24.2117 -17.2317 -23.4888 -5.40454 -25.7681 12.2754 -12.2209 -8.07617 -6.64868 -3.52612 
2.93481 -9.94214 0.35498 -10.0649 -10.7317 -7.6604 -9.67651 2.37866 -6.66382 -2.96777 
-9.54028 -3.28979 4.13501 8.36914 -23.7847 -7.17871 -13.9968 -15.1379 -4.03735 -15.4265 
-9.01758 -8.40479 -2.36768 -7.16333 -8.78906 -8.47607 -18.8955 3.16016 -3.50513 3.21924 
-18.2854 -9.6145 -0.410645 -4.29199 -23.3086 -20.9768 -26.6729 14.127 -11.626 -8.84155 
-16.3032 -5.17847 -6.67627 -0.49585 -17.7529 -15.9492 -17.6013 7.14941 -2.84766 -4.17505 
-10.6218 -10.2344 0.748779 -1.41675 -15.7146 -3.59326 -11.0432 -9.51709 6.64551 -13.5813 
-10.6492 0.918701 -2.71655 -0.12915 -7.11182 -12.094 -12.0051 -4.96655 0.326904 -3.55762 
-3.56299 -13.4355 -1.08252 -5.94409 -6.375 -9.98999 -6.46851 -11.905 -3.77686 4.16431 
-9.26147 -2.21436 -6.04712 -2.39844 -16.553 -2.20801 -5.71997 -17.196 7.69287 -7.77222 
-8.32617 -4.84106 1.45068 6.4375 -18.4436 -6.29346 -24.5369 -9.17529 -4.71533 -3.19141 
11.9075 -19.5488 -2.65796 -11.918 -25.2068 -7.04346 -9.37134 -2.50903 -10.3508 0.438965 
-7.48486 -0.997559 -2.57983 -1.32861 -17.166 -14.1765 -18.1262 3.9939 -4.38354 -1.29443 
-9.17358 -5.86426 16.0798 5.62695 -25.5647 -21.4434 -12.7625 -16.5322 8.03003 -24.0527 
-6.61768 0.253174 -1.82739 -2.44556 -14.7322 -19.7058 -18.0557 7.20532 -5.67383 -2.03076 
-15.5671 -15.3943 -12.2935 -9.07104 -5.60156 -14.5813 -13.3521 -5.14282 1.42383 7.98877 
-13.9871 -4.99658 -1.80664 -8.87378 3.6272 -18.5117 -9.94653 -5.68433 -0.821777 -2.71631 
-12.8816 -19.2795 -14.5664 -5.87964 -16.2874 4.45654 -12.5625 -11.6714 -10.1262 3.45288 
-19.7375 -14.929 -8.22803 -6.94775 8.00366 -22.417 -15.0828 -7.30103 -0.781738 -0.940186 
-10.1624 -9.1604 -4.24927 -1.78467 -8.59497 -9.81567 -22.7817 -3.54175 -5.73267 8.20825 
-8.84277 -3.14087 0.410889 5.83154 -19.127 -4.33496 -22.3347 -7.2395 -3.33447 -1.76196 
-2.63184 -6.81177 12.9724 -0.846191 -46.1711 -18.8357 -19.8081 -7.16602 1.11426 -17.8098 
-10.2617 9.04224 -11.1841 -7.09033 -8.49487 -15.9216 -7.12842 -2.71533 2.51392 -7.67603 
-9.31226 -7.5415 -5.11377 -6.19995 6.52783 -20.7114 -11.3972 -0.871826 -10.542 -0.84668 
14.9175 -21.4019 -8.34375 -17.541 -15.9973 -9.25635 -4.06689 0.233154 -17.8857 -0.92749 
-11.3101 -2.11011 13.6345 0.863037 -26.6089 -17.1438 -14.5474 -12.8452 6.16748 -17.2166 
-9.58154 -3.70093 -5.04224 8.47754 -18.5081 -4.00854 -25.3501 -13.3359 -8.51587 0.625 
-18.2964 -18.7039 0.250732 -3.4729 -18.5891 -5.54932 -18.3921 5.15991 0.340576 -19.0962 
-15.0366 -16.5981 -6.91968 -1.1543 -27.4333 8.32813 -14.4226 -20.1084 -4.40405 3.31323 
-4.66211 -0.276367 0.555908 -7.55298 -7.64063 -6.68872 -9.36328 0.00756836 -3.26196 3.87158 
-9.02417 -5.45215 0.974609 -4.51001 -16.834 -4.10034 -2.37402 -12.4133 8.11133 -10.4226 
-3.57227 -5.49561 -7.86133 -1.16211 -20.542 -7.25 -12.7131 -8.98999 7.96729 -4.08057 
-6.89697 -19.2322 2.70068 1.27856 -28.1245 3.43872 -25.2056 -6.68579 -1.83008 -4.86841 
13.021 -14.498 2.92773 -9.44019 -27.2312 -0.532959 -12.0386 -9.61182 -3.23535 -6.60156 
-17.1985 4.6084 -1.18945 -1.92188 -7.73071 -2.54858 -2.7876 -16.8445 -1.9187 -17.5413 
-13.1511 9.12402 -11.5698 -6.90845 -11.5193 -8.3811 -3.62695 -12.2412 2.87769 -12.6689 
-2.27271 -24.9788 -7.05835 -14.7029 8.86719 -10.2288 -3.22803 -7.05933 -5.48218 -13.7722 
-9.57251 -1.8606 -4.40088 -4.62231 -17.949 -11.2461 -14.1489 3.44751 3.96191 -4.46143 
-12.7698 -3.46802 -3.5293 6.18433 -26.4194 2.25488 -26.3748 -15.8008 -9.85059 2.42993 
-18.5859 -8.81543 -8.98315 -6.01709 -8.86938 -17.0139 -18.3186 -4.08423 0.820068 8.39038 
6.64941 -14.2051 -0.454102 -8.20605 -12.7698 -6.45361 -4.59473 -3.27368 -11.9563 -5.13232 
13.5376 -13.7478 3.03076 -4.3418 -11.4934 -7.99707 -0.727051 -8.50269 -1.97168 -16.2739 
16.9419 -21.2222 -2.35205 -18.7275 -25.7461 -5.66382 -9.58447 -4.49658 -9.65552 -7.17969 
-1.51465 -21.342 -0.0668945 -8.90088 -14.823 -3.23657 9.60303 -23.8711 1.2666 -15.8962 
-1.82422 -2.74805 -4.65259 -15.2913 -11.6436 -2.08911 11.0439 -21.8992 -0.229248 -20.5588 
-10.21 -2.9397 11.1746 1.32837 -11.1121 -15.219 -9.00928 -9.92603 1.26245 -18.4304 
-14.5112 -5.25708 -5.7373 10.2471 -20.4016 -5.15625 -22.9863 -18.6511 -9.98022 -6.65869 
-12.8293 -13.7051 -6.31812 -2.47656 -15.5066 -9.00781 -22.8779 11.7417 -20.0457 -6.40332 
-4.66772 -3.83667 -3.59814 -4.54492 -13.158 -5.82788 -7.35229 -15.8442 7.14526 -8.87524 
-18.5269 -20.7749 -10.3867 -10.438 9.1665 -21.7488 -15.7822 -0.419434 -5.72021 -6.8606 
-12.2544 -13.3965 -4.84058 0.377197 -20.1038 -20.4175 -18.0632 8.40527 -4.72681 -4.83301 
-15.9668 -4.34106 -0.706299 -2.80493 -9.90356 -19.0364 -23.9241 13.1697 -13.6772 -15.2 
-9.42065 -15.7373 -7.51025 -3.50073 -4.04932 -3.01294 -21.0146 -5.87769 -2.27783 7.19385 
-9.01758 -4.0061 13.4385 0.458252 -33.2615 -17.8726 -9.4353 -17.5417 4.79736 -27.6157 
-20.6038 -12.116 -16.313 -9.55322 9.50732 -13.2136 -10.1951 -9.51733 -1.05908 1.52051 
-15.8225 7.06934 -12.0247 -4.74683 -4.32861 -8.46924 -11.5959 -3.35449 1.5957 -3.94507 
0.673828 -15.0376 3.5564 -9.13257 -5.75464 -8.0293 9.24609 -11.1326 -2.5481 -24.5479 
-19.7642 -15.8398 -25.2009 -9.33105 -24.6421 11.1978 -12.3689 -6.19189 0.61499 -6.14063 
-7.52661 -8.64575 8.54712 0.233643 -22.9087 -9.20361 -10.6416 -12.3872 5.99951 -11.5479 
-13.7131 -8.53735 -5.05298 -8.52344 8.02271 -15.9165 -10.1626 -7.17749 -12.9226 2.84473 
-10.1245 -5.96802 -3.01416 3.65771 -18.0017 -1.91211 -18.8752 -18.8789 -1.83569 1.07593 
-13.4363 0.390137 -9.8667 -6.11914 -3.16797 -11.2813 -14.8572 -2.36377 1.71265 4.95996 
-9.67944 10.2615 -4.16577 -8.13818 -11.3364 -14.2996 -5.21069 -6.15063 1.62817 -15.5603 
-3.61963 -18.3433 -1.15015 -3.94849 -29.1563 -14.2083 -12.7974 -11.644 10.5583 -4.01978 
-4.96216 -9.06812 -7.08325 -7.5979 5.83301 -10.1797 -6.35083 -8.07446 -10.3286 -4.35132 
11.7607 -20.0645 -3.0022 -11.3237 -24.6741 -1.46655 -6.46558 -11.8618 -0.831787 -2.93115 
-5.47974 -7.27612 -4.62085 -0.0170898 -12.2336 -3.74292 -20.7346 -4.0874 -5.21826 4.2168 
2.33936 -1.99536 1.35083 -12.8083 -23.1152 -15.874 -5.38354 -23.553 10.1062 -9.29224 
-2.37305 -4.44946 -3.01147 -9.24438 8.70313 -16.1389 -7.21362 -6.20166 -13.061 -6.14233 
-0.376465 -22.4736 1.39795 -7.07983 -19.5427 -5.30884 -10.5457 -16.0464 5.7854 -7.70605 
-19.3906 -10.4844 -8.65552 -3.97974 -20.1091 -14.8586 -31.3896 10.0164 -4.58716 -2.88159 
-14.6973 -3.06982 -7.05908 -2.979 -11.9077 -16.6538 -23.6235 9.93506 -14.6169 -4.65918 
12.6255 -20.656 -2.39697 -21.6973 -15.0515 -11.615 -2.82861 -3.82495 -8.47241 -3.33496 
-6.98462 -2.73486 -3.88379 -4.25659 -10.2522 -6.2876 -18.4358 4.80664 -9.79907 2.98706 
-14.5605 -18.4844 -1.02319 -3.14136 -22.8411 -5.04443 -14.0591 -8.95972 9.24023 -6.54004 
-1.55762 -11.0415 -4.06128 -4.67139 -29.416 -3.16504 -9.78369 -11.5657 5.95288 -4.41187 
-4.51709 -16.426 0.840088 -11.1963 -0.083252 -5.75195 7.271 1.77051 -12.5127 -16.2654 
8.09814 -16.7241 -0.410156 -6.56299 -3.7937 -3.0979 -1.39282 -10.0508 -7.12695 -7.42432 
-18.137 -8.41455 -9.65112 -9.99292 6.70337 -6.91699 -14.1191 -2.64893 -0.860596 5.53564 
-5.83643 -6.18555 -8.31616 -2.646 -21.5725 -10.1675 -12.6836 -8.51831 8.22339 -3.77051 
-4.98022 -11.0313 3.84912 -6.09717 -15.238 -9.87549 -3.37598 -18.6663 5.86841 -5.55078 
-15.0256 -12.4121 18.7651 13.6594 -42.8228 -16.8704 -35.9893 -18.405 -3.45068 -35.7932 
-7.64355 -10.5256 -0.248291 -7.18921 4.42798 -13.1438 -14.1423 -8.72583 -11.072 -0.18457 
-5.70947 -3.76196 0.0490723 -5.42749 -20.354 -14.1619 -20.2085 7.00098 -10.9258 -5.20752 
-10.3718 -24.2041 -0.805664 -19.0378 -1.24438 -9.86084 18.5444 -19.4863 -0.661377 -18.8037 
-14.1238 -15.7532 1.54346 -11.4795 -7.44312 -5.78149 15.187 -24.7813 3.02417 -19.5005 
-2.18921 -4.14648 -6.63892 -14.6438 -12.8086 -0.457764 8.30713 -22.0593 5.46411 -14.3425 
-18.21 -6.91602 -10.6111 -11.3091 9.56055 -13.2573 -13.2896 -4.95776 -2.38647 -2.16309 
-11.7156 -7.46802 4.29858 0.851563 -20.7053 -17.6831 -17.6128 2.24438 -1.44629 -8.2395 
-9.73462 8.22266 -10.3181 -7.60449 -13.2073 -10.9475 -5.17749 -11.0195 2.45313 -13.4197 
-2.8418 -3.01807 -5.45996 -3.27637 -8.76782 -3.59351 -9.47534 -6.53711 4.96729 -3.06079 
-3.36621 -11.0403 3.2644 -4.79565 -10.2661 -10.6433 -7.77124 -8.18286 3.89917 -6.54102 
-12.2822 -9.10767 16.6594 4.91455 -36.4258 -16.9001 -26.3813 -13.2791 2.42773 -32.1118 
-7.48755 -8.08716 -6.81714 6.52295 -19.7539 -6.23413 -24.2705 -6.58423 -7.85205 -0.108643 
-5.48267 -6.0061 -10.4165 -9.50098 -18.8933 2.36304 6.68799 -18.3777 3.44531 -7.21436 
-19.1709 -1.40479 4.06055 12.2876 -30.6045 -6.65259 -37.23 -17.7913 -12.8589 -9.19019 
16.55 -16.385 -16.0762 -20.1851 -10.6035 -0.784668 1.55884 -1.10571 -21.8193 -9.37256 
15.6052 -7.05884 -3.0603 -21.115 -20.5122 -4.67896 -2.06763 -7.83398 -2.47729 -9.1001 
-12.512 -3.58276 0.56665 8.78809 -37.0415 -9.48193 -25.9465 -15.8281 2.50806 -11.6646 
-16.9148 0.969482 -2.67603 -1.9895 -11.4106 -22.1853 -12.3362 9.0354 -1.01147 -12.7581 
-5.90234 -5.62915 0.352295 -7.38281 -1.41846 -3.29688 9.78564 -13.8738 -1.93945 -14.4333 
-18.105 -12.4373 -8.47168 -9.3894 0.583496 -15.5679 -18.9641 -1.05469 -6.03101 4.85254 
-5.59595 -6.76929 -3.88354 -1.93774 -22.5601 -12.4438 -24.4614 6.16089 -9.15332 -2.87207 
-7.55811 -9.30054 -3.08936 -6.53882 -1.83545 -12.8403 -12.4656 -5.57275 -6.53369 3.94922 
-9.58057 -5.47852 -7.35864 -6.69922 -6.40747 -11.3694 -15.0127 0.777832 -2.77832 5.90967 
-21.2129 -15.2021 -15.7075 -1.59766 -34.2031 8.34399 -23.606 -13.8499 -9.55078 3.0769 
-22.9426 -15.3972 -7.00073 -8.83667 9.84375 -18.6287 -17.761 -5.5542 -8.30981 0.667725 
-11.8818 -10.9531 -7.34131 4.08716 -32.4387 2.55225 -25.5525 -11.5959 -9.41504 2.7373 
-22.3044 -17.6501 -0.776611 13.6306 -16.6431 -15.4834 -26.03 1.56006 -12.4148 -11.6919 
-5.29248 -12.9343 -0.585938 -5.91211 -3.65527 -4.29224 11.9473 -22.0195 1.16602 -18.3738 
-21.4819 11.1475 -13.8601 -4.18506 -8.21558 -4.72656 -8.44165 -15.0486 4.15454 -10.6492 
-4.09033 -5.5332 17.7776 3.14502 -51.6138 -21.8938 -22.4241 -23.865 5.76221 -24.3398 
-14.373 -13.1045 -0.219238 8.05835 -31.47 -5.98657 -33.9487 -12.6077 -6.43115 0.32666 
-13.6431 -11.8699 -8.86572 -7.92212 -15.551 -22.574 -26.8184 9.54785 -13.2417 -1.78979 
-16.9897 -2.16748 -14.2278 1.85376 -4.69751 -1.26123 -15.4932 -11.7871 -2.74463 -2.44019 
-15.8833 -5.25366 -9.44482 11.8787 -28.6357 -4.66284 -31.2893 -16.9905 -13.4714 0.572754 
-0.113525 -15.2217 7.1228 3.44336 -8.92505 -10.5896 -1.20288 -13.3835 -5.49072 -21.1982 
15.873 -29.0513 -10.3103 -20.6343 -27.334 -1.47046 -10.4116 -0.196533 -18.6262 -9.0105 
-4.77222 -2.93384 -0.807129 1.88892 -21.1831 -3.85547 -12.0244 -8.49438 3.38281 -3.53589 
-14.0286 0.355469 -10.8694 17.4031 -45.3599 -0.496338 -37.6946 -12.637 -17.915 -1.85718 
-2.58887 -12.075 0.638916 -3.25 -18.575 -7.68188 -8.28662 -11.7607 8.46167 -6.63379 
-15.9177 -8.27515 -9.57715 -8.31567 7.71436 -14.0024 -8.6582 -1.55786 -11.1057 -1.7998 
-23.823 -3.7085 6.38647 15.3938 -22.7344 -3.44556 -36.7737 -20.5679 -14.1155 -21.655 
4.44312 -15.3137 -8.89185 -14.2566 -15.2454 -6.80298 4.89038 -16.3652 -9.80396 -5.16675 
-13.0964 -10.2842 4.64771 5.48975 -21.7673 -10.2568 -21.3083 -10.1599 -1.63989 -14.9678 
-24.1189 -15.3516 -22.1196 0.864502 -23.1809 11.0667 -28.4463 -3.30029 -3.25391 -0.269775 
12.2747 -14.7881 -1.97485 -15.5962 -18.2734 -4.39355 -3.58325 -6.19019 -4.16211 -4.9873 
-15.384 -4.67041 17.374 8.13843 -36.5952 -20.394 -20.6931 -21.0652 4.70605 -29.5774 
9.15552 -21.6121 -14.3262 -19.376 -8.52979 -2.74487 5.38696 -6.29321 -15.0967 -12.6541 
-11.187 -15.4697 -8.22559 -8.83765 0.647705 -7.11841 -15.5627 -5.03076 -5.47852 7.99341 
16.1082 -15.4236 -1.89697 -13.825 -26.1252 -1.77222 -7.6665 -5.47363 -12.8354 -6.55444 
-15.5269 -5.3562 -7.30151 -3.71753 -16.7493 -17.5957 -30.4128 11.2241 -10.4734 0.935059 
-18.7046 -15.9258 -6.2561 -10.5327 9.81543 -7.47925 -14.6707 -5.74048 -5.6416 -5.69312 
-4.01611 -2.45825 -9.41797 -7.21655 -12.1873 -1.28931 5.85303 -10.6753 1.28394 -5.07959 
-1.54199 -25.2969 1.97095 -3.50098 -10.9919 -13.0317 -13.1121 -19.5461 -7.29688 9.07959 
-11.7578 -1.75342 -4.60376 10.1973 -28.9382 -1.90503 -22.5935 -12.8633 -9.70117 -3.66309 
-31.8281 -25.3062 -26.7842 -9.05835 -31.2371 13.5498 -14.5903 -25.4871 -10.8962 6.56201 
-11.5239 8.71533 -7.12329 -9.36816 -10.1741 -11.1455 -3.89673 -7.07349 1.08301 -12.6387 
-13.3303 -13.082 -8.08789 -5.12842 -4.67017 -7.05469 -22.1404 0.429443 -5.43848 8.02612 
-1.74585 -18.6621 -4.30957 -12.478 -0.991455 -2.91626 13.1262 -22.0676 -3.46533 -15.0105 
-9.17627 9.71582 -5.53516 -7.61499 -15.1736 -14.2188 -5.13159 -10.4756 2.49292 -18.1135 
-13.3354 0.0637207 -11.2666 -8.13354 2.54443 -13.8586 -17.2947 -0.564697 -2.573 -1.14111 
-5.77026 -5.60718 -6.56665 -4.85791 -34.0835 8.00732 -11.8691 -28.1858 -12.0359 -5.104 
-10.5273 -18.8452 -5.29932 -9.69238 3.8728 -11.7212 -9.1626 -6.42261 -6.78223 -11.1902 
-9.95557 -8.82471 -15.6777 -0.891113 -18.481 5.99829 -4.50269 -28.4917 -7.45264 -1.44019 
16.5837 -12.9717 0.183105 -9.94434 -17.5552 -14.2307 -3.4104 -9.1875 1.86548 -8.11084 
-18.1599 -16.3425 -11.7659 -5.927 -24.427 7.60693 -16.3079 -12.1355 -9.08911 5.82739 
-4.06519 -13.6685 -1.31519 -9.16797 -3.99121 -9.66626 -11.325 -4.05737 -8.37646 4.99683 
1.09741 -12.5071 -11.6138 -5.29126 -10.6941 0.765869 0.136963 -1.21509 -3.36621 -3.75244 
-3.23315 -14.6851 7.2251 -4.7959 -9.13696 -16.4778 -2.25977 -20.958 4.20654 -9.71436 
-8.54761 6.86816 -7.0376 -8.85278 -12.384 -12.6863 -2.60645 -12.0232 0.976563 -13.6165 
-3.52856 -2.17749 9.05103 -1.62671 -34.1458 -12.3479 -13.8171 -14.5598 2.00391 -17.3491 
-3.33203 -10.6472 -2.47192 -6.98047 -7.63452 -8.95044 -16.542 -8.99438 -4.93701 5.65649 
-8.82324 11.8086 1.43994 -9.53442 -11.7898 -17.8174 -8.3728 -10.0161 -2.75 -20.145 
-18.2771 -7.14209 -10.8726 -4.88818 0.669189 -11.2705 -15.7134 -6.40454 -4.90234 8.14771 
-11.6108 -7.5603 -8.15747 -5.67139 -1.22778 -8.60791 -15.8472 0.718506 -5.85449 8.32642 
-13.7371 -19.0776 -7.07983 -16.7458 10.8 -21.4946 -9.26465 0.0458984 -9.3418 -4.78467 
13.7808 -15.1587 0.510986 -10.5852 -29.0632 -9.77979 -8.12085 -5.60815 -10.8096 -9.05005 
-9.63745 -3.35229 -1.20679 -3.0835 -13.936 -8.57031 -8.73438 -11.498 9.22754 -10.8691 
-13.1165 -15.3855 -8.81421 -13.5884 6.7832 -5.86011 -8.13062 -7.14038 -8.46729 -0.931641 
-12.0466 -5.39746 -10.4353 0.0100098 -15.9319 6.72827 -12.0032 -9.7085 -8.37036 0.673096 
-17.4666 -1.09351 13.0205 0.41748 -11.5588 -12.4653 -11.5168 -5.56836 -0.464355 -22.4097 
-4.9917 -25.7544 -7.36108 -10.7659 -7.91504 -17.4565 -13.4646 -0.678955 -8.25635 7.25562 
-19.2588 6.02905 18.7732 -3.50317 -31.0728 -8.3728 -12.9502 -15.3149 -2.53198 -28.7231 
-13.7251 9.06079 -12.9692 -3.22119 -10.6775 -8.81348 -7.7583 -11.2585 1.99609 -9.6106 
-9.22461 0.103271 10.5469 1.7356 -27.1641 -9.72681 -13.6836 -7.00098 -3.13745 -17.5566 
-9.91284 8.36279 -7.62573 -6.07422 -3.56738 -16.1863 -9.80542 -1.58301 1.62231 -8.75903 
-7.25757 -3.20459 1.93408 -2.2002 -11.5117 -17.8936 -17.3525 3.88599 -4.52637 -5.09253 
-21.6682 -5.13525 5.55151 12.0063 -30.3618 -18.9751 -29.6455 -14.8982 -7.03491 -16.1016 
-10.783 -16.3088 -1.09839 -15.0642 -3.35986 -5.52612 15.2185 -27.1248 -5.67114 -17.5522 
-13.3296 -21.9783 -0.815918 -2.32837 -26.3333 -8.24878 -17.446 -8.17432 8.1416 -9.24829 
-6.16748 -3.06274 -0.0974121 -3.43091 -23.4133 -5.48267 -9.68896 -15.7197 7.59912 -6.69556 
-15.8315 -6.2312 -6.31104 -5.16919 7.13794 -10.8901 -12.8813 -9.87817 -0.744629 -3.31836 
-6.23657 -9.7937 -2.70483 -3.0791 -11.1348 -18.822 -12.6831 -5.31885 -2.21899 5.01489 
-10.2502 6.68115 -6.49731 -5.02148 -8.59204 -9.88525 -12.3042 -4.91772 -0.322266 -4.36914 
-15.7793 -13.8792 -7.80811 -7.45435 -1.94775 -12.8831 -17.4963 -6.02637 0.744385 7.51196 
-4.16309 -12.5237 -6.63403 -1.32251 -16.0881 -5.18066 -11.4873 -10.7148 6.23389 -0.474609 
-19.0837 -10.5437 -17.4761 5.1687 -27.6995 5.75781 -23.1204 -16.6453 -12.2041 0.000976563 
-29.4897 -20.0205 -2.50952 0.792725 -18.8843 -9.35547 -44.8914 7.63525 -11.5352 -2.34839 
-21.8435 -12.6785 -25.272 -0.720459 -41.3755 10.5862 -19.8706 -15.2104 -6.27661 -1.71582 
-13.3225 6.6311 -10.8987 -8.56421 -2.62012 -14.3152 -12.9702 -0.655762 -3.66846 4.18481 
-14.1777 7.84351 -13.4602 -3.9021 -8.39648 -8.00342 -9.79565 -2.72656 1.58716 -7.10522 
-12.7083 0.488281 3.17212 -1.38501 -23.0132 -12.229 -9.11279 -18.5164 11.7673 -22.314 
-6.74146 -5.8645 -8.22412 -16.6243 -11.6089 0.16333 9.21533 -20.7209 3.47607 -9.95947 
-34.4956 -33.4229 -29.6194 -11.1211 -35.04 21.2651 -30.1462 -14.9392 -3.7998 -5.55859 
1.05444 -6.78296 1.82886 -9.81714 -13.7275 -8.14795 -6.94165 -2.72998 -5.45142 -5.71411 
-30.4023 -16.1423 -8.89771 -8.39185 11.6704 -19.1389 -18.3435 -9.18652 2.77051 -0.563721 
-21.7861 -8.54614 -9.46411 -8.74902 6.99438 -12.9485 -11.626 -11.7517 -0.381348 -1.52393 
-14.1462 -15.8491 -7.26953 4.51172 -33.7402 -30.4053 -31.1326 9.53516 -20.8235 -0.390869 
-3.71191 -15.1604 14.7388 8.34839 -43.834 -13.8398 -19.5559 -9.48804 -4.64624 -22.8999 
-15.6558 -13.1272 -4.65161 9.02441 -28.5364 -13.8008 -28.9512 -10.2896 -6.24072 -6.49316 
-11.0317 -3.05005 -17.406 -2.45068 -25.0283 8.63696 -11.7979 -21.3652 -9.76831 0.997803 
-10.4011 -22.606 -1.68164 -8.83374 -4.94067 -6.14282 14.7126 -25.1719 1.90845 -18.9563 
-0.848389 -5.57251 -2.44653 -1.17041 -16.9182 -0.486328 -6.7373 -13.5627 6.03589 -4.46826 
-6.98853 1.7915 -6.80835 -4.44043 -18.1284 -8.06738 -9.93066 -6.58521 6.52588 -3.87231 
-4.52295 -4.1377 -5.76123 -12.177 -12.74 -7.78906 12.1934 -25.3948 2.00317 -18.0571 
-3.57446 -5.28809 5.29321 -6.06909 -11.8901 -7.22803 -9.34424 -5.27637 0.177002 -11.2986 
-4.66748 -5.70557 -3.198 4.91138 -18.6941 -4.72241 -20.5747 -7.93018 -8.97681 1.42456 
-16.4539 5.48315 -4.50977 -1.25903 -8.73584 -6.7229 -4.41211 -16.8486 6.23071 -10.7671 
11.314 -11.697 -3.55469 -7.67798 -28.6418 -1.95288 -11.5676 -8.57104 -20.1812 -12.3489 
-16.116 -11.4204 -11.2122 -0.578125 -30.6233 8.95679 -18.844 -22.2854 -12.5188 -1.15039 
-7.12915 1.24658 1.09253 -1.17603 -18.2712 -6.47192 -4.48901 -10.3062 6.2522 -13.7126 
-14.094 -5.96997 -17.335 -1.84937 -12.1274 -12.3608 -20.1284 -0.0012207 1.45532 9.50244 
-10.6917 1.47681 12.2222 -6.97681 -6.15454 -10.7778 -7.66284 -15.4822 -2.99219 -10.5217 
-15.9966 -7.61426 -12.5601 -8.98511 -4.19995 -15.1697 -13.7612 -2.50049 -1.13403 10.1135 
-2.48901 -15.9526 -1.02466 -8.53125 -16.6672 -4.97925 13.1848 -28.2231 0.522217 -25.7021 
-15.9668 -9.72778 0.860596 -4.1311 -21.1702 -15.574 -36.0447 16.1479 -22.7065 -8.69653 
11.8669 -20.7954 -1.96265 -8.37769 -27.1824 -2.12231 -15.0815 -5.00244 -9.21387 -0.303467 
-7.29028 -4.66577 -4.90723 -5.48071 4.14941 -0.814941 -5.34473 -5.44409 -2.02368 2.41528 
1.00195 -6.47144 -3.26367 -5.53833 -34.7017 -1.77954 -4.58179 -9.5 6.36914 -8.55298 
-5.99878 -4.52173 -1.09351 1.07373 -18.4766 -13.3025 -16.0913 5.15088 -5.4314 -3.08154 
-10.6907 8.48999 -11.4631 -4.63452 -6.23145 -13.6204 -10.3037 -2.10596 0.846191 -7.82739 
-17.1316 -3.96729 -7.26733 -0.866211 -13.5327 -18.2505 -26.2947 10.2361 -16.3645 -4.11475 
-26.2104 -9.34277 -10.1704 -8.74731 9.16089 -13.4919 -12.4189 -6.63354 2.0918 0.946289 
-13.8213 6.88745 -9.91138 -4.3894 -1.88892 -3.18164 -9.09424 -8.698 -2.28931 -2.14429 
15.9446 -22.3047 -11.7566 -16.2825 -18.4316 -2.08545 -6.38794 -3.84399 -19.7815 -1.08423 
-5.70435 -9.39063 -3.62256 -0.248047 -4.10449 0.362061 -8.97119 -5.81592 -0.694336 2.36865 
-14.6436 -3.61792 -8.46606 -3.36816 -15.2419 -14.3066 -27.3181 8.17578 -5.89038 -3.70923 
-3.96313 -3.5332 15.9949 2.76099 -46.4861 -19.032 -17.5994 -18.4402 0.726074 -30.0349 
10.9761 -13.8486 0.900635 -10.3018 -18.4917 -7.87158 -16.6382 -5.67236 -19.8975 -1.01392 
11.9653 -21.0786 -3.17432 -10.3413 -22.0249 -10.9338 -11.2266 -0.147949 -7.61182 -0.442871 
-14.0598 -21.0654 -8.13965 -10.4053 -5.13477 -3.3938 -15.031 -7.28442 0.591553 7.44897 
-14.4653 8.52417 -14.0762 -4.72632 -6.92725 -8.51831 -8.87061 -8.02393 1.53833 -4.54517 
-6.46802 1.63794 -0.125 -2.39258 -13.4695 -13.7302 -14.4312 0.836182 -3.06641 -2.07275 
3.34351 -13.2412 -0.311523 -4.31763 -16.4741 -8.61084 -5.47437 -10.1196 3.94849 -10.0652 
-13.5959 -10.3613 6.52612 -1.42529 -7.77319 -12.8906 -22.916 7.07739 -10.988 -16.0798 
-4.60913 -6.41162 -5.02759 -3.67139 -17.6963 -8.01294 -12.0518 -11.2058 6.63232 -3.59546 
-4.10547 -31.5256 -5.09106 -15.2771 5.93896 -10.8342 -10.8943 -2.06445 -6.77905 -4.1936 
-9.93018 -2.2356 -6.40845 -9.50952 0.755127 -12.5828 -12.8928 3.26807 -5.26587 2.90649 
-6.20288 -22.9084 16.3267 -9.74072 -10.1592 -5.77051 -14.0171 4.70532 -11.4148 -35.1101 
20.8647 -24.7944 -7.85327 -19.3015 -24.9241 -9.13403 -7.54785 -1.83447 -16.0647 -4.59448 
-4.64307 -18.2778 -2.16748 -14.887 6.48047 -12.8989 -9.23657 -5.07349 -9.46216 -3.71606 
-7.52466 0.70459 -4.15259 -10.8816 -14.6238 -2.15747 7.02734 -20.041 3.68262 -17.9946 
19.0164 -21.2607 -8.03638 -15.0745 -20.7783 -3.44727 -8.50952 -5.20728 -28.657 -1.87207 
-29.6167 -5.79883 -22.9263 20.8499 -47.4263 -15.2239 -42.0598 -0.826172 -17.3982 -1.5542 
-13.6511 9.3125 -14.5251 -6.00537 -4.87109 -7.60791 -6.24243 -6.11963 -1.34204 -3.1936 
-4.90454 8.24341 -3.47168 -10.1992 -9.45044 -14.8374 -8.17188 -8.96729 -1.15039 -8.82227 
-3.29175 -5.74146 -2.35303 1.35376 -19.0256 -3.51367 -18.8398 -7.48682 2.98975 -1.89624 
-26.4531 -6.3147 1.21436 12.6045 -23.5813 -8.39966 -35.1118 -18.0237 -6.8999 -17.6118 
-3.13159 -16.9617 -6.1792 -3.07007 -19.0325 -0.976318 -18.1248 -3.23486 -4.40479 6.53247 
-0.180176 -21.281 -2.29639 -9.59058 -14.5596 -0.412598 13.4849 -24.9985 0.216553 -21.2158 
-8.04102 -24.0835 -11.4756 -19.0066 -7.20166 -6.03394 -21.3008 10.3542 -31.571 -0.981201 
-10.4634 -3.01196 0.679443 -7.61768 5.35425 -6.95728 -7.80371 -5.23999 -4.22925 -6.0061 
-11.4045 8.25171 -11.761 -6.21045 -3.01685 -6.2356 -4.70728 -5.14624 -1.26465 -4.84302 
-12.3818 1.7251 7.81079 -0.845459 -9.57178 -1.04907 -11.9297 -1.9292 -0.936279 -18.719 
-15.217 -3.18115 1.56006 9.198 -20.8394 -10.3376 -27.717 -14.9614 -8.06445 -9.63379 
12.5845 -12.9165 -0.773438 -13.5437 -19.2412 -10.4954 -5.46826 -7.61646 -5.80249 -5.52661 
-1.9812 -5.76294 -0.282227 -1.4104 -10.2026 -0.804443 -2.09668 -12.7512 5.82178 -15.1665 
-12.1853 0.970459 -4.23926 -1.90088 -21.8179 -14.9797 -20.5933 7.89917 0.744141 -10.0881 
-13.8452 -7.8335 -1.67212 7.08691 -22.197 -10.0967 -27.3015 -15.6816 -3.21338 -3.05127 
-11.8333 -10.5198 -7.59155 -11.3184 1.98267 -15.7412 -15.0791 -0.657227 -15.2754 8.38916 
-8.42358 -22.9219 1.83765 -12.3501 -13.8394 -7.39502 15.0435 -24.0439 1.12427 -18.4209 
-24.95 -10.5552 -14.0833 -9.38159 1.50513 -19.0491 -22.3435 -2.87842 -8.77075 11.6516 
-18.6448 -5.73877 3.67041 8.77905 -20.6418 -6.83618 -24.6897 -16.9246 -1.73535 -21.0627 
-12.7051 -22.5139 -24.9553 -9.27661 -22.8652 11.3159 -27.6016 -3.75635 8.9165 -0.865479 
8.4541 -17.644 2.16064 -6.8855 -9.84033 2.06396 -2.83398 -3.58716 -9.14844 -7.94141 
-7.94214 -15.0979 12.6733 3.12109 -35.3369 -17.4358 -16.6533 -1.9873 0.671387 -33.5559 
-16.6348 -3.70532 -3.19458 -3.41357 -7.59546 -16.7744 -20.7451 8.81421 -11.7593 -3.89771 
-5.59302 -2.27832 5.44043 -3.51489 1.16846 -8.2644 -8.88916 -5.47705 -6.14355 -7.93457 
-11.9417 -14.5569 -6.58374 -1.93213 -21.4854 6.42212 -11.4678 -14.637 -5.03003 2.896 
-15.1863 9.47681 -16.4009 -4.50439 -4.39478 -3.28101 -5.70532 -9.59692 1.00146 -4.9292 
-15.0969 -0.0827637 4.90283 2.85596 -10.3467 -10.9412 -16.8228 -1.80908 2.96606 -15.7246 
-9.29199 -12.1951 -3.92725 -0.188232 -25.5674 8.89404 -16.2224 -14.5564 -2.50684 -3.11841 
-8.80029 -7.02441 -3.90283 -2.79028 -16.6401 -2.11719 -6.49365 -13.4985 8.61987 -4.34424 
10.1997 -7.021 -2.68457 -14.0735 -13.7808 -7.91992 -7.47095 -1.4624 -6.34082 -4.87939 
-0.916748 -11.5322 -0.491943 -2.96973 -16.0986 -5.92896 -3.771 -10.6541 3.88843 0.590088 
1.47241 -18.2227 -0.635254 -17.3325 -5.71094 -2.27417 -2.92261 -15.5938 9.27686 -15.0439 
-11.4548 7.61792 -10.2603 -9.87305 -4.90747 -12.3816 -6.9939 -7.3396 0.913086 -1.34595 
-22.2463 -17.6362 -16.4929 -9.31543 -18.7991 4.87158 -11.7144 -13.0535 -6.06128 1.76538 
11.7358 -20.4319 -2.70605 -11.6584 -26.532 0.352783 -7.82104 -6.78784 -5.94849 -8.02417 
-10.2598 -6.47852 -10.2659 5.39648 -13.0347 -4.84888 -14.6389 -9.72827 -6.44604 -2.90991 
15.0427 -19.1458 0.99707 -15.1101 -21.7793 -8.27637 -3.76929 -10.2466 -5.79395 -8.96411 
-11.1958 -10.655 -1.73071 6.27295 -15.802 -3.21069 -15.72 -7.89111 -9.59888 -5.2981 
-11.2444 10.8733 0.112793 -8.4375 -11.4172 -13.9221 -7.05249 -9.26196 -1.58081 -21.1665 
-8.65869 -7.80957 1.28979 -7.26831 5.60059 -6.96362 -14.3674 -4.30786 -15.0596 0.507324 
10.9653 -4.09888 1.57251 -11.5437 -22.1917 -2.39233 -3.66089 -3.80591 -0.723145 -5.65552 
-19.5945 -12.1252 8.6731 9.49414 -33.6067 -15.4883 -25.6777 -17.708 -2.41162 -19.3115 
-15.6316 -9.83325 -9.42627 3.60229 -26.23 -20.895 -24.1099 10.8545 -4.50854 -7.93896 
-3.14648 -6.31348 13.3264 2.51099 -42.9822 -14.3306 -19.7375 -3.43774 1.80737 -20.4705 
-11.5623 -14.9939 -6.72388 -8.06689 1.00586 -1.76685 -8.02051 3.11523 -5.36084 -0.432861 
-4.30981 7.97095 -5.34644 -10.2043 -13.5752 -6.96777 0.28418 -9.40479 2.11987 -13.8877 
-7.45679 -1.82983 -4.05078 -4.13281 -15.3877 -0.885254 -6.49194 -13.8738 6.28711 -3.5896 
9.50488 -12.6272 -1.75562 -6.99219 -20.2473 -6.1897 -6.95361 0.616455 -4.27905 -6.75464 
-8.43701 -4.67114 -2.76904 -1.41577 -10.3782 -17.3142 -17.8613 7.91479 -3.71704 -4.30444 
11.6958 -17.5378 -4.83813 -11.3381 -17.824 -6.16821 -5.48486 -2.94897 -14.8228 -0.637939 
-5.10474 -6.7063 -4.02661 -10.6602 7.62988 -15.3411 -6.24487 0.444824 -10.873 -6.29956 
-16.3335 -4.95313 5.78394 12.3035 -42.2034 -8.88403 -30.5889 -14.5129 -9.63574 -14.7434 
-11.4646 8.32178 -5.4209 -7.41895 -11.0305 -10.5256 -6.17041 -6.73828 0.433105 -13.7329 
-2.36963 -9.98096 -2.58667 -2.36768 -0.619629 -7.57007 -1.56787 -10.0681 -1.59277 4.33081 
-12.1499 -25.0696 -3.56763 -5.57104 -0.92334 -3.10205 -3.92603 -9.49854 7.2627 1.84863 
-8.48242 -16.8811 -7.66553 -7.76807 -12.5129 -14.9832 -17.1836 9.94263 -16.949 -7.87451 
-9.53931 -1.63208 -6.8374 -4.93262 -10.9617 -17.5598 -18.4636 11.176 -13.7222 -7.70752 
-21.2629 9.75098 -12.7568 -2.57739 -7.47632 -5.4856 -12.4019 -15.4221 5.57788 -2.39185 
-16.144 -0.583252 -12.7922 -9.35645 7.46484 -13.1338 -13.512 1.7439 -3.66675 -4.08545 
-10.7764 -23.2646 -8.51636 -8.8208 -3.53735 -14.1648 -17.3477 -4.79517 -7.25903 5.41113 
-16.2947 -7.89502 -3.75952 -4.71582 -1.73706 -11.1692 -15.3992 -7.20923 -5.68066 6.71118 
-11.8696 -0.693604 3.3689 8.24023 -24.9106 -7.94604 -27.9375 -9.3877 -6.77954 -5.05884 
-28.3494 -5.81226 6.80518 -4.77979 -4.54224 -18.9946 -12.7637 -10.6492 11.9583 -16.2864 
-9.38721 8.27173 -9.51978 -7.05811 -9.64331 -14.7832 -7.3125 -5.63721 1.31958 -9.30688 
-21.9229 -7.06738 -7.27466 1.05029 -10.9177 -20.7478 -30.1414 12.9631 -15.3069 -3.91626 
-15.4016 -28.5547 -9.22095 -10.2854 -6.89648 -7.12695 -29.7407 -9.47314 -20.3013 15.313 
8.12036 -8.10791 1.80444 -5.43384 -16.6819 -1.44849 -5.06152 -11.3806 -11.3933 -8.48511 
-4.0835 -12.7043 18.0667 -0.335938 -32.417 -18.8372 -9.78027 -17.8025 4.27563 -35.6465 
15.5803 -17.4822 -3.94653 -7.47949 -17.8757 -11.1653 -3.94531 -16.9802 -21.4727 -12.0745 
-8.60303 -3.57129 -1.55981 5.79517 -25.0752 -0.481445 -27.053 -7.22217 -8.20044 -1.198 
-10.6406 -9.81836 -6.07617 6.27686 -23.7329 2.052 -25.7356 -14.304 -10.9355 1.34717 
-18.7622 -6.34741 -8.46875 0.064209 -20.7153 -18.6392 -33.0015 13.9194 -17.7473 -1.91284 
-0.327393 -32.8352 3.87646 -17.875 -5.01074 -11.1355 6.25415 -14.5 -13.4243 -13.5508 
-8.0376 -19.8804 -4.55127 -5.71338 -7.06592 -9.2478 -19.9956 -8.16797 -4.73413 9.37988 
-5.39795 -8.10767 10.6316 5.11304 -29.6208 -15.5444 -16.833 -11.4536 3.07544 -17.3208 
-13.4993 -14.999 -4.95459 11.9719 -29.5356 -4.4751 -29.0891 -14.2031 -9.2356 -1.51831 
-17.7695 -7.84668 -0.299072 13.2664 -34.7383 -18.0928 -35.8113 -12.1177 -5.80835 -9.72534 
-23.7847 -13.7993 -8.42212 -1.89502 -28.5835 -23.1902 -35.7029 23.8987 -28.6929 -7.51929 
-8.43115 -0.508545 -2.8186 -2.82031 -9.5332 -17.7341 -17.3672 7.05518 -5.9458 -2.01172 
15.928 -22.4604 -1.18164 -10.2209 -23.5173 -4.76489 -11.7639 -14.8188 -15.5471 -9.05762 
13.1531 -28.4646 3.84131 -14.9939 -9.52026 -1.75098 -1.8374 -6.95605 -6.40527 -11.1912 
-8.95825 1.62134 -1.92529 -5.58203 -9.72217 -13.5925 -14.0071 2.65674 -7.49194 3.15576 
-12.0044 -18.3657 -7.61768 1.86353 -30.3115 5.37256 -20.5007 -24.8162 -4.48682 -3.26587 
1.302 -22.0313 12.6421 -0.427002 -31.6277 -15.1428 -10.8401 -4.43579 2.50122 -16.8027 
-7.12354 -8.60522 -4.65088 -6.80054 -3.1228 -11.9304 -13.2449 -4.2749 -5.61816 4.62695 
-0.915527 -14.927 6.27319 0.746094 -25.8765 -6.70703 -7.45825 -12.2488 4.37354 -0.923584 
-19.7976 -11.5308 -9.6355 -3.84229 -15.3315 -6.96851 -24.99 5.67017 3.45801 -9.82715 
-14.4531 -18.8887 -6.24536 -8.25195 8.27222 -15.0847 -12.1106 -1.89429 -5.18384 -6.20435 
-14.9587 -11.9412 -7.69678 -7.83716 5.24951 -12.7295 -13.3601 -0.891113 -4.33276 -1.71094 
-14.1355 3.58472 19.1453 5.75586 -37.5386 -20.9622 -24.6763 -25.1902 -7.51953 -31.2166 
-8.7583 -11.3013 -3.07666 -2.10645 -6.42773 0.191406 6.93872 -15.4504 1.64966 -7.46582 
-0.563721 -6.50806 -6.92285 -3.29321 -7.18311 4.30786 7.82446 -6.39624 -1.94238 -17.509 
-11.2368 12.2864 5.90405 -11.2937 -10.4644 -19.2666 -8.47949 -7.32349 -4.28516 -22.8865 
-9.83936 -29.145 -9.2312 -9.53857 -11.093 -10.5417 -20.0535 -4.76489 -1.76831 8.43042 
-5.71704 -17.8601 -5.64795 -12.7529 -4.22144 -4.20679 7.15625 -15.2583 0.860107 -16.7854 
-3.04224 -5.89697 -1.10059 -6.7041 -8.86548 -5.46118 0.30542 -10.2927 4.74023 -6.5896 
-5.14331 -6.67773 16.4385 4.57178 -48.8525 -18.6389 -23.2173 -6.37085 -2.17944 -28.2874 
-14.9202 -4.62817 -9.56519 -5.11523 0.205566 -8.46313 -15.3704 -4.97559 0.280518 6.77368 
11.1887 -20.6917 -4.60352 -11.9854 -22.2141 -6.36011 -10.8579 -6.02905 -13.1736 2.4231 
-4.81519 -8.98218 4.33472 -2.42627 -30.9221 -5.3042 -5.55786 -25.1594 11.5986 -17.9131 
-8.18896 -11.4409 -4.88062 -1.28931 -15.5203 -0.417969 -19.9797 -0.455811 -6.17944 -5.02246 
-9.73779 7.11426 -10.6272 -6.74878 -1.70703 -11.783 -9.63306 -0.875977 -4.19897 0.422363 
-9.4519 8.12524 -4.82129 -4.57837 -9.61108 -13.9302 -8.64014 -7.07471 3.20801 -13.5667 
-3.98096 -17.8362 -6.26978 -8.64258 -17.22 -1.50903 8.65796 -21.5327 0.197754 -8.27246 
-7.39771 -0.789551 -9.40332 6.552 -12.9153 -5.46533 -22.9546 -12.3711 -6.13135 -4.47046 
-16.47 -11.751 -14.5061 1.96265 -21.2771 5.54395 -16.5664 -14.6472 -7.68188 2.02368 
-12.2737 9.76807 -13.917 -6.6394 -5.24561 -17.1799 -10.4851 -2.68652 1.09692 -5.27222 
-16.6187 8.89917 -12.7441 -2.21802 -6.0437 -6.99609 -7.46973 -11.3389 3.04102 -9.23218 
-9.07422 8.39111 -8.80029 -5.21021 -8.73877 -15.4902 -9.40723 -1.26953 2.24487 -10.0188 
-9.99561 -3.12378 -6.96558 7.31323 -20.3452 -3.99438 -21.6497 -10.4148 -10.5161 -2.30371 
-3.21826 8.70435 9.17749 -7.62036 -18.8386 -18.249 -8.40796 -12.835 -1.09888 -23.0864 
-6.62134 -4.93018 9.51563 0.185547 -35.8374 -16.8271 -18.3418 -3.08984 0.763184 -22.4517 
-26.396 -5.52832 2.09546 12.5435 -26.1553 -0.952393 -42.2568 -13.2002 -7.36743 -16.7017 
8.08203 -11.0928 -2.92261 -9.50146 -20.4939 0.0683594 -5.29248 -1.88599 -5.54932 -4.83667 
-10.9802 0.863037 14.2854 -0.247803 -42.6082 -15.155 -14.0667 -22.0894 2.56372 -33.1145 
9.76978 -21.0376 1.68506 -9.71777 -13.4404 -10.7751 -1.61719 -10.0132 -5.68677 -6.61719 
-10.9502 8.04761 -10.5244 -5.13403 -7.76123 -16.7361 -11.2864 -1.35889 0.32251 -4.7417 
-22.5193 -16.7759 -5.64429 11.1147 -30.708 -13.3362 -27.6169 -12.3708 -0.144043 -9.28467 
-9.74536 -6.80493 -5.65259 -0.59375 -22.6106 4.27417 -13.978 -8.43237 -6.17188 -1.98877 
0.162354 -16.4971 -8.69531 -6.71313 -27.1367 1.24634 -5.64551 -4.65332 -1.65283 -6.31104 
-15.6279 -2.70117 -6.86157 2.04272 -25.6318 -29.7544 -29.7134 12.2373 -13.5842 -7.84741 
-19.4358 -10.1467 -11.7983 -7.0271 8.89478 -10.981 -15.1992 -3.70581 -4.99414 -0.725586 
-5.67578 -3.83594 -1.6189 -4.38721 -18.6211 -8.89746 -16.208 -1.15942 3.34375 -1.86182 
-18.958 -6.32251 -10.7603 -3.32983 -1.26221 -12.105 -17.0286 -6.81079 -4.45557 10.1348 
-5.45874 -4.76343 -8.78174 -4.83667 -5.82422 -3.20435 9.4624 -16.8201 0.835938 -13.8784 
-3.09985 -11.8711 -4.79126 -9.48096 0.156006 -10.604 -8.55835 -4.87939 -4.93091 5.75903 
2.65454 -29.699 -3.94824 -19.8374 -17.6809 -2.91479 16.6831 -34.3662 -1.76001 -23.2258 
-5.60742 -8.87646 -1.27417 -1.18823 -9.99927 -5.4895 -6.67505 -6.73071 4.30688 -0.416748 
-14.5696 -18.6294 5.28052 7.41504 -15.6824 -9.32666 -17.9524 -4.56323 -2.83594 -24.1533 
-19.9626 -22.6003 12.2703 -12.4038 -10.3154 -14.0535 18.7734 -18.4387 -6.63501 -31.4641 
-11.3296 -13.3916 2.03223 -11.4241 -12.4236 -1.97559 14.0146 -30.709 0.585938 -13.3425 
-10.2407 -14.8809 4.44116 -10.1355 -26.5884 -7.6228 -13.1658 -15.8918 12.229 -18.9863 
-8.75464 -11.1841 -7.96021 -1.91846 -17.562 6.14551 -6.27954 -12.0884 -3.80859 0.628906 
-16.6531 8.71802 -11.6365 -4.16772 -7.15186 -6.34692 -8.95923 -7.23828 3.70996 -4.59375 
-10.6934 -4.71265 -2.89551 -7.0874 7.33154 -14.5835 -8.823 -2.17871 -4.47046 -3.88965 
-14.9341 -11.8171 10.7463 -4.41064 -19.3867 -11.0427 -8.77563 -8.10034 0.985596 -18.4116 
-18.7253 -11.4685 -9.21216 -11.3289 11.3711 -14.3967 -11.7178 -8.12183 -1.31323 -0.349121 
-6.17627 1.41699 -6.96558 -9.06494 -1.15259 -12.021 -8.61694 -2.00659 -2.87354 2.19482 
-16.114 -11.2051 -3.96704 0.915283 -26.5642 5.34644 -13.9241 -23.124 -3.81934 -4.43091 
-12.8645 8.14453 -12.7979 -6.75684 -6.9834 -13.3508 -7.87842 -4.6665 1.11475 -5.8418 
-14.1096 3.08716 3.68579 -0.242188 -1.79932 -13.3132 -7.34741 -7.57642 -4.29175 -9.03589 
-18.5781 -12.8074 -10.5366 -2.17651 -7.42261 -10.9612 -22.5081 -3.25269 -6.72339 11.8577 
15.8115 -23.1426 -7.67456 -13.4805 -26.3755 5.33813 -11.1445 -8.59937 -9.0459 -4.45923 
-3.30103 0.702393 13.365 0.77417 -41.7339 -20.5605 -14.5715 -18.5828 6.04199 -18.9534 
-17.5911 -3.67847 -4.51758 -7.68359 9.2937 -20.8623 -10.6028 -7.19824 -2.06079 -8.7207 
-10.3091 -10.3899 -1.18091 -1.71777 -8.9458 -20.0945 -12.959 -11.9009 -8.0481 5.5293 
-10.6211 -17.9548 -9.8125 -6.96216 -14.988 2.25415 -5.36816 -12.2517 -2.25684 -0.19751 
-11.2239 -20.3835 3.23291 -6.59326 -18.0881 -15.9277 -36.6436 13.186 -16.9585 -15.5769 
-11.8979 8.65454 -12.2888 -6.28369 -6.09595 -16.2417 -9.34058 -5.89111 2.02124 -6.15063 
-4.35791 -2.29443 -4.28833 -4.22388 -14.646 -1.33838 -3.69263 -7.31104 6.2793 -5.80029 
-5.91602 -6.35156 1.60742 1.03076 -14.4243 -10.4214 -4.24878 -5.18091 3.24585 -9.49854 
-12.1848 -15.2634 -10.5322 -7.27588 -23.7932 1.71021 -11.011 -15.543 -1.13379 -0.197998 
6.87183 -22.3499 -5.54126 -26.0371 4.87305 -6.32104 7.27783 -7.15601 -10.0852 -18.5354 
-14.9382 -8.93433 -9.43262 -9.76318 -0.337158 -12.5454 -15.2024 -2.09717 -2.41797 9.25757 
-8.80176 -19.8286 -1.49536 -3.94336 -14.8147 -4.54688 -8.65381 -13.3777 8.14282 -3.90894 
-4.29126 -25.2205 -9.15771 -10.8923 -8.47876 -5.22363 -23.5168 9.14331 -16.3723 4.65137 
-8.81445 9.07104 -10.4773 -8.85425 -9.39722 -15.1475 -4.8042 -6.31421 2.15869 -11.6724 
-8.11865 5.54126 -0.447266 -10.4739 -8.38867 -9.2146 -2.47021 -8.49561 -0.37793 -22.8176 
-1.65991 -6.60425 -1.66284 -11.8447 -16.3599 -4.49658 12.1194 -25.4028 3.15332 -21.1665 
-9.13525 -7.87988 -11.9297 -8.73608 -8.44971 -11.2078 -21.7278 11.5071 -15.208 1.09546 
-6.42773 -1.39746 -4.52759 -11.7 -10.7371 -2.52832 7.69873 -20.429 -0.259521 -14.8037 
-21.437 3.75684 2.05908 10.1248 -28.4558 -1.13989 -36.0315 -12.9514 -16.8857 -7.53003 
-24.3848 -2.46973 23.5222 6.2627 -38.4597 -23.1692 -21.626 -24.9375 1.49438 -41.8284 
-8.76172 -8.60449 13.8914 0.634277 -23.5645 -16.2014 -14.8992 -13.2693 5.2876 -29.6189 
17.1187 -23.5051 -2.86523 -9.28711 -31.0664 -4.09131 -13.0403 -6.21729 -21.9065 -5.83936 
-8.03076 -6.25195 2.17261 0.198242 -26.1738 -10.0369 -11.5972 -11.8494 10.8796 -18.3767 
-16.134 -7.7666 -9.43945 -11.6321 -6.37256 -8.49829 -7.93335 -8.19165 0.97583 4.94385 
-13.2344 -25.6951 24.5095 10.449 -38.5066 -21.1118 -14.6892 -28.5349 -5.55493 -43.0837 
-16.168 -24.8267 -8.3125 2.06055 -34.7646 5.17725 -18.9946 -21.7881 -3.83276 5.01685 
-10.4692 8.1665 -10.2932 -5.66772 -7.70483 -15.5913 -10.7019 -8.8645 3.0166 -8.03613 
11.991 -11.9248 -3.94946 -11.7495 -20.3176 -4.06299 -2.02173 -5.51245 -8.4502 -14.3091 
-10.365 -8.40112 -0.793213 -3.38232 -10.6382 -7.04688 -7.81104 -5.83081 4.30566 -3.97144 
-6.29932 7.58594 3.22534 -11.9397 -2.47607 -21.5049 -3.92505 -7.05884 -0.000244141 -23.5903 
-10.0911 -15.886 -6.33398 -9.33179 0.811523 -3.64404 -2.87524 -11.843 1.74854 -2.45703 
-7.2478 -8.42188 -11.2854 -5.19971 -8.33105 5.48511 -4.85156 -8.15918 -4.84692 -2.00146 
-18.5193 -10.1665 5.89209 -1.85864 -9.55225 -10.8352 -13.3284 6.09668 -6.18726 -16.7522 
-18.9365 -3.01172 -8.1355 -6.74805 -0.768799 -13.6545 -15.9924 -3.28711 -5.15088 10.5259 
-16.2727 -10.6187 -1.83765 -9.94312 -4.92114 -6.04468 17.3525 -23.9729 -1.69507 -18.2761 
-13.4443 -12.9741 -6.09839 -10.5562 -5.8374 -9.22095 -10.4265 -7.41821 0.533691 6.69873 
10.8782 -10.1714 -0.88501 -10.7605 -28.6875 -3.11768 -8.84814 -1.46973 -0.352539 -5.47559 
-5.63843 -1.82544 -4.06372 -11.9709 -4.46484 -4.39771 6.54858 -15.4023 0.467529 -11.8877 
-10.0713 7.83252 -9.38232 -4.49658 -12.6729 -17.7122 -16.9546 -3.81177 2.59399 -2.74561 
-15.9431 -23.0771 -9.79688 -4.73291 -11.6746 4.94873 -11.4724 -15.2268 -4.8667 3.75293 
-7.38281 -26.6511 -14.7129 -14.5176 -18.2847 7.24854 1.98584 -15.946 4.32227 -5.82349 
-7.38477 -0.103516 -9.29956 -4.42896 -22.782 -4.7876 -12.1875 -8.07104 9.271 -7.96167 
-3.78516 -3.17871 1.76709 0.811279 -16.5776 -14.1277 -11.22 -6.98682 3.68872 -10.9709 
-7.55005 -13.2825 -7.57495 -6.34668 -12.0168 -4.15186 -6.58252 -15.1777 7.93433 -7.2832 
-10.3369 -6.98877 8.96411 5.67358 -30.4519 -18.3 -22.1172 -2.14575 2.13428 -20.9788 
-1.14307 -5.3125 -6.55469 -13.4221 -18.717 -6.08252 11.8953 -31.313 3.28027 -14.8818 
-2.85474 -22.114 -10.9995 -7.90845 -29.342 1.59888 -6.53223 -13.4556 4.10571 -4.78906 
9.99414 -11.0369 1.74243 -11.6982 -10.6277 -16.6255 -7.22168 -2.18335 -5.49414 -5.26196 
-16.4128 -1.40723 -6.56909 -1.5166 -15.0024 -21.1833 -24.4114 13.4885 -15.8042 -10.2246 
-9.80029 -2.32349 -2.4873 -5.34204 5.8208 -8.9707 -12.1138 -3.36328 -8.60791 0.848877 
-4.57886 -19.4329 -2.88721 -11.311 -9.6958 -7.81909 13.1274 -18.9939 -4.27686 -18.1172 
-9.46997 9.22388 -4.49902 -7.33008 -11.6235 -13.3125 -4.39526 -8.19165 3.18091 -17.2124 
-25.9211 -0.747803 4.22534 16.0552 -25.0181 -11.8313 -42.7612 -10.1074 -14.158 -15.7578 
-21.3289 -14.8054 -4.16968 -9.9895 3.26318 -15.0232 -9.42065 -9.73022 -1.69775 -2.85645 
-18.4189 -5.38916 -1.9248 -4.12891 -12.6467 -20.8706 -24.0386 11.6135 -16.1414 -4.19702 
-15.0037 -14.3887 -6.45483 6.46313 -18.4387 -2.52539 -19.2053 -9.34253 -8.13086 -2.45239 
-12.1619 0.708496 15.9824 5.69238 -37.0723 -18.3904 -19.1416 -19.8962 3.03076 -23.4565 
-11.6909 -11.698 -4.94116 10.627 -25.2654 -8.58911 -24.0024 -1.3291 -5.03052 -9.87573 
-11.8694 -6.94043 -4.13647 -9.77905 8.60229 -15.2068 -12.2009 -6.18481 -10.0232 -1.23584 
-14.9392 -15.8918 18.3511 -6.18457 -2.22241 -17.7209 -7.02026 -27.3062 -13.3162 -23.4302 
-18.5652 -8.08667 -7.08496 -0.988037 -14.4907 3.72754 -15.4146 -20.6848 -4.89355 -6.04224 
-22.3313 -5.35791 17.6367 2.81372 -19.4988 -17.1667 -20.7446 1.3562 -7.95361 -31.0984 
-8.82568 -2.45654 1.9563 -2.73901 -16.562 -18.3718 -14.2295 7.5332 -4.47778 -9.84473 
-17.2207 8.85815 -14.4309 -2.54419 -8.94287 -10.7878 -11.8301 -7.3396 2.67041 -6.479 
-13.1003 -4.98682 -7.44849 -2.88232 -19.0613 -13.8459 -26.2808 11.6978 -12.1331 -6.81738 
-10.5339 -10.5662 13.4114 4.52246 -36.7217 -13.7542 -11.3604 -14.8149 8.39648 -31.9197 
-5.47949 -3.93262 -1.72046 -9.90356 -17.7231 -3.09961 9.88452 -30.1011 4.08374 -11.2146 
-3.7915 -11.3657 -3.21509 -11.2944 7.14111 -8.62231 3.85059 -6.05103 -7.17847 -8.45972 
-13.9453 10.052 -11.8379 -5.32446 -7.4519 -4.79932 -5.7085 -11.2734 1.33667 -13.6309 
-1.44971 -36.0103 -23.0833 -29.6975 -19.3452 6.51294 -1.16211 -6.90674 2.93701 -20.6636 
-6.4165 -15.155 4.70239 -1.86499 -11.929 -0.716797 -13.6707 -1.34668 0.00561523 -13.4341 
-6.90894 -5.96924 0.949951 -5.83667 -4.12549 -7.35132 -3.14648 -9.13989 3.46338 -12.1853 
-5.48706 -1.84106 -6.59937 -13.8083 -16.3623 -8.5979 10.7737 -21.9717 3.0686 -15.9714 
15.3921 -21.9556 -4.05835 -13.4414 -12.4849 -8.01147 -6.93359 -1.21338 -16.1887 -5.82251 
-4.2207 8.72485 -2.40576 -7.61523 -14.5662 -11.5347 -2.69409 -14.9509 3.7356 -17.1895 
-3.32813 -8.57959 -1.11621 -1.84644 -12.8745 -9.15625 -8.06836 -13.8872 7.65967 -4.52661 
-5.71924 -17.5437 19.5256 -0.972412 -29.3008 -14.7278 -9.70972 2.4519 -0.983887 -36.001 
-12.5007 -14.2549 -7.49146 -1.51904 -6.16577 4.22192 -11.5574 -6.85864 2.0769 -0.35376 
-3.66162 -2.51099 2.74097 -0.975586 -17.9797 -10.0542 -14.5352 3.0127 -5.70923 -12.8552 
-21.418 -9.73267 -0.886475 -0.411865 -30.6184 -14.3132 -38.9858 17.6396 -22.5645 -8.73486 
-9.94067 -12.6238 0.812988 -9.24072 -2.51074 -6.86914 13.9553 -18.2471 -6.4707 -17.083 
-2.7832 -3.78345 -5.54883 -0.566895 -11.7646 -3.07642 -16.3997 -9.9751 -4.85474 4.93262 
-13.6003 -2.11938 -6.91772 6.77539 -25.884 -4.58643 -29.3293 -15.1555 -9.021 2.88867 
-5.11328 -7.125 -7.66284 -4.95239 -9.74609 1.97168 -4.34448 -5.43774 -0.762939 -2.96338 
-17.323 1.79614 8.05444 -0.717773 -17.4209 -13.4343 -8.28491 -25.4407 9.67407 -13.6604 
-4.8042 -9.20288 4.90747 -10.0996 4.33447 -5.34912 -9.0144 -4.44824 -11.699 -0.656982 
-15.7903 -7.47314 17.3987 -0.897217 -8.17041 -19.6418 -5.68408 -24.1116 1.26709 -33.0876 
-15.072 -11.4119 -3.88403 -14.7087 10.425 -17.0625 -6.51367 -2.96362 -8.36353 -9.80469 
10.8416 -4.33398 -3.2478 -14.124 -10.1172 -4.22437 -3.54614 -2.09277 -6.88501 -8.67896 
-0.458496 -4.28247 0.686035 -5.49609 -17.9102 -5.91211 0.0439453 -10.7249 5.4646 -9.6814 
-8.25073 -0.728027 1.19604 -1.14941 -9.73438 -11.4724 -9.69141 -16.0747 6.95532 -9.27368 
-17.2058 -11.2412 -11.3774 13.4692 -38.1511 -6.13794 -28.5613 -13.9355 -4.04785 -9.16992 
-11.3357 -11.812 -6.99805 -4.9519 5.79907 -8.38086 -7.6416 -3.32788 -5.68774 -1.92578 
-12.6741 -11.9666 -3.75122 -6.30103 -4.92407 -11.7109 -14.4519 -7.31616 1.24902 5.32031 
-6.74512 -3.98486 7.74219 -0.73877 -17.4492 -6.44629 -10.4895 -14.1177 -3.57666 -14.1938 
-20.5515 -12.0537 -6.34326 -2.26416 -26.4788 -17.1584 -30.1006 13.5171 -6.91772 -6.81128 
-22.3167 -24.3625 -20.2668 -9.75659 -28.5615 12.6851 -18.3884 -13.0151 -16.3835 1.11108 
-12.8193 2.84375 -9.28003 -10.9265 -13.2402 -10.5781 -10.426 -5.03101 4.8689 -4.3147 
-0.796143 -3.6438 -4.21704 -2.6377 -6.95605 0.561523 3.09351 -10.6887 1.61499 -5.39819 
-17.3215 -22.4399 -11.9026 3.09009 -32.1572 1.40088 -28.8052 -11.011 -9.90869 5.12695 
-10.252 -12.7209 -6.55811 -13.3784 -13.9241 -0.884033 13.4539 -34.3354 3.50879 -9.88281 
13.8831 -13.4836 -2.08667 -8.86182 -34.3584 -1.93433 -11.3245 -5.01392 -7.50732 2.50439 
-5.32837 -11.072 0.23999 1.33154 -19.9751 -8.24902 -12.7209 -10.771 5.85864 -7.56445 
-7.14478 -15.6482 0.124512 -7.93188 -5.83203 -5.85571 11.5757 -28.8228 2.38257 -10.4146 
-20.092 -6.06616 -7.55786 -2.1731 -14.8042 -20.9807 -17.0278 7.88721 -8.47803 -6.3313 
-8.24268 0.840332 -4.37769 6.37988 -22.8918 -0.851563 -23.9604 -8.2561 -10.4482 -0.615967 
-3.66309 -18.032 2.104 -13.2764 -9.61011 -2.44287 11.1799 -19.1121 -1.29028 -22.115 
-15.0032 -4.71094 -6.96191 -5.70605 7.03687 -12.0378 -13.9685 -4.5271 -4.37622 -1.96704 
-1.83984 -12.4736 -2.34204 -6.31641 -6.92334 -7.85718 -8.06665 -5.81763 -5.86426 2.34717 
-14.002 -21.6414 -9.83447 -14.7456 10.7463 -11.7827 -12.8076 -3.53687 -6.14844 -2.38599 
-8.57349 -4.35962 -3.58472 -5.98975 -1.01221 -3.5105 4.35327 -10.3628 0.2771 -3.771 
-5.55786 -7.95483 -8.23438 -16.6521 -21.5935 3.59253 7.37061 -14.8127 2.30762 -11.0564 
-11.4111 -9.42285 3.47021 8.19312 -33.7969 -14.321 -27.2625 -12.0532 5.51001 -12.6348 
1.40894 -13.1523 8.91528 -6.59155 -27.0205 -10.3328 -9.18628 -16.1838 3.27588 -13.6812 
-10.9771 -8.28784 -5.68579 -6.96167 8.21216 -12.1721 -6.22388 -6.0564 -7.06738 -2.84033 
-14.2637 9.28735 -13.4441 -5.92529 -3.12134 -7.75122 -7.21387 -5.50635 -0.556885 -4.92139 
11.0081 -27.0781 -6.729 -17.7183 -8.25171 -12.3445 -4.07837 -1.23291 -12.4063 2.02832 
-6.88745 6.70605 -8.07446 -7.41797 -3.49048 -7.56836 -4.38452 -7.96069 -3.7312 -4.40576 
-0.718018 -2.71436 0.559082 -7.76343 4.88818 -8.40576 -3.55615 -4.01318 -10.7339 -3.53271 
-2.04663 -10.8972 -3.20386 -14.2502 -0.638916 -5.36255 14.3977 -16.9468 -7.03052 -23.262 
-13.6294 -10.8362 14.3845 -0.0554199 -21.7483 -14.093 -12.8733 -7.57422 -2.36987 -34.6624 
-12.2612 -10.3655 -11.147 -10.0044 -12.9912 -11.449 -13.1931 -3.01196 3.55298 6.58154 
-6.94897 7.4939 2.50317 -8.24976 -4.55249 -25.8284 -8.59155 -2.39673 -2.55688 -15.6553 
-13.4763 7.98901 -13.3691 -6.12231 -4.89771 -13.6143 -12.1797 -4.16919 -2.07739 -2.14746 
15.0664 -24.1211 0.35376 -6.44092 -32.5752 -9.81982 -17.4143 -6.17725 -9.7998 1.66675 
-7.68359 -19.4702 -1.23584 -7.65649 -20.5828 -2.17188 8.37646 -34.5144 1.38428 -13.1909 
-11.4177 -4.2168 -4.72852 8.67261 -28.8474 -7.15845 -33.8333 -9.11279 -10.728 1.29126 
-9.30615 -9.62109 -2.3125 -3.78101 -3.54932 -12.7434 -19.3455 -5.02881 -6.10425 6.54736 
-11.2461 -18.3066 -15.2632 -4.19141 -31.4529 7.25122 -18.0339 -11.0293 -10.1885 2.69849 
-7.53076 -11.0281 -1.14502 -8.22607 -7.67261 -3.65967 9.85376 -23.2019 1.57764 -10.2048 
-12.1897 -20.3008 -14.9973 -6.31689 -26.0906 3.14209 -8.41943 -3.71875 4.76147 -0.433594 
-6.8064 -4.78735 -4.45215 -4.65356 -10.2644 1.27734 7.50513 -16.2576 -0.885254 -10.6294 
-11.0684 -12.0525 -13.1033 -3.10425 -20.304 6.99951 -9.87671 -22.9294 -9.89209 -2.36499 
-13.3948 -13.1309 -14.2 -1.28174 -14.679 -5.02808 -19.0996 -10.4822 -0.343994 7.07031 
0.512207 -13.426 -5.01807 -8.76172 5.02759 -7.63159 -3.12866 -4.60498 -3.70215 -2.89111 
-4.01855 -15.2754 -3.01563 -4.48755 -12.4854 1.94751 9.80786 -21.1182 3.69336 -14.6006 
-14.031 -5.67847 -4.72827 -8.09497 8.37598 -14.3926 -11.5596 -3.05981 -3.08325 -3.86304 
-14.4573 -11.7302 -10.8633 7.04712 -22.8279 -6.00757 -24.8325 -8.09595 -6.92285 -0.836914 
5.89722 -18.6846 -2.23291 -5.2002 -18.0732 -8.76245 -9.72192 -5.18433 -3.87622 3.75342 
-16.3496 7.01392 -9.41089 -3.00562 -3.8208 -1.99414 -8.89868 -11.6677 2.56445 -6.78174 
-10.8264 -4.45752 2.84717 6.21509 -19.3079 -7.50732 -24.8015 -0.199219 -3.43018 -5.52417 
-17.3259 -12.825 -12.3384 -11.0259 11.3176 -17.7219 -13.2659 -6.98291 -0.202393 -4.6499 
-15.5474 7.8562 -11.0859 -3.41553 -4.77588 -2.38696 -6.82788 -8.68774 2.12646 -6.58545 
-10.1748 -8.94507 -2.87549 -3.62842 -6.78418 -14.4521 -21.6028 -3.29761 -3.21118 7.07788 
-18.0435 10.2593 -13.842 -6.39624 -4.18579 -9.40381 -10.6145 -7.68066 2.25195 -6.19482 
-4.60352 -3.19092 8.99072 -3.18164 -20.543 -17.6265 -9.64185 0.900879 0.384521 -11.4841 
-14.8909 8.92432 -14.0571 -8.58789 -0.602295 -14.5906 -10.6245 -4.51318 -1.2146 1.16309 
-9.19678 2.86084 -1.71777 -5.41821 -6.08984 -15.8528 -4.92041 -5.94165 2.70776 -8.17603 
-21.5295 -10.4609 -14.5208 -8.36621 -1.36987 -8.44727 -14.9092 -8.51758 -4.65991 11.2751 
-13.3335 -6.7334 -6.1377 10.6655 -13.6824 -8.7085 -25.45 -10.9465 -9.0874 -2.72754 
-17.7605 -15.9204 -20.0686 -3.89453 -26.6755 7.14648 -21.23 -6.04883 -4.93066 3.33716 
-15.7373 -11.7585 -7.95166 -7.1377 8.82422 -13.6692 -14.0151 -3.37598 -3.64917 -7.21875 
10.4187 -9.33447 -0.435303 -8.25439 -30.3926 0.870605 -8.12085 -2.83057 -11.5437 -14.0073 
-6.0979 1.41357 -4.76709 -10.0618 -6.68164 -8.29297 -12.4973 3.27124 -5.85254 -0.0622559 
-3.68115 -4.12598 -3.51831 3.25732 -15.5325 -5.18677 -6.83887 -12.7136 2.80249 -10.5813 
-9.81934 -9.2041 -3.48804 -14.043 -2.34741 -6.01514 15.2095 -23.4958 0.0512695 -16.2732 
-11.9817 7.89722 -12.3276 -5.12817 -6.625 -2.06714 -2.8291 -8.87134 1.66211 -9.1228 
-17.4714 -2.82617 -11.4077 -2.33325 -12.208 -22.5327 -21.2864 7.38135 -4.5896 -9.3938 
-5.93579 -6.03125 -10.1575 -10.8621 -11.511 4.29639 1.44604 -2.23682 0.50293 -4.38965 
-19.0967 -17.0647 -13.4321 -10.8904 -23.9771 6.11621 -14.885 -13.2744 -8.24316 -3.71118 
-20.321 -14.7993 -2.13989 15.019 -34.2258 -9.79614 -38.9424 -9.53271 -8.32007 -4.05396 
-20.7876 -14.0269 -8.03833 11.0093 -19.877 -8.46631 -28.7556 -12.9192 -9.29614 -1.51563 
6.86548 -16.2002 -3.17456 -10.707 -6.00366 -13.0654 -5.02979 -4.82642 -13.8491 -8.98169 
-14.0427 8.86108 -16.4392 -5.2168 -4.84961 -5.2583 -5.54004 -9.24634 0.537354 -3.11401 
-6.95923 -7.36133 -10.8555 2.07617 -10.2969 3.22388 -8.22021 -14.7346 -4.49146 -4.18042 
-16.5291 -11.2505 -10.5542 -5.00122 -16.687 -19.9861 -32.0117 14.1309 -20.5154 6.90869 
-10.9875 -27.0527 -10.7822 -4.48193 -16.4041 4.44849 -7.14697 -13.699 3.10254 -0.330811 
-8.75708 -0.784668 -1.23535 -2.87012 -22.5967 -7.17383 -12.5713 -5.04468 7.35181 -8.26733 
-3.73462 -9.51172 -3.64404 -9.62964 -14.5806 -11.4385 6.29688 -10.9368 -2.8252 -7.16235 
-12.2905 -14.0005 -4.17822 -5.94141 -10.6814 3.14697 -3.29907 -17.7415 2.53027 -9.13721 
-13.1917 8.56982 -11.7837 -5.43433 -6.25781 -9.45508 -7.26807 -7.58081 -0.64209 -3.77832 
17.4429 -17.3633 -1.69702 -20.7712 -22.3606 -7.27563 -6.21729 -3.06738 -5.31665 -5.52832 
-9.20654 -3.79517 -10.5496 -11.5286 -1.21411 -12.1199 -1.24292 -11.0432 4.01563 -8.40625 
-8.9231 -20.9749 5.25977 6.42554 -34.606 -10.123 -18.8066 0.906494 6.17676 -21.0513 
-21.2915 -12.2329 -11.7327 12.4304 -39.3044 -0.155273 -34.4766 -13.137 -10.2424 3.38599 
-21.4849 -13.6018 -9.01855 -11.8699 10.6902 -16.0305 -12.3206 -8.50952 -3.56787 3.43994 
-6.771 -20.0354 -9.42993 -14.374 -15.8557 4.79053 9.00635 -23.3823 -8.07397 -11.0234 
-17.2024 -19.7026 -2.29907 -9.66772 -15.0549 -12.1218 -33.3674 12.1194 -12.5613 1.07959 
-5.16968 -1.18408 0.192383 -3.45923 -4.56299 -8.11035 -12.4958 -4.76123 -4.32349 4.5813 
-3.82886 -4.80225 2.08423 -3.61133 -17.4094 -13.5181 -6.34473 -6.82593 7.35303 -6.3042 
-8.66162 8.40503 -4.78979 -9.14526 -8.21582 -12.5251 -5.99634 -7.8208 -0.108154 -13.5554 
-12.2432 -12.5969 -3.65527 -8.97021 0.268799 -8.7854 -2.85254 -10.6016 7.13013 -13.9866 
-22.5613 -4.53101 -18.6375 -12.2522 3.31274 -11.3271 -11.7791 -2.38232 -1.25781 7.28711 
-16.2991 -9.7915 -13.2913 -4.39014 -4.73975 -15.4956 -15.4309 -1.4668 -7.63428 7.82104 
-7.17847 -5.61035 9.97803 2.94409 -30.3037 -11.3506 -19.3381 -10.4336 1.76636 -18.0894 
-5.72974 -3.69019 -3.75391 0.489258 -18.4053 -5.99878 -5.43115 -18.458 8.22266 -6.07886 
-1.28638 -15.9043 -5.53784 -12.4717 -4.33496 -4.15601 11.9365 -9.41138 -10.4229 -17.4097 
-0.778076 -5.32227 12.4104 5.98877 -49.0015 -20.8347 -20.7886 -2.77881 5.51807 -23.0327 
-12.9502 -0.889404 -1.75781 -1.2124 -9.99365 -11.6545 -19.0427 5.8938 -13.0913 -1.46362 
12.6943 -21.0625 -4.37842 -8.61816 -19.9783 -1.1123 -7.5166 -5.23633 -6.96802 -4.22876 
9.30151 -13.6641 -4.25586 -13.1921 -12.6885 -2.44507 -4.53491 -4.31274 -10.3782 -5.03101 
-6.96606 -23.7966 -0.554443 -12.575 -11.0371 -7.1521 17.2468 -30.4065 -2.73511 -23.5676 
-10.0935 -4.98608 0.067627 -1.01611 -13.1416 -6.63892 -9.00732 1.70825 1.64819 -17.769 
-9.48975 -18.9275 -8.83228 -7.25244 -24.7881 2.43042 -12.1418 -9.28345 -4.6875 -0.950195 
-6.3855 -10.3459 -2.55957 -4.57446 -11.6318 -7.1377 -4.18872 -18.9756 8.4314 -9.58472 
-0.210205 -10.8828 -2.84155 -8.53711 -5.20435 2.41772 8.62744 -15.6104 -0.165771 -17.9834 
15.793 -13.751 1.03931 -14.0393 -17.1167 -8.54956 1.42358 -9.41748 -0.0683594 -12.3032 
-18.5676 -23.5042 -6.52417 -5.44409 -4.2522 -6.40771 -19.7988 -16.7563 -0.306641 5.29224 
-20.5693 -4.93945 2.41431 11.7827 -20.0313 -3.0459 -34.4961 -11.3818 -7.23193 -15.4387 
-4.09448 1.98169 -3.44873 -12.2888 -3.35156 -8.02271 -13.4871 1.93652 -6.75146 1.09546 
-11.7769 8.13892 -12.3213 -4.8667 -3.12793 -4.03052 -7.25977 -4.55542 -1.5708 -1.03223 
-17.3562 -13.6047 0.222412 5.87427 -21.9456 -3.62964 -29.9148 -12.8469 -6.03442 3.00659 
3.33179 -10.5024 -7.71265 -9.16064 -22.4375 3.69727 -1.08862 -0.84668 -3.43628 -9.82202 
-21.0566 -10.2456 -5.6875 -7.64014 3.80591 -21.6208 -13.1926 -6.5437 -0.907471 -0.333252 
-10.4182 -10.3506 1.47461 6.93921 -24.0986 -11.6841 -19.415 -8.47559 2.53027 -11.6018 
-13.4973 -10.47 -2.51636 8.64893 -26.1375 -7.55127 -25.5137 -8.12866 -5.23975 -4.62085 
-11.7078 -8.9502 -8.23999 -2.0376 -31.3198 9.49731 -17.582 -14.5774 -11.7771 -0.589844 
-21.397 -17.1477 -25.3586 -5.7146 -30.3687 14.2012 -16.0359 -27.5 -5.54102 3.29614 
-3.89087 -7.04492 -2.6709 -7.50903 -6.65674 -2.72095 10.7021 -18.1362 -1.88965 -16.9478 
-25.3225 -13.0769 -20.0662 21.2688 -59.5583 -9.02612 -43.3247 -2.55176 -9.17725 -8.99976 
13.9241 -8.59106 -0.3479 -15.5725 -15.3262 -6.24048 -0.967041 -9.41309 -0.262695 -10.116 
-12.7534 7.06226 15.4172 -2.83911 -38.0222 -8.21167 -15.3359 -11.8733 -6.08374 -28.1006 
-14.3896 -7.0022 -0.497803 10.6885 -21.123 -8.14844 -28.1826 -13.499 -10.1685 -9.46289 
-15.4463 -27.26 -7.70117 -8.54077 5.76904 -6.86694 -9.58032 -9.62256 -0.727783 1.53076 
-7.39648 -2.41211 16.207 -0.253174 -45.6235 -17.083 -21.292 -5.30273 -3.68433 -24.8364 
-16.4211 -16.4702 -11.4973 9.50024 -27.8975 -9.85376 -32.6282 -9.4082 -3.12646 -1.58301 
17.5884 -15.2859 1.50562 -10.7405 -22.7163 -4.82935 -4.13208 -7.77148 -2.10742 -3.41553 
-13.1057 -20.7026 -5.18457 -4.00317 -6.63281 -9.27661 -22.9644 -4.1543 -4.33472 7.39502 
-14.5862 -6.81567 -11.9041 -6.43091 -4.7959 -5.37964 -21.2991 -5.56592 -3.9231 11.7913 
-8.21094 2.7251 -9.6897 -8.83984 4.91846 -7.71484 -6.30298 -4.05029 -2.26611 2.55444 
-18.4646 -25.9514 -4.43091 -4.20923 -16.116 -8.89502 -40.0095 16.3452 -15.8452 -7.09155 
-11.448 -1.50366 18.3655 3.78271 -47.2251 -19.0823 -19.158 -21.9995 2.38135 -29.2554 
0.873291 0.12915 -1.42603 -3.51587 -16.176 -6.79639 -3.33447 -10.085 3.81104 -5.64722 
-22.9604 -7.96753 -12.9668 -11.4841 9.88794 -15.6482 -11.2578 -5.63843 -0.532471 1.49243 
-11.7073 -10.7891 4.13696 -3.87646 -23.0481 -16.3206 -22.8296 5.84375 -2.07422 -11.0923 
16.0491 -22.894 -4.66235 -14.1548 -27.603 -9.17896 -10.7659 -3.0498 -15.3533 -1.104 
-3.19653 -5.74878 -0.78418 -10.9814 -9.31787 -3.85693 8.21191 -10.6768 -0.536865 -12.7651 
6.9624 -8.24634 7.50806 -3.80176 -25.4734 -10.1213 -10.8413 -3.92139 -1.49194 -9.59766 
-19.4282 -11.1482 -6.20654 -2.86426 -3.90137 -6.10059 -11.0586 -7.04028 5.15576 -0.286621 
-19.6768 -13.3601 -6.02002 3.11304 -27.8879 5.06982 -24.7676 -21.1941 -4.08789 -0.168701 
-9.85522 -5.35645 18.6924 5.94824 -48.8081 -22.3245 -18.8176 -15.0989 7.00366 -31.3608 
1.56665 -4.48901 0.273926 -7.97632 -22.3271 -7.2146 -12.2188 -11.0862 8.31592 -10.2043 
-28.4316 -21.3774 -20.3906 -13.2642 -26.3438 12.78 -11.574 -14.5393 -3.49829 -3.70996 
-7.58325 -16.2246 -5.08691 -3.89819 -17.6563 -8.63867 -30.3 6.83594 -15.7554 -3.65503 
-12.1235 -13.6799 -0.129395 3.84985 -26.0574 -2.50098 -32.9912 -11.9307 2.26733 1.28296 
14.7058 -15.7537 -2.93335 -15.0667 -23.3027 -2.43262 -7.02759 -4.0498 -13.426 -2.02026 
3.38696 -20.7444 -2.40454 -9.1145 -20.5513 -2.54761 -0.604492 -20.0188 5.56396 -10.6931 
-9.55908 -3.47925 18.2148 7.03687 -52.3223 -20.5947 -20.1726 -11.3457 0.915771 -32.6396 
-9.27344 -4.46826 1.2229 -2.62695 -3.38208 -7.81323 -15.8838 2.37793 -1.03174 -2.52563 
-3.53735 -4.08936 13.8816 -5.92676 -35.9973 -25.8853 -14.197 -18.6091 3.25024 -23.1104 
-0.285156 -9.8938 -0.0327148 -2.24072 -26.7878 -11.3411 -6.64136 -17.0837 9.06812 -8.396 
-10.1462 -2.9834 14.3325 1.80249 -21.3025 -19.8962 -12.0562 -13.6018 3.01196 -22.6951 
-18.9338 -6.44531 -10.2769 0.0385742 -30.3896 7.98853 -18.7219 -29.7312 -5.91528 -5.49438 
-20.6956 -12.6206 -16.3091 4.10718 -38.8662 12.0591 -26.2483 -17.269 -17.9392 2.96704 
8.56885 -16.7688 -12.4626 -22.7964 -8.91016 -3.65259 -12.1665 12.4148 -16.292 2.38257 
-2.86133 -6.58545 -6.05225 -17.1125 -21.1362 -0.237793 8.20605 -28.2341 4.08838 -8.73267 
-6.35229 -6.75073 -5.05347 -8.6499 8.84497 -11.7708 -8.31567 -1.51147 -9.89868 -4.83618 
4.05566 -7.83398 -1.98218 -8.10913 -10.5081 -1.34399 -0.727539 -6.94507 -3.51611 -3.54199 
-7.91821 -3.00464 -4.29419 -5.75464 -8.70801 -12.439 -7.84277 -18.99 9.24902 -7.98633 
-13.2317 -0.674072 -6.91992 -9.17847 10.7646 -17.6018 -9.13721 -0.460449 -6.04932 -10.197 
-13.541 1.1438 -3.93848 -7.38574 -14.8616 -10.4543 -1.2627 -17.5732 9.60156 -11.0496 
-16.105 -2.79614 15.2881 5.2688 -14.51 -13.1877 -11.4236 -0.746338 -6.06909 -36.5425 
-9.20605 1.99146 -0.302979 -2.18726 -10.9768 -18.8254 -19.3784 4.04028 -9.50537 -7.93359 
-10.0713 -18.8931 -1.03003 -11.5259 6.59399 -14.0857 -5.99585 -12.3906 -6.75171 -4.70898 
-12.7009 -16.688 -5.08716 -6.03247 -7.38843 -0.644043 -5.70361 -7.82788 -1.26733 -0.828369 
-14.5564 -3.07422 15.0212 1.3479 -23.7268 -15.3931 -17.8464 -4.47534 -0.218994 -31.4019 
15.6853 -8.46265 1.36182 -9.14819 -26.1824 -4.24194 -3.94458 -11.2817 -11.9133 -8.99341 
-11.9463 -13.3779 -1.06543 7.17725 -25.5598 -8.55762 -33.356 -12.6084 -4.56494 2.7439 
-4.55835 -18.4946 -0.932861 -0.938721 -11.4307 -8.38574 -13.4502 -6.85327 4.36206 -0.0307617 
-20.4629 -7.79077 -12.4565 -10.2913 0.594727 -12.6284 -10.8352 -4.24023 2.81665 6.20776 
-2.74121 -5.56519 1.5542 -5.96948 -9.71313 -3.27734 6.60229 -15.6648 0.778564 -19.5266 
-11.7944 -0.579834 -9.02319 -3.79492 -8.31934 -18.3149 -17.2178 8.17993 -14.4731 -1.07568 
-10.0632 -1.43579 13.708 -1.38354 -33.4067 -10.6592 -12.9309 -11.7468 3.96069 -20.8262 
-14.2671 -14.4487 -12.397 -2.38916 -11.3843 10.5759 -21.2715 -5.25586 -4.427 -0.688965 
-7.95483 6.03394 3.3186 -6.44141 -13.5403 -6.85376 -0.596924 -8.43384 -0.631104 -23.7727 
-20.4109 10.2854 -9.94507 -4.48804 -5.92041 -8.67603 -13.6165 -9.81836 1.87476 -3.09155 
-11.5447 8.75684 -7.04443 -6.74878 -10.9502 -12.491 -7.33301 -4.55444 0.666748 -11.4658 
-2.82568 -7.08496 12.4214 -1.9624 -48.4329 -17.8589 -20.8669 -7.65527 2.66846 -18.8215 
-19.7026 -9.70898 1.38062 13.8145 -29.6868 -8.46729 -39.1143 -17.637 -9.09131 -11.1821 
-8.0918 -13.458 -5.36401 -17.6833 -6.78076 -5.18481 16.0166 -14.9211 -9.31055 -22.7734 
-21.1946 -0.248779 -0.495605 -2.46094 -16.8342 -22.0088 -31.3452 15.5032 -20.396 -9.35352 
-11.822 -7.2561 0.200684 -3.66211 -14.7129 -5.85425 -5.63184 -17.0784 7.24414 -8.34619 
-8.77808 -6.0249 -1.88257 -0.483154 -22.5859 -21.1658 -26.1687 6.8938 -4.39429 -3.34375 
-2.01611 -14.9844 -2.0498 -16.9692 -0.911377 -10.2329 10.0569 -5.24243 -7.25 -16.0347 
7.4165 -24.4082 4.84058 -10.4058 0.181152 -13.5847 -1.83667 -5.68872 -4.7981 -13.844 
-4.93628 -14.6179 -0.168213 -4.40356 -18.248 -11.1309 -10.7051 -10.8442 6.7124 -0.536133 
-11.9104 -10.26 -5.48828 -5.30688 -6.98267 -15.4746 -17.644 -0.991211 -0.122559 6.12378 
-6.91479 -8.91406 -2.97168 -4.16016 3.26709 -6.83838 -12.7756 -3.9187 -8.1145 5.33643 
-10.0603 -3.34277 -5.7207 -5.47559 -22.002 -11.8645 -14.657 -6.30493 8.68335 -7.48853 
-7.16333 -15.3879 -3.04761 -8.04321 -7.50806 -1.26245 10.3926 -23.0828 1.17114 -10.561 
-20.1602 -2.51343 0.0473633 10.9055 -22.5969 -0.897461 -23.2065 -17.0664 -16.0674 -20.9624 
-2.80249 -3.82495 -0.673096 -5.59546 -18.8772 -9.63965 -9.72192 -14.3726 8.30566 -11.9409 
-7.82617 -10.3552 -13.9802 7.83252 -16.8589 -0.0727539 -14.2637 -20.3965 -9.48779 -4.00659 
-9.25806 9.91162 -6.18115 -7.03027 -8.06348 -15.9675 -9.67725 -5.66211 3.07324 -14.248 
13.1631 -11.7551 -7.08252 -9.86572 -9.26147 -9.43408 -1.54565 -6.30371 -20.3708 -13.0256 
-6.42334 -13.7971 -3.14453 -4.58203 -10.1736 0.179199 14.1946 -22.0398 -2.65332 -18.9165 
-9.60791 1.69092 16.5759 2.52319 -37.3784 -18.0195 -16.3198 -16.4185 6.13086 -26.6536 
-7.12451 -8.98999 12.6819 1.98193 -32.2109 -14.8901 -19.7727 -0.612793 -0.19751 -21.0308 
-18.7693 -20.1362 -14.7251 -4.28564 -28.9602 11.6477 -14.8455 -4.61084 3.66064 -17.8174 
-16.4863 -7.04419 1.09253 -11.2129 -6.56616 -2.17554 13.1208 -27.2446 -0.878418 -18.9202 
-19.3992 -17.0244 -11.9419 -3.14185 -2.68823 -4.81152 -20.4668 -1.44751 0.21582 7.63477 
0.0244141 -8.74048 -3.62842 -0.546875 -23.1541 1.2915 -9.11865 -8.45459 1.13696 1.25928 
-4.22314 -10.0359 -1.37646 -3.50464 -22.2454 -9.63428 -10.0286 -9.41284 8.24512 -7.42139 
-11.644 8.29321 -11.7239 -5.36401 -2.66528 -10.8088 -6.99805 -4.68555 -0.256104 -4.39185 
-14.5247 -17.0061 -6.46362 -17.9341 12.4529 -21.6284 -10.8464 -6.03516 -8.92578 -1.38525 
-20.2839 11.5527 -13.5439 -5.73657 -1.79736 -7.66406 -10.1111 -13.7937 1.25122 -2.1897 
-12.2336 -4.70605 -4.72412 -0.0673828 -18.9143 -17.0679 -26.1868 9.18677 -7.72046 -4.7478 
-12.4155 -4.76855 2.8772 1.55005 -14.6145 -9.74805 -11.3179 -6.08105 6.51123 -17.2698 
-20.0171 -10.7837 -11.5771 -7.90234 8.08472 -18.1426 -15.0637 -4.78931 -3.60181 -1.46509 
-8.30176 -27.783 9.76196 -18.1431 -18.0896 -2.30005 23.301 -39.0574 -3.32764 -36.0403 
-16.0518 8.53516 -14.79 -3.09058 -5.12866 -3.42603 -7.6228 -8.91553 0.633301 -3.91284 
-10.0879 -13.7307 -10.3435 -5.43921 -16.3701 -2.41479 -7.34155 -13.5542 8.71484 -5.85132 
-25.5339 -17.4673 -10.7522 -15.103 11.3582 -14.9885 -10.2043 -8.646 0.298584 1.01196 
-4.31689 -2.75635 -7.04639 4.36157 -14.1216 2.9668 -18.0925 -9.31152 -10.1992 -3.95728 
-8.51904 5.83984 -8.15527 -4.13843 -3.37671 -10.595 -9.73193 -3.90234 -1.01416 -4.14209 
-6.70483 -8.98682 11.6704 0.643799 -4.41431 -17.5771 -4.98999 -16.1797 -1.39355 -21.769 
-5.4729 -9.4082 1.80005 -6.2998 -12.1721 -6.33862 -5.15186 -13.3787 5.85449 -9.79102 
14.7239 -19.5762 -4.47144 -15.0264 -14.5105 -6.20288 -9.93726 -3.81274 -20.2327 -0.609375 
-5.3374 -4.70898 2.43188 2.89111 -29.3811 -10.4861 -16.1685 -10.1497 10.5779 -11.3105 
-17.4419 -15.8452 -8.38403 3.01074 -29.8286 4.62036 -21.3928 -24.0908 -8.02466 -1.9082 
-8.00122 -13.8506 -6.30103 -7.10376 -7.64966 -11.2139 -18.4314 -3.74268 -6.69727 7.62549 
-15.3623 3.66284 9.60376 5.20703 -33.2061 -6.93628 -25.6533 -8.50269 3.20215 -17.6794 
1.5896 -13.6909 -6.09399 -12.2581 4.36792 -4.70752 3.53125 -2.64429 -6.76758 -8.0481 
-18.9187 -4.23071 18.4727 0.00732422 -25.1418 -11.7073 -14.5818 -21.5906 1.25317 -24.2954 
5.36133 -11.5793 -6.58081 -10.1272 -9.6189 3.52124 -2.20459 -10.3086 1.57959 -11.5132 
-2.08447 -12.9153 6.64502 0.814209 -17.479 -5.71289 -11.9944 -12.4177 -2.42725 -7.65063 
-14.3628 -5.00586 -6.18994 -4.48828 -17.7405 -22.3623 -21.9927 13.3884 -10.9561 -7.55249 
8.64185 -16.5127 -1.31299 -9.67163 -21.2927 2.052 -7.05444 -6.85571 0.574951 -5.6228 
-3.69189 3.6626 -12.4705 -4.71143 -9.64209 -5.82642 -8.6687 -5.79736 2.7915 3.31177 
9.54956 -6.30396 1.99902 -10.9072 -13.9351 -9.552 -2.19922 -6.00366 -4.50049 -16.2114 
-5.36816 -0.752686 16.4448 -0.931152 -47.3679 -24.252 -17.7043 -15.7795 2.47852 -26.9453 
-14.6279 -13.844 -0.368164 3.39893 -32.8447 5.15186 -24.3477 -12.8347 3.67993 -4.64404 
-7.08398 -10.8865 2.56152 3.89038 -30.7927 -19.4119 -24.6069 7.70093 1.85425 -11.438 
-6.87183 -17.9861 -6.01196 -12.5935 -12.4827 0.373047 12.9465 -32.9573 -4.38965 -15.7078 
-10.9004 -10.886 4.68652 -4.40918 -14.5195 -13.0603 -17.5591 6.72388 -5.40381 -13.1633 
-20.2524 -9.82349 -10.3508 -2.95093 -1.74756 -12.7598 -22.8699 -2.96411 -4.15747 10.5457 
-10.729 -6.55347 -7.5415 -11.7803 5.02515 -11.6394 -7.1582 -3.6228 -7.29346 -9.76074 
-8.74072 -0.193115 7.58276 -2.37329 -15.2856 -11.6926 -11.2605 -4.33105 0.535645 -8.15894 
-3.44482 -12.1724 -7.73169 -22.6863 -11.2727 -2.31104 14.3503 -34.9412 4.60645 -13.2817 
-3.50439 -5.27051 12.0256 1.28149 -12.811 -16.2061 -1.15723 -13.8713 -3.76172 -31.3647 
-28.8979 -17.5686 -11.417 -5.14087 14.4771 -12.2144 -23.3975 -5.83911 -0.611816 -4.89258 
-12.1707 -0.966064 -14.1284 -11.124 7.27563 -15.4932 -10.6143 0.327881 0.742676 -3.92627 
-7.15991 -12.4658 -2.73438 -2.20972 -12.1121 -8.30029 -8.85718 -13.7725 7.73779 -0.683838 
11.584 -3.7168 -4.18726 -14.645 -19.8506 -5.2561 -7.12622 1.34302 -4.37256 -6.3606 
-10.5493 -5.47241 -7.30737 -13.9055 8.77197 -14.9434 -6.24854 3.49512 -9.9458 -6.94141 
-11.3591 -7.39697 -7.90649 -9.90967 8.38354 -9.68579 -11.4353 -7.22656 -5.08105 -2.98462 
-22.2188 -19.1606 -17.2759 -6.62769 -29.2524 8.44482 -19.9297 -14.6692 -10.0515 -2.44556 
-2.97705 -4.60645 -3.14355 -1.87134 -26.2383 -6.27588 -11.9385 -6.97119 7.22632 -5.86865 
14.877 -12.3083 3.16919 -11.7188 -18.6655 -8.48706 -4.94409 -2.36987 -0.514893 -9.31982 
-6.48047 -8.44116 -1.60645 -9.37549 -1.6604 -4.63135 9.83496 -10.6077 -3.71729 -14.6592 
-4.33594 -13.7766 -1.31592 -1.51685 -22.1936 -11.0254 -9.35547 -10.6455 9.56348 -7.19165 
-13.4678 -15.0125 -1.88281 -6.26538 -7.50659 -16.6125 -14.0459 -4.75464 0.238037 6.03516 
-8.30884 -9.70068 0.438232 -2.16577 -23.7764 -8.79468 -17.5044 -11.3721 9.29932 -8.64307 
-13.3823 -19.707 -8.05884 1.57837 -29.9524 5.03369 -20.197 -11.8408 2.61475 -4.97729 
-12.8262 -21.1841 -11.532 -17.1072 -23.0874 6.1272 12.3855 -36.6895 -2.42456 -17.6504 
-10.6887 -12.2205 -3.25977 -5.82251 -0.598145 -11.7546 -16.8452 -5.6792 -8.74829 6.89893 
14.313 -13.5588 -6.8855 -9.54419 -25.5767 -3.30005 -6.9502 -4.2085 -20.3999 -7.71436 
-16.5259 -12.7683 -10.3499 -10.3618 7.89844 -10.5234 -9.91699 -6.03955 -1.62744 2.53101 
-5.30859 -15.2957 2.87183 -8.13623 -18.1094 -9.80933 -5.76758 -9.29834 8.99561 -9.98999 
-24.1636 -15.9387 -8.36011 1.35571 -30.5398 -20.0652 -36.7996 15.0474 -10.9031 -2.81226 
-6.78955 4.75708 -5.14111 -7.72607 -15.6587 -8.27148 -3.94873 -6.20264 0.0844727 -12.0701 
-13.7476 1.32007 -1.60522 11.8525 -19.3818 -0.358887 -19.9929 -9.33862 -19.6711 -18.3933 
-28.0554 -9.87036 -16.2744 -15.2656 13.7498 -25.3477 -16.7383 -1.99194 -3.97827 0.908203 
2.89209 -11.1543 -0.965576 -0.978027 -23.5173 1.98511 0.608887 -13.3811 2.91772 -5.2146 
-8.41577 -12.4976 -0.449707 -2.33838 -12.5591 -6.39868 -7.4082 -10.2009 3.92944 -8.14966 
16.1753 -13.0435 -1.70752 -11.9224 -27.0059 -7.46753 -5.16479 -7.05518 -5.74707 -6.27393 
-3.34131 -14.8247 -5.94116 -7.95898 -6.19995 -8.51123 -9.64111 -2.67383 -11.2695 4.823 
-8.62378 7.30396 -5.24731 -6.31177 -8.24756 -9.2688 -3.09521 -5.51221 1.06274 -12.3528 
-25.5198 -17.031 5.29224 12.0237 -26.2019 -19.7146 -36.4177 -6.40259 8.46802 -14.6016 
-21.6277 -6.24536 -2.99023 13.2673 -29.8506 -10.8003 -37.4043 -18.6946 -5.4541 -10.8877 
-1.72095 -18.9622 -0.492676 -11.8574 -16.0659 -5.82007 13.9443 -30.8677 0.950684 -13.1589 
-4.90161 -2.7749 -1.60718 -5.43604 -2.55835 -11.6433 -7.1731 -4.98413 -6.73145 5.09277 
-15.2256 -22.0747 -7.88306 -6.25269 -9.48169 -6.24268 -10.0295 -8.84863 8.66748 -2.23755 
-10.0825 -3.57666 -1.62158 -4.32764 -16.6826 -23.5457 -21.2312 8.4707 -7.50146 -2.32764 
-8.31177 10.2397 6.84106 -9.71338 -9.13013 -22.0195 -9.17017 -5.71997 -7.7793 -23.9475 
13.823 -15.6023 -3.66089 -8.86499 -25.2568 -5.18384 -7.1123 -2.6582 -14.498 -2.57495 
-9.45532 -7.78174 -3.08008 -3.72852 -28.5569 1.79785 3.40308 -18.7834 6.02344 -9.77173 
-11.6121 -4.42334 -7.12305 -3.40894 -22.8013 -24.6865 -24.8301 10.7009 -3.12085 -4.46387 
-9.78345 8.34326 -7.68994 -6.21484 -9.32861 -11.8772 -5.89233 -4.81323 1.72168 -13.0566 
-26.1741 -20.5439 -4.12061 -4.85474 -30.5283 -21.0664 -56.3359 28.7759 -37.0898 -9.56714 
-9.73706 -19.8325 -10.374 -5.99341 -18.6069 12.5945 -5.41357 -14.7358 7.06812 -14.5952 
-4.44604 -6.33423 14.814 3.229 -40.093 -17.8547 -18.2778 -13.8328 7.12378 -22.0029 
-16.7065 -3.62256 -3.84839 -2.44092 -14.9419 -15.0942 -24.9976 10.8511 -13.6016 -3.96753 
-13.1289 3.04004 -6.92456 -4.96875 -4.03467 -13.7222 -18.843 -4.49316 -6.25488 6.59521 
-8.81055 5.69263 -7.12671 -4.72827 -6.22852 -6.9502 -5.0957 -4.41602 -0.324707 -6.86279 
-10.5413 -0.459961 -4.76392 -8.18042 -17.4194 -2.37939 -2.60669 -18.8374 8.16431 -7.94092 
-12.7659 -19.6509 -13.0549 -0.783447 -29.1099 8.43433 -14.4934 -12.4724 -13.1218 0.696045 
-14.2263 -14.6553 13.3782 7.81226 -35.6609 -16.4712 -22.5396 -13.3677 2.01685 -25.303 
-16.0957 -16.3372 -3.67017 -5.97949 8.39917 -13.2354 -10.5957 -9.58618 -6.9646 -1.07886 
-15.5259 -6.05786 -14.9114 -13.5081 -2.31372 -11.2957 -10.1248 -3.34619 -3.80566 10.0054 
-17.8271 -5.78418 -2.7395 -7.06958 5.63037 -8.61377 -3.90063 -5.27197 2.0791 -8.45703 
-12.1321 -2.16333 -7.72925 -1.0127 -13.7192 -18.2698 -23.4851 10.9414 -11.7534 -3.38379 
-12.8503 -9.39258 8.90381 3.35132 -16.5518 -8.70093 -11.489 -10.9016 -0.243164 -9.19824 
0.50415 -17.146 13.259 -0.59668 -20.4946 -7.49146 -5.53833 -1.35352 -0.599365 -18.5615 
-4.0813 -6.61499 -1.48828 3.96533 -19.8596 -7.75244 -18.1482 -5.54956 -1.15674 -6.68188 
-12.697 -1.14355 -6.03345 -11.0073 9.94409 -21.6003 -11.8406 -0.598877 -10.5547 -9.41333 
-18.5205 -18.1978 -5.31421 -4.04443 -3.76221 -15.019 -24.0911 -6.4231 -3.4187 8.36206 
-3.15015 9.26758 0.175293 -10.27 -10.1404 -13.981 -6.8689 -11.0869 1.08228 -13.5845 
-10.2339 -20.2764 -9.52881 -8.73218 -3.07324 -4.104 -18.7371 -6.03564 -5.84497 9.70508 
-10.5181 -13.1863 14.1255 2.77954 -14.7371 -20.9124 -7.42334 -19.1133 3.88794 -25.1831 
-6.92163 11.0112 -0.46875 -10.3403 -13.6624 -14.0774 -6.20483 -12.7805 0.666992 -18.3594 
-6.69482 -2.68726 -6.15527 -0.213867 -17.3003 -14.627 -17.6353 7.16089 -8.54419 -6.57446 
-2.04395 -23.9365 -7.55786 -11.7737 -14.2151 -9.84399 -19.6614 -6.34497 -7.53174 7.62451 
-19.3259 -11.8896 -8.95776 -8.28711 7.46045 -3.17334 -5.03174 -9.20557 -7.0542 -10.8123 
-17.5977 -11.2307 -6.3584 -8.31909 5.86328 -15.1775 -11.0923 -0.235596 -6.78882 -4.75 
-19.2173 3.62231 1.34351 -2.6189 -4.72119 -3.57373 -0.395264 -13.8679 1.77075 -15.8491 
3.28857 -18.5532 -0.815186 -13.0593 -19.9353 -5.09448 10.0208 -28.0903 2.01392 -11.3862 
-7.98706 -7.33716 -7.98193 -8.36353 -9.42529 -12.6992 -23.9468 6.573 -13.1904 -1.20605 
-6.70483 -1.13013 11.6689 0.673828 -38.5532 -11.6304 -13.6814 -14.4016 3.26904 -16.8022 
-7.23364 -3.20605 -1.10742 -3.03784 -17.8889 -19.269 -16.5442 8.41479 -8.8916 -12.9814 
-7.51733 -7.1521 0.982422 -3.96484 -25.0317 -8.24805 -7.9314 -11.6938 9.18481 -11.3704 
5.41357 -17.9058 0.264893 -3.9375 -14.8909 -4.32666 -3.82568 -16.832 3.49463 -9.24731 
-8.47266 8.11401 2.14404 -6.44238 -4.72144 -11.7188 -8.79956 -3.55127 -1.92651 -12.2263 
-19.3594 -11.4365 -10.4324 -4.71167 -2.52173 -11.2454 -18.4324 -3.14526 -3.67334 8.53247 
-10.1765 -4.27881 -4.93945 -2.91064 -11.8777 -15.8406 -20.2385 8.42236 -12.6521 -3.82788 
-11.2871 6.24316 -11.166 -5.73877 -5.03979 -1.91504 -4.64014 -11.9504 2.47998 -6.78027 
-10.8857 7.11987 -3.6438 -3.2605 -8.2605 -9.14111 -5.48364 -4.51758 1.18994 -11.3618 
-7.52173 -7.61133 -2.74463 -3.50342 -15.0083 -11.6868 -19.7539 10.4519 -11.9048 -3.18384 
-12.4543 -10.4011 -4.97559 2.39868 -26.6274 5.29663 -20.9104 -11.7578 -6.08374 1.56763 
-6.70068 -5.76563 -3.52173 2.65088 -14.2595 -1.22852 -15.4548 -7.1731 -6.71167 -0.866699 
-17.7839 -12.4949 -6.84692 9.59229 -22.0686 -5.16016 -20.5718 -14.8186 -8.77661 -6.47656 
-13.3508 -3.72241 -11.7324 0.0820313 -30.0916 5.64795 -14.3494 -28.1536 -6.99731 0.0473633 
-11.5762 8.29346 -9.85669 -5.91479 -7.95923 -16.1323 -11.5647 -8.59229 1.35718 -5.79175 
-13.9419 -8.65869 -4.27979 5.06177 -20.7793 -4.48364 -28.1863 -12.9961 -4.95044 1.4856 
-19.2271 -12.2053 4.52002 -3.70288 -21.6807 -6.42749 -17.6682 9.11499 -0.457275 -18.7388 
-2.11255 -16.9539 -5.40698 -16.8359 -4.32324 -17.6821 11.5955 -4.83203 -11.9939 -14.3315 
-15.5068 9.96606 -14.9851 -4.11694 -8.67041 -6.13306 -6.52905 -9.56567 1.16821 -6.64868 
-10.3364 -7.6062 0.275635 6.45264 -23.7327 -5.09985 -23.8972 -8.92578 -1.15845 -9.27954 
0.759521 -11.0029 -0.562988 -5.09888 -18.1724 -6.74097 -6.42993 -8.82031 7.14063 -7.48999 
-13.5056 -5.07104 -10.5105 -3.25684 -11.426 -10.4146 -19.323 5.83789 -4.73682 -1.71021 
-18.0322 -7.54736 -4.77979 -0.616211 -19.7312 -0.0600586 -26.5532 0.134521 1.48608 -5.98022 
-7.13208 -22.2073 -10.7566 -4.37524 -11.1399 0.203369 -13.655 -10.2041 -1.16064 2.51904 
6.79883 -25.6345 -6.125 -16.1438 -6.68066 -2.85864 1.5437 -11.9001 -4.27832 -0.600586 
11.5317 -10.6438 0.730713 -7.06323 -31.6863 -1.42529 -8.8833 -6.95752 -5.02954 -11.3704 
12.5747 -18.5449 -6.08545 -9.92188 -19.8057 -4.89307 -5.94263 -5.35571 -14.4585 -6.02808 
-13.5469 5.3418 17.4099 2.2417 -30.8086 -16.2537 -13.0371 -17.321 5.31079 -28.7314 
-7.42529 -2.91772 0.686035 -1.56592 -21.4978 -6.7395 -12.0437 -12.314 7.78027 -4.15332 
2.66333 -0.536133 -0.537598 -0.782471 -14.7605 -5.61621 -4.88867 -10.9421 4.86719 -2.72095 
-1.01123 -14.3115 7.8125 -0.161621 -33.98 -19.3115 -13.5769 -1.15918 8.99316 -21.895 
-10.8584 -13.0706 -0.426025 6.46411 -10.8694 -8.2146 -13.7708 0.219482 0.616455 -11.6218 
-6.74243 -4.76416 -4.86865 -1.3374 -20.1511 -18.1575 -20.8213 10.0935 -7.39893 -8.26636 
-8.90918 8.4519 -3.85864 -3.06689 -11.239 -15.3828 -12.5164 -0.324707 2.99609 -10.635 
-13.7996 -2.78052 -3.94727 10.8274 -28.7546 -6.2627 -29.4832 -17.1025 -11.2642 -3.47314 
16.7996 -30.832 -10.866 -19.3862 -12.6765 -6.29565 -2.42041 0.522217 -19.6589 -2.125 
-1.83813 -3.94482 -8.54858 4.38818 -21.5083 -8.74414 -14.0425 -17.4446 2.28247 -6.28223 
-24.5686 -6.32935 -11.239 -11.5996 9.30249 -20.8494 -13.6731 -6.43823 0.847412 -0.526855 
-22.6204 -11.6089 -14.3333 -13.1255 11.604 -12.8765 -11.5874 -10.2769 -0.92627 1.90991 
-3.29126 -1.11279 -1.8772 8.39673 -36.2336 0.616943 -31.9829 -12.0313 -10.2332 -1.82227 
-6.47559 -8.69775 -3.8689 -4.80615 -14.0359 -2.07837 -3.25757 -18.3088 6.28711 -7.02026 
-5.07471 -3.69604 -0.461914 -6.11816 -6.75073 -10.2715 -8.83301 -6.96606 -5.25586 4.1228 
-8.71265 -6.63794 10.9783 -1.47266 -11.759 -16.1289 -7.28467 -1.16846 2.66797 -21.9065 
-12.7771 -8.97437 -9.44434 6.75098 -11.8054 -8.05005 -18.8164 -7.61011 -6.9873 -6.46606 
-10.6311 -14.7246 -5.05078 -5.67749 -5.67383 -1.00854 -18.415 -6.20508 -2.68921 8.53076 
-5.44385 -4.65405 -2.24463 1.76221 -23.4004 -18.5728 -18.8843 4.91724 -1.85474 -4.61035 
-11.4863 8.02661 -10.2803 -5.87427 -3.05347 -10.636 -9.79712 -5.75171 -1.26294 -4.30664 
-14.5566 9.17896 -12.2751 -5.07056 -7.25366 -11.9368 -9.26025 -7.25537 -0.508545 -5.27905 
-11.1895 -12.1067 0.371582 -3.29102 -14.168 -12.1667 -36.1931 12.8069 -22.6436 -5.55078 
13.4592 -27.2686 -8.55054 -26.0479 -9.40967 -5.34497 1.23071 -4.5332 -14.2788 -5.0188 
-0.813721 -22.4753 -3.55933 -16.1851 7.21094 -9.73608 0.793701 -9.75 -6.07715 -0.365723 
-9.15918 -3.72827 -8.17407 -4.54224 -4.02661 -3.16431 -14.0466 -4.08545 -3.53442 7.72363 
-6.64258 -27.446 5.18433 -10.9292 -16.6904 -5.81519 19.5388 -36.9746 1.77002 -33.3672 
-18.0315 -22.3872 -6.91797 -3.22021 -25.2544 1.51978 -13.5559 -19.7769 -3.01367 -5.86279 
-11.3738 -12.4404 -4.47778 -6.76978 -3.10718 -13.9146 -15.0132 -7.69702 -3.0564 5.49902 
-13.7581 8.15869 -12.2327 -7.83301 -6.20361 -15.4646 -11.5051 -3.6499 1.21094 -2.32007 
-17.7974 -3.04468 4.34766 2.42163 -12.4363 -10.5632 -6.39697 6.0564 -2.98047 -22.1326 
6.96362 -7.65161 -6.92017 -10.2693 -41.5278 2.77148 -6.38525 -0.500244 6.64331 -8.72803 
-6.73267 -6.02075 12.9807 5.16089 -36.2969 -19.0454 -16.1255 -3.07471 1.9751 -17.9934 
14.1558 -20.8118 -12.0444 -19.8726 -8.09399 2.99072 -4.15601 -1.58716 -12.1589 -6.78149 
13.5425 -17.2444 13.3433 1.15063 -30.0227 -17.1018 -20.4302 -12.1433 -11.4507 -14.7231 
-8.67578 -15.8723 -6.22412 -12.6616 6.71387 -15.7725 -11.5605 -2.87842 -10.3916 -3.76636 
-17.3708 -29.5093 7.30908 -15.1382 3.87476 -10.0327 15.6177 -24.1111 -4.03906 -20.9089 
-18.5449 -9.91821 -5.47314 0.469238 -24.3042 -15.8906 -36.5078 15.7542 -17.0217 -7.03687 
6.81714 -14.0898 1.24072 -7.76782 -9.35059 -8.49048 -5.93213 -6.96729 -13.3701 -1.85571 
-15.6299 -3.23779 -9.96606 2.67212 -13.3457 -24.7114 -28.3745 6.6748 -8.14624 2.5957 
-14.595 9.06201 -15.8826 -5.46167 -5.34521 -11.0615 -9.53857 -3.74512 0.859131 -4.18945 
-17.0044 -11.2622 -5.01074 -9.25293 9.13062 -15.0967 -9.42554 -10.8894 -6.02856 -2.88037 
-6.91577 -24.4856 8.73267 -14.812 -19.825 -3.47461 19.9199 -27.5325 -3.76489 -33.9846 
-35.1274 -13.8875 -13.792 -4.91943 12.5684 -23.7437 -25.6958 -5.64917 -7.22852 -3.79004 
-10.0591 -10.5369 -9.04102 -0.858154 -13.1257 4.03638 -10.1687 -4.07471 2.38306 -1.854 
-17.967 -25.6975 -9.44263 -18.9475 13.751 -18.4944 -16.76 -8.71216 -6.73901 -5.91846 
-0.0432129 -16.1514 -6.50244 -12.4092 -7.67261 -8.66016 -10.6484 -3.31372 -7.73438 4.60693 
-14.4663 -18.291 -6.50781 -4.54321 -6.4519 -6.97168 -21.5452 -9.33472 -0.136963 9.05151 
-11.8928 7.73145 -4.07764 -6.32178 -13.209 -16.0103 -12.0847 -1.21729 0.354492 -8.12451 
-19.6956 -12.5063 1.38184 -5.73901 -10.4204 -20.2922 -34.175 11.9702 -9.51416 -7.51245 
-17.6406 -10.4819 -10.2932 -7.37524 2.02979 -15.2083 -18.4739 -1.74365 -6.31494 6.70386 
-22.532 -25.5684 -16.0811 -4.62524 -38.2959 7.17041 -17.2654 -15.5906 -3.2915 -0.193848 
-24.905 -10.6396 3.58325 10.2949 -20.8376 -11.1833 -34.7314 -27.7341 -3.42676 -13.0144 
-23.2332 -9.28589 -12.5823 6.95508 -13.5564 -12.6628 -21.3945 -6.17334 -1.16724 -3.88574 
-12.241 -18.1863 -5.1355 -4.49561 -23.4507 -9.02148 -15.283 -8.78076 12.5007 -9.56885 
-16.6265 -15.9194 21.2446 0.726074 -11.2754 -21.2747 -8.97534 -27.3296 -6.66553 -27.4346 
-14.5852 -4.22119 1.57642 9.23047 -13.7905 -1.29761 -21.467 -13.3137 -8.27441 -18.925 
-5.91455 -25.8381 2.60425 -10.8533 -4.4873 -10.8704 16.2014 -23.2649 1.09375 -26.2788 
-19.9348 -0.297607 25.4558 5.7627 -49.8936 -23.6809 -26.3633 -30.3572 3.66284 -41.874 
-22.8804 5.03687 28.0657 7.69531 -50.9397 -33.552 -35.6052 -27.4275 -12.3296 -45.7622 
-7.84961 7.58936 -10.459 -7.41187 -12.3191 -13.3965 -3.9104 -15.3376 3.73413 -7.72339 
-17.5879 9.76807 -14.2136 -4.93872 -6.19873 -2.87793 -5.77295 -9.55737 2.19629 -7.89063 
-10.3606 8.97339 -4.64551 -6.50269 -10.9751 -13.3857 -7.94702 -7.20972 1.63013 -13.3745 
-7.13428 7.46948 -3.43091 -6.59229 -11.3086 -9.64014 -4.43921 -18.0093 1.12793 -3.54224 
-11.4624 7.63159 -7.36279 -8.82861 -12.2886 -14.3975 -7.98608 -5.08276 0.336914 -7.4834 
-9.8877 -18.0828 -0.0280762 -12.2563 1.08984 -9.32959 13.6836 -16.8867 -5.56958 -12.7871 
-16.9497 -9.83984 -11.2344 -9.80786 1.56934 -13.0513 -14.0271 -3.97363 -6.77271 10.3391 
-4.021 5.09277 -3.84033 -3.16211 -18.4924 -13.1807 -6.92163 -9.1438 6.36841 -7.97583 
-15.7634 -12.1812 -7.34253 -12.5842 4.83398 -12.5154 -10.6917 -3.31177 2.67554 3.31958 
-11.6416 -4.90015 -7.27856 9.57617 -21.3188 -3.70142 -24.9282 -11.9214 -8.74512 -6.01367 
-16.7268 -8.62842 -8.82422 -4.58838 -14.4817 -4.68018 -17.9146 8.88892 -3.73267 -4.03638 
-10.4099 8.43848 -9.05444 -4.98047 -5.25708 -17.2407 -11.4102 -1.07129 1.07642 -4.9021 
-3.50024 -8.15454 -1.48779 -6.07227 -4.26904 -1.94312 12.5225 -18.5383 -1.573 -21.0754 
-20.9399 -14.7803 -6.32031 -11.2371 11.7427 -19.0735 -15.0569 -7.66577 -7.60767 -1.81006 
-6.15869 -19.2378 -7.30518 -4.07178 -5.71118 -2.92651 -6.19678 -9.05518 1.57666 -2.81616 
14.6902 -21.2888 -7.47998 -14.1921 -15.592 -4.56616 0.539063 -12.2668 -11.8936 -14.6606 
-13.0042 -19.2432 -4.40601 -12.2446 10.1729 -11.9814 -12.062 -14.9377 -11.4902 2.40649 
-10.6965 -10.1169 -3.16846 -12.5168 -9.14673 -16.9561 -17.8354 5.18701 -15.8018 1.71118 
-18.606 -13.7131 -5.73975 -11.4978 11.4978 -16.4768 -8.73608 -6.44629 -4.21313 -2.97925 
-7.08765 -2.47412 9.65698 -0.536377 -29.114 -13.2585 -15.6216 -4.59644 0.953857 -15.4192 
-32.969 -11.4561 -3.97144 -1.06152 10.8433 -15.925 -15.4375 -12.8738 -0.0866699 -8.55249 
17.8994 -16.2852 5.2085 -18.3298 -25.4836 -3.14233 -4.21118 -17.2053 4.83765 -8.43359 
-16.4104 2.50732 -5.63184 4.43042 -21.2969 -29.5925 -27.7295 8.75781 -9.3396 -5.51196 
6.5564 -13.9302 -2.33691 -5.0271 -20.8657 -2.73584 -5.19946 -4.43628 -2.9939 -6.20239 
-12.561 9.74585 -11.1343 -7.80273 -7.88892 -14.572 -9.63794 -8.10889 1.72192 -7.98218 
4.87036 -21.4858 -6.76318 -15.5386 -10.2983 -3.22998 -10.4795 -8.56958 -9.79932 2.50146 
-9.93872 -4.2688 -0.491943 -4.88696 -17.5796 -15.6055 -13.6204 -1.00391 4.97168 -1.02881 
-4.36816 -7.48389 4.323 -1.35327 -25.8145 -16.4429 -18.2261 -11.957 11.3269 -16.9136 
-16.1609 -8.5686 0.224365 -16.9985 -7.57056 -4.69531 17.0283 -30.0879 -1.92285 -21.4004 
12.7485 -19.0178 -6.94971 -15.9575 -19.4478 -3.54492 -8.88159 1.52441 -8.86572 0.226563 
17.1553 -20.7576 -2.01318 -13.2761 -14.2808 1.04932 -1.55615 -5.09961 -2.15259 -5.58911 
-15.9739 -3.29395 -12.533 -8.93237 10.7246 -20.3369 -10.1316 3.20093 -2.6333 -5.80981 
-7.84985 4.94727 -8.53955 -6.4668 -5.05103 -7.08496 -9.24731 -1.85474 -2.3418 2.28247 
-4.63916 -1.97021 -5.71167 -10.074 -12.2107 -2.02881 8.79419 -17.3245 0.94165 -12.9214 
-13.2058 -14.197 2.92334 -0.857422 -18.3096 -6.36377 -11.1619 -16.3289 8.66797 -3.67041 
-15.4099 4.52661 20.0723 2.56836 -44.6184 -19.3647 -25.1506 -4.95874 -6.63892 -37.842 
-13.0957 -1.18188 15.6453 -1.13794 -18.2632 -19.6294 -8.70801 -19.9741 -0.203857 -26.8489 
-5.80225 -11.7671 -3.89014 8.58838 -23.7793 -4.95874 -23.8662 -7.89844 -9.68115 -1.86621 
-9.07568 -12.9517 2.03149 3.8252 -13.6165 -12.2754 -13.126 -13.0771 7.15234 -14.3967 
-8.18042 -11.2373 -5.56177 -7.65234 3.01367 -2.92798 -15.9463 -4.17285 -9.71558 3.53247 
-2.84717 -8.71753 0.821777 0.9021 -13.9729 -8.62061 -5.67578 -16.947 7.03027 -4.09424 
-0.943848 -17.6753 11.1746 -4.85254 -14.5674 -9.35327 -11.4685 -8.98682 1.74463 -8.76929 
-4.79956 -8.48364 11.1067 -0.0622559 -36.8999 -16.5327 -18.9363 -2.58496 0.375977 -22.9775 
-15.3794 9.00928 -12.6824 -8.48511 -3.43457 -8.7688 -5.27319 -15.1575 3.69092 -3.52808 
-16.0378 -7.63623 -1.03369 -1.74219 -22.0867 -18.6206 -29.9539 13.0996 -19.6755 -6.271 
-4.23315 -10.7012 -3.86157 -3.40161 -19.8049 3.98633 -13.8899 -10.7649 -7.06885 -0.569824 
-12.1895 -13.5513 -5.19604 -9.23804 7.68506 -18.8301 -11.7498 -7.65625 -8.29248 -3.16431 
-20.9048 -20.811 -10.479 -7.03979 10.0247 -12.6113 -13.0488 -8.97656 0.0771484 -2.12891 
13.2046 -18.165 -5.2041 -12.5481 -26.8672 -4.60669 -6.19043 -1.67676 -12.3113 -2.66382 
-5.56543 -3.25415 3.68994 -6.05176 5.95679 -3.40942 -8.16309 -12.7256 -7.49292 -3.86719 
-12.3257 -3.31787 9.83179 7.59033 -29.2092 -13.1653 -37.6223 -4.18823 -26.9092 -22.3044 
-5.52197 3.34741 -6.76563 -8.93213 -2.70752 -11.6169 -6.9978 -7.28564 2.79932 -0.306885 
-21.8699 -12.512 -2.71899 -6.06616 -16.4011 -24.6416 -43.918 17.6001 -16.3379 -7.5022 
-8.35669 -13.2146 -5.49097 3.01221 -16.8188 0.532227 -19.1411 -8.72412 -1.50488 4.11279 
-8.09912 9.39331 1.24902 -7.33618 -8.7251 -14.9353 -9.82739 -5.80151 -1.54248 -13.9692 
14.1609 -13.4202 -0.981934 -15.1172 -26.2554 -5.47437 -10.9568 -1.28125 -0.813721 -8.41089 
-14.4712 9.93481 -8.92139 -8.39307 -11.3599 -10.1348 -6.39771 -8.3064 2.29199 -13.1104 
-13.7156 1.14429 14.0449 6.69116 -22.5867 -14.7786 -16.7505 -17.1858 -0.034668 -26.4878 
-11.6067 -20.6616 -7.20728 0.144531 -34.5681 7.79468 -21.9536 -20.6387 -15.2336 -4.34766 
-11.7283 0.430908 -12.4604 -9.55347 2.22046 -12.4431 -10.1824 -2.47388 -2.00122 5.65405 
-10.8093 -5.01929 12.4731 1.31396 -14.207 -10.7144 -4.19092 -15.3586 3.25464 -22.8528 
-12.6013 8.94556 -12.9929 -2.4856 -11.8335 -7.62402 -4.49878 -14.0833 3.4812 -10.7847 
10.9812 -17.4854 -5.11108 -9.86499 -5.14722 -0.606689 -1.58447 -4.22876 -13.7715 -4.07349 
-11.3281 9.74292 -2.32129 -7.91333 -9.16479 -12.3459 -5.98438 -4.87158 -0.686523 -16.1458 
-10.4719 -13.1394 -2.25342 -3.4187 -13.0234 -8.38525 -8.18726 -21.5757 8.80664 -6.89014 
-1.34033 -14.7727 -3.79956 -8.38037 -16.3018 -16.238 -10.0544 -5.00195 -1.64575 5.28906 
-13.0344 9.03442 -14.7068 -4.66699 -4.70166 -4.58545 -7.51611 -5.09277 -1.16504 -2.41431 
-4.57324 -6.18823 -3.1626 -7.70752 1.57275 -10.7534 3.53271 -3.80933 -3.08228 -7.5332 
-8.34424 -13.0186 -0.0681152 -5.94873 -16.957 -15.5605 -14.0674 -3.3728 8.67847 -0.179932 
-14.0425 -2.75488 -0.77417 9.63574 -23.9419 -7.80957 -25.1838 -14.635 -5.58643 -8.7793 
-10.49 -5.28711 -0.825684 0.435059 -14.1108 -11.0671 -15.0835 -4.08789 6.42627 -7.20728 
-12.2515 -10.3896 -9.63354 -7.79248 4.08081 -10.9175 -12.8193 -2.13062 -3.39917 2.78857 
-11.3801 -11.0374 0.0439453 8.56201 -28.9722 -6.50391 -24.5183 -9.40308 -6.18823 -7.51489 
-5.00098 -12.885 -0.672119 -11.5259 -10.2188 0.285645 12.2229 -31.8508 1.53833 -15.3218 
-7.39087 -0.357666 10.3596 -1.41504 -25.4382 -11.3755 -11.2502 -6.71313 0.0864258 -17.6414 
-8.15479 -11.0808 -3.29443 -3.08081 -9.88257 -4.08838 -8.06323 -13.761 7.45264 -3.91309 
-18.6726 -16.8699 4.36108 15.4187 -29.4978 -1.78027 -31.6838 -27.7922 -0.845459 -24.1172 
-9.25513 4.0686 13.6799 1.40747 -28.5359 -13.416 -14.7073 -13.5276 -6.16064 -25.9658 
-13.4749 7.06934 10.6714 -1.84375 -21.6038 -8.95117 -11.0183 -15.3059 4.78394 -16.1912 
-10.2332 7.64429 -10.0327 -4.23608 -16.7058 -7.10034 -16.2422 -5.11157 -3.83105 -1.61963 
13.73 -18.0764 -7.98853 -8.94727 -22.5347 -2.64258 -5.47339 -2.28979 -20.3137 -8.40698 
-16.811 -16.6255 -8.62231 -14.3716 16.3254 -12.3401 -11.3081 -6.04175 -9.81177 -4.22998 
-8.46753 0.269287 4.76807 0.851318 -10.7566 -8.9292 -7.52295 -9.38647 0.0495605 -19.0586 
-15.9312 -5.98511 -9.91162 -7.11499 0.905762 -11.9072 -18.6802 0.141113 -6.36108 9.44116 
-12.5471 -3.84839 18.9609 2.40454 -41.4944 -21.2512 -20.5146 -15.3899 5.67505 -35.0681 
-11.645 -21.9331 -12.8855 -11.9573 8.43115 -10.8457 -11.5896 -3.21167 -5.74219 0.0495605 
-12.5378 -8.20654 -1.31909 4.59912 -20.9651 -11.6689 -21.4832 1.03174 -3.20703 -4.80981 
-8.75293 -8.49097 -1.24023 -3.18091 -16.5732 -21.0728 -21.1829 11.4219 -9.4707 -5.76611 
-16.082 -14.3914 -7.61938 -3.50269 -5.33569 -14.188 -19.645 -1.40063 -4.42773 7.97852 
-13.5015 8.34033 -13.1814 -5.07397 -4.60571 -5.46729 -4.48364 -9.09204 0.141113 -6.27954 
-25.46 -31.7617 -20.7178 -0.512451 -13.9092 8.90503 -21.4958 -1.25439 0.342041 3.48096 
-15.2173 -2.22656 19.4702 3.34033 -45.2959 -15.3533 -20.2661 -21.2356 0.680908 -35.7813 
-14.6765 -3.78589 -11.0613 -11.1624 7.30566 -9.48535 -11.8008 -5.05737 -9.52417 3.47119 
-14.6768 -14.1138 -8.1897 -7.70117 -6.25415 -12.2131 -17.041 -6.73975 1.21948 6.33765 
7.16284 -12.1331 -3.54614 -8.78931 -13.1594 -0.586182 -2.76074 -5.29102 -2.35327 -8.14502 
-5.59521 -4.08545 -2.97559 2.302 -15.4583 -1.49097 -12.915 -8.03955 1.45654 -5.25415 
-10.9678 -7.06665 2.51611 -3.53516 -15.9229 -12.916 -10.0693 -6.39648 9.47095 -12.2053 
-23.8074 -24.9465 -13.9377 0.0908203 -42.009 11.6548 -23.2866 -23.6814 -15.626 4.29663 
-12.6816 -7.04639 -10.3269 6.76807 -22.3857 -4.71143 -22.5044 -9.46436 -1.12427 -0.221436 
-2.49243 -21.6458 -7.49316 -9.90283 -12.3323 1.93091 2.20728 -14.3159 3.30591 -8.65405 
9.36426 -16.8352 0.895752 -8.38062 -8.21021 -3.63184 0.0422363 -11.2104 -5.48901 -3.33032 
-16.854 -7.53906 -9.43872 -7.10645 3.71191 -11.873 -14.1414 -3.31885 -4.39136 9.28857 
-18.8418 -10.2109 -19.2065 -14.8816 8.32861 -16.9858 -10.2456 -0.633789 0.672363 3.70557 
-9.5127 -14.8135 -0.191895 -11.4314 -6.30005 -1.83008 15.5518 -28.2102 -0.390137 -18.6406 
-9.84033 -5.62305 11.4712 -0.166504 -22.645 -6.32544 -8.92798 -5.12939 1.1731 -16.3777 
-10.741 -9.78027 -6.22632 -5.80176 -14.2112 1.96094 -1.51929 -15.4448 1.38525 -3.04248 
10.1013 -8.70508 1.04419 -12.8235 -19.6714 -6.72339 -5.77588 -3.49097 -3.70898 -7.22046 
11.2947 -19.377 10.1125 -1.84131 -23.1697 -18.5366 -7.64355 -20.6167 6.74194 -8.67188 
-10.9905 -3.04614 -5.17847 -2.45776 -9.83813 -12.2839 -20.0491 4.17188 -8.22388 -5.67407 
-13.637 -13.936 -8.21387 -8.22144 6.59741 -7.84814 -14.5889 -6.27661 -5.12207 -8.04004 
-23.0793 -19.77 1.80835 -22.2344 -2.13916 -9.64673 20.77 -28.2007 -3.48315 -16.9187 
-9.39087 -18.9302 -1.96362 -18.0547 -10.9758 -3.7085 17.9399 -22.8281 -6.40161 -15.7058 
-4.8584 -10.8521 -5.05518 -3.29395 -20.5337 -7.01489 -12.4553 -11.1201 8.33105 -3.98755 
-10.7249 -16.6084 1.56763 -6.48633 -2.69189 -3.47656 11.53 -21.3621 -0.260498 -15.8948 
-4.80811 -6.26489 -1.94214 -17.1499 0.0102539 -8.88306 8.43896 -6.28955 -6.07886 -17.72 
-8.93701 -24.4053 2.06909 -4.08789 -27.1765 -11.3171 -11.4736 -9.93042 11.1812 -9.83203 
-10.3108 -23.4705 4.6792 -9.89795 -8.91406 -9.03613 17.8906 -26.0129 -3.04932 -22.7654 
-16.1426 -3.54517 -11.8523 -7.95898 -2.69482 -11.4109 -11.4287 -4.61816 -3.56934 9.15771 
-11.6375 7.55859 -14.1023 -11.5034 -4.75391 -10.7625 -2.44678 -9.17432 2.49512 -4.77588 
-7.38013 -3.96021 -0.678467 -0.663818 -22.2349 -19.2751 -17.6938 5.23999 -0.552246 -8.80029 
-6.71753 0.562744 15.2456 -1.2771 -43.1494 -19.217 -23.7498 -12.7454 -4.95313 -28.7065 
0.586182 -19.1062 -14.1467 -6.59448 -17.9265 4.95605 -12.4902 -3.57544 -10.1638 0.0429688 
-12.2273 -10.7742 -2.32446 -5.79932 -5.22339 -13.1494 -13.9895 -8.89502 -5.87402 7.46021 
-14.3416 -18.0764 -6.98267 -8.83887 -1.75269 -2.93384 -17.4414 -7.01514 3.18774 6.87256 
6.95264 -15.4592 -2.79565 -7.95728 -9.75195 -3.83569 -8.01733 -2.67749 -8.81958 3.46045 
-7.67871 2.44043 0.621582 1.07202 -8.68628 -15.0154 -18.6135 2.84668 -6.62183 -5.62524 
-11.4246 -1.29858 17.3145 5.38892 -44.6191 -20.1294 -17.1982 -15.3188 3.86304 -28.0903 
-21.45 -1.39014 -5.16431 -3.41675 -15.7073 -26.5305 -27.9663 13.0696 -13.0413 -2.73291 
-13.3279 -14.8379 2.93799 -10.146 -7.78003 -1.81323 13.9363 -23.9387 0.327393 -17.116 
-13.2925 -4.59253 -8.67065 -4.68579 -9.61523 -14.1423 -25.7524 7.70557 -6.05688 0.815186 
12.5911 -17.0286 -0.356201 -6.34326 -32.0894 -8.9856 -11.0098 -3.9104 -8.02686 -1.44336 
-14.7329 -17.5864 -1.16943 -21.134 -2.0376 -9.47314 19.0669 -21.8745 -5.7124 -18.7607 
-18.6714 -24.0645 -21.2971 -8.43848 -22.2771 14.1331 -18.4209 -12.9653 -2.82861 -6.8689 
-4.37549 -1.56812 0.320801 -9.92651 0.901611 -10.4102 -3.58911 -6.43579 -3.16943 -6.55762 
-1.54663 -16.6257 -1.07666 -11.5076 3.21851 -13.3652 -7.42188 0.637939 -9.26489 -3.13452 
-14.3396 -1.30176 -3.78271 -1.42993 -10.834 -15.009 -19.7437 4.83228 -3.60498 -4.95728 
-13.0313 -4.63403 14.384 6.34619 -28.0122 -16.4822 -26.4814 -15.3264 -3.95972 -29.4951 
14.8674 -16.3667 4.16821 -7.86304 -21.2708 -5.35156 -6.6272 -4.77002 -3.11865 -0.455078 
-16.2002 -12.9648 -11.269 -3.76245 -1.46948 -4.63721 -14.7397 -8.96729 -1.24609 5.46777 
-9.04761 -18.5247 -4.85522 -5.75708 -7.52295 -13.626 -17.4934 -4.74707 -6.78271 6.60669 
-10.0085 -9.79443 18.7646 7.93799 -32.8457 -21.9919 -11.8887 -23.9617 0.447021 -27.3245 
-19.2129 -9.07886 14.1426 -0.620361 -28.4797 -6.83472 -18.1938 -10.5669 3.45044 -19.3411 
-24.0447 -11.2991 -15.9934 -7.85229 -8.729 -9.91089 -16.2595 -6.93457 1.92651 7.35938 
-14.3516 -20.6238 -4.81836 -9.68896 8.46973 -13.6904 -14.1328 -2.87476 -6.62378 -2.06299 
-15.312 -5.30933 -3.88599 -5.95068 3.42139 -19.0918 -14.6089 -6.29688 -4.35327 -6.47485 
-8.43774 0.732422 10.6086 -1.79297 -19.4399 -8.89014 -10.4297 -4.70068 -5.1853 -18.427 
-13.0825 -6.15625 -2.90698 8.52124 -25.8494 -7.99512 -27.3386 -16.2327 -2.89209 -4.31396 
-16.3345 -5.49438 3.72681 8.6582 -19.4167 -9.92212 -28.4546 -5.55249 -4.93115 -12.1531 
-14.6816 -13.5601 22.822 7.63403 -26.7593 -18.1824 -13.2693 -16.6123 -3.06738 -39.0081 
-11.8477 5.95313 -9.53442 -2.76392 -5.02319 -1.45654 -7.7146 -5.57275 -0.193115 -1.9397 
-8.49731 -18.0139 -13.9617 -10.0613 -14.8396 -17.595 -20.4905 15.0369 -23.3408 1.08252 
16.2849 -19.0869 -2.53711 -12.2478 -24.1797 -7.64624 -5.95557 -5.8916 -9.13159 -3.00146 
-8.60889 0.119385 4.30103 1.54468 -17.7397 -16.6887 -15.3047 5.98438 -5.62183 -4.68335 
-10.6436 -3.03149 -0.125 -11.3052 -3.92773 -6.92407 6.97559 -8.87451 -4.01685 -11.9934 
-9.37671 -7.68726 -7.77075 -7.53687 4.62842 -4.55615 -10.4509 -2.81201 -5.29736 -2.10254 
-9.97852 8.06909 1.99951 -8.71948 -8.92407 -12.635 -4.59937 -3.42896 -3.34204 -20.3347 
-9.65259 -6.62085 0.442871 5.91602 -20.2263 -8.5127 -20.6104 -10.8696 -2.35864 -6.15527 
-2.07837 -16.7878 -4.60718 -6.29297 -20.9407 -2.28955 -5.26343 -14.3171 5.03687 -2.7229 
-9.95337 -4.98096 4.16699 -2.1521 -21.5864 -16.0571 -13.1509 7.83838 -9.34277 -18.4954 
-4.71802 -0.872314 -3.94824 -7.38184 3.95508 -8.17383 -10.7131 -4.90698 -7.04761 -1.68555 
-16.4885 -24.1665 -5.68213 -7.79883 -23.2446 3.22437 0.184326 -28.9324 1.38623 -3.05933 
-3.30713 -11.0942 1.38965 -8.89136 -12.1626 -13.938 -6.22217 -16.4478 1.56396 2.23975 
-20.1887 -4.20728 23.0803 8.0376 -45.999 -25.6855 -21.5007 -36.0979 5.21021 -46.8901 
-23.8997 -25.9434 -20.2253 -8.80518 -31.6541 13.375 -19.9895 -15.8057 -18.217 4.15161 
-7.75439 6.31299 -9.03979 -2.53882 -4.1106 -12.7419 -9.41284 -3.14746 1.00952 -5.32739 
-8.03076 0.889648 -3.28857 -3.24756 -13.3738 -2.96338 -7.00391 -10.0256 6.54932 -7.84595 
-5.43164 -6.02441 -2.68945 -7.03955 -17.9333 -12.3743 -18.3665 6.47046 -9.81812 -4.01514 
-11.0906 -5.44067 -6.9917 4.1167 -19.9604 -3.56641 -22.2205 -10.365 -10.582 1.83325 
-11.0803 -7.09424 -0.466309 -8.01758 -5.22705 -3.07642 -14.6663 5.86475 -5.20264 -6.59839 
-7.73169 6.54224 -1.11914 -5.16748 -8.40894 -11.5117 -5.83643 -6.04077 3.29736 -12.7542 
-12.3215 -6.50952 -15.9119 1.1167 -26.6282 7.09888 -13.7913 -21.011 -10.2742 4.65454 
-17.3875 -7.82324 -0.811523 6.27759 -30.6846 0.644531 -24.9092 -15.4131 0.727295 -1.61865 
11.6072 -17.2422 -7.17944 -12.4373 -13.4729 -9.62549 -4.53687 -4.39551 -12.8311 -3.68506 
-0.372559 -7.05542 -1.23657 -4.8479 -4.97119 -7.79346 -3.98486 -5.88599 -4.01514 3.31079 
-8.00464 9.40796 -8.39746 -8.15161 -9.4519 -15.1099 -6.10864 -8.9458 2.9021 -13.137 
-17.3296 -4.37183 -7.02637 -7.98535 7.74976 -12.4829 -8.5752 -4.28833 -6.62061 -8.67627 
18.8713 -19.9753 -4.52734 -14.281 -30.7998 -2.74951 -14.0386 -2.57031 -19.7097 -4.2085 
-4.91333 0.302246 -2.54077 -6.32471 -6.31836 -1.68774 6.23633 -11.4236 -1.33789 -11.9634 
-12.7585 -0.450928 -5.93408 4.30908 -16.9121 -4.49634 -17.3967 -4.94409 0.451416 -5.60645 
-7.74146 -3.1106 -4.17554 3.3103 -24.7722 4.03809 -18.5857 -8.87183 -9.87061 -1.48706 
-3.02661 -10.5125 -7.82471 -4.90063 -7.21289 -5.13843 7.72656 -15.7263 -3.82056 -17.2219 
17.7739 -22.8528 -1.125 -15.4358 -24.6155 -10.1653 -9.24512 -4.30737 -15.365 -4.04346 
-17.1785 -10.2375 -10.7227 -10.4587 7.54028 -12.502 -7.14014 -6.22729 0.495117 2.06592 
-14.7224 -14.8032 -5.89673 -7.70459 -7.22534 -22.7161 -14.9089 -5.34692 -2.14478 6.99561 
-13.1177 -3.91846 -3.53638 -5.05151 -9.65698 -22.5339 -16.656 5.01318 -7.05176 -2.39404 
-9.43262 -21.8884 -15.7178 -2.24658 -29.7231 9.52515 -21.1726 -14.2673 -14.9155 0.54248 
-14.6201 9.37793 -13.4258 -7.26831 -3.95728 -11.4751 -8.17651 -7.36572 -0.676025 -3.23926 
4.71167 -19.8108 -7.16064 -13.0642 -15.7559 -4.17358 4.67285 -14.8625 -11.6079 -2.90479 
-6.0293 -3.09155 -6.04468 -3.81519 -21.5925 -10.8318 -10.4788 -13.2056 10.9961 -13.3342 
-13.9487 -10.9341 -8.54199 -10 -0.48584 -7.38403 -12.1069 -2.00439 -5.90601 6.43115 
-13.8464 -16.4316 -16.7688 2.73779 -31.0959 4.11279 -24.0422 -6.62695 -4.91699 1.61938 
-17.1899 -20.1577 -24.5571 -14.6274 -31.0254 11.7136 -3.29761 -8.30176 0.860596 -5.01025 
-11.5127 -7.96362 1.26831 -1.20752 -19.1221 -22.9053 -14.01 8.72339 -4.88428 -11.124 
-20.6921 -4.69629 -15.1724 -7.45703 -1.6416 -8.49292 -19.7427 -1.44238 -3.59009 9.23926 
-11.6089 -7.58911 -4.75366 9.0564 -33.6538 -12.1543 -28.2429 -12.5679 1.90845 -3.39282 
2.60571 -15.4028 -0.52417 -3.57349 -27.8062 -5.49292 -9.16284 -15.6169 8.09302 -8.47412 
-11.1804 -11.0449 -3.15576 7.44653 -36.6531 -4.92822 -27.3872 -10.6887 -0.536133 -2.8894 
-8.72461 -4.43335 0.536621 -3.18823 -12.6729 -12.8169 -10.1497 -3.50635 7.16577 -6.56641 
-9.05542 7.52441 -13.3772 -4.5083 -9.31885 -12.2319 -10.0159 -9.76196 0.385254 -7.03638 
-23.8748 -26.9187 -21.748 -2.2854 -19.761 14.8723 -16.0933 -18.7341 3.229 -9.1311 
-17.9341 -5.50562 -6.31201 10.5962 -21.4719 -3.27197 -28.5569 -17.3545 -9.50562 -5.16968 
-0.337402 -22.2043 -10.7566 -5.71704 -32.4458 1.27051 -7.17554 -8.91357 1.58862 -9.39941 
11.1272 -9.51245 0.742432 -12.8018 -20.7412 -5.43164 -8.69482 -0.505859 -5.86963 -3.42139 
-22.6267 -2.4458 -13.5479 1.58887 -38.2615 12.4778 -22.4731 -27.4587 -9.72559 -0.918701 
-21.0457 -0.982666 -4.4231 4.40308 -27.5063 5.68677 -27.3005 -16.4307 -7.53369 -0.19751 
-18.1423 -11.0554 -0.0178223 6.60938 -27.7874 -4.20947 -20.6494 -18.0908 4.09424 -20.668 
-4.43066 -4.14844 -5.49585 -7.31348 -19.2251 -8.521 -10.0825 -11.5774 9.11646 -5.84644 
-1.11377 -7.95142 -6.34863 -12.3174 -10.8054 -4.05054 10.9216 -21.5901 3.73535 -18.8318 
-13.6299 -1.61426 -3.34424 -3.23608 -12.1414 -15.4695 -20.7598 11.6897 -11.4607 -10.3813 
-9.31323 1.19824 0.686279 0.546387 -19.5229 -18.5286 -23.9758 5.0188 -6.27393 -4.24902 
-12.2561 -13.6838 -1.90601 -7.13135 -12.6187 -18.9658 -30.9502 17.6001 -19.7271 -13.5642 
-12.0005 -5.42017 -7.90698 8.21338 -29.2883 -9.16089 -25.948 -10.3052 -1.08301 -0.78833 
-13.9058 -3.37646 -6.16919 -1.18311 -21.0598 -17.1631 -28.8667 10.7668 -15.6741 -2.36206 
10.1497 -17.3335 -1.81885 -6.19995 -25.6516 -4.05957 -4.76074 -7.03955 -7.01196 -7.39404 
-12.863 -19.3738 -8.03979 -2.41382 -20.4851 6.08765 -16.6375 -10.5942 -6.94385 5.19629 
-8.46631 -13.8855 -1.36377 -6.5354 -11.167 -13.4072 -13.2021 -10.3066 3.31812 3.10596 
7.65674 -8.43115 -1.44922 -11.1052 -11.2532 -4.02417 -4.11133 -2.8623 -2.71265 -4.66528 
-2.57153 -4.29736 11.0249 2.37622 -24.2571 -17.8213 -19.9231 -14.3521 6.28467 -21.2568 
-9.01196 -2.08862 -16.1226 -2.97974 -26.1194 1.41089 -20.2549 -12.9397 1.38843 3.01416 
-10.0186 -18.5051 -8.43164 1.68335 -24.843 4.927 -25.3455 -4.04907 -10.7126 -5.50342 
-16.0701 -15.4907 -3.05127 9.5166 -36.9478 -9.91553 -32.7393 -6.55103 0.618652 -3.65405 
-8.69946 5.54004 -7.74878 -4.7417 -1.13428 -8.40112 -6.72363 -0.616943 -1.65088 -2.40161 
-17.0266 0.378906 -7.69141 -3.78687 -12.9175 -13.6775 -23.116 6.71484 -2.64624 -9.21655 
-6.47217 0.286133 5.91406 -3.06519 -13.7847 -17.1565 -17.2507 -0.141357 -4.68213 -2.25317 
-2.82397 -9.78296 -1.95801 -2.36108 -22.5366 -10.5981 -13.1746 -9.90186 9.22241 -7.84839 
-3.93628 -8.84106 -2.76563 -9.63623 -8.09912 -1.96411 8.43848 -21.1982 1.60913 -12.3953 
-23.5664 -18.9219 -25.6184 -4.76636 -23.5437 13.697 -21.9421 -10.074 -3.75146 -1.40039 
-3.16968 -6.74219 -11.7356 -2.00708 -11.8083 -0.953125 -16.0876 -2.46143 -5.76416 2.40796 
-13.1389 -15.8853 -2.6748 7.44727 -24.2563 -10.2776 -28.3186 -11.0657 -0.0354004 -3.77539 
-7.26099 -7.82397 0.839844 -7.68286 -24.2727 -7.19312 -3.78247 -26.532 8.03101 -15.8484 
-6.87061 -10.0503 -5.14722 -6.06348 -7.77393 -18.9565 -13.6724 -3.39673 -8.01147 4.00806 
-17.7056 -8.39941 -18.459 2.72656 -27.5581 8.08789 -17.0618 -26.1956 -8.59668 0.510254 
-10.8962 -6.09009 1.05591 6.44873 -20.8123 -3.60352 -26.9502 -6.37939 -5.67871 -5.23438 
-8.38892 -18.866 -9.46704 -6.96167 -13.4558 -7.33984 -24.9836 15.384 -21.2927 -5.16553 
4.72168 -21.1125 -9.31836 -5.3877 -19.9189 -4.28369 -15.6174 -4.2561 -7.19458 5.47485 
-10.5076 8.62256 -10.7695 -7.17627 -8.40576 -16.5525 -9.24854 -0.613281 2.19336 -6.7644 
-12.4824 -3.62817 -5.08374 -1.53125 -16.5322 -17.594 -24.3911 11.166 -12.9749 -8.18384 
15.1194 -12.613 3.61011 -8.75513 -27.7563 -8.08252 -12.1519 -7.96558 -13.9756 -4.0332 
9.91968 -15.9558 -2.7998 -6.03369 -27.2527 -2.76001 -12.1765 -3.73926 -5.56836 3.90625 
-12.0281 -3.86938 -2.94556 8.2207 -19.6941 -1.49316 -17.241 -13.0972 -10.0544 -6.44067 
-28.7632 -13.3547 -3.90918 -2.41333 -26.4172 -24.001 -44.7209 20.0786 -22.0396 1.41895 
-14.2253 -2.83813 10.3809 3.40894 -14.6267 -13.418 -13.822 -5.0061 1.3064 -20.2986 
-5.89697 -4.521 -0.133301 3.2207 -23.2139 1.74756 -16.4941 -12.2297 -5.80029 1.31934 
-10.3257 -1.40259 2.65649 -4.87451 -18.8491 -14.4944 -4.85107 -12.9854 7.66553 -25.375 
-11.7715 8.33862 -11.0637 -7.10693 -9.85645 -13.3479 -10.0654 -5.0437 2.19556 -8.33667 
-7.8269 -10.7913 -5.83765 -1.94434 -14.418 -5.08813 -13.0662 -11.113 10.448 -8.88477 
-0.0571289 -16.2483 -5.04736 -13.9353 -14.6099 -4.17993 10.925 -19.0037 -3.05127 -8.09082 
-11.4971 -2.46753 12.175 2.17041 -24.1316 -16.2603 -21.2246 -4.00635 -2.77515 -11.0254 
-15.218 -12.8459 -4.70532 -10.5364 -5.54639 -13.2517 -10.0779 -6.67163 2.01318 7.52051 
-13.761 -3.83374 -5.23706 1.53833 -23.3955 6.0918 -18.1055 -13.5144 -5.17358 -1.05713 
-15.7314 -10.699 -3.65381 -3.26001 -14.9963 -8.84082 -27.5217 11.2979 -10.4673 -3.21069 
-11.0955 -11.3169 -9.02661 -3.01636 -22.7874 8.05249 -0.874512 -16.2007 -2.51733 -6.90454 
-0.803467 -1.78833 2.19556 -4.43384 -7.62793 -18.7322 -10.4336 -3.86548 3.46118 -16.8364 
-8.28833 0.147217 -6.20435 -4.64941 -14.864 -6.20972 -6.50854 -7.72119 5.41504 -5.63574 
-5.50781 -21.8445 2.91992 -5.13599 -6.46436 -0.355225 11.1797 -9.19849 -6.00513 -18.812 
-3.72583 -8.49072 10.9773 -2.55884 -35.8381 -19.658 -12.5664 -8.88159 6.79565 -21.8936 
-0.36084 -9.77979 -10.9939 -3.59424 -17.1255 3.50146 -5.39526 -11.1128 -2.56201 -1.21167 
-21.2722 10.7034 -13.0781 -3.1145 -6.25171 -9.01611 -9.40942 -11.7085 4.15942 -7.99878 
-17.1714 -19.4363 -5.40674 -10.2397 10.2769 -13.228 -13.8916 -4.25977 -2.07983 -6.79004 
-3.39941 -3.63501 4.30322 -0.633545 -29.5227 -9.96753 -11.6433 -18.4219 10.3899 -12.3726 
-21.5117 -12.9011 -8.88574 -14.3821 8.8938 -15.1045 -12.5232 -10.7139 -2.07104 -0.33667 
-15.9758 -10.1172 -0.326904 0.997314 -25.1433 2.57422 -20.9856 -19.8665 -6.39111 -7.81812 
-4.67969 -5.53174 -5.65137 -4.50317 -21.7043 -6.32617 -9.05249 -4.22583 5.35376 -4.60669 
-17.5276 -5.54443 -10.4402 11.335 -38.1272 4.44287 -32.2 -23.1787 -11.9995 3.78784 
11.9219 -14.707 1.69775 -10.3269 -17.9146 -11.6199 -9.28857 -5.18872 -8.57495 -1.94946 
-6.59375 -8.67651 -6.91479 -14.7744 -13.2947 -1.4624 13.0618 -35.2307 4.04175 -11.2192 
-25.3872 -21.8613 32.3789 4.05176 -33.5066 -19.9949 -8.92065 -38.833 -9.79688 -54.0032 
-20.8323 -0.361816 -9.01855 -2.01587 -8.26611 -19.7053 -24.4648 10.1543 -13.2937 -1.96851 
-12.3918 -13.3794 -13.7104 9.38306 -19.0457 -5.31006 -18.5955 -11.489 -9.61963 -2.59668 
-9.49854 -2.90527 -3.60669 4.24072 -25.2375 -8.65698 -21.6172 -6.21265 -3.09961 -0.841309 
-12.1299 1.96118 13.0334 3.15479 -29.3303 -15.4868 -15.593 -10.2832 1.7085 -20.9976 
-10.2722 6.88989 -13.2102 -7.56567 -9.88818 -9.84717 -5.87134 -11.9954 1.74097 -6.10986 
19.6094 -20.5762 -7.50244 -23.4631 -25.2747 2.8855 -5.0791 0.21582 -12.2046 -15.5056 
-8.9519 -5.73022 5.30273 -1.69604 -19.7273 -17.1865 -17.2471 4.84814 -5.12061 -8.56152 
-7.11426 -8.6853 -2.63501 3.79272 -24.7241 -2.49121 -29.2139 -7.729 -4.28882 2.02002 
-17.1685 -15.9158 -10.6035 -5.38037 6.11426 -18.3821 -15.833 -4.39185 -5.03735 -0.1521 
5.07764 -19.9875 -2.98242 -15.7043 -1.98389 -4.40356 3.61499 -10.5366 -7.35742 -12.9932 
-19.9297 -10.5803 -0.0627441 11.6108 -15.5994 -9.70508 -28.7295 -8.83984 -9.85938 -16.1189 
-16.8845 -13.4739 -14.6824 -9.54761 -8.50488 -11.1123 -14.7573 -6.93799 -1.25244 10.2791 
-11.4036 -2.73975 -2.65723 8.10962 -22.3782 -6.59839 -30.5698 -11.7822 -8.19751 1.72998 
-14.2585 -17.4763 15.6631 -4.67749 -18.2173 -5.81787 -11.7832 7.22412 -11.7234 -24.5986 
0.524414 -23.5154 0.493164 -4.83447 -15.6692 -6.60303 -8.77344 -11.7344 6.11084 -7.66943 
-9.31128 -21.4973 -2.69556 -9.70337 -5.14941 -10.5173 -17.9431 -9.08228 -18.2864 11.5444 
15.2754 -21.8135 -11.3687 -17.0195 -17.7354 -3.01318 0.102783 -14.8328 -16.3677 -3.27856 
-14.3823 -15.4541 -10.6418 11.3794 -31.5549 -1.31958 -30.9526 -14.3577 -11.6509 0.256348 
-10.3662 -3.09961 -1.77026 -3.43896 -12.3711 -7.65137 -6.98682 -13.8276 8.93628 -9.2749 
9.68433 -18.6555 -11.0938 -19.9592 -9.2063 -5.33252 3.46484 -2.02173 -12.1345 -18.9902 
-8.58545 -0.431885 -6.79712 -11.6025 -3.50781 -7.90308 -16.3879 6.77563 -14.7876 -0.171387 
-8.81763 -6.93823 -3.84985 -15.4553 -9.90015 -6.28589 13.4348 -25.9189 0.0683594 -15.4683 
-12.2493 -14.1296 -12.27 -2.50928 -33.0496 6.93579 -18.7068 -14.8789 -8.88965 -1.99536 
-18.8501 -19.158 -11.2229 -7.85498 6.35913 -10.4436 -10.4534 -3.83813 -3.17065 -2.07568 
-13.8306 -2.77417 -6.87524 -2.07593 -14.8796 -18.0142 -22.3564 12.6721 -11.9751 -7.88257 
-12.4956 -6.96973 -7.95947 10.0679 -27.2253 -5.36011 -24.4189 -15.2229 -9.30664 -3.07764 
-0.32251 -8.21973 -1.16357 -4.2334 -23.7759 -0.0805664 -17.4575 -6.58545 -5.40161 1.18848 
15.3533 -21.093 1.89575 -12.2522 -10.0164 -3.21191 -1.21069 -13.8125 3.36548 -4.26807 
-8.15137 -2.89868 -2.43481 -4.35864 -13.0435 -3.94897 -3.93384 -8.80322 5.69995 -7.76416 
-1.15112 -4.60645 -6.57007 -11.4199 -14.363 -3.49902 7.97705 -17.3538 3.2998 -12.1619 
-5.9375 -3.34497 11.8967 2.04126 -36.0051 -11.0142 -14.0701 -10.0144 3.61108 -17.1099 
-21.2271 -19.7563 -18.7949 2.53833 -31.3564 14.2434 -24.5271 -12.0767 -13.2485 -2.64746 
-11.4836 8.03711 1.70117 -3.54126 -13.5415 -5.34692 -0.991455 -22.9333 1.99536 -16.5178 
-9.47095 8.94287 -3.34863 -8.32837 -9.96143 -10.0405 -5.67554 -7.44849 0.757813 -13.7388 
13.386 -24.4346 -6.48682 -17.0615 -21.7571 -4.54346 -6.88184 1.36108 -8.71753 -4.98828 
14.2278 -16.2939 -2.90771 -7.34497 -32.0667 -7.6748 -10.2871 -3.27222 -11.719 0.63501 
0.401123 -5.04443 -2.08936 -8 0.175293 -4.6377 3.1355 -9.00586 -0.664551 -3.68799 
-11.197 -7.10132 -12.6504 -12.647 7.57422 -12.0801 -13.1382 0.539307 -0.598633 0.230957 
10.3049 -18.1399 -2.52026 -9.67871 -23.5269 -7.71509 -10.7676 -2.23608 -2.802 0.960205 
-10.467 8.9563 -8.1875 -7.37817 -11.1121 -14.8879 -7.771 -8.02783 3.55322 -13.5173 
-3.13281 -10.0854 14.3962 -2.11328 -18.3628 -18.3931 -7.0957 -21.9417 5.61694 -25.8201 
-19.8428 -7.64063 2.07495 10.1614 -26.6362 -7.63599 -39.2627 -5.06958 -6.16284 -5.03906 
-19.187 -0.401611 24.9353 2.1377 -35.6365 -20.6055 -13.8367 -32.884 0.610107 -48.7251 
-13.4075 -3.43066 2.18994 0.374023 -17.8782 -14.0046 -15.187 6.73071 -0.845703 -11.2288 
-17.4224 -5.948 -1.6665 -0.179199 -21.0515 -11.6526 -19.5061 8.92456 -2.24927 -13.2114 
-2.9917 -7.91089 0.113281 -6.65332 -17.5593 -3.50488 -1.28711 -13.2996 7.19458 -6.95361 
-9.4165 -30.126 -7.8606 -7.59692 -21.2598 7.05786 -15.188 -20.2966 -7.30103 -0.854492 
-16.0508 -3.29102 17.6587 3.1355 -34.7695 -14.2268 -22.4253 -7.3335 -0.0786133 -31.3037 
1.42554 -18.3462 -3.90381 -4.5332 -36.4312 2.42749 -10.8511 -11.5393 0.926025 -5.23633 
-10.9165 -2.81934 1.33594 -0.368408 -15.3923 -22.4426 -17.8079 1.96289 -1.34058 -7.2373 
-1.56616 -15.425 -1.93262 -17.0322 -5.54028 -3.42261 6.41919 -13.7725 -8.77319 -7.45947 
-13.2732 -5.75635 0.379639 -3.18359 -3.50854 -9.98975 -19.9363 -8.37134 -3.99243 7.4812 
-16.2683 8.26196 -14.4341 -4.34888 -4.73877 -6.39868 -9.72339 -7.66626 2.4104 -2.31494 
-15.7842 -16.1045 -7.53931 -13.6753 11.8079 -13.2388 -12.6311 -2.89819 -6.13745 -6.13599 
-8.44971 8.42798 -1.64355 -4.53857 -6.68262 -12.9758 -7.72778 0.398438 -0.775879 -13.3523 
-13.0627 -8.97559 -9.60522 -18.3052 -10.1133 -6.97876 21.5317 -27.1973 0.102783 -23.8462 
-13.7949 -14.7078 -7.4353 -13.5266 6.72339 -6.63965 -10.1226 -3.8689 -1.72314 -0.56958 
-4.7854 -12.3977 18.3789 -1.59766 -32.8066 -18.3008 -12.0176 -3.77271 5.45166 -27.1233 
-18.8374 -18.168 -11.1318 -6.67505 7.28687 -8.00708 -10.574 -5.62793 -3.3147 0.694092 
-11.8223 -9.98706 -5.31079 4.87915 -12.1218 -6.50903 -13.3789 -19.5261 -2.27246 -7.50952 
-21.5491 -24.9497 -20.6204 -7.10498 -12.1611 11.6499 -10.144 -14.8884 -12.5649 0.519531 
-21.8896 -14.9626 -11.6118 -10.9373 9.05127 -13.2158 -10.3567 -6.24512 -1.66602 -1.05151 
-8.94751 -3.43115 -1.39258 8.33203 -12.0212 -10.8462 -18.4038 -1.42285 -7.94653 -7.52539 
-12.3804 -10.4763 -5.33447 -6.76587 0.303711 -5.54468 -20.4351 -4.13574 -2.81543 8.70874 
-4.89063 -13.9705 -11.3896 -3.92578 -24.0122 5.22241 -9.63135 -4.57324 -2.03564 -0.460205 
12.9609 -18.2874 -0.982422 -7.521 -26.3054 -2.15894 -14.4922 -6.02856 -7.28955 0.398193 
-16.2795 9.83203 -15.1541 -3.66406 -10.4932 -7.37817 -7.05298 -9.3728 2.66431 -9.06641 
-4.41064 -3.23511 -5.2251 -1.11304 -6.5083 2.91968 -5.13989 -3.72485 -7.21167 -1.02808 
-11.5784 -7.53394 -9.0354 6.98413 -20.7915 -6.28125 -18.8037 -6.68311 1.073 -3.86914 
-6.73926 -2.875 -0.696289 -2.09253 -21.0771 -6.83789 -7.82495 -8.51587 6.60034 -6.48169 
-15.9026 -10.1753 -4.56738 -6.02686 0.12915 -11.5208 -18.884 -1.97314 -4.31299 5.34717 
-8.04102 10.1223 -10.2153 -8.66211 -11.6472 -14.6934 -4.09668 -11.498 4.43164 -13.1123 
-11.3057 -6.49878 -6.16675 -3.51196 -5.11816 -6.15479 -16.1265 -0.692383 -6.73633 7.05176 
-15.6089 -14.1333 -9.53638 -6.56079 -5.14624 0.363037 -7.88599 10.3523 -13.908 -15.9336 
-0.287354 -12.6648 -3.11084 -6.57935 -7.32129 -13.8442 -11.4014 -1.18872 -11.0571 5.13525 
-12.3528 -18.9539 -14.9092 -11.0291 -17.189 7.50366 -12.4417 -9.54321 -7.92407 -0.443359 
-14.3687 -5.7041 -14.7466 -5.94727 -26.3608 8.96387 -14.5154 -12.0859 -2.02271 1.20068 
-7.20239 -0.306152 6.8252 -3.72534 -4.48511 -9.66577 -3.98193 -10.9365 1.47021 -14.0247 
-14.835 -11.031 0.0776367 -1.25317 -16.6475 -12.103 -28.7878 9.95923 -12.9338 -2.07764 
-15.2141 -10.5029 -4.95728 -9.24609 7.28491 -9.86597 -10.3459 -4.03662 -4.48218 -2.60791 
2.34497 -24.0249 -5.76807 -20.8767 -4.50928 -4.23999 15.9417 -3.23462 -14.2795 -17.6431 
15.2192 -9.99438 -7.76196 -9.87476 -21.2595 1.26367 -7.5249 -4.10376 -18.7871 -13.8071 
-15.241 8.052 -11.0208 -3.86401 -10.219 -8.91504 -10.2905 -3.95532 2.66016 -9.46875 
-14.8435 8.93555 -7.51758 -5.64941 -6.4104 -10.4407 -8.66113 -14.7466 4.65234 -2.21973 
-17.1553 9.75488 -11.2412 -3.85767 -8.90479 -4.72827 -3.06006 -11.8606 2.59766 -12.447 
18.3911 -18.228 -1.99268 -13.6743 -28.6619 -8.5542 -7.4104 -5.77881 -10.1172 -4.14868 
-19.8784 -11.1006 -13.8103 -8.86108 7.98462 -1.25098 -5.34717 -9.49756 1.30933 -3.24072 
-6.96436 -4.69141 -3.53857 -5.2749 4.47656 -11.9082 -9.32983 0.578613 -6.64258 -0.91626 
-11.7542 -7.10889 -0.839355 -0.469482 -15.4333 -8.83496 -23.6863 7.09937 -10.4648 -5.92529 
-14.6968 -12.4417 1.06445 -13.7988 -7.67944 -4.21069 17.6113 -15.7292 -9.27344 -23.6001 
-9.76416 -3.90674 2.94922 7.27441 -24.7888 -9.7998 -30.2461 -13.6516 -4.5415 -5.39355 
8.81177 -7.34595 -2.83911 -8.01782 -11.9878 -6.00854 -4.52612 -10.8218 4.24219 -5.32715 
15.8696 -21.292 -13.4678 -16.7273 -21.6973 -3.75269 -3.8374 -2.66943 -25.9329 -3.20703 
-10.6489 -1.41162 -11.6643 -6.74072 5.07007 -10.9177 -12.446 0.365723 -1.60547 -1.36255 
-11.9194 -11.8489 4.11157 7.91602 -26.5569 -11.0645 -30.6941 -13.2649 3.63647 -6.75562 
16.7585 -22.1553 -4.40479 -14.6899 -24.7935 -13.5259 -7.91699 -4.2561 -10.9719 1.05469 
-3.9729 -18.3789 -5.10205 -9.45264 -2.16187 -10.197 12.2407 -15.7771 -1.05298 -18.531 
-5.02246 6.79785 -4.47583 -13.4819 -14.8364 -7.49634 1.74976 -16.3206 1.44409 -15.5786 
-14.4395 -1.25684 -9.53076 -9.53442 2.10889 -13.8914 -12.1011 -0.11084 -2.32544 4.85864 
-9.5415 -23.5745 4.052 -12.1677 -14.3118 -2.26831 8.58838 -28.7478 4.37231 -18.3354 
-18.7485 9.00537 -10.3569 -2.60742 -8.15039 -2.46069 -8.34961 -12.8328 3.51855 -11.0327 
-22.6165 -1.38599 3.20483 8.69165 -13.498 -8.33545 -19.4895 -11.0859 -8.1499 -20.4045 
-6.73096 -4.47705 -2.02002 -7.38818 -17.634 -3.8147 -4.60986 -18.0249 7.92529 -10.8 
-9.46851 10.4685 0.23584 -8.34277 -13.5889 -14.6299 -5.01978 -5.87964 2.55835 -19.8125 
-2.52319 -11.1318 10.8372 1.5415 -25.6604 -17.7148 -16.4966 -11.5303 2.09766 -17.4207 
-7.89697 -13.3757 -8.27051 -1.46484 -31.1799 2.17969 -6.19653 -18.4163 0.0881348 -5.67944 
-3.05811 -21.4392 -0.0131836 -9.55859 -9.02515 -8.33838 13.626 -12.5388 -7.8606 -21.7002 
-19.4634 -3.53687 20.1726 0.863281 -26.4822 -23.3435 -11.1658 -23.8176 -4.85645 -31.991 
-8.90503 -2.1521 4.5686 -10.1843 -0.75708 -7.52344 -16.0537 5.11084 -5.87744 -12.2852 
-11.6155 -5.92456 -11.7783 6.72314 -8.17773 -3.24658 -17.3135 -12.373 -14.6719 -3.25024 
-3.28882 -6.60718 -0.144775 -6.8916 -2.32324 -0.710449 7.59814 -19.0347 -2.04883 -12.1975 
16.3271 -8.76245 0.0449219 -15.6279 -24.8899 -5.35425 -4.8562 -3.75586 0.521973 -13.8013 
-7.54932 9.43018 -3.67896 -10.2866 -16.9836 -13.2285 -1.43994 -19.998 3.43555 -20.1873 
-1.01929 -9.38599 -4.75098 -11.5154 -5.3103 -7.91602 -7.60718 1.05542 -8.47485 5.83545 
-4.45703 -4.28345 0.725098 -2.89502 -9.97949 -9.46338 -10.5642 6.93945 -7.63989 -10.1638 
-1.75952 -11.0403 -1.60205 -18.7119 -4.73853 -9.19238 8.60791 -10.8542 -4.01611 -15.875 
0.519043 -23.2246 -4.45117 -8.15771 -11.1741 1.07275 10.3628 -22.5637 1.91016 -16.7534 
-5.85767 -4.77563 -2.7644 -8.01929 -6.69507 -12.1099 -3.29126 -9.56592 4.71973 -7.5293 
-7.62793 0.736084 -10.8335 -7.15771 -5.8374 -11.7004 -17.8208 1.34253 -3.67114 8.20337 
-6.30176 -6.39185 12.23 0.366211 -22.9246 -19.0337 -14.3232 -12.48 3.39087 -22.7485 
-1.93701 -11.4441 -2.33447 -10.1631 -6.35547 -4.16138 -9.70361 -1.62354 -4.92456 3.68701 
-7.68359 -6.3811 -3.9585 -5.25366 -13.697 3.2854 -2.55688 -11.762 2.5022 -7.92651 
-11.4995 -7.60718 -2.58691 -4.66919 -13.0444 -13.8948 -10.9524 -5.56348 7.98315 -6.61206 
-21.4431 -3.71802 8.74414 10.8074 -30.1191 -18.0374 -22.2788 -5.4812 0.793457 -24.449 
-6.1145 10.1958 -0.910889 -7.98682 -8.84375 -17.0054 -9.61792 -7.19604 -4.30786 -12.4119 
14.2205 -19.6245 -5.04883 -14.844 -23.0684 -3.79688 -7.87354 -3.20825 -12.8687 -4.57153 
9.02295 -16.9629 -2.51074 -11.6765 -15.3921 -5.78491 -5.42285 -4.42554 -5.09814 -0.808105 
-14.2668 -30.5244 -12.4807 -3.97046 -20.1179 -2.92334 -28.5732 13.929 -15.6155 -0.276123 
-1.77466 -3.17407 -6.5188 -18.5676 -15.8977 -2.1438 8.78271 -21.6384 3.14233 -12.8557 
1.05347 -5.50244 -4.87817 -5.54663 -14.759 2.83398 5.72119 -8.65381 0.265625 -14.5059 
-20.0227 -14.0674 26.0684 5.53955 -27.7097 -23.051 -9.99902 -42.0198 -5.69629 -40.0376 
-8.21777 6.66504 -0.397705 -11.5466 -6.8606 -12.9307 -4.73267 -7.89185 -1.85229 -22.1418 
5.99951 -29.9348 -6.95142 -19.0911 -3.67505 -1.0061 15.9771 -6.52197 -12.8525 -20.4431 
-13.8105 -13.2964 -5.30811 -9.21899 -4.17627 -12.0957 -9.7981 -4.29248 0.938721 7.4873 
-9.98242 -11.9224 -1.00781 5.94604 -24.9219 -2.4646 -23.176 -9.02075 -0.373291 -11.0137 
-17.4849 10.1111 -15.3523 -5.93799 -7.05493 -6.45972 -5.07837 -11.7312 2.52173 -8.99805 
-0.912598 -16.0479 -1.6709 0.291992 -23.2385 -1.43774 -7.73438 -10.0845 4.21802 0.0358887 
-11.1638 -12.2493 -2.01563 -18.0833 0.241455 -8.45776 15.0249 -14.7107 -4.02515 -18.8303 
-13.25 -1.16187 -7.42847 -5.3667 -1.396 -10.885 -11.1736 -5.50806 1.31885 3.99731 
14.6973 -17.5217 -2.87207 -11.6077 -9.04517 -10.1699 -2.3938 -7.61011 -9.59912 -8.42065 
-5.73779 -6.55786 -4.86572 -10.772 -4.57959 -2.25415 8.03638 -17.2524 3.26709 -12.4133 
15.1523 -19.5703 -3.2998 -12.0747 -28.5115 -5.80762 -9.28564 -3.76904 -8.05615 -3.47461 
15.9067 -14.8936 2.62695 -16.9231 -15.051 -14.5476 -4.87061 -9.31128 -5.5249 -10.2927 
12.7026 -18.7898 -4.39502 -15.1272 -9.52319 -10.4121 -3.44336 -0.456543 -14.7109 -4.56616 
-2.12524 -7.82251 -0.947266 -3.24976 -9.77686 -2.89355 4.14185 -16.0432 0.287598 -10.0996 
-21.2871 -4.32153 2.71289 10.9417 -22.135 -9.47827 -33.2461 -10.4517 -10.4736 -13.5017 
-24.0781 -25.7644 -23.6023 -5.76953 -41.7666 10.7646 -24.9802 -13.988 -8.66895 0.214111 
-14.9514 -7.70776 -6.65625 -10.6472 -4.37524 -12.0999 -11.1445 -0.700928 -3.89575 2.36938 
-19.7974 -17.3843 0.842773 4.4707 -7.87183 -6.10645 -11.2791 -4.85107 0.408203 -15.3687 
-11.552 1.74731 -5.42529 -6.33423 3.35181 -12.0413 -11.4199 -0.958984 -6.78296 3.13623 
-4.62329 -13.6829 -7.92847 -6.56934 -9.0249 6.70435 -6.48169 -4.12744 1.42358 -11.531 
-23.8464 -12.8105 -10.3157 -4.86304 -30.6597 7.02319 -14.9246 -15.3428 -6.01978 -9.90942 
2.20972 -10.1433 0.265137 -4.61328 -30.0027 -7.92407 -8.85327 -14.8293 9.01855 -13.0674 
-13.8774 -11.1533 -5.34521 -2.34961 -34.9106 5.85156 -15.9084 -24.5044 -9.39697 -10.6541 
-7.0188 -6.86792 -2.36841 7.73145 -32.2883 -12.3101 -23.8767 -7.78394 -0.347168 -2.71802 
12.248 -11.8242 -0.911377 -12.6426 -17.5239 -2.95459 -2.25171 -10.7515 -9.74561 -10.2273 
-0.00805664 -6.32715 0.992188 -6.07349 6.58032 -20.29 -2.21411 -9.55273 -5.43628 -9.58398 
14.4111 -21.6265 -6.24634 -11.5498 -22.2351 -2.91211 -8.51074 -3.07251 -15.0603 -6.40894 
-3.34619 -14.6338 11.042 7.5437 -38.5583 -14.4819 -15.7061 -8.92188 2.87305 -20.3513 
-12.9033 -23.4128 -7.14917 -11.375 -4.7085 -11.73 -19.8525 -3.91846 -4.18555 5.91235 
-2.60962 -10.448 -11.7129 -7.33838 -15.3477 -0.264893 7.41284 -13.4063 -4.76953 -9.69458 
-10.845 -4.85645 -1.05127 -6.35132 -20.1641 -5.65649 -8.80933 -15.8806 8.66455 -5.61987 
-8 -2.42236 9.68188 -1.48242 -14.7659 -10.5208 -8.15942 -7.99194 0.631104 -17.6838 
-12.5049 -7.20557 -3.58105 8.10742 -26.6033 -6.58032 -27.5117 -12.0845 -8.51489 -3.71387 
-13.7239 7.60034 -10.0876 -3.80371 -7.59473 -5.75269 -5.98291 -8.48926 2.27051 -7.99756 
-14.8708 -20.4609 19.8716 7.47998 -39.8538 -23.1802 -11.5588 -21.4561 7.90259 -35.3013 
-11.3137 8.64941 -6.55054 -5.66821 -7.26123 -11.9587 -7.45483 -3.29883 1.87842 -14.54 
-7.70215 10.49 4.97974 -7.71118 -13.6448 -19.8486 -9.87427 -10.1462 -4.14331 -22.2595 
-23.8589 -26.1077 -26.1497 -1.30469 -44.2607 14.6672 -23.2612 -10.0129 -8.5105 -7.72534 
-4.08398 -14.9299 -9 -6.10986 -12.2813 -9.48584 10.0044 -7.89648 -5.50781 -10.6667 
-19.4124 -15.126 -14.4341 -6.46924 -4.80762 -11.9744 -19.1011 -4.30615 -6.73584 8.18408 
-1.27393 -3.62207 0.686279 -5.1626 -10.0344 -3.76636 -1.53491 -6.92383 4.44507 -10.2715 
8.45435 -17.7332 -4.70923 -13.7773 -4.6438 -6.25 -3.25122 -1.15039 -8.6521 -1.64941 
-17.6912 -12.1753 1.34814 -16.1685 -20.4956 -6.20557 15.3354 -32.2937 0.930664 -11.1235 
-6.99438 -6.67847 -1.59619 -7.28784 -4.24805 -2.84106 10.2039 -19.3508 2.19604 -19.5203 
-3.81274 -19.7625 -20.3206 -7.30347 -20.0732 8.02148 -10.4192 0.0524902 -15.3096 -0.730713 
-24.9302 -20.6733 -14.5764 -3.96851 -28.3474 10.2 -19.084 -18.9561 -11.7393 -3.82739 
-8.90747 -6.0791 -3.29224 5.41333 -14.7422 -9.46606 -16.499 -13.2981 0.278076 -4.81299 
-9.71729 -16.3647 1.67139 -9.12256 -15.3186 -12.1477 -5.33936 -21.4688 10.2324 -8.97217 
-0.781982 -20.5159 -5.42163 -14.4653 -15.9983 -3.24902 15.3945 -6.50317 -9.16748 -14.407 
4.18652 -18.9912 14.0835 4.73218 -44.0264 -13.9487 -10.4958 -13.3574 1.26978 -22.3823 
-14.4946 9.26611 -16.2175 -8.94995 -1.42725 -5.93286 -6.01074 -7.50146 -0.16626 -4.83594 
-14.9922 -7.8811 -8.71729 -10.7393 8.29224 -17.2249 -11.9927 -2.58765 -3.97485 -1.27881 
-16.7109 -18.2803 -17.4541 -4.46094 -20.1353 11.5166 -12.5071 -12.2263 5.08838 -7.12646 
-14.6047 -18.49 -9.60791 -11.7131 10.6563 -17.9558 -11.3491 -1.2998 -6.63599 -7.6626 
-25.4963 -5.82617 6.83374 13.9602 -29.9197 -21.4727 -43.4333 -9.52319 -3.47266 -20.5525 
-10.8767 -2.43408 -8.65869 -9.83203 -1.91748 -13.448 -17.2498 8.41382 -15.5647 -3.4436 
-2.62573 -4.57495 -0.604492 -1.84497 -25.0129 -3.66602 -7.43726 -10.6077 6.60376 -5.20923 
-2.69873 -9.32715 0.612061 2.64209 -30.7444 2.40918 -24.5432 -9.0791 -9.04736 0.123047 
17.0181 -21.4675 -8.38647 -19.6917 -2.93945 -2.11694 -3.86377 -1.39966 -14.7249 -5.61719 
-3.00195 1.24512 -1.88159 -4.37598 -0.785156 -7.97729 -6.61743 -4.47144 -5.32007 0.984375 
-10.8164 -4.70679 3.17822 7.42017 -24.1599 -6.30884 -24.5308 -10.3088 -3.61914 -9.50269 
-9.54614 -17.1602 -9.20166 -4.93726 -28.2683 2.39795 -4.55835 -11.7388 1.7168 -8.82886 
-21.8252 9.69604 -8.18481 -2.52832 -11.1052 -5.58936 -11.0591 -14.4519 6.18604 -5.85083 
-7.73193 8.63794 -1.49927 -9.79175 -13.6458 -7.30981 0.696533 -11.8713 2.24658 -18.2942 
13.1189 -13.7092 2.62646 -8.25952 -14.7087 -9.10693 -6.59717 -9.32666 -2.96533 0.174316 
-9.95337 -10.7913 -11.0605 -12.9248 5.05225 -18.3518 -7.77393 -2.54102 -1.95215 -2.32349 
-26.6438 -17.7766 -8.56763 -9.47266 12.6533 -21.5957 -13.7188 -13.0227 -3.76904 2.35742 
-15.4895 -6.89038 5.69727 -3.11426 -17.8108 -18.7083 -11.8533 6.65771 -1.7312 -12.8157 
8.84253 -10.7607 -4.97827 -7.49951 -11.7354 -2.85791 -4.99609 -5.26392 -13.3359 -6.66846 
-14.4263 8.49365 -10.3516 -4.98511 -10.0635 -13.2419 -10.1838 -2.4375 2.2915 -7.90259 
-9.73511 -3.41357 -2.80298 -5.14307 -3.34692 -10.5706 -8.52563 4.69531 -7.38623 -3.37817 
10.9736 -17.6895 -5.3689 -15.1284 -14.4236 -11.9648 -9.33496 -1.23267 -10.98 -4.17725 
-14.9268 7.77661 -12.353 -5.47559 -3.54688 -2.3877 -4.12573 -19.1348 2.30371 -8.87793 
1.46826 -22.583 2.37988 -13.2825 -20.9751 -8.53027 14.791 -35.2444 1.42017 -21.9272 
-11.0107 6.81226 -11.9299 -6.72437 0.334961 -8.7793 -7.30981 -1.46875 -4.38135 0.0126953 
-15.3953 -14.7551 -4.43091 -7.50488 4.63501 -12.7595 -13.7695 -15.0657 -3.29272 0.0974121 
-16.7432 -18.7712 -10.4224 -3.37646 -7.52832 3.62231 -9.29248 -16.3796 -1.66772 3.93286 
-1.64526 -21.8049 6.31738 -8.70825 -12.4053 3.9624 10.4512 -24.9509 -0.929443 -16.2073 
-8.01929 -15.7781 -6.72339 -8.10669 -19.4482 -1.39063 11.23 -28.1184 3.1394 -7.96338 
-18.3438 -6.78223 -18.3594 2.79321 -30.2334 10.4478 -22.6252 -27.1682 -10.4893 5.21973 
-14.0769 -22.7524 -6.58765 -3.52393 -24.5415 -6.52612 -28.895 14.3711 -15.0615 -6.26782 
0.594482 -21.4285 0.339111 -1.23145 -20.8757 -8.94214 -8.08179 -13.6255 7.20825 -12.4565 
-4.93823 -6.62329 0.64917 -12.5383 10.5132 -12.4102 -8.8208 -2.27295 -12.4365 -9.67896 
-15.9294 1.26147 -3.41382 -6.26172 3.22241 -29.53 -23.0474 0.84375 -15.4885 -7.75854 
-15.1692 -4.50977 -6.52759 -1.5376 -25.552 -25.6245 -23.8423 13.4661 -9.98584 -8.71167 
-4.77832 -6.82104 14.5237 -0.97168 -41.1179 -16.0847 -14.9355 -17.499 1.72949 -28.3032 
-21.0122 -15.1367 -9.74438 -2.23267 -33.9478 8.61938 -15.3406 -11.3616 -5.8584 -5.75635 
-17.9956 -11.2603 -8.99951 6.86328 -21.8608 -5.97192 -23.5823 -20.0686 -4.96704 -3.1272 
-13.887 -4.0708 2.86987 -4.47534 -10.0769 -18.7878 -14.9011 11.0117 -8.47827 -8.2876 
17.0037 -18.512 -2.99561 -10.4172 -33.1116 -4.92871 -10.5435 -1.50952 -14.4983 -8.98413 
-7.20581 -2.50635 2.71338 0.384033 -24.9038 -23.7651 -24.7363 6.15649 -8.07764 -4.96777 
-23.2891 -4.04688 -6.44116 -2.30908 -23.0288 -28.1018 -31.6006 15.6172 -13.7566 -7.25879 
-9.9751 -13.7395 -8.26636 -14.0564 -3.31738 -11.8621 -15.5789 -1.13379 -6.22705 9.70972 
-11.3408 -15.6538 0.802246 -12.3962 -5.67163 -4.17529 11.0525 -27.7451 1.95288 -12.3452 
-8.52466 -10.3477 -0.168945 -9.98389 3.04834 -7.97192 -17.603 -1.20459 -10.1528 1.93848 
-4.54956 1.29614 15.4209 0.427734 -34.2495 -23.5845 -12.0608 -17.8152 5.25073 -30.3057 
-15.9539 -12.8076 -13.3645 -5.36719 -5.6897 -3.67798 -6.34497 -11.9038 9.24707 -11.0857 
-24.969 -5.8833 -1.08301 7.44775 -31.2224 10.7954 -37.3179 -17.4526 -18.5864 -9.57813 
-0.926514 -18.7424 -6.36987 -9.03711 -5.55566 -4.9104 -17.6499 10.3079 -12.9133 0.46167 
-10.0212 1.47583 3.24268 -3.91309 -19.3279 -8.34863 -9.70557 -18.3799 7.7666 -16.7231 
-6.09326 -10.3386 -0.791016 4.85815 -23.9785 -10.3789 -13.5046 -6.81055 6.38306 -7.81641 
-21.1072 -10.146 -19.6538 -6.66772 -5.66455 -12.0295 -19.1448 -0.778076 1.61572 6.64893 
-22.1079 -19.9238 -27.6135 -13.9158 -32.4412 15.8215 -17.2654 -16.885 6.53247 -8.86499 
-5.41431 -5.32178 -8.10327 -2.36084 -14.8589 -7.22656 -8.10645 -10.0542 6.88037 -4.64941 
-1.00562 -17.7122 -7.21118 -5.13159 -11.4985 -18.6133 -14.7971 -0.015625 -12.6799 6.08789 
-21.9905 -11.6484 -5.84253 -3.44238 -0.82666 -10.1277 -26.1511 -10.0259 0.508057 8.96558 
-5.80688 0.239258 -0.794922 -4.81421 -21.8591 -7.85986 -3.17969 -22.907 7.57837 -8.05542 
-4.02686 -16.3689 3.32813 -13.2642 -25.2307 -0.476563 8.32471 -30.8164 4.42139 -10.9792 
-8.7373 1.54956 12.7004 -0.435791 -16.4478 -13.0962 -12.4807 -1.76758 -3.41602 -16.6177 
-3.49316 2.20654 -5.20874 -8.98413 -13.2439 -6.55688 -5.5144 -11.8413 5.61279 -4.21729 
-14.6465 -3.28247 -12.9763 -8.76392 2.33643 -6.10718 -5.86279 -11.8809 -1.00952 1.76001 
-5.17773 -13.2944 16.5264 7.94409 -44.656 -28.5928 -24.5811 0.189697 8.21021 -30.7336 
-15.1646 -7.646 -10.4229 10.7837 -25.9724 -11.2048 -26.0308 -6.06226 -9.76514 -4.76807 
-11.9766 -13.8188 -3.60693 -9.37231 0.933105 -7.70288 6.50073 -12.1973 -0.857422 -6.75684 
-9.69189 6.21851 -8.65625 -3.37012 -3.76709 -6.74146 -6.01001 -7.53345 1.05444 -5.54175 
-15.5862 9.10962 -14.9575 -4.54834 -8.12231 -6.28223 -5.81519 -12.3867 2.49463 -8.50146 
2.62695 -6.7605 4.43018 -14.9497 -31.6482 -4.33838 -7.73389 -17.8032 10.8718 -17.0232 
-0.859131 -15.4573 -2.31372 -2.89478 -12.6016 -13.8308 -12.9275 -7.62305 -7.02295 4.50195 
-10.644 -7.40161 -3.89722 6.48022 -23.0935 -8.5293 -17.1304 -12.6465 -2.75415 -10.7966 
-22.3081 -27.3398 -8.98608 -11.7422 8.47266 -8.53564 -12.6265 -10.6709 3.08521 -3.31885 
13.8257 -17.0586 -6.59033 -16.0408 -23.9482 -5.12939 -4.9292 -3.9729 -13.1348 0.240967 
-8.30688 -6.57251 -1.28101 -5.74731 -15.9263 -18.0967 -19.6418 12.0015 -13.1057 -10.4226 
-17.7109 -0.327393 -10.3425 -8.32837 -3.19824 -16.4119 -12.8403 -3.52319 -5.01855 7.5022 
-3.17578 -22.5261 -5.51831 -11.8567 -17.6023 -1.06421 9.96948 -25.146 1.1853 -5.4729 
-9.41138 -16.6553 -1.70605 -6.00122 -1.52344 -10.6799 -8.70654 1.38721 -9.21997 -0.869629 
-10.8884 8.81689 -12.0515 -7.56665 -8.16895 -10.6135 -2.20923 -13.6709 2.56787 -9.90015 
-7.63965 -8.41479 -1.2688 -11.2539 5.92114 -7.57788 -8.26733 -0.825928 -11.0359 -7.28979 
-10.5068 10.0049 -9.89111 -8.08447 -7.79541 -16.6833 -7.81665 -2.06567 3.11768 -11.1719 
-13.6011 -12.2205 3.68359 11.6365 -23.7979 -11.0193 -30.9058 -14.8911 -5.23926 -16.259 
-36.6707 -11.9216 -6.80444 2.62305 12.4099 -12.9993 -18.5559 -9.96118 -1.11719 -17.6716 
-19.4858 -12.9199 -13.0002 -11.6658 -6.5459 -13.7021 -17.301 -7.78345 2.16699 11.7778 
-11.5842 -4.9436 -5.51831 7.84839 -25.0168 -1.62744 -25.5774 -13.6987 -5.25146 -0.85498 
-8.20459 4.94629 -2.64575 -4.73877 -7.93115 -8.69141 -5.89893 -5.77026 1.28223 -9.43701 
-18.3091 -9.70898 -8.22388 -8.57031 11.2009 -9.07324 -8.03613 -8.32642 2.48706 -4.09009 
-12.9492 -3.14722 -8.03784 -0.970703 -14.6414 -17.9019 -27.1846 11.2905 -13.1216 -8.86035 
-9.89038 -3.71948 -0.319336 -2.69653 -19.0671 -19.991 -22.7764 5.34937 -2.52856 -1.49292 
-5.36182 -15.9282 -1.70532 -13.1685 6.66626 -10.4722 -6.44824 -5.22803 -8.62134 -1.3335 
-7.00073 -4.58691 -0.577881 -4.78857 -12.4971 -17.6584 -14.3953 10.4045 -6.86743 -9.73682 
-7.14453 -5.40479 14.6802 3.42065 -36.0308 -21.4758 -13.0405 -23.5139 1.8562 -18.2605 
-10.0903 -17.9829 -3.6499 -2.80835 -8.74487 -20.6414 -15.199 -11.2917 -14.3811 5.86963 
-15.4695 -7.50146 4.17139 14.5376 -23.8977 -10.6138 -32.3394 -10.4426 -11.2573 -25.4666 
9.8689 -23.6313 -9.10474 -10.0061 -19.9666 0.931396 -2.64722 -11.5991 -4.01782 -3.04468 
-1.50464 -12.2258 -0.55957 -6.61597 -31.2141 -11.106 -13.3738 -17.3606 11.8098 -5.23804 
4.62256 -21.4751 0.901855 -4.00415 -24.6965 -2.35352 -6.76465 -16.6106 4.47705 -6.22607 
-4.18213 -2.9209 -0.15332 -11.2991 -14.801 -11.5513 -7.39331 -18.2397 8.75659 -11.6431 
-18.6504 -11.907 -8.62598 -13.4771 9.10547 -12.2625 -8.56372 -4.00513 -2.42041 2.29224 
16.7874 -26.6121 -6.98999 -15.7026 -25.8352 -11.6653 -6.78003 -1.46216 -14.0649 0.0949707 
-10.9854 -8.23706 5.24292 -5.10571 5.35132 -2.69482 -6.56641 -11.3201 -7.2146 -3.19214 
-8.38892 -1.18872 -2.76636 -9.67676 2.50977 -10.4592 -4.05249 -7.49365 -3.92993 -0.986816 
-21.0527 11.0586 -11.2275 -3.4707 -5.64136 -7.86279 -10.9314 -14.9258 4.54102 -4.76709 
-29.4236 -15.176 -5.69116 3.53198 -34.4385 8.98486 -28.8389 -29.6729 -6.62085 -0.945801 
-10.1375 -7.73657 18.7751 6.89453 -33.8943 -24.136 -21.5723 -22.0693 1.89404 -36.5381 
-11.1587 -8.16455 -2.70898 -1.74536 -12.207 -7.03809 -12.9045 -5.02344 6.06616 -1.30249 
-12.4675 -9.44434 -2.59131 7.86987 -20.1831 0.0234375 -20.5632 -11.4893 -13.5249 -0.343262 
-7.24805 -6.56787 -1.41797 -5.34839 6.39063 -10.76 -9.83936 -6.76172 -12.5476 -0.0427246 
-11.3198 -12.1584 -3.91016 -3.87842 -7.27344 -9.90796 -14.6592 -10.0059 -3.44385 5.51318 
-12.8047 -7.33813 -12.906 -4.68896 -17.4248 5.76367 -10.8503 -19.075 -7.53809 0.883301 
-2.24048 -5.39966 11.116 1.35181 -22.158 -18.8013 -21.5005 -4.87085 -4.17749 -18.5396 
-4.74634 1.21313 0.12085 -2.67065 -23.3394 -19.2441 -10.1646 -12.9097 9.39282 -11.4617 
-8.99487 6.82495 -9.65698 -4.42822 -3.43066 -11.4619 -10.0535 -4.87378 -0.309082 -4.83276 
-12.2434 -18.8777 -11.1816 -4.02344 -19.7659 6.40918 -10.8806 -10.656 -8.14893 3.38306 
-14.2512 -7.36621 -13.552 7.10596 -24.7468 -9.37939 -22.3149 -5.20898 -4.14795 -5.80176 
-10.2251 -2.79883 -3.47656 1.26855 -17.9114 -15.3831 -24.0203 4.0647 2.25781 -0.955566 
-19.5747 -3.18799 -15.5276 -9.17554 0.723389 -12.7974 -20.8564 -3.92944 -3.70874 12.7234 
-16.7944 -3.32495 -4.17822 -4.73462 5.54761 -13.8237 -12.7383 -13.522 -5.07129 -4.75488 
-14.2656 -14.749 19.8889 13.4246 -14.9602 -21.9561 -13.7146 -14.0088 -2.68652 -46.2864 
-5.65601 -7.97119 -2.68652 -5.7832 -10.5449 1.30078 -5.3064 -13.5417 -1.07666 -2.49048 
-3.10449 -15.6062 -0.351563 -10.6467 -3.75 -6.06128 11.3921 -10.2395 -6.64844 -12.2781 
0.946045 -4.79517 6.32324 -2.33105 -21.5066 -11.7627 -10.6694 -4.08301 3.20874 -12.5042 
-20.1116 -10.6514 -14.459 1.36987 -50.5146 13.9905 -29.2673 -10.811 -13.9763 -11.3853 
-21.282 -7.90796 -10.3811 -8.84277 3.04028 -14.0713 -13.0056 -3.38062 -3.82104 10.6682 
-10.3433 -7.80273 -4.91724 4.97998 -17.4749 -1.40015 -21.1216 -11.6777 -6.25171 1.84497 
-0.723877 -14.2896 -11.5564 -4.78613 -20.5588 8.93896 -8.64355 -3.22046 2.65649 -4.72485 
-21.0767 -9.052 -6.48169 -5.80591 1.30518 -15.168 -14.5842 -7.75879 -4.80005 5.40308 
-19.6384 -7.60864 12.9961 4.88306 -8.31445 -9.77222 -16.1113 5.14795 -5.32227 -33.4187 
-7.96021 10.6685 -3.86792 -10.0784 -12.1736 -13.8462 -6.25244 -8.86914 2.36206 -18.7402 
-18.6943 -29.3486 -13.5989 -12.6064 -2.96582 -4.87207 -25.3767 -9.55933 -8.8916 12.3784 
-3.75952 -2.70117 -9.81323 -3.95288 -14.5974 0.984863 -8.94116 2.74292 -1.11768 -3.87573 
-15.4722 -6.73901 -8.03979 8.34741 -30.3193 -5.49878 -28.894 -13.1865 -1.94629 0.945557 
13.731 -11.6602 -8.43872 -12.1458 -13.5459 -3.86646 0.184082 -6.95142 -16.1458 -11.3367 
-4.1272 -15.7188 -3.04785 -10.6345 -13.0288 -1.05835 6.94458 -22.3604 -1.59863 -15.3901 
-11.0703 -18.7539 -6.32104 -7.72339 -3.36279 -2.96289 -22.8582 -2.27393 -5.69922 8.14111 
-9.36914 -17.1418 -7.10669 -4.1897 -22.3379 -7.52124 -16.9617 -9.88721 12.1536 -7.3584 
-24.261 -23.9951 -8.68262 -8.45386 10.021 -13.5015 -16.8359 -9.04077 -2.80981 1.3374 
14.083 -5.68726 -2.60571 -16.5962 -25.8621 -4.82178 -5.94434 -3.26733 5.01636 -5.39111 
-2.1416 -6.92871 -4.8103 -7.58911 4.70288 -13.522 1.36084 -8.70361 -6.20923 -4.57837 
-1.61279 -14.7681 -10.1199 -10.0413 -6.04248 2.35132 -11.2412 2.54663 -10.3054 -2.69922 
-9.47119 3.3479 16.188 -1.61084 -45.0386 -10.9431 -9.9563 -26.283 1.23438 -32.186 
-22.8296 -21.8967 -15.5176 -8.13745 -11.8401 -11.9175 -15.1738 -2.90869 -2.29248 9.36353 
15.9807 -22.2534 -5.02295 -16.9529 -28.2273 -8.36475 -8.38916 -0.980957 -11.6221 -0.879639 
-15.1128 8.18677 -11.6584 -4.19165 -7.56372 -5.74707 -0.648926 -14.79 2.25952 -9.94775 
12.6035 -7.5144 1.51294 -12.0713 -22.3804 -6.35278 -3.4646 -4.7356 4.26709 -8.5686 
-7.10938 -0.734375 -9.81201 3.72168 -13.5564 -9.75659 -17.1345 0.00415039 -8.88721 -0.805908 
-2.51367 8.03833 -1.91235 -14.1106 -8.15991 -12.1609 -0.138916 -11.4827 5.74463 -20.7957 
-11.7988 -9.57959 -0.518799 -11.5044 -0.765625 -5.76904 15.0901 -26.1011 -4.33447 -22.0305 
-18.1455 -13.6938 -7.85864 1.33179 -28.0886 5.68408 -23.1736 -13.1733 -4.02124 2.24341 
-5.85962 -3.40015 -8.80029 -5.98096 -20.6692 -4.78223 -5.61353 -8.71191 5.81714 -6.81787 
-9.53955 8.65186 -11.0068 -5.63403 -11.5593 -13.6833 -7.59741 -11.7402 4.02661 -10.7402 
-15.0532 -12.1636 -11.1628 -0.980469 -18.696 6.40527 -7.32544 -33.4824 -5.8916 -4.10474 
-17.145 -8.34424 -0.401855 5.86206 -39.6921 1.00171 -32.1465 -18.6394 -2.11938 -2.31128 
-10.1614 -10.1274 -7.79956 -3.04614 -21.4272 0.553955 -11.5554 -5.74561 -5.83398 -3.88867 
16.041 -15.8645 1.58325 -13.7317 -12.7075 -3.61157 3.18872 -6.80981 -0.879639 -15.2761 
-20.8225 -15.4849 -7.10205 18.1455 -41.0762 -9.9729 -33.4705 -29.1294 -8.63745 -2.07275 
-18.8545 -10.478 -5.79785 3.94409 -24.052 4.6543 -25.8047 -22.3108 -4.61475 1.91089 
-10.3599 -16.9058 -14.6006 -8.72314 -13.8989 11.614 -6.94922 -13.5344 6.6377 -10.9436 
-10.3015 1.3374 -3.73779 -5.41577 -5.18384 -13.6892 -12.4341 -3.12769 -6.56299 3 
-18.7551 -3.48022 15.5173 -4.17334 -20.1816 -2.82642 -14.77 -5.38135 -7.58984 -16.6982 
-6.35767 -5.28491 -2.19067 -1.26733 -17.0796 -13.5918 -13.4431 -5.94849 8.04907 -3.00781 
-10.4316 -7.99512 4.36157 -0.564697 -12.8318 -11.355 -17.8945 4.58569 -2.9585 -10.1392 
13.6331 -12.4324 -1.33838 -11.031 -27.0708 -6.18457 -6.60254 -8.60352 -1.03027 -3.17993 
-12.011 -12.3752 -1.0061 -11.0088 6.77197 -26.4678 -12.6868 -6.71167 -13.4758 1.63232 
-0.458008 -0.923096 -1.55737 -5.22388 -5.70483 -10.2739 -9.97266 -3.74341 -6.24561 4.2583 
-9.48413 8.37549 -7.82861 -3.79077 -6.69116 -16.1191 -11.5754 -4.97095 1.36987 -8.21069 
-8.13574 -6.10278 -0.945313 -5.98804 -2.73511 -7.84912 -10.905 -4.47778 -4.82422 6.32544 
-18.531 -2.74829 -6.38403 -3.13818 -20.4001 -21.8774 -26.0635 14.3894 -12.7427 -11.3174 
-4.15454 -4.89209 -1.46167 -6.84619 -10.7048 -12.7239 -15.0669 5.44702 -9.48096 -1.85132 
-9.08691 -14.0947 -7.45972 -13.4509 -10.1526 8.23608 -3.05005 -5.56079 2.21216 -12.2639 
-8.55835 -11.5784 -0.771973 1.07544 -21.0369 4.02808 -24.3674 -0.871826 -7.39404 -6.11548 
-7.94482 -3.37183 16.3511 -1.7561 -30.7454 -16.1399 -12.8115 -10.6604 4.97681 -22.6438 
13.821 -21.78 2.96045 -6.69873 -9.3396 -7.05737 -2.58521 -11.9111 -2.38745 -8.63989 
-8.98071 -24.198 -6.46167 -7.1145 -8.47681 -17.1807 -17.1472 -2.44312 -6.60229 5.66748 
-8.11157 8.84912 -5.59766 -7.4939 -14.2085 -13.8281 -3.40015 -10.4919 1.36035 -17.0657 
4.97925 -4.91162 -0.159912 -4.17822 -22.95 -8.28589 -6.49585 -10.0081 5.49072 -7.13062 
-0.799805 -15.1968 -9.45337 -4.44067 -14.7512 2.85547 4.46826 -8.8689 -0.505371 -7.11914 
-7.81641 -6.64209 19.5166 6.23657 -56.894 -20.6833 -23.8325 -15.0242 3.8728 -34.4014 
-7.75928 -6.84839 -9.82056 8.43823 -30.4553 -6.57788 -31.489 -9.54297 -6.16187 5.4707 
-1.58032 -2.07397 1.34692 -7.80518 -1.2832 -9.31421 -6.14404 -1.47583 -8.40088 2.04956 
-5.01514 -32.9858 3.26953 -9.82861 -14.561 -3.81616 17.814 -29.7952 0.287598 -27.4211 
3.05371 -17.9241 12.1655 -0.744141 -15.5005 -19.5884 -6.00293 -20.5305 2.28955 -17.0337 
-12.8569 8.9624 -13.4766 -4.05762 -10 -8.68042 -7.50146 -10.6426 1.36377 -9.72876 
-18.9202 -19.2063 -6.86792 -6.01001 -4.73853 -12.3303 -17.5828 -12.8342 -0.424805 7.47363 
-10.4937 8.46265 -10.4614 -6.05298 -2.7019 -12.749 -10.2654 -4.39063 -1.86987 -4.62988 
-13.4414 -5.1123 -6.80249 6.85278 -10.3586 -10.1638 -17.2297 -11.0027 -3.94214 -6.16602 
-12.3423 -12.571 -11.2776 -7.47217 -11.0774 4.02319 -2.70654 -20.9185 -6.7478 0.0769043 
-7.58179 -5.87891 -8.17456 -6.26758 -28.3408 6.41748 -11.8103 -12.386 -6.92676 -0.664551 
13.4189 -17.1516 -5.39893 -16.6753 -16.0613 -5.98926 -5.82983 2.58862 -6.99878 -5.16211 
-7.49805 -5.41943 -10.9624 2.25732 -14.3225 -6.16382 -10.1914 -13.594 -4.87231 -3.41089 
-10.5828 -20.8982 -5.26831 -7.45483 -20.9448 -8.29297 -18.8662 -6.76904 5.0752 3.35034 
-10.2915 -3.90796 -4.83057 4.05054 -13.3096 -1.83911 -19.667 -7.74561 -7.80005 -6.46997 
-11.5374 -1.17603 -7.74341 9.21094 -24.2417 -4.52686 -26.8052 -14.8359 -10.9832 1.11572 
-7.62476 -8.46924 -1.08398 -8.73145 -9.91357 -21.8677 -15.907 6.76611 -2.9082 -2.49438 
-12.9717 -16.2561 2.31665 -9.17944 -1.59814 -8.95605 9.41968 -19.4846 -1.56763 -14.3184 
-3.19556 -3.91382 -6.20605 -6.27612 -12.7104 -0.0749512 0.168701 -15.9976 4.49609 -4.9187 
19.4978 -22.5298 -2.60181 -9.23462 -38.7983 -2.11792 -15.7371 -7.80884 -16.8052 -3.97437 
-13.9004 8.94092 -9.47827 -8.00806 -5.61621 -14.667 -9.52075 -5.9436 -0.798828 -4.09351 
-15.802 -14.4905 -6.19507 -7.50244 6.37598 -7.80493 -15.3838 -3.81274 -0.307617 2.5835 
12.5432 -22.2158 -5.45947 -14.96 -24.543 -1.9939 -10.9414 0.302734 -8.20752 0.831299 
-8.35303 -9.5708 -2.39893 -8.75269 -10.5425 -0.499268 8.64282 -19.8916 2.02661 -9.6377 
-3.85156 -10.6272 -2.66406 -4.19897 -13.5054 -12.6519 -6.47949 -5.24487 -0.539063 3.94458 
-5.96704 -7.26636 -5.71704 -3.0127 -17.9551 -2.90771 -10.5569 -7.53979 7.60474 -6.29785 
-14.4116 9.73901 -14.803 -6.82568 -2.85889 -8.55615 -8.44556 -5.54565 -0.912109 -1.61743 
-9.10449 -4.98486 14.7334 -6.19873 -17.7625 -10.7424 -8.41235 -18.3999 4.34302 -21.1116 
-11.5093 3.41821 -15.8943 -10.5278 -5.36255 -6.13062 -4.1123 -10.0574 1.98584 5.13892 
-13.4158 -14.7231 -9.13745 -5.45313 -2.46216 -8.69263 -15.21 -3.56592 -4.30469 7.86865 
-13.5796 -15.479 -16.4421 -8.67847 -24.8816 7.00781 -15.5127 -14.6399 -11.4758 -3.64673 
-19.7131 -21.8789 -9.78662 -9.98877 -7.25757 -15.5042 -16.0308 -5.52026 0.125732 7.04956 
-11.7947 -3.448 -2.21045 0.51001 -19.2856 -19.8584 -20.855 7.18457 -5.92065 -4.3042 
-15.1216 -14.3723 -3.26685 6.5979 -22.8306 -6.8584 -28.1138 -7.1604 -3.12622 -2.51367 
-6.97412 -28.6697 -9.06079 -5.34692 -16.6848 1.84277 -14.4644 8.84302 -10.502 -6.25 
-8.45605 -4.8772 -5.96411 -5.77637 -9.8479 -9.44727 -9.8208 -6.77563 3.6355 1.08887 
20.2415 -15.7229 -4.03076 -14.0134 -28.6353 -3.86816 -3.79858 -5.23755 -18.7053 -13.2056 
-15.2449 10.436 -10.2051 -4.15625 -10.3862 -6.56421 -6.01538 -11.489 3.11987 -14.2981 
-16.0376 -14.2295 -0.750488 8.1333 -31.2419 -10.1619 -35.5049 -17.9231 -2.12085 -0.244629 
12.6658 -18.7856 -8.96899 -7.71411 -24.3391 2.66699 -5.6394 -6.27173 -7.1731 -5.99219 
-16.177 -6.83398 -2.32813 -7.38232 10.0732 -14.1689 -11.0278 -5.89453 -8.54028 -5.20068 
-1.80103 -5.09521 -8.44482 -15.1443 -8.78857 -4.25952 13.7876 -23.0708 2.12231 -12.0576 
-10.1311 8.51611 -4.25244 -6.21753 -6.06812 -12.593 -7.41895 -3.30786 0.504639 -10.5825 
11.3816 -19.0786 -2.36426 -7.75879 -24.1221 -4.75098 -7.59326 -7.60669 -4.94653 -6.48242 
-13.5723 -9.28491 11.7092 -3.45703 -24.228 -19.27 -17.7 0.0986328 6.0127 -28.542 
-15.866 -18.9265 -15.6206 -5.89429 -15.636 10.1406 -16.9324 -5.50098 -7.13403 0.56665 
-3.94482 -9.28394 -2.2644 -6.34619 -23.0237 2.10669 1.88696 -20.019 7.97314 -15.3152 
-17.3931 -27.116 -9.51196 -11.0684 7.0542 -9.61963 -19.0522 -0.927002 -5.92358 2.05444 
-20.6572 -16.3821 -8.22363 -11.0439 9.54565 -16.1458 -14.0942 -7.34106 0.433838 -5.41846 
-6.4939 8.78442 0.626221 -4.56152 -2.75415 -19.5813 -14.4324 0.0515137 -8.32178 -5.34302 
-11.2642 7.94434 -4.45557 -8.53564 -11.926 -12.2576 -5.47363 -7.37671 -0.12085 -14.2896 
-29.1694 -30.623 -28.3743 1.22021 -17.6155 15.7319 -20.2446 -19.5491 -1.78394 -2.04614 
-16.0564 -5.60254 -9.10205 -7.54272 7.28882 -5.90918 -9.73828 -4.79761 -2.4502 -0.986328 
-0.869873 -2.71338 -1.97095 -5.04297 -8.36304 -5.63062 1.10278 -13.958 2.57422 -10.9729 
-10.2771 -18.5886 2.85278 -14.1426 -7.59229 -4.77881 15.1013 -26 0.30542 -24.6597 
13.8647 -8.53149 2.57935 -10.0398 -32.6968 -5.0647 -6.45435 -9.02368 3.28125 -5.77686 
-1.28638 -10.4548 -2.80225 -13.752 -0.081543 -13.092 6.00464 -0.358643 -6.38403 -13.6372 
-6.07471 -10.3389 -4.57471 -6.75464 -5.7395 -13.9158 -11.8218 -8.14697 -5.44971 4.83105 
-16.4783 -7.67261 17.1282 2.7334 -11.0308 -17.344 -9.78613 -27.1929 -1.85791 -26.9705 
-9.56738 0.123291 -5.90063 -16.0989 -8.49121 -4.32471 11.7947 -13.9294 -6.5625 -16.8699 
-19.2715 -17.0574 17.625 8.93359 -37.3086 -16.9065 -25.98 -18.3589 0.73584 -31.6736 
-4.45288 -5.31689 -7.19995 -3.78564 -10.2988 -2.55908 -21.3132 6.70874 -6.66772 4.93359 
-9.8457 6.43384 -11.3411 -3.56592 -3.23315 -3.2063 -5.8208 -4.86133 -1.59619 -2.33301 
-8.62842 -3.13013 -4.72363 -2.35205 -15.6694 -15.2708 -22.2937 6.92651 -7.53418 -1.64941 
-16.6917 -12.0483 -6.26563 -5.87402 -4.08789 -12.3101 -18.2908 -3.55396 -0.625 7.12109 
-2.56348 -21.8726 -11.9458 -10.4065 4.95532 -8.67993 -5.29932 -10.8523 0.433594 -4.0835 
13.3787 -18.4226 -1.02856 -8.82324 -31.333 -8.07983 -10.8757 -1.88892 -10.8794 -3.29126 
13.313 -24.6362 -3.74316 -12.1633 -27.1326 -11.3896 -14.9517 -2.75928 -12.697 -2.02368 
-16.9492 -11.6064 0.137695 9.09448 -19.6211 -9.49487 -30.0366 -6.80933 -7.35425 -7.08423 
-5.97583 -9.25659 -2.06592 -2.34448 -12.3237 -6.07788 -9.72192 -10.5396 6.58276 -4.948 
-8.76685 1.20801 13.3333 -1.49634 -35.999 -16.7388 -16.7109 -8.87939 0.778809 -19.6345 
1.86694 -17.1904 15.4849 -2.8562 -20.4009 -22.082 -6.49316 -24.2112 5.75659 -27.188 
-7.86133 -2.68188 -6.91797 8.68042 -19.3691 -5.8501 -25.218 -10.8616 -10.7979 -0.8396 
-11.3718 7.55884 -10.4065 -10.4312 -10.7344 -12.3569 -7.08203 -9.56177 0.996094 -7.53296 
-1.88281 -12.9946 -3.66187 -14.4624 -11.1448 -3.33374 15.0552 -25.9358 1.96655 -18.7612 
18.6792 -21.5471 -6.24316 -16.2639 -29.1873 -9.84814 -7.57593 -2.98022 -11.0405 -2.57617 
-21.4878 -21.7708 -14.3401 -0.575928 -38.156 9.59424 -18.6648 -23.4761 -8.67993 0.759033 
-13.1555 -2.91968 -3.77344 -9.07837 -7.85425 -19.8723 -19.4019 8.98975 -9.88574 -0.918457 
-15.8867 -8.60034 -10.2849 1.30347 -29.2209 -15.3762 -22.6606 7.84106 2.05908 -11.6848 
-6.19263 -20.4233 -13.4338 -11.082 -4.48389 -4.90308 -19.2556 2.97339 -7.44385 8.42358 
-11.3748 -15.3887 16.7947 -1.27173 -8.60669 -16.719 -0.606201 -4.4895 -3.31665 -43.3899 
2.16968 -21.073 1.27759 -5.81079 -6.3042 -0.0935059 11.3687 -20.689 -1.10962 -20.8384 
-6.95386 -4.47119 -5.98999 -7.24634 -6.78516 -7.28638 -11.062 7.02051 -5.24072 -0.869629 
-3.16406 -0.66748 -1.90918 -2.4834 -5.7666 -4.39575 -13.6909 -0.743896 -8.37158 0.2771 
-8.46436 -8.57007 -0.172852 -1.12109 -22.6189 -16.8291 -19.2673 5.65918 -2.45654 -9.45093 
1.18213 -4.73975 -3.20679 -2.60596 -28.957 -3.76514 -2.34961 -16.0085 4.35986 -10.7776 
-3.11475 -6.87671 -3.78906 -6.52588 -13.8132 -1.96533 8.83496 -19.1179 0.187256 -12.7754 
-5.854 -5.4729 0.463135 -1.18481 -27.4788 -9.65747 -13.6414 -13.7415 8.82007 -10.5994 
-9.71777 -0.444336 -4.64233 -3.68579 -9.32837 -4.71924 -5.5437 -4.21509 4.79785 -3.28955 
-6.9751 -10.4819 -10.0659 -11.5007 6.86377 -11.5923 -10.2949 -0.711914 -4.1189 -4.02417 
1.83618 -26.438 2.48901 -14.2786 -14.5977 1.87744 13.6836 -33.5596 -0.814453 -22.3992 
-6.57544 -3.73999 -2.43774 -0.210693 -22.627 -13.5098 -15.1958 -11.5696 10.7141 -11.5574 
-4.0459 -13.5261 -2.66577 -6.96729 8.38086 -9.85229 -11.4766 -4.37549 -6.69556 -5.62939 
-11.8669 8.36572 -14.0186 -6.48804 -2.07349 -9.79443 -7.62256 -2.20972 -1.68726 -2.23462 
-13.9414 -16.7087 19.519 -1.04053 -18.0779 -17.5715 -1.70166 -22.6667 -2.47485 -40.3445 
-7.55566 -7.23633 -3.82959 -0.637939 -22.5149 -6.37671 -12.5068 -11.239 9.53784 -8.31372 
-11.3123 -1.4978 12.7727 2.67334 -22.6201 -7.97729 -22.313 -6.35718 -6.64453 -16.2607 
-15.6382 -10.749 -7.71387 10.4766 -23.8347 -14.1348 -26.8003 -8.29956 -4.85205 -6.80444 
-9.94604 -26.3738 -6.83813 -9.66748 -8.86938 -11.1677 -18.7891 -3.05298 -2.72388 7.59937 
-20.3389 -16.4307 -4.62354 -18.6016 12.6665 -20.0938 -13.3689 -8.0166 -4.229 -5.19116 
9.52539 -18.9385 -5.54736 -8.8457 -13.3381 -2.41821 -7.95142 -1.04346 -8.12354 1.43994 
-10.415 -7.9043 -7.5332 2.6355 -15.844 -1.83862 -12.4958 -6.12231 0.612793 -5.50122 
-13.3755 -7.10327 -7.8291 -4.00098 -21.7866 -20.7959 -24.9529 14.3062 -10.8682 -6.22119 
-19.7703 -5.5293 -2.3916 12.9924 -31.0098 -14.8281 -36.6704 -17.0447 -3.94287 -8.02466 
-16.4063 -6.24268 19.98 6.71826 -34.4248 -24.7808 -22.8464 -21.1721 2.65015 -35.9912 
-11.4185 -6.69238 -4.97046 7.30786 -16.2458 -4.54077 -26.5537 -17.9321 -6.23438 -2.63281 
-14.3611 -6.03101 1.31104 13.0718 -22.3486 -5.07764 -28.1682 -11.6392 -15.4829 -16.0591 
-7.19165 -9.7915 -6.99976 -8.63501 -10.114 -6.63501 -17.2241 7.32666 -10.9719 -2.25 
-6.16821 -12.8271 -2.00049 6.11914 -17.6873 -11.4729 -18.6343 -8.54248 0.732666 -7.70093 
-14.9595 -8.40894 -9.74854 -9.14844 7.69604 -13.729 -6.94824 -5.11914 -0.384033 1.87061 
15.2146 -19.0623 -3.25464 -18.8628 -16.4714 -7.37231 -8.06372 -0.858398 -10.2659 -1.55981 
-5.24707 -8.23486 -1.40479 -13.1802 -5.11182 -6.21313 8.10352 -11.5688 -2.85791 -9.84912 
-8.76538 -0.967285 12.3169 -2.77295 -40.3347 -10.1355 -16.8093 -8.82031 -1.29443 -19.1365 
8.86304 -20.9814 -7.0271 -19.9998 -13.5396 -5.69067 -8.18188 0.255127 -14.2363 -0.946777 
3.50952 -8.81934 -2.05005 -8.16968 -23.095 -5.12964 -8.42749 -11.9272 6.5022 -4.77466 
-6.60645 9.21289 -0.266113 -3.58887 -7.3291 -16.9382 -14.7695 -3.91138 -1.78345 -8.73389 
-12.8896 -11.1157 -6.29419 -0.796143 -12.8491 3.98511 -11.8423 -15.0554 -3.21167 0.0849609 
-11.7861 -5.9502 1.66504 7.31299 -22.8213 -5.66357 -22.3872 -12.1492 -1.23633 -7.72949 
-6.65796 -16.6243 -10.0107 -7.11206 -25.3054 4.07056 -6.37354 -12.1931 1.58789 -2.05371 
-17.4392 -7.62671 -5.63599 -10.5535 9.07813 -15.9141 -11.4546 -4.31982 -4.33105 -13.3972 
-9.58594 10.9114 0.16748 -4.78516 -8.03857 -19.4541 -14.0979 -2.74292 -5.3728 -15.1318 
-10.3796 -9.92554 -9.09619 -13.2246 -8.88037 -11.8503 -19.1235 8.89551 -14.0774 1.15649 
-8.32642 9.01318 4.85889 -9.00928 -9.75049 -16.5352 -7.36328 -8.66309 -2.39038 -22.5601 
-12.7314 -19.4763 -7.75464 -0.547852 -18.135 2.74121 -10.1826 -12.9138 -3.54834 -3.72534 
-5.34888 -8.35889 -16.5732 -5.06079 -19.7424 -8.76001 -19.5334 7.46265 -10.5652 3.06006 
-3.36206 -4.72266 -8.20581 0.558594 -19.7139 4.44482 -16.3054 -11.2349 -9.38037 1.47974 
-10.3113 -1.8833 -0.829102 -0.935059 -11.9294 -8.46411 -22.9175 7.26416 -11.3047 -5.35913 
-9.0481 -5.79614 -7.44458 6.89307 -24.1765 -6.11523 -21.8157 -7.71387 -6.61816 -1.10645 
-19.1875 -14.5383 16.4771 5.11328 -15.7246 -17.0225 1.61011 -22.9883 -1.8606 -37.6436 
-3.46191 -1.99683 11.2554 0.220215 -24.27 -20.145 -10.1714 -21.5466 2.1416 -24.2529 
-7.40625 -5.12793 -13.873 -12.6101 -8.4248 -8.96021 -19.8669 9.15186 -16.0156 3.83203 
-6.43823 -1.39136 -1.77002 4.56787 -35.9141 1.13794 -21.1025 -9.86304 -7.73999 -6.07178 
-7.41431 -2.29053 -0.800293 -3.6814 -10.2739 -6.58862 -10.9775 3.89038 -4.66602 0.634033 
-17.949 -5.00342 -1.79834 7.32349 -23.6743 4.26343 -26.8071 -10.6875 -11.3552 -13.2151 
-8.19312 0.401611 -1.72803 -2.14502 -11.457 -21.3235 -16.144 5.84863 -12.6748 -7.18848 
-3.14795 -22.209 -1.84985 -5.86108 -16.3286 -4.9519 -5.5813 -15.1863 6.77979 -6.18384 
-21.3459 -18.0859 -20.334 -6.45557 -18.1323 6.4126 -15.2649 -10.7437 -6.69604 0.0822754 
-3.29126 -9.32446 -6.4856 -9.33813 3.45532 -2.84375 1.80713 -8.4043 -3.10303 -9.41235 
-6.04199 -8.70654 -10.5769 -9.82959 -2.90332 5.14453 -5.32788 -6.23022 -0.201172 -1.25293 
-23.0718 -2.10303 22.158 10.4805 -40.9526 -21.6345 -21.6365 -27.822 0.882813 -39.3608 
-5.10571 -4.46411 -12.7949 -2.85474 -7.02271 -1.57983 -13.8289 -2.14844 -5.75586 2.42749 
-9.84668 -15.9722 0.242188 -7.39819 -4.79761 -1.27808 11.8311 -22.0347 3.54492 -14.2871 
-28.4131 -27.7585 -26.9961 -2.32642 -43.376 13.3105 -21.3069 -19.5247 -11.9851 5.14429 
-14.6802 -13.0339 9.19409 14.457 -53.5339 -7.33032 -46.5342 -22.6838 -0.932373 -13.1858 
-2.40771 -27.5723 2.25342 -16.958 -3.85645 -13.2393 15.4587 -17.9761 -8.93799 -19.9521 
-19.1082 -9.75464 3.74365 -2.74292 -12.0342 -14.1743 -16.8091 11.9597 -9.76196 -22.8826 
-14.4456 -5.36572 -11.0256 -9.68213 8.25391 -15.7246 -11.3967 -0.868896 -6.55811 -1.00879 
-23.7786 11.301 -11.449 -2.59863 -9.90283 -4.51685 -14.5583 -13.7527 2.21729 -2.42896 
-11.8313 -6.21045 -3.72314 4.59155 -29.6282 -30.7048 -28.8159 14.2061 -14.2529 -7.17065 
-9.44434 6.86499 -7.88721 -8.90894 -11.2078 -12.2183 -4.42407 -9.07227 0.904541 -9.63672 
-11.1636 -15.1599 -10.812 -7.33008 -18.4724 7.2937 -8.46118 -17.019 -6.57935 2.52271 
-8.75684 -0.553955 17.8855 3.07324 -35.7598 -23.9678 -20.6758 -21.7349 -6.77344 -30.8027 
-10.144 -11.4036 6.54004 7.1106 -38.3843 -9.56812 -20.4771 -12.1406 3.177 -14.9373 
1.70728 -2.95239 -6.11816 -5.72412 -14.802 3.23779 5.67993 -5.56714 -0.702881 -14.197 
-13.3354 -5.06372 -3.45117 7.92505 -18.0452 -2.01099 -20.4033 -14.2524 -10.9148 -8.31494 
-8.19702 8.41699 6.88745 -2.60522 -34.3108 -8.88477 -14.6401 -19.0164 1.15625 -14.9387 
-21.3423 -16.1931 -19.864 -12.5569 6.17236 -14.833 -11.135 -3.57202 2.30127 0.591553 
-5.13477 -15.9534 12.2432 -1.57593 -31.8274 -11.8501 -16.8955 -6.99902 2.33105 -19.1985 
-12.0967 -13.0227 0.96167 -16.5715 -5.32495 -3.49878 15.6501 -27.1543 1.28735 -22.1816 
-14.1917 -0.526367 -7.02295 -8.31445 -12.4019 -5.37915 -13.2598 3.87964 -3.04736 -5.75269 
-22.0139 -13.9436 -10.7356 -15.1421 11.6902 -28.8369 -9.85034 -1.45801 -6.56982 -4.00171 
-7.05811 -3.41772 3.06372 5.5481 -35.0796 -0.840576 -26.1133 -7.69873 -9.17725 -7.45435 
-8.32275 -0.291748 0.159912 -1.69165 -23.303 -7.80811 -7.39575 -21.8262 11.9697 -12.939 
13.4272 -9.14966 1.35181 -9.8457 -18.5403 -10.0867 -4.20093 -4.68506 -2.59619 -5.18945 
-4.05347 -5.98193 -5.84302 -10.9949 -14.949 -1.32642 9.69287 -23.4739 2.7229 -10.5251 
-19.1931 -6.6377 21.564 9.09009 -41.5837 -24.1694 -14.9927 -28.4617 5.6189 -36.2112 
-13.1033 8.75562 -14.1924 -5.2146 -6.18506 -6.28564 -11.5142 -4.09302 -1.68042 -1.4231 
-4.53638 -26.1772 2.12817 -16.1907 -23.2439 -4.33154 21.2314 -36.5808 1.97656 -31.5315 
-19.1194 -30.2053 -16.1521 -9.60913 -11.011 4.93335 -18.7507 -6.44336 -4.70996 3.38843 
-12.0317 -7.77222 -9.50024 1.26978 -15.2537 -4.62964 -14.0701 -1.66919 -1.13428 -0.673828 
-10.6533 -12.8154 -5.10352 -5.0271 -4.20605 -6.07056 -14.4707 -12.5854 -11.3423 8.43652 
-10.8655 8.62354 -6.88916 -5.13818 -8.40405 -14.5525 -8.98291 -3.29834 1.4751 -10.4138 
-18.8677 -11.8291 -14.6938 -5.08252 2.28442 -15.4241 -19.5981 -3.44531 -7.25806 9.95313 
-13.0984 -17.4155 -13.2339 8.97681 -29.8896 -5.37988 -22.949 -8.61572 3.42041 -4.31445 
-6.60327 1.2124 8.25 -1.95972 -25.0085 -10.8582 -13.6018 -10.7922 -0.840576 -14.9771 
-10.2739 6.57666 -12.2451 -6.39575 -5.64673 -9.08984 -7.06372 -3.82373 -0.344727 -1.93335 
-0.87915 -15.9485 -2.77979 -5.43286 -13.7275 -2.17139 -5.93994 -17.7908 5.84497 -7.78809 
-0.0820313 -9.13916 -4.67236 -16.7727 12.136 -9.66113 -3.80176 0.360352 -14.3076 -3.01685 
-22.0452 -8.90063 -9.99902 -10.2578 9.94067 -17.3979 -12.9885 -8.98315 -1.4939 -0.418457 
-1.3418 -8.82349 -3.81689 -12.7725 -14.342 0.989746 11.4878 -28.6633 0.307861 -14.0073 
-4.68921 -11.0183 -4.67822 0.384521 -20.0537 4.9458 -17.4219 -0.658203 -8.84644 -3.53662 
1.76904 -11.2537 4.12427 -2.51196 -26.7202 -10.1089 -5.11108 -20.3628 8.81812 -10.1846 
-5.3894 -5.87817 -4.24634 -12.8984 -6.48633 -6.85205 13.6597 -21.9131 0.465576 -16.2971 
-9.75635 -13.467 -4.88379 -7.427 -6.30664 -7.69849 -5.33716 -8.03198 -3.33691 1.49854 
-14.6699 -6.87964 -4.4707 -6.57007 -11.0732 -17.4529 -19.1189 7.19849 -4.19287 -6.12402 
-15.3147 -1.40405 -3.4519 -4.6499 -10.9629 -23.6123 -19.8245 12.5481 -13.4011 -3.63477 
-5.27271 -1.16821 -7.91431 -4.63062 -15.6941 -5.56274 -5.57471 -14.5156 6.9624 -4.33032 
1.06909 -18.9409 -6.86938 -7.75171 -18.1611 -6.2312 4.43848 -19.2346 -10.8936 -15.5369 
-14.5503 -18.4321 -8.48535 -7.34595 -4.83765 -8.73071 -17.7249 -4.94482 0.381104 8.4126 
-10.188 -4.36108 -3.82739 -2.22852 -16.9829 -21.7639 -16.0605 4.42212 -3.45605 -5.73804 
-5.49658 -4.20288 -1.26489 3.81299 -12.7344 -4.04956 -3.79785 -11.3516 -1.12354 -13.4807 
-12.9746 -13.2068 -3.87012 -0.876221 -5.59424 -14.7056 -14.2849 -9.01318 -4.19873 5.18701 
-14.7959 -9.74414 -7.21313 -13.3064 11.4412 -17.5957 -14.3135 -0.806885 -13.5608 -1.50659 
14.2395 -11.9697 -0.188965 -9.64624 -21.6555 -1.99341 -5.44507 -5.7124 -11.8691 -10.2002 
-4.04883 -16.1265 -4.63086 -2.49097 -33.0286 0.672363 -10.0234 -13.291 -4.72876 -1.91284 
-21.1902 -24.3081 -8.8269 -11.2063 3.81421 -6.66919 -16.2991 -9.39575 1.01807 4.20508 
-14.4678 -5.24658 4.229 -8.84863 -3.45166 -6.24951 8.08398 -25.3098 -1.79614 -21.5183 
-16.3977 -12.6282 -8.73926 -15.45 10.2715 -24.5425 -14.3728 0.239502 -11.8564 -4.20166 
-16.4253 10.6484 -13.4094 -6.10303 -5.17651 -6.88062 -10.5654 -7.05396 0.0769043 -2.55176 
-5.79565 -5.99414 9.40576 -2.18408 -23.0349 -14.241 -15.1604 1.46118 2.63232 -13.657 
-16.4065 -13.5869 -12.5569 9.89478 -21.7026 -7.92944 -24.3132 -9.94214 -3.98315 -2.16699 
17.3567 -25.802 -4.61255 -13.9539 -36.1746 -7.45117 -9.37671 -11.8276 -9.33276 -7.0166 
20.302 -23.9595 -7.78027 -16.5703 -31.0642 -9.44019 -8.22144 -0.260254 -21.3269 -9.20605 
-4.88647 -3.23511 18.5286 -2.14185 -53.2607 -20.7834 -22.5569 -14.8386 -0.322998 -26.0259 
1.0874 -17.146 4.41455 -7.93164 -13.2959 1.3125 10.1414 -28.4849 0.676025 -19.8889 
-1.74219 -32.1548 3.03345 -21.8213 -8.53564 -8.42358 22.7329 -22.3025 -10.2373 -26.8909 
-6.65796 -7.31348 -11.6741 -12.6509 -22.1904 3.33252 2.64429 -21.7524 4.43555 -4.87744 
-14.4907 -8.99902 0.707275 -2.97437 -12.1106 -16.4902 -25.7341 11.575 -16.896 -1.79492 
5.94214 -12.0828 -4.2771 -12.5688 -3.87134 -7.69971 -0.706543 -3.85596 -12.1826 -4.28955 
-3.96997 -10.8853 2.65674 -6.71338 -11.7546 -9.1377 -5.84277 -9.36084 5.32275 -6.1604 
-13.6238 -7.66895 -1.98462 -7.94165 -6.10059 -6.948 11.947 -21.9087 -1.16675 -14.2017 
-13.823 -12.0674 -1.26025 -12.197 11.5029 -12.73 -6.11255 -8.3042 -8.20288 -6.68042 
-14.0432 -10.2053 -8.42334 -9.89941 -8.48511 -7.99707 -2.36548 1.26709 -5.52881 -5.83691 
-15.8877 -9.16187 -3.37646 -2.48608 0.523926 -10.3789 -20.2388 -9.67285 -2.07715 7.84326 
11.4177 -3.82959 -0.156738 -11.4099 -16.3003 -7.85864 -1.5918 -7.03369 1.31201 -7.95483 
-15.4619 -10.0256 -2.14478 -0.43042 -19.876 -14.063 -31.1213 9.64429 -13.9209 -10.0164 
-10.3926 -12.6453 1.14844 8.29517 -31.6111 -19.5061 -23.6074 -18.967 1.73291 -11.499 
-20.3328 -2.19067 -11.7966 -12.6694 10.7908 -23.0398 -16.4021 -1.96753 -3.66943 -4.83716 
-14.6953 0.811279 23.7468 4.88892 -56.5908 -26.8691 -33.1396 -29.3186 -3.08765 -35.4768 
-6.73608 6.5376 -1.73804 -3.39917 -3.46997 -11.2632 -8.10938 0.4021 -0.258057 -9.63721 
-1.48364 -0.516113 -4.02905 -13.2759 -21.0144 -13.7827 -7.91577 -13.6191 9.91943 -11.9404 
-9.19141 -12.9746 0.746826 -5.6394 -20.6228 -6.11279 -8.43921 -24.2278 13.7549 -15.1887 
-13.4172 -21.8601 -9.66626 -6.12109 -31.2378 8.21045 -15.0078 -10.7451 -5.81958 -0.948486 
-4.51001 -13.6492 -1.57349 -4.64868 -5.47388 -9.40063 -7.65747 -11.5476 -3.88745 3.48047 
-9.01904 -6.97412 13.7419 -0.8125 -19.054 -19.4377 -9.96484 -28.2351 4.9729 -21.7629 
-15.937 -11.7834 -10.2725 -2.71533 -17.9551 -8.91943 -16.3267 7.76807 -4.0647 -9.69312 
-7.53955 7.02173 -2.74072 -3.13232 -5.46826 -11.1802 -9.23486 -4.10352 0.742432 -10.5068 
-9.5166 -15.7622 0.53418 -6.1394 -14.073 -9.24902 -8.82788 -7.53198 7.49292 -6.82764 
-2.58765 -1.48071 -0.27832 -3.43945 -10.8147 -3.63428 -6.79346 -13.5984 6.11621 -5.94116 
-11.345 -11.6724 -3.15015 5.52441 -11.3801 -5.24927 -10.6604 -21.6807 9.46802 -11.7336 
-3.64722 3.24414 15.0469 -1.16357 -28.561 -20.4507 -12.0503 -19.1816 3.74951 -34.1721 
-19.5981 0.598145 1.0332 -2.24121 -12.5854 -17.615 -21.0454 6.95459 -6.75293 -15.2502 
-4.9436 -9.33081 -1.67334 -6.07861 -11.7625 -2.6272 9.07617 -23.1123 2.87183 -11.488 
13.2183 -13.5986 1.43359 -5.6311 -15.5857 -8.70801 -2.30127 -6.17944 -0.0825195 -4.70947 
-6.62085 9.07129 5.50757 -10.3071 -9.4707 -14.9658 -6.75366 -8.54419 -2.95068 -16.9468 
-14.415 -5.81934 16.1138 0.927002 -12.8318 -11.0325 -13.4778 -15.1421 -7.79834 -18.7974 
-8.62964 -0.445801 -7.125 -2.04663 -9.86865 -10.5359 -18.686 3.99463 -4.33203 -0.0424805 
-5.35352 8.72974 4.64624 -9.16919 -8.69531 -19.1831 -8.29541 -6.80859 -6.3457 -17.4136 
17.2625 -16.6736 1.92969 -13.0308 -27.5132 -12.282 -6.94604 -5.54419 -4.27075 -4.78784 
-6.76929 -7.22168 1.60596 -1.76978 -27.1282 -7.97217 -10.1995 -4.21582 6.77417 -9.2478 
-25.3152 -4.84766 1.74609 15.2556 -15.5828 -9.78003 -33.7922 -11.6575 -15.3862 -22.4497 
-4.3374 -14.9128 -8.92993 -9.59253 -17.8716 4.75269 9.52783 -23.8345 2.21411 -8.3938 
8.302 -4.9043 -1.19751 -8.44507 -7.29688 -7.94434 -4.56812 -5.64478 -8.76563 -8.86523 
-24.9846 -14.3042 -11.3994 -1.86572 -40.1167 10.7397 -23.0518 -22.1035 -14.6672 -1.88794 
-18.5881 -7.64673 4.7688 10.9197 -23.1775 -7.90454 -41.386 -8.65186 -9.21436 -12.6355 
-2.37183 -16.9937 6.27686 -6.05884 -8.86475 -5.24463 8.53101 -4.28052 -5.33862 -13.2788 
-11.2834 -8.08716 20.1902 -1.38696 -27.291 -17.4885 -14.9319 -6.14185 0.524902 -30.541 
-0.864258 -4.31396 -0.837891 -10.2224 -20.5403 -8.43042 -8.01733 -17.8804 7.7312 -5.68237 
-5.08838 0.43457 -1.6416 -2.85181 -10.5642 -6.70288 -8.84229 -0.950439 -0.0437012 -1.96216 
15.1604 -26.731 -6.34302 -16.3826 -27.3904 -7.56763 -6.60522 -1.83081 -9.17529 -4.82446 
-10.9841 7.84619 -9.72876 -5.4187 -9.2793 -8.35913 -3.93237 -8.63989 1.44336 -11.5012 
-7.14673 -2.83569 -5.85205 -9.81006 8.51318 -20.4641 -8.53857 -0.707275 -10.8088 -8.31592 
-11.1716 -3.3313 14.9822 3.72168 -35.1758 -13.9592 -18.2478 -13.6265 7.45947 -28.3184 
-17.355 11.0454 -14.7512 -5.17188 -5.89648 -10.105 -6.8811 -11.7375 1.67236 -6.81104 
-20.3843 10.6152 -15.0645 -5.33716 -5.13599 -8.69897 -7.91797 -9.9248 2.92017 -8.24854 
-13.6318 -6.90332 -5.4375 -5.50146 7.31982 -20.3979 -13.2085 -9.20728 -7.79761 -4.91772 
-14.8767 -12.0552 -7.57642 -9.34863 6.38232 -10.6306 -10.0818 -7.55566 1.19434 1.24658 
-12.968 -13.5608 -8.29688 -11.7876 12.8816 -16.1116 -9.82788 -0.550781 -9.01758 -9.84229 
-18.4128 -14.8157 -3.78149 -9.11182 10.0364 -11.0835 -14.2051 -4.60425 -0.952393 -2.33203 
-7.5647 -1.53784 -7.86084 -4.44214 -9.74756 -12.1604 -13.4639 7.27319 -2.72241 -0.14502 
-10.7163 7.7793 -12.165 -5.38159 -2.50122 -5.52832 -7.52124 -5.24805 -2.64526 -1.63354 
-5.31787 -9.63135 -4.74292 -8.54956 -15.8647 -0.140381 7.27856 -19.8579 3.57495 -6.63867 
-20.5369 -1.6228 18.0852 8.92041 -42.1699 -14.5181 -13.3708 -25.4197 0.0944824 -38.4885 
-11.7141 -15.0886 -5.92017 -0.824951 -12.1785 -5.36426 -20.8066 -11.947 -0.793945 5.77637 
-15.0752 -18.354 -8.93408 -6.41309 -1.98267 -13.9546 -19.0491 -9.26392 -2.75244 6.9834 
12.4819 -19.0889 -2.11182 -10.1326 -13.2334 -7.31885 -6.94971 -1.79541 -17.6426 -2.8689 
11.0457 -3.95703 -0.42749 -12.6375 -19.4485 -5.54004 -0.946045 -6.35791 4.61963 -5.69141 
-8.26245 9.0647 -6.29541 -10.1082 -13.1619 -12.8127 -2.19067 -5.67114 1.27393 -16.199 
-4.1333 3.25122 -4.73193 -7.22607 -18.7095 -11.6912 -5.63013 -16.5735 7.49072 -8.22583 
2.17847 -4.70874 -2.63574 -4.45581 -13.4136 -9.33008 -7.46851 -8.49268 4.68066 -3.87036 
-16.0564 -11.0325 -7.28687 -9.54321 9.13599 -21.7896 -11.6838 -4.42334 -8.17749 0.895752 
-12.9346 -7.09961 -5.9519 9.54907 -23.6248 -7.87427 -20.0159 -11.3071 -5.74609 -7.7998 
-29.0281 -15.4839 -13.9534 -14.2937 14.2942 -23.3049 -14.8347 -6.01978 0.265869 1.83276 
-10.7305 -4.93091 10.0911 -4.02783 -16.3386 -9.07666 3.01489 -21.071 1.14307 -34.8618 
11.8606 -29.7852 -6.15088 -17.9941 -4.1167 -8.06201 -4.93237 -1.16943 -15.8831 4.11987 
-1.77734 -7.38184 -2.30176 -9.69482 -17.2366 -2.49341 7.25928 -22.7388 5.61133 -14.9839 
-9.78809 9.30518 -6.17285 -9.32422 -12.488 -11.7468 -2.64624 -10.0117 2.76563 -17.1367 
0.106934 -3.13184 -6.15454 -16.2446 -13.7253 1.17065 9.50439 -15.2832 -1.44238 -12.7629 
-8.71582 7.05933 -3.34644 -4.90649 -10.1665 -13.1704 -6.81006 -9.09766 3.43457 -13.7107 
-13.4226 -5.45728 17.7742 5.16504 -41.4541 -18.7168 -21.8704 -2.00415 3.64453 -29.8286 
-10.3516 -7.05078 12.22 0.723633 -19.6897 -20.5117 -15.1431 -1.29395 1.271 -26.9517 
-10.6965 0.765137 20.9683 -0.208984 -47.3997 -23.5574 -25.168 -27.3137 -3.41675 -36.5103 
-15.4553 7.02222 -11.7412 -4.52148 -3.75317 -5.38257 -7.22998 -6.40991 3.14575 -2.2937 
-1.25977 -7.87329 11.2542 -4.53101 -20.0845 -13.6028 -8.36621 -15.2939 9.89453 -17.3691 
-7.14819 -7.43481 -15.8208 6.80908 -17.4829 -5.57813 -23.0945 -7.59277 -6.20483 0.831055 
-11.8564 -0.791748 -2.39136 -1.94604 -14.0164 -3.91235 -15.2517 4.06152 -0.584473 -12.8748 
-2.06934 -13.7815 0.555908 -5.10693 -22.1199 -13.7266 -13.6257 -5.18921 3.88428 0.302002 
-7.84253 7.98267 -9.70825 -5.95215 -14.5066 -13.9082 -9.11987 -10.1956 4.53442 -8.92041 
18.5657 -22.3918 -3.53931 -15.4253 -32.6616 -11.5842 -12.2075 -0.78833 -6.38452 -0.467041 
3.78394 -8.30298 -5.24048 -5.43945 -19.4941 0.714111 -2.81738 -8.29468 1.18701 -7.25269 
-15.0806 -4.19165 11.7502 3.67847 -20.8752 -17.7068 -17.792 3.15601 -4.00513 -22.5847 
-16.0283 10.1304 -11.9324 -4.36157 -7.75928 -5.29248 -4.45752 -12.0701 2.32959 -14.2686 
-0.165771 -10.0515 -4.7019 -3.01074 -14.7991 -1.54907 1.36377 -10.6785 -5.89893 -11.7363 
-0.990967 -20.3325 -9.39526 -13.4131 -1.39307 -8.20801 11.6423 -8.93335 -4.21143 -12.8535 
14.8354 -21.1814 -3.07153 -13.4668 -21.4314 -9.68018 -7.99902 -2.64722 -15.4265 3.32666 
-7.12158 7.80347 -6.15552 -9.68994 -15.1189 -12.6204 -4.3562 -5.89868 2.43726 -12.2986 
-8.76978 -17.4675 -2.66675 -6.81567 -18.4067 -1.79053 8.63989 -26.6316 3.27734 -10.5247 
-9.80347 -6.16602 13.1328 -1.62012 -12.6636 -12.6453 -6.00464 -12.2278 -0.616943 -24.2766 
-9.30908 -13.9583 -6.42627 -3.27222 -17.6025 5.32813 -13.3567 -8.42847 -5.88159 -0.479248 
-12.7891 7.75293 -9.11816 -7.08813 -9.20947 -10.1467 -7.00122 -6.04346 1.23022 -8.05518 
-22.0178 -6.52026 -11.4585 0.633301 -17.7749 -18.8271 -22.2302 9.05981 -2.58936 -11.4404 
-5.94971 -3.45532 -2.7981 -9.69995 7.09888 -23.2783 -8.6875 -0.638672 -11.9358 -9.22485 
-6.33301 -12.3701 -1.98242 -4.04834 -24.158 -8.70972 -9.29028 -11.7378 9.13013 -9.39868 
-5.0332 0.594482 8.13379 -2.86987 -22.5276 -15.0442 -10.5144 -4.62134 1.04907 -13.4714 
-11.6375 7.88599 -11.0518 -5.49487 -3.95825 -12.28 -8.5708 -6.30249 -0.836182 -3.87793 
-12.0388 -12.1553 -8.08154 -9.66748 6.29663 -12.0515 -11.7788 -3.61841 -8.71826 -0.0456543 
-12.156 -8.38696 -11.2217 3.94775 -17.3279 -5.56641 -18.3936 -9.1189 -2.49341 -3.27588 
-6.98804 -13.959 -4.21875 -7.94995 -23.6941 -12.5884 -15.4292 -3.10303 3.63818 -9.5542 
-11.0659 -13.1436 -8.85449 4.87158 -13.3398 -5.14282 -26.8416 -8.63501 -6.88989 1.03687 
-19.584 -11.6697 -9.85669 -6.46631 1.40063 -9.89746 -19.1196 -3.43701 -6.44482 9.74512 
-1.80249 -18.4492 -3.92773 -11.7729 -10.5691 -10.2808 -13.9399 -4.15552 -7.29443 7.21216 
-5.77051 -8.74805 -2.33984 -7.78052 5.65259 -3.57642 -7.39307 -9.96655 -10.168 1.53809 
-6.85205 -3.83154 -13.4541 -5.54541 -22.1689 -8.32129 -19.0103 -3.32666 -0.0454102 6.57788 
-7.41479 -14.991 3.54663 9.51025 -28.8416 -9.2915 -23.2932 -2.99023 1.30054 -13.585 
-5.70264 -4.93799 -5.77173 -11.0811 8.07397 -8.32129 -5.927 -2.22559 -8.07764 -5.28589 
-2.69604 -11.5686 -11.5291 -11.5518 -6.85205 -5.50171 -18.6736 10.2317 -15.824 1.42822 
-22.9023 -1.36987 23.8987 6.24634 -47.104 -18.563 -20.0603 -21.9316 0.14624 -43.7644 
-17.4778 -13.8074 9.63354 -5.57983 -15.6487 -16.468 -25.8796 12.7612 -13.4326 -17.3213 
-14.1604 -17.895 -7.51514 -1.1731 -22.7107 5.9104 -24.5347 -20.303 -15.7217 4.03442 
-4.35571 -9.15771 5.53125 -0.930176 -21.0593 -21.833 -18.8108 11.0918 -6.65039 -12.2781 
12.1189 -12.7351 -6.33105 -11.8979 -15.6182 -3.66528 -3.00146 -7.53809 -18.4355 -8.34131 
-11.968 -2.09399 -2.04102 -8.81226 7.69312 -14.3455 -7.35449 -9.85132 -1.53662 -7.99194 
-8.62085 -8.09448 -1.19653 5.79492 -12.3562 -4.18774 -19.1707 -4.72412 -6.125 -4.5188 
-18.761 1.02417 4.3269 10.8081 -14.8762 -3.76465 -22.4158 -14.9253 -14.2556 -24.5776 
-23.6899 -0.0209961 21.8054 7.31226 -47.4836 -19.0667 -23.2363 -25.1995 2.65137 -40.5239 
-11.7881 -12.1885 -0.805908 -9.5835 2.43188 -5.49414 6.92578 -7.66772 -3.07739 -11.3022 
-11.6963 -3.65845 -8.00464 -10.8091 -6.68921 -13.7856 -20.2634 9.05493 -12.4766 3.46362 
1.2085 -7.07324 -0.2229 -6.89111 -9.18726 -7.61279 12.2756 -14.5071 -1.02588 -24.4604 
9.08569 -11.877 -0.787109 -10.3706 -11.3992 -2.04468 -1.31079 -10.4783 -2.06299 -8.63525 
15.1746 -21.8865 -0.0795898 -11.7529 -26.3794 -13.0562 -9.91309 -6.54126 -10.5798 -1.7666 
-7.14526 -23.467 -1.21021 -17.0146 -9.20532 -10.7678 20.1541 -13.1746 -8.35449 -21.1804 
-17.531 -13.3391 3.11523 -2.16138 -18.6211 -16.9092 -25.9995 8.32813 -5.14136 -10.1086 
-13.1907 -3.02051 -3.84692 0.115723 -20.8069 -18.6133 -21.8081 8.75635 -7.19263 -10.1426 
15.5295 -20.7085 -4.40576 -11.895 -29.8027 -7.80859 -9.17871 -3.57446 -12.0747 1.32251 
-12.2273 -19.7961 -16.051 -2.71533 -23.9382 10.095 -14.3757 -6.13013 2.62427 -1.62378 
-8.96851 -19.741 -10.9617 -0.335449 -19.9946 6.64404 -16.6279 -10.6135 -9.00684 3.39819 
-2.9231 -7.84692 -7.43677 -5.30615 -19.3643 -8.04028 -8.40015 -13.2922 6.88232 -2.23413 
-8.97021 8.46289 -8.72607 -4.9082 -7.31641 -16.4363 -9.53149 -6.77783 3.03833 -9.75024 
19.0466 -28.5383 -2.46216 -17.5762 -37.5996 -4.56104 -7.27148 -5.30688 -1.65186 -18.8257 
-2.55908 -14.6755 -1.79004 -11.3572 -5.85938 -3.3479 -13.9092 6.6853 -12.9587 -0.24585 
7.86182 -20.3853 -8.88916 -15.7764 -11.8555 -1.73706 -3.35815 -2.47046 -11.9783 -6.08667 
-12.3206 0.730713 15.2678 5.25586 -26.1584 -20.074 -12.3076 -21.7261 4.69189 -34.4644 
-14.8167 -16.2124 -5.66553 -6.30933 -15.7261 -7.68848 -15.2603 -4.99463 8.79419 -1.4812 
-9.22461 7.4668 -4.79248 -5.55688 -8.38745 -12.5115 -6.17432 -6.64502 2.47241 -11.2571 
-19.9802 -23.8843 -19.3774 -4.89453 -42.8049 8.50879 -18.2959 -13.7517 0.45752 -3.07349 
9.97705 -21.5115 -5.23291 -12.5227 -22.9592 0.24707 -14.3582 0.274658 -10.6826 -2.53027 
-3.01709 -14.0232 3.22559 1.50586 -29.5127 -6.43555 -10.5793 -18.3113 7.88867 -3.16602 
-8.05835 -5.58447 -3.64014 -2.29004 -15.738 -5.15161 -8.54785 -5.52563 7.00562 -6.68091 
17.1226 -21.0349 -4.1792 -20.0994 -22.9978 -8.76709 -6.64648 -0.826172 -10.7986 -5.60107 
-8.65869 -8.28809 0.366455 6.32983 -30.0603 -3.37256 -27.8542 -12.0974 -10.2932 -0.349121 
-15.8354 0.0500488 16.0078 5.44849 -39.301 -16.2476 -22.5532 -10.4048 3.50806 -30.9988 
-20.0017 -6.38232 0.475586 -8.41479 -17.5347 -23.0249 -25.3362 15.5146 -10.5093 -17.4441 
-10.4119 -4.40942 1.26904 -1.83105 -14.8967 -18.8533 -10.186 6.59863 -1.07715 -17.4856 
2.37549 -15.9226 6.38062 2.19263 -26.8433 -12.4185 -13.5723 -12.9934 3.86035 -5.13208 
-8.99341 -15.2478 -2.48706 -15.304 -24.5215 -0.169189 13.7942 -39.7849 6.84692 -16.0212 
-17.7229 -17.2778 -9.00879 -5.65381 7.88721 -15.0085 -15.4536 -4.38403 -6.42896 -4.30371 
-16.6536 -10.9692 1.25073 -1.77783 -6.93384 -13.3933 -20.4763 4.69409 -9.41211 0.609619 
-15.9019 -14.9133 -17.4712 -6.79907 -19.5081 5.34644 -14.7214 -7.9978 -5.59595 4.19629 
-7.39966 -11.1606 -8.00024 -2.77686 -9.89551 6.28638 -2.20142 -11.4329 -0.400879 -2.96143 
-25.6506 -15.6428 -27.3206 -2.854 -20.1619 2.36255 -27.4717 7.46899 -3.89429 7.05859 
-4.58887 -3.21387 11.7625 -4.88721 -13.6279 -17.2004 -14.4863 -4.65796 -2.61621 -18.4075 
-9.74731 -15.958 -1.39697 -8.53491 -7.37256 -14.032 -15.1111 -9.29517 -0.750977 3.48999 
-5.43848 -2.34473 8.54175 0.523926 -22.9573 -14.7788 -14.6494 -2.89209 -0.26001 -16.2332 
-8.79834 -3.23462 -0.532715 -2.46167 -23.3525 -1.52026 -6.62915 -10.6348 8.95825 -13.5154 
-3.50269 -14.7751 -5.11694 -6.2229 1.6958 -8.34497 -4.25684 -10.7021 0.967529 -5.8999 
-5.09863 -5.38159 -6.08105 -2.01538 -16.5923 -0.310791 4.37012 -18.7686 2.63672 -7.36206 
-6.3772 -0.991943 4.38501 -3.28198 -21.0708 -13.0901 -3.74585 -10.8323 9.01074 -14.4941 
0.372314 -4.93018 -4.64771 -11.3508 -11.1118 -6.48999 3.97412 -14.4934 2.72412 -7.72534 
-10.5959 -11.8628 -6.9292 0.346191 -28.6089 10.9077 -11.4387 -14.5127 -11.6062 -12.98 
20.2156 -12.4363 2.05933 -18.2983 -36.2078 -10.4009 -10.3154 -4.88574 1.39575 -8.53906 
12.2976 -21.5225 -2.34937 -10.3215 -30.6902 -1.94165 -5.40088 -18.2976 -2.69019 -8.44287 
-12.9707 -21.5342 1.97412 -2.23462 -26.7266 -12.1443 -17.7417 -14.9656 12.9961 -12.2866 
-6.97656 -7.11621 3.99219 -3.23071 -22.4558 -19.5659 -14.5879 5.35669 -4.41797 -8.22681 
-11.7166 -13.325 -2.479 -20.1396 -1.42505 -4.57788 12.2141 -14.7327 -7.95386 -15.3784 
-8.57153 7.78882 3.18188 -6.23242 -6.16992 -15.6934 -7.93921 -5.14478 -5.14063 -18.9155 
-15.6248 -7.64526 5.41528 -2.48804 -14.1587 -20.4119 -20.9866 10.2629 -2.39697 -14.2263 
-15.4631 9.4314 -12.1362 -6.29932 -3.59106 -5.99219 -5.83447 -8.20483 1.65625 -7.125 
-12.8669 9.05518 -11.6504 -6.39404 -8.19092 -15.2568 -11.5374 -8.93848 1.76855 -4.22632 
-19.9407 -11.5603 21.8435 2.47534 -22.0417 -21.3557 -16.7019 -20.9773 -2.09131 -32.9812 
-20.8577 -22.5286 -0.157959 -5.89087 -18.7522 -21.2583 -49.6765 21.7249 -27.2993 -7.28711 
-11.5535 -12.9158 -4.87964 -12.5015 7.65967 -16.4031 -8.90259 -8.95581 -10.1367 -10.2661 
14.8477 -9.33203 -2.35474 -16.6826 -20.0786 -9.07397 -5.04199 -5.95801 6.78125 -9.74268 
17.8999 -21.7185 -6.42212 -19.8479 -24.8018 -3.15771 -7.49121 -1.23535 -14.3848 -13.0847 
-17.0698 -5.74634 -6.99951 -4.71387 -15.8354 -15.5908 -26.4844 11.1184 -19.157 -5.78027 
-12.0715 -13.9075 -0.615479 -5.16675 -24.292 -11.4097 -16.0344 8.15942 -7.4397 -7.57227 
-18.2271 -13.094 -0.718262 -11.7385 -10.5576 -5.78638 16.5146 -28.2568 -2.01318 -13.5684 
-12.5723 0.586182 -5.41064 9.90015 -20.5569 -4.57275 -23.4705 -12.6819 -10.3447 -1.88623 
-1.90723 -12.0393 7.06592 0.191406 -38.0935 -10.6489 -16.5269 -8.61963 9.04907 -9.86426 
-2.66113 -1.80518 -7.78442 -8.25806 -13.1296 -4.09253 8.38501 -14.8821 1.15405 -9.45776 
-16.1504 -10.1377 -10.9417 -10.7427 11.6465 -19.1411 -11.5613 -7.7605 -4.16016 -3.8335 
-12.9814 -8.62134 19.7593 6.25073 -38.8484 -23.3623 -17.2043 -23.4719 7.66504 -32.281 
13.1262 -28.1401 -6.14209 -19.6262 -19.3059 -5.99048 -6.83325 -2.78491 -13.6267 -5.2876 
-11.2578 2.34961 -5.92383 -7.26782 -5.93384 -12.0264 -12.2979 -3.13062 -1.12354 6.10156 
-8.85645 -12.4277 -6.27441 -12.4993 9.08057 -11.1958 -8.78076 -1.05859 -5.36621 -5.0249 
14.0181 -21.6975 -8.69458 -13.8757 -18.9531 -9.95288 -6.05005 -0.845459 -16.6951 0.239014 
-17.0894 -10.3372 -9.74951 6.55835 -24.2007 10.4282 -18.3835 -24.9934 -9.10547 -2.29663 
-3.37231 -13.1843 2.11987 -4.16479 -7.91895 -10.3511 -10.8042 5.2688 -9.19214 -4.52075 
-6.50317 -6.11548 0.854248 -1.20654 -22.8086 -10.864 -10.6028 -11.3398 9.29224 -10.2202 
-16.2197 2.51904 9.31836 2.7395 -33.9443 -12.1494 -13.4529 -24.4436 -9.2207 -31.1018 
-10.5273 2.27393 -4.75342 -7.77612 -5.36548 -9.95166 -17.2065 2.83276 -3.51563 4.42505 
-6.61426 -11.9089 -4.38672 -11.4812 3.13721 -9.73364 2.35083 -14.9443 -3.67285 -3.79297 
-14.7817 -10.9929 -13.405 -8.16992 -16.353 -12.1323 -26.707 13.4087 -12.2156 1.20264 
-15.832 10.4097 -16.7358 -5.16577 -5.16504 -7.00049 -7.25317 -8.31348 0.1521 -4.93188 
-11.4775 8.40991 -5.65845 -6.21997 -11.3159 -11.6252 -7.62061 -5.03149 0.287354 -12.4829 
-17.0066 -5.86157 1.4187 1.81738 -21.7168 -20.095 -15.3494 -13.5366 3.27979 -12.032 
-0.69751 -9.76099 -7.38452 -14.021 -10.8179 -5.23242 15.6421 -26.0906 1.74634 -17.0784 
-4.78589 -3.19824 -3.57886 -8.19116 -14.2861 -3.74048 8.07837 -20.9656 3.58984 -14.6914 
-1.37915 -7.4458 7.27734 -8.23047 -24.269 -2.83887 0.671875 -24.2969 -10.5601 -24.6658 
-7.54565 -20.468 -5.06787 -4.80737 -5.21533 -9.60303 -17.7305 -3.89429 -9.86768 8.51074 
-10.0093 8.76465 -0.965088 -6.74438 -8.43164 -13.3188 -8.47144 -5.43823 1.00537 -15.6777 
-16.1194 -8.09473 -7.17139 -3.80786 -4.28442 -12.126 -22.2161 -4.20239 -5.46387 10.7139 
-15.3364 -6.02539 -11.0354 -12.1931 5.82056 -11.7971 -5.80688 -6.10522 -7.02441 2.79468 
-8.81958 -3.40039 -5.23145 -3.53052 -24.6716 -12.0266 -14.866 -19.2556 13.5271 -13.6023 
-13.0168 -2.6167 -6.94946 9.27783 -20.2896 -2.03931 -24.7847 -17.6572 -11.499 -4.93506 
-5.23633 -13.1602 -4.96875 -16.5657 -7.78418 -4.35059 16.28 -29.6792 -0.833496 -14.783 
-24.4626 -20.9087 -9.66309 -16.0918 -10.0757 -8.40845 -9.82568 -12.262 -3.65186 11.1414 
-18.7605 -7.40527 -4.72021 2.24951 -20.5781 4.1377 -18.5964 -9.85352 1.55029 -11.2986 
4.65576 -20.6787 -3.27417 -18.5986 -5.61353 -7.01025 -9.86914 4.05347 -12.8042 5.88257 
-12.7341 -18.281 1.38916 -12.9038 -3.09595 -5.37939 13.2883 -25.1331 1.56396 -13.3394 
-12.7358 -7.22729 15.4558 1.40356 -20.9282 -20.981 -15.3108 -17.5242 0.557617 -15.8591 
-5.04712 -11.2646 -5.36279 -16.1357 12.7949 -25.2825 -14.7798 5.09888 -20.4485 -10.45 
-4.86938 -5.0166 -5.88159 -13.5969 -19.1672 -6.53418 14.0796 -27.853 3.31226 -19.0422 
-2.23242 -8.07495 -10.8499 -10.0527 -6.01025 -6.09521 -16.4563 8.23071 -19.8074 -1.82666 
-14.4546 -4.94897 -6.91968 -1.65942 -19.2122 -19.478 -29.2087 15.7258 -17.573 -10.355 
11.5591 -13.418 -8.88403 -17.0112 -8.56519 -2.04785 0.180664 -5.23462 -15.9006 -1.9314 
-14.5461 -1.875 -5.76465 -10.5239 -7.55249 -7.11987 10.4392 -26.9001 3.93555 -10.686 
-10.5518 -17.5164 4.15845 -9.27905 -2.58887 -9.62817 18.7168 -22.9053 -6.81982 -25.5916 
-0.174316 -12.2798 -3.72534 -6.03882 -3.85522 -9.11206 -3.97241 -6.07813 -3.88989 2.03882 
-15.1526 -3.20361 -14.0266 -10.093 4.14575 -7.12305 -12.0452 -1.11255 -3.69043 4.27856 
-4.00586 -8.01318 -10.874 -1.62549 -20.9148 -10.9534 -18.1533 -4.78149 7.33765 0.656494 
-11.5796 -4.11938 -8.39307 5.30151 -15.5125 -6.48096 -22.3982 -12.0693 -7.39795 0.555176 
-18.4124 -12.5979 -4.52197 8.38306 -46.8115 10.0547 -23.9373 -29.1062 -10.1648 -3.90234 
-18.3054 -10.9524 6.92773 13.1724 -37.0847 -8.15356 -30.2056 -23.0706 8.5249 -18.2664 
-11.1157 -10.144 -8.63208 -11.0842 8.82959 -19.7612 -15.5083 1.14185 -11.8665 -0.52417 
-25.0222 -18.7695 -17.8535 -9.11377 -2.5415 -17.834 -22.5171 2.2644 -8.49072 12.7444 
10.886 -17.0139 -2.35522 -8.62036 -10.0388 -8.82056 -10.4749 -2.51904 -12.5493 -4.32056 
18.5847 -11.0859 1.06201 -15.0845 -22.6311 -8.68066 -2.95117 -9.71753 2.21729 -11.8987 
-20.5879 -13.2246 -1.89502 4.88696 -29.6736 3.56104 -29.8569 -14.4509 4.9458 -5.9292 
1.28711 -12.2925 9.16724 -3.78345 -21.0132 -18.9727 -16.553 -9.34253 0.635742 -19.686 
-15.5171 -15.5767 -14.5117 -5.08691 -27.8386 7.03271 -11.8594 -8.04224 -1.20532 -3.22339 
14.8796 -21.1028 -7.07983 -16.4634 -19.1924 -8.51245 -7.20825 1.75146 -7.75708 -1.93799 
-15.6362 -0.518066 -4.17773 -2.61938 -12.2444 -16.4939 -20.177 9.73926 -12.5991 0.40918 
-16.7466 9.69873 -15.2329 -4.37622 -4.98364 -5.88965 -5.80737 -11.9277 2.29517 -8.00903 
-10.0645 9.15552 -2.96191 -6.44629 -5.8252 -14.6267 -9.63501 -1.86035 -0.181885 -10.4595 
-9.80615 7.90088 -4.28345 -5.25879 -9.05737 -12.8711 -8.0481 -6.77344 3.44116 -13.7908 
5.40723 -13.0166 0.336426 -5.45923 -3.72437 -4.60571 2.35669 -17.0586 -4.52832 -4.7583 
-12.4556 -6.75439 -8.79736 -4.55493 -19.8657 -23.8259 -20.426 9.26343 -13.7502 -1.32471 
-3.87256 -2.84497 -6.73438 -8.39697 -11.0171 -2.96948 10.3181 -18.9939 3.03027 -18.7927 
-5.12109 -8.13257 0.746338 -3.40698 -10.4233 -15.1494 -16.7869 7.15161 -10.125 -5.9812 
-20.333 -19.4165 -5.95435 -12.6587 -3.62964 -13.9839 -14.5315 -8.58325 -5.927 9.31787 
-3.70068 -5.2373 -4.79932 -3.39722 -11.0959 1.21875 5.97388 -16.9492 2.26831 -10.3774 
-5.49976 -4.43604 -3.05127 -14.6414 -11.9443 -4.98169 14.2903 -24.9263 -0.0522461 -20.3064 
-14.8074 -0.880859 -13.2722 -14.6602 7.47314 -15.1782 -10.0566 -2.01465 -0.466797 2.78052 
-10.0251 5.97485 -11.8652 -5.63452 -1.1936 -7.21582 -7.24805 0.364746 -2.97998 0.360596 
-25.3794 -13.4368 -13.3125 -13.5361 15.4915 -17.7935 -18.5645 0.246338 -6.51587 -3.94971 
-3.71436 -3.0835 -8.13086 5.88574 -12.8574 -1.10498 -14.7854 -9.07056 -9.20654 -5.69824 
-9.21191 9.87793 -2.86475 -8.33398 -12.5393 -12.4561 -4.38745 -9.54077 2.41919 -18.2859 
-10.1855 9.27734 -6.03076 -8.31885 -12.8674 -11.6233 -3.41797 -6.64429 1.92407 -16.7639 
-5.49243 -13.155 13.8704 2.12964 -20.658 -18.4819 -9.8877 -19.4705 3.45313 -20.9241 
-10.5354 -2.16748 9.94702 1.97241 -17.0576 -8.41162 -11.3655 -10.1799 -2.89722 -14.3328 
-13.584 -0.60376 -7.75146 -4.22314 3.41626 -7.93237 -12.6643 -6.98218 -0.272461 2.83862 
-10.6931 8.82251 -3.71362 -7.50562 -11.3052 -11.8469 -5.79932 -6.7063 1.8811 -13.7402 
14.5972 -18.0959 -5.26001 -21.9954 -15.1191 -7.69995 -9.93237 1.90674 -14.0427 -1.39746 
-6.646 -14 0.553467 -3.85449 -17.0325 -6.2605 -8.94922 -17.4624 5.71582 -6.24609 
-7.42188 -12.2292 1.8042 -3.2019 -23.4985 -5.09546 -19.2764 1.37891 6.28516 -13.5315 
-6.72266 -5.59473 -9.58911 -13.4194 -13.7441 -4.07007 11.3752 -24.9636 2.78784 -8.03271 
-13.8857 -4.68188 -1.37939 8.4458 -17.1978 -4.823 -14.2859 -10.3054 -7.5061 -11.1829 
-6.2373 -15.3584 -5.46069 -12.375 0.237061 -16.8406 -4.94165 -9.85425 2.42065 -3.56445 
20.0837 -25.7673 -5.10107 -14.5454 -39.7476 -5.66528 -18.5608 -0.686768 -19.6948 -1.23242 
8.28418 -13.7996 0.0341797 -7.66357 -22.4666 -10.1445 -10.3193 -5.7561 -6.56494 0.889648 
1.26929 -26.3975 1.54248 -12.9226 -4.64917 -7.87012 13.4075 -5.72949 -10.2976 -23.2358 
-3.51953 -6.08032 5.38086 3.1123 -11.9536 -5.03613 -19.363 -12.4861 -6.85059 -7.91162 
-13.0039 -6.48071 0.219238 9.67603 -31.1567 -11.8535 -30.458 -8.6062 -5.76074 -3.76147 
10.3181 -5.93604 -0.811279 -9.24365 -16.1626 -6.32227 -0.173828 -10.2676 3.16821 -8.38696 
-4.75098 -4.20703 -4.70532 1.51709 -13.825 -6.5874 -18.5354 2.81738 -8.73267 1.63525 
-9.61377 9.71655 -3.62476 -10.2725 -11.5759 -15.6748 -8.76367 -4.93579 -0.603027 -13.728 
-10.8723 2.52515 -1.33105 0.00805664 -15.6338 -16.0039 -14.6887 6.18896 -0.00390625 -9.76611 
-16.2087 9.77417 -16.322 -5.21118 -6.26099 -7.17407 -6.48413 -10.0579 1.23169 -6.36401 
-15.5132 10.0923 -13.7837 -5.54077 -7.33594 -9.73682 -8.83301 -7.76953 0.888184 -4.67114 
-15.8506 -11.9592 -8.07617 9.49585 -23.5774 -3.86621 -25.4695 -8.7207 -1.71997 -5.448 
-5.87329 5.62915 -7.96069 -9.17603 -11.8972 -11.5439 3.96851 -19.4927 2.40747 -13.488 
13.8325 -16.7207 -7.82593 -12.6597 -19.7058 -6.16113 -7.99512 -0.477051 -15.3599 -5.26392 
-0.280518 -19.1655 -2.85571 -9.62817 -12.5352 -6.53589 -16.959 -4.50464 -6.87866 7.13354 
-3.94214 -11.0286 -3.96899 -3.88843 -2.72876 -6.02612 -4.0874 -4.09644 -3.8147 1.87817 
-17.5818 -8.00952 -7.15918 -0.534424 -17.9573 -11.7178 -23.2053 7.81299 -3.0625 -13.0232 
-25.8506 -27.1008 -26.6606 -10.9727 -28.7566 17.4272 -20.8723 -9.21094 -4.98706 -8.71704 
-24.5159 -14.0859 -15.2156 -13.0586 13.9558 -21.3755 -18.4363 -1.12598 -7.02344 2.24902 
-18.3198 8.552 -11.9805 -5.00024 -3.25659 -5.20996 -8.81445 -13.8025 3.93237 -3.2002 
-19.7856 -9.3125 -9.44629 -5.53613 8.71802 -13.3079 -12.8191 -3.82837 -0.921143 -1.56226 
-4.90845 -8.12354 1.31494 -3.86328 -22.0774 -3.43896 -4.04004 -10.4905 7.43262 -11.7698 
-14.502 -11.9338 -9.47803 -6.11206 -8.60327 -16.9761 -19.1467 -2.31421 2.36108 9.81763 
-4.34595 -12.7844 -13.0581 -11.1421 -9.4292 2.32153 -1.35181 -7.57056 -3.29785 -8.95483 
-9.35425 -8.32007 2.93677 8.41968 -26.3186 -11.8064 -17.7737 -1.36841 0.272949 -17.8181 
-18.8865 -6.68164 -9.302 0.414307 -29.1902 10.4243 -19.3813 -37.7759 -8.75708 0.339111 
-7.12866 9.52808 -3.9314 -9.2251 -9.01465 -14.55 -10.4463 -6.99536 0.975586 -9.64111 
-7.15381 -16.1292 -1.66626 -10.5222 -11.6321 -13.1619 -13.4365 -11.5886 -3.78442 3.53223 
-1.93115 -15.2881 0.724121 0.49585 -23.1897 -7.2395 -6.87476 -16.5298 7.90308 -3.26367 
-7.42871 -1.21899 5.88647 -2.16675 -13.9282 -7.34229 -12.071 -4.70801 0.310303 -5.77124 
-6.35352 -10.2876 -5.06177 4.56421 -29.3115 -18.0576 -24.4753 0.989502 -7.03418 -0.0549316 
-12.8752 -5.16846 -4.74341 5.29858 -20.8894 -3.26587 -16.9036 -8.59424 0.366211 -3.9917 
-16.9185 -11.2559 -16.4595 -9.87329 -5.76294 -14.6121 -24.4404 -1.75854 4.50635 9.53613 
-15.9875 -19.3625 -4.98462 -3.48608 -3.98071 -13.1775 -18.9351 -11.4128 -9.29004 7.25 
12.374 -13.4736 -0.758057 -7.23535 -32.6182 -0.986572 -9.91162 -5.3418 -12.8176 -6.13257 
-8.97925 9.06738 -12.9917 -7.02832 -10.0481 -15.4634 -11.5063 -8.58569 3.03882 -5.29272 
12.8513 -11.4023 -0.387451 -13.2473 -25.5291 -4.00854 -4.91724 -5.40894 -5.55371 -5.90869 
-4.38159 -3.63745 12.1279 2.21606 -23.1394 -15.2522 -12.8901 -20.2986 -0.895264 -24.9277 
-0.562744 -13.78 -1.94604 -8.36108 -7.27856 -6.47754 -10.3362 -5.00879 -7.25146 3.46973 
-14.7217 -14.0442 -2.73828 9.54688 -26.8955 -10.623 -27.2612 -11.6658 -0.790527 -8.58862 
-15.7573 -24.6335 -6.354 -6.42505 -6.92578 -8.72412 -16.6091 -7.45972 -1.32104 6.21851 
-14.7705 -6.77246 -1.12891 10.0662 -25.3369 -0.480713 -34.7104 -17.3418 -7.79224 -5.54321 
-10.7561 -8.90186 -5.24292 8.90186 -25.1755 -5.71362 -26.2761 -17.8428 -5.85303 -3.7146 
6.19287 -15.8215 3.76709 -9.75562 -9.93579 -2.83179 9.04395 -22.8008 5.66699 -21.6577 
-9.2041 -4.20947 16.0496 0.360107 -30.0857 -16.1177 -10.6929 -28.9998 3.6189 -30.6455 
-11.8691 -4.28223 -4.96826 -2.74048 -2.14746 -6.82031 -9.3689 -4.85083 0.34668 3.44287 
-8.31421 -21.334 -8.89453 -9.18555 -3.35059 -9.09131 -14.3765 -3.11646 -10.2295 6.69141 
1.17676 -12.1809 -1.84082 -4.36084 -19.3013 -4.03101 -3.11377 -13.9565 5.55078 -6.12866 
-21.2317 -1.57129 3.01392 9.80078 -28.9919 -7.82788 -39.666 -16.8335 -9.56421 -5.77588 
-6.0022 -0.687012 5.35303 -0.356201 -24.0044 -20.1282 -22.3081 4.23975 -7.4751 -7.29004 
-18.6821 -9.29468 -8.07666 -7.35522 5.75366 -18.1272 -11.7666 -7.76807 -4.49219 -3.58667 
8.73877 -12.9353 0.376709 -10.2729 -23.7444 -6.14087 -10.1545 -2.43799 -3.00708 -3.32642 
-2.21313 -5.18042 -4.17944 -9.1853 8.42188 -12.6262 -7.08472 -1.9082 -11.9565 -7.83643 
-2.67285 -7.93774 -7.16626 -7.69727 -12.4333 -8.50122 -18.7871 10.5364 -15.3149 2.65918 
-7.49268 -2.88916 -1.20557 -3.94629 -19.4309 -8.57544 -13.9692 -9.85767 9.10669 -8.14624 
-16.3931 -12.2822 -5.9646 -7.04297 7.98633 -23.8406 -14.0229 -8.72778 -4.56006 -7.03613 
-12.0125 -15.2085 -11.3535 -5.65381 -7.12671 -10.6675 -15.0598 -0.738525 -4.53198 7.70654 
-13.6023 -10.5046 1.00488 -2.95923 -12.3376 -7.23877 -7.86694 -21.7625 10.3557 -7.08813 
-12.4128 5.82666 -9.04004 -1.63745 -4.78125 -2.26782 -11.8721 -4.82324 -1.9502 2.94922 
-9.74194 -4.70947 -10.2153 0.288086 -11.9387 -16.9827 -20.8542 -2.06738 -9.34033 6.23047 
-11.8096 -2.35498 -2.40674 -3.54932 -6.52808 -11.3259 -21.7556 8.61987 -8.3606 -1.66284 
-23.1143 -8.37061 -5.28101 2.4104 -21.7654 4.34717 -13.6946 -29.7478 -15.6802 -9.5481 
-9.03271 -13.6992 -5.60181 0.343262 -15.5725 -21.7021 -15.7302 -8.37549 -10.8682 8.76074 
-5.01733 -3.2771 13.9333 3.38232 -38.4927 -13.5449 -24.875 -9.05615 -2.40991 -23.0212 
1.84644 -17.5388 -0.782227 -5.43921 -26.1133 -6.00293 -11.3865 -9.63892 5.74902 -4.88623 
-8.02075 2.97168 11.7947 -0.473389 -40.9365 -11.2542 -15.127 -13.0532 0.471924 -21.7786 
1.94849 -7.12671 8.17847 -0.13208 -30.4941 -9.67578 -17.8511 -2.91406 0.20752 -18.012 
15.7202 -16.0449 -1.76782 -15.8816 -23.7581 -8.36035 -9.13794 -2.56836 -6.21826 -1.06909 
-5.03979 -8.35962 14.6592 0.828125 -31.9736 -20.3555 -21.4346 -9.83643 3.36694 -23.1899 
-5.43213 -8.34009 13.8774 1.33032 -50.6416 -17.322 -15.9766 -20.1101 5.46387 -24.2029 
-25.9116 -6.79761 3.23853 12.978 -29.6787 -11.6191 -52.6975 -11.5637 -10.2092 -7.17773 
-7.16699 -9.92554 -4.92212 -2.88013 -15.6494 -3.85107 -8.0791 -6.27588 5.69409 -3.70654 
-27.1196 -16.6943 -6.78369 -1.83911 14.1111 -16.9131 -22.814 -14.9646 -0.185791 -3.48804 
-5.87549 -10.7041 -2.50391 -14.5527 -13.7622 -0.839844 10.4333 -26.6711 -0.5896 -12.8816 
-7.06372 -8.27148 -2.85474 -2.22583 -11.4468 -2.74854 -6.17969 -10.4131 6.71045 -8.35254 
-17.968 -36.9773 -1.3252 -21.5073 2.05078 -19.1755 -10.2935 -6.61768 -13.4802 -9.75854 
-2.82227 -14.5874 3.72827 -2.93677 -32.9675 -1.78174 -6.45215 -24.1011 9.70801 -11.6672 
-21.2239 0.807617 16.666 6.85767 -35.5762 -16.6238 -20.436 -20.9146 8.04199 -34.5508 
-0.928955 -9.57788 -5.01685 -10.1589 6.77173 -8.52173 -5.22656 -6.86816 -8.01904 -9.85938 
-0.614746 -28.1421 -0.598633 -20.1577 -9.36108 -5.74097 17.7031 -18.0732 -2.6167 -17.239 
-8.11963 -11.1777 2.37402 -1.0686 -26.6543 -14.3679 -20.8984 3.79297 6.2832 -14.8621 
-8.8335 -4.51294 -1.9563 -4.28979 -3.0127 -15.064 -11.7971 -7.99902 -6.98657 5.83301 
-15.6267 -2.90991 0.862305 6.12402 -23.5881 -5.06396 -32.321 -10.2358 -3.76953 -2.47241 
-10.3782 -6.45337 -0.392578 4.53906 -21.1597 -12.0725 -29.6853 -12.9817 2.13818 -3.60938 
-18.9353 -8.68604 -7.05103 -5.3584 4.02026 -16.4629 -15.3906 -5.04858 -9.67603 6.97559 
0.678467 -1.65063 -3.9519 -9.77783 7.86816 -15.2444 -6.11035 0.415527 -9.19189 -4.81665 
-11.2717 -9.22974 -11.3384 8.10645 -26.5723 -2.89429 -25.3877 -12.1143 -6.5752 1.58179 
-15.3469 7.81152 -10.1887 -1.56445 -10.7458 -7.86743 -9.88623 -8.7019 3.01489 -9.15894 
-2.34619 -8.46753 1.33545 -9.60059 1.2832 -2.28931 -18.6279 2.6604 -14.2419 2.74365 
-8.94385 -17.2346 -8.5686 -9.89478 4.0061 -4.84692 -6.05786 -4.20142 3.3313 -0.319336 
-6.13623 -21.7742 -8.86938 -11.7375 -14.0786 -12.854 -30.1238 16.1465 -23.8599 -0.411133 
8.45923 -18.5786 -5.48413 -8.37231 -26.3328 -4.63135 -13.5891 -1.7793 -8.21973 0.0197754 
-15.5762 -4.7644 -11.2817 -2.54419 -47.8865 8.3877 -20.4329 -18.6357 -9.81641 -4.51733 
-17.2368 -9.31812 -9.19751 -6.51685 0.922119 -11.8826 -19.8789 -4.61157 -0.4375 9.83691 
-0.621338 -17.9509 -6.13623 -10.5032 -18.7476 -9.34985 5.75952 -24.8064 -2.64673 -3.69067 
17.6086 -28.5737 -2.80542 -14.01 -10.6677 1.85132 -5.03394 -5.44604 -10.9768 -5.64063 
-8.51489 -13.5481 -5.1377 -17.5557 9.56372 -20.5952 -9.56592 0.635986 -12.6863 -3.47656 
-6.16284 -28.7595 9.72754 -5.0144 8.18677 -15.4138 -8.45776 -23.1121 -4.00781 -12.4089 
-7.73242 -6.57031 1.87622 -3.68896 2.93945 -10.3645 -3.60767 -12.4712 -8.01465 -6.05127 
-6.21851 -6.70215 -1.11182 -12.2686 3.80005 -14.6167 -5.82153 -3.37451 -3.79395 0.0722656 
-15.7756 -11.8508 -2.27832 -11.9065 -10.4739 -8.58105 13.0334 -20.0591 -0.893555 -13.9124 
-14.5679 9.99585 -12.2969 -7.5249 -8.65967 -11.2151 -5.03955 -9.33545 2.89673 -10.6555 
-8.34546 -17.0378 13.6978 4.17725 -11.4749 -12.7954 -5.03662 0.67627 -4.9397 -38.0554 
-12.77 -12.1599 -5.7876 10.1453 -23.1011 -7.61938 -30.1235 -18.7349 -3.59082 -9.16333 
-5.54492 -9.47095 6.55518 3.41626 -18.0562 -9.07886 -7.35669 -13.5583 3.802 -21.3835 
-0.853516 -10.5923 -5.75415 -8.823 -8.43237 3.89795 4.73022 -9.0083 -2.24341 -6.11694 
-18.7395 -7.47534 -8.97876 -11.5022 6.91064 -13.0017 -10.5303 -8.40747 -0.669434 -0.668701 
-9.625 -19.4961 -14.1555 -12.5422 -21.0168 7.59277 -22.5735 1.08838 5.06201 -9.03345 
-16.0469 -4.21167 -7.02222 -6.18433 -5.69531 -13.6819 -16.6934 -3.28467 -4.57666 5.89624 
-13.4553 -7.1311 -1.79004 -15.1887 -6.88867 -5.10474 19.355 -32.7483 -0.960449 -26.9529 
-6.23853 -7.50293 0.77002 -2.19287 -16.5374 -7.85205 -1.00928 -23.6873 8.45361 -12.8718 
-16.603 -25.5278 -19.8755 -6.01611 -9.48535 10.7087 -15.2517 -3.87549 2.74902 -8.67017 
0.372559 -1.25488 -4.80566 -9.79028 -17.8525 -4.11255 6.40796 -16.7937 1.43579 -8.31885 
4.63989 -7.85889 -0.418701 -3.18188 -18.2334 1.16626 -3.8938 -7.90918 -0.954346 -8.52051 
1.45166 -17.7588 -2.67456 -4.1394 -14.322 2.60474 -5.72314 -8.06348 0.845459 -8.56396 
-15.7583 -18.429 -1.30127 -6.32446 -9.25562 -4.62402 15.6272 -24.7629 -1.76245 -17.5261 
-16.0068 -5.9646 -12.0825 -7.15308 6.90796 -16.2429 -7.92261 -3.32275 -2.81934 0.490723 
-11.2571 10.0803 -3.66504 -9.05493 -12.1956 -12.282 -4.23218 -8.76392 3.8689 -18.1619 
-3.2832 -7.73706 -1.18066 -3.88257 -25.0342 -2.36987 -3.52466 -14.6001 6.88452 -13.1978 
-1.96289 -0.764648 -3.83691 -5.83423 -10.8413 -3.96069 5.33081 -15.0679 3.48975 -12.3347 
-4.98926 -17.2231 -2.23047 -3.91748 -19.5471 1.45459 -2.88696 -13.7942 3.42041 -12.9458 
-13.6975 4.17993 20.5239 3.84473 -47.5056 -19.9609 -21.3267 -21.0481 -3.38062 -34.1316 
-13.5737 -19.6724 -13.5364 -15.9832 -11.5491 10.3574 -9.73047 -11.5984 8.89868 -14.0356 
-4.45264 -13.1577 -4.56006 -14.051 6.72461 -8.86694 -1.88013 -1.16724 -7.24292 -2.99487 
-16.9971 -16.8721 -18.7922 -2.39673 -21.7317 9.99487 -16.3137 -10.6611 -13.0947 -3.58911 
-19.4453 -17.9597 -21.7886 0.98999 -29.4568 11.7961 -25.8804 -8.27197 -4.67578 -3.76147 
-11.4568 -5.66943 -6.22339 -9.66553 5.21899 -3.7981 -5.46973 -3.47827 -5.1272 -3.66211 
-10.6499 -5.35693 -7.33984 -3.28101 -16.5913 -19.5059 -23.8188 11.6912 -12.5801 -3.60645 
-10.615 -10.6394 0.527832 -3.23975 -12.7478 -19.8772 -15.3096 4.80347 -0.351074 -9.71411 
11.5168 -10.9229 -6.46558 -10.4089 -20.4275 -2.35376 -7.69702 2.25928 -4.12988 -7.22754 
-18.543 -14.2683 -1.94824 -8.2854 -7.52368 -7.18555 -10.6035 5.5752 -2.52173 -4.62573 
-6.5603 -7.90576 0.970947 -0.206055 -13.8101 -8.71631 -10.7056 -6.5874 6.34058 -4.91138 
-5.23242 -1.75 10.4043 -1.52271 -29.4922 -14.7463 -13.3435 -11.9619 -0.081543 -20.6465 
-11.5244 -0.729248 12.8794 -2.1062 -18.8613 -14.1824 -8.22778 -7.01196 -4.76099 -17.8945 
-17.4822 -9.85718 2.04395 11.4065 -31.679 -9.88306 -37.7544 -17.6328 -7.68652 -10.5615 
-11.7585 0.620605 -7.40723 -1.81909 -21.7126 -24.2346 -18.2537 5.98242 -5.80615 -5.31763 
13.8035 -21.3303 -1.86768 -14.001 -13.2141 -17.2581 -8.85962 -3.33179 -12.6135 -0.912109 
-15.2817 6.96265 -11.9419 -4.16772 -2.1333 -1.14063 -7.26782 -10.635 2.1853 -8.21582 
-7.39453 -5.4187 -3.88818 -2.80566 -9.59546 -7.72705 -12.0667 -3.69312 6.42871 -2.0166 
22.2524 -20.7766 -6.72144 -18.0623 -32.489 0.984131 -12.2502 -5.74023 -27.9624 -7.24561 
-14.8591 -20.5073 2.21167 -4.96777 -17.0586 -12.4546 -45.0078 11.488 -10.3518 -3.14111 
-21.5696 12.9255 -9.85718 -4.24365 -14.0808 -9.01514 -9.44971 -11.6807 3.23975 -11.4092 
-28.8999 -17.3086 -16.0723 -3.07959 -5.19604 -27.3752 -22.4797 1.52734 -11.8628 11.8525 
-2.7207 -2.89502 -1.61157 -5.09912 -22.2878 -8.85864 -7.12354 -12.8018 6.98755 -5.73071 
-17.6519 -11.373 -0.375732 0.797852 -23.0439 -20.6184 -32.9631 14.5579 -23.0945 2.50098 
-14.7727 -4.05615 -17.4565 -4.48926 -33.9006 10.8889 -15.6973 -18.1323 -15.6638 0.0532227 
-8.78979 -17.4294 -6.80688 -4.58643 -20.7708 3.56836 -15.0215 -10.1238 0.635498 4.47534 
-12.6824 -13.4199 -3.83667 -5.44092 -4.00146 -9.2373 -16.9829 -3.49756 -3.17871 6.17822 
-6.40845 10.1438 4.55493 -8.96729 -8.29785 -21.208 -9.18799 -8.2417 -4.73853 -16.1777 
-21.843 -15.7393 2.88232 -0.375732 -17.7056 -26.1521 -43.6196 15.5176 -15.1418 -7.27539 
-16.29 -28.1392 -24.1074 -7.32153 -13.5083 16.8313 -29.4209 -8.98291 -2.90063 -0.425049 
-17.7039 -13.0454 -9.04614 -4.59937 8.97852 -9.23584 -11.3083 -7.49097 -3.53247 -2.19287 
-9.92432 -9.43872 -1.68677 2.24561 -20.2634 -4.20435 -27.3652 -8.03149 -2.97607 3.98267 
-16.9102 4.62012 -8.15576 -4.5896 -2.68115 -1.26123 -7.69629 -17.5144 4.12183 -2.14136 
-10.8738 -1.85205 6.52002 -2.68628 -8.86523 -13.7793 -6.88281 0.104248 -0.712646 -14.3164 
-3.98486 0.465576 14.9863 -3.15527 -53.3513 -14.4683 -17.4985 -19.4922 1.55273 -24.5901 
-16.9878 7.34668 -13.5525 -5.73853 -0.644287 -2.43945 3.79199 -21.667 0.333252 -17.531 
-5.60791 -27.6968 3.38477 -16.7075 -4.59595 -8.24854 18.7146 -30.3032 -1.17505 -23.0906 
0.420654 -27.0537 -1.53198 -16.7947 -17.031 -9.49878 17.093 -34.7466 -1.14917 -22.2615 
0.854736 -17.0481 2.71851 -11.8684 0.000488281 -8.01221 -4.52417 1.52661 -8.51196 -16.5078 
-7.72192 9.87695 -5.64795 -12.0376 -17.2134 -10.0647 -2.0022 -13.4324 4.14233 -14.9556 
-9.2915 4.87817 -6.81689 -3.07813 -7.80054 -10.5093 -5.92725 -1.30078 3.09326 -10.3389 
-17.9255 -10.6663 -7.2395 -5.81421 6.5332 -24.1599 -17.8582 -3.38281 -5.46582 -4.24658 
20.1311 -23.0085 -11.7957 -18.1643 -25.2405 -5.10596 -6.21509 -0.137451 -27.6665 0.2771 
-6.94751 -2.66675 -5.11475 -3.38281 -10.5508 -16.6096 -15.4905 8.06543 -6.42627 -4.57813 
-20.7686 -15.5156 -8.35278 -11.5898 12.9963 -15.4263 -11.7266 -2.21289 -8.0918 -4.84766 
-8.81104 -3.17432 14.3154 6.521 -50.5852 -15.1504 -18.4375 -12.8354 8.15698 -23.9946 
-20.168 -18.0352 -9.27734 -11.7656 10.9128 -23.0071 -17.5881 -0.330322 -8.44189 1.31006 
8.72388 -8.25879 -1.40015 -9.0332 -16.217 -11.3569 -8.7207 -1.95142 -7.28638 -4.0481 
-3.23975 -21.6025 -0.132568 -9.71045 -10.478 -4.71899 12.332 -4.11792 -7.05493 -12.1189 
-6.79248 -6.60083 -6.23047 -5.10254 5.71631 -9.14746 -4.71436 -6.60571 -5.82886 -2.62256 
-24.6951 -0.398926 -5.97388 -3.81763 -9.55908 -31.124 -22.0342 10.2856 -14.7454 -7.96851 
-3.65186 -6.34912 -3.45313 -9.55664 -10.886 -5.9314 12.3362 -17.7205 1.00537 -24.8772 
-23.3811 -14.4734 -14.5984 -7.5376 -3.45972 -17.5295 -16.5488 -0.184814 -1.50757 6.71118 
-16.8696 -13.6108 -12.1882 0.577637 -19.4714 8.88818 -13.6489 -10.2253 -8.07349 -7.61572 
-8.30371 -5.91309 -0.959229 7.90186 -30.1079 0.207031 -32.1692 -15.5298 -10.2703 6.93359 
-18.5281 -34.8943 -11.3105 -12.7034 10.2026 -21.0005 -20.0759 -4.13477 -2.85278 -2.79297 
-6.9541 -15.0532 -8.0376 -13.6687 -9.84424 -0.715576 13.9897 -25.2139 -7.31445 -14.2185 
-12.6936 -10.9243 -18.509 -7.55713 -24.4846 10.0562 -4.58081 -2.57324 5.65161 -8.07104 
13.6714 -22.9917 -2.70605 -14.4678 -11.8625 3.62305 -3.54443 -9.40771 -4.71655 -4.66382 
-7.98706 7.69775 -9.52686 -5.58862 -11.9507 -12.4937 -6.87158 -8.03735 2.03271 -10.1687 
-1.77246 -7.39575 0.789551 -2.04077 -19.4817 -5.63428 -8.70825 -11.8853 6.92139 -7.03687 
-4.26465 -5.40942 3.30786 -8.69751 -16.0105 -15.0691 -11.0969 -14.1311 10.0852 -15.0234 
-1.97998 -14.5764 16.6841 1.17383 -26.1016 -23.2856 -18.4609 0.167236 8.26074 -19.5225 
-0.124512 -3.06201 -3.40723 -1.10376 -21.3247 -5.88843 -5.04834 -17.3098 7.18188 -1.70972 
-21.2354 -3.98926 4.01074 10.0652 -25.8008 -9.15479 -40.2217 -20.5471 -8.46875 -8.06787 
-20.0483 -23.3794 -18.3638 -4.40576 -27.4312 8.65894 -16.8708 -10.063 -8.15894 2.64941 
-12.3501 -3.2312 -5.30591 -3.38452 -13.9966 -12.2168 -23.0479 10.3877 -11.344 -1.80493 
-6.87207 -5.59326 0.90918 -3.29614 -23.4114 -9.76025 -9.38892 -18.6855 10.9539 -12.1194 
8.85645 -16.0667 2.20386 -9.3999 -4.10718 -17.8284 -9.72095 -2.05542 -8.03906 -3.56812 
-6.45239 -18.4097 1.35254 -0.863525 -17.6721 -10.5317 -4.56445 -16.8865 8.83374 -2.38599 
-15.3574 -24.2822 -21.2041 -4.79688 -28.5388 8.99609 -19.1128 -5.20728 -12.5454 1.11304 
-17.4824 2.28296 -3.54785 -3.58276 -17.8677 -21.1506 -21.8462 5.65918 -8.44971 -11.7095 
-6.23804 9.17212 -4.41162 -9.70215 -11.873 -13.8926 -3.68213 -12.2971 1.06445 -18.9421 
-11.6816 7.80249 -15.1174 -5.66968 -4.2146 -11.4998 -9.04663 -3.41333 -1.43774 -1.88159 
8.8501 -13.5776 -1.01904 -7.9375 -15.2046 -7.0979 -7.5874 -0.465088 -5.95142 1.63696 
-12.7041 9.56152 -13.781 -4.82544 -5.50854 -6.00415 -5.52393 -6.89209 -1.33057 -4.33643 
-14.9197 -12.5566 2.31421 10.2212 -29.989 -11.6433 -39.1426 -9.38574 -9.22095 -2.31396 
-11.2212 -4.72607 -0.745117 -3.47485 -24.3032 -25.1699 -18.9529 9.82397 -4.94458 -10.8684 
-2.52173 -0.671143 -3.94531 -8.02393 -11.8511 -6.8877 -5.10181 -21.2722 6.53076 -9.34033 
-21.9788 -19.6418 -17.7158 -4.57373 -30.0791 4.81104 -16.6941 -4.3313 -0.396484 -7.33276 
7.12573 -4.42798 -1.22729 -5.67749 -9.88501 -4.59204 1.52075 -9.93188 0.977051 -8.7207 
-18.4241 -9.9209 0.26123 -0.590088 -15.9883 -21.77 -28.7515 13.8245 -13.6755 -5.02295 
-12.5225 9.14795 -12.1938 -5.30322 -7.34058 -13.5168 -9.54077 -9.49414 1.85059 -7.48755 
-18.7688 9.01221 -11.8311 -4.00684 -9.85864 -8.34058 -7.2832 -9.7041 3.54346 -7.48267 
13.907 -17.8411 1.45068 -9.55762 -17.9824 -12.6875 -7.59497 -7.14453 -10.8201 -4.78198 
-17.9646 9.79077 -14.2869 -5.43164 -5.97046 -9.46753 -12.666 -7.27197 1.52539 -4.14917 
-11.1143 8.07104 -7.37915 -7.21973 -11.9282 -10.3887 -3.8772 -7.60254 1.17627 -12.8796 
-6.07056 -1.02661 -3.42017 -7.26758 6.74048 -9.61426 -6.53662 -3.41479 -9.49829 -2.28174 
-6.15723 -5.48853 -3.61035 -9.22852 -22.6387 7.10693 0.11499 -21.0642 3.25488 -9.49683 
-19.2109 4.18457 19.7866 5.5144 -43.9607 -18.1038 -24.3667 -22.1846 -5.69629 -35.3523 
-27.2715 -12.6765 -0.427979 0.267822 -13.4246 -24.0376 -30.7166 14.1582 -17.22 -4.82813 
-7.3291 -23.9238 -3.21167 -18.1357 -2.95117 -11.8003 18.1514 -13.2039 -10.114 -21.9094 
-12.8323 6.12427 13.5693 -2.37817 -21.8071 -8.46875 -7.04565 -16.6013 4.76733 -23.8362 
-22.4453 -11.9954 -15.5828 18.3962 -28.2192 -12.2656 -30.9966 -6.64233 -16.969 -6.7373 
13.7427 -19.9993 -10.3293 -16.9097 -18.3115 -4.53809 -6.98633 -1.28979 -27.4429 -0.774414 
-5.63672 -5.71899 12.0725 0.321777 -19.5356 -23.1548 -13.053 -16.9814 1.76611 -23.5481 
0.258545 -7.19727 -0.27002 -0.856445 -13.7559 -4.84033 -1.40771 -17.3013 5.18506 -10.781 
-19.0649 -6.99219 -20.5923 -6.19385 -32.4753 11.3079 -13.7832 -9.11743 -13.5847 -2.53467 
-6.2998 -4.87109 -2.80273 -5.53198 -2.75781 -11.2979 -9.32178 -5.29346 -7.78223 5.09497 
0.146729 -25.3772 -3.47119 -19.3569 -6.9563 -5.53198 15.6655 -6.43579 -11.4595 -21.8042 
-14.5874 -12.821 -7.96777 -8.83472 -7.42627 -13.9353 -14.8389 -0.406006 -3.93408 9.12183 
-8.35986 -5.44775 -7.4624 -11.5762 -10.801 -18.968 -18.8296 6.65015 -10.509 1.90771 
-16.2112 -12.9641 19.6663 4.2605 -31.2129 -23.4814 -17.9973 -6.80908 0.206299 -41.5703 
-15.9097 8.30542 -14.114 -5.78442 -4.20679 -7.30908 -8.20898 -7.95166 1.60596 -7.31299 
-16.6692 -13.5134 0.112793 12.4419 -38.1355 -10.2725 -26.2737 -16.427 -4.32324 -11.7932 
-20.3311 -23.1892 5.06152 -11.0317 -3.00293 -6.5918 14.6023 -29.8569 2.03418 -15.325 
-6.86597 -4.38086 -5.67334 -12.468 4.76465 -9.28198 -1.75146 -8.03564 -2.40137 -0.500732 
-11.7568 8.68018 -13.0417 -5.77344 -4.88599 -15.8792 -11.1104 -3.68701 -1.16333 -3.46826 
-8.01465 -12.8196 -4.84082 -0.287354 -24.4692 -1.21704 -15.2454 -2.42578 5.16699 -4.31055 
-15.9133 -13.2673 18.9082 4.02417 -36.2886 -17.3472 -16.2175 -15.9666 3.17139 -39.4646 
-17.9751 -10.5054 -5.49829 -13.7373 13.9944 -18.1638 -13.0835 -5.89233 -6.53076 -4.54932 
15.5403 -15.125 -0.316162 -17.0032 -33.7922 -2.33008 -8.51196 -3.38965 -2.7124 -8.76733 
-17.3379 -18.7605 -10.8176 -1.72314 -10.0923 5.76611 -14.6763 -12.9861 -7.17651 1.33032 
-9.97949 9.28735 -7.698 -6.00244 -4.90039 -16.7773 -10.4563 -1.74341 2.32373 -10.1602 
12.5554 -19.9048 -7.59448 -10.0725 -22.519 1.39868 -12.8755 -4.40991 -10.2957 0.118164 
-3.98267 -7.90259 7.87183 3.69116 -39.3176 -6.62183 -12.9854 -15.2993 10.198 -18.8958 
-7.59961 -17.6169 17.093 -7.21289 -17.9143 -22.6931 1.72632 -29.3032 -0.463379 -28.8059 
-9.18408 -17.1431 0.714844 -7.96826 -7.99683 -12.4033 12.2261 -13.8516 -5.48999 -16.8508 
-9.96973 -16.7913 -4.59644 -12.9756 10.3464 -14.853 -12.0725 -7.23315 -14.6836 -4.10718 
-1.25928 -12.1296 -4.302 -8.27612 1.40601 -4.63501 -3.17261 -3.86035 -4.53491 1.27173 
-12.1919 -4.83862 -7.83081 4.48779 -20.2546 -6.89966 -22.4661 -15.1538 2.7207 -0.778564 
-11.7031 -4.60278 -1.47852 -7.87158 -4.16675 -12.0781 -7.93481 -8.63354 -2.93164 3.5625 
-9.65747 -0.0480957 -5.91699 -4.4917 -4.2395 -0.648682 4.30249 -17.3459 0.356689 -9.07813 
-8.25342 8.02563 -7.35791 -4.77539 -6.66602 -16.0737 -10.3235 -5.97949 2.15674 -9.75073 
-6.55737 -9.91406 -3.25464 -5.6582 -4.37598 0.126709 8.70239 -13.2031 2.35303 -13.5732 
-19.5098 -16.8496 -7.35962 -2.27759 -33.6863 8.49341 -15.9832 -28.4587 -9.82617 -12.1335 
-6.10449 -6.39624 -11.6201 -5.58032 -19.9539 -11.5388 -20.9543 10.5234 -13.6113 2.48022 
-14.2529 -9.62378 -10.4236 -8.46362 1.54224 -7.823 -16.3948 -4.7124 -1.96069 8.71411 
-9.02319 1.42139 14.8203 -2.33203 -29.5728 -13.1289 -8.94043 -20.9912 2.38159 -29.8894 
14.6582 -16.6956 3.35254 -7.16284 -16.0493 -8.68359 -5.40942 -7.41943 -2.76929 -3.96875 
-6.06494 -3.94629 11.8318 -0.181885 -34.2617 -17.5486 -19.2593 -12.0774 -0.790039 -20.1294 
-8.18896 -15.9072 0.431885 -7.43994 -17.8291 -2.31519 7.86646 -30.3872 3.13184 -5.01172 
8.00464 -7.94116 -1.07397 -8.93042 -11.9448 -0.890625 -4.34277 -4.07568 -5.35596 -8.17456 
-11.574 8.22607 -11.0256 -5.65503 -2.93945 -10.4912 -8.54419 -1.9375 -1.0957 -5.21631 
-17.2136 -10.4282 -6.60938 -10.7434 8.37134 -21.1165 -10.1528 -7.63672 -5.84058 -2.95801 
-13.4634 -5.99707 -4.54077 7.60938 -25.0095 -7.72241 -25.3081 -18.6079 0.438477 -3.57397 
-13.822 -7.85693 -6.96313 -2.55518 0.00170898 -0.663818 -7.36743 -7.44458 0.0976563 -4.58984 
-21.1121 1.1106 20.6941 5.86572 -40.8354 -19.7698 -32.9641 -19.1812 -7.87134 -31.7842 
-7.24756 -7.24219 -8.93726 -3.06738 -19.7554 -1.61108 -7.96509 -9.53687 7.31348 -4.36011 
-16.8669 -2.52124 -0.171387 -5.2522 -14.6267 -4.65869 -7.24951 -20.9656 12.9941 -20.7866 
13.8411 -13.7896 -0.097168 -11.675 -25.5044 -8.98584 -12.6836 -3.38916 -12.2158 -2.63721 
-2.87988 -6.47974 -0.63208 -1.44751 -18.1128 -10.7195 -7.42676 -5.91577 4.03442 -1.55347 
-7.31836 -15.2961 0.803711 -3.48608 -13.4463 -6.48315 -4.80688 -14.1975 6.7146 -3.94458 
-5.34497 -15.3174 -7.6084 -4.12573 -7.88574 -2.77661 -21.084 0.920654 -5.28223 7.29102 
4.93896 -8.63916 0.0227051 -6.19482 -14.6526 -4.64941 -8.27759 -5.69775 -11.8953 -3.75049 
-22.9531 -13.8364 -13.3086 -7.5271 -1.22998 -17.9609 -19.9507 -4.7749 -0.847412 9.52368 
-5.74536 -19.2698 -2.37671 -11.4216 -18.9155 -2.56592 16.6516 -38.1899 -0.426514 -18.3892 
-13.7275 1.36328 -0.51416 0.557129 -19.0823 -6.97803 -10.6597 6.99561 -3.80786 -17.6392 
-14.9937 -19.7581 0.796875 -8.87524 -8.97363 -0.0305176 15.738 -28.3376 1.63037 -19.1929 
-12.8706 -14.7405 -2.27588 8.85376 -25.1172 -11.1885 -24.3174 -10.8364 -3.87109 -5.69287 
-8.03345 -6.57983 -6.53467 -0.21582 -17.8889 -11.134 -24.98 -9.47266 -2.47266 5.72632 
-15.5974 -8.09766 -15.2075 7.3667 -21.5063 -5.28857 -20.8311 -15.127 -4.84473 -0.897949 
-13.364 -0.138916 -10.9531 -6.48145 2.68408 -9.94751 -9.8396 -3.04541 -2.33447 3.22314 
-12.998 -6.36621 -1.33569 -2.87964 -16.856 -15.7427 -23.3997 9.77734 -13.9824 -5.10254 
-15.9094 -13.9214 2.4314 -3.02588 -15.0403 -20.3459 -26.9321 11.5444 -9.9021 -11.8425 
-8.7251 1.52393 -4.69775 -4.17236 -14.2698 -16.2451 -14.7908 6.88062 -3.20166 -1.88916 
-8.19604 -11.791 -6.51538 -11.8215 8.71802 -14.9644 -11.2598 1.73877 -12.9055 -3.03638 
2.375 -9.68066 -1.93506 -5.78906 -8.99878 -16.384 -3.08105 -5.96948 -1.19482 4.65576 
15.1624 -12.4531 2.11914 -12.5947 -13.2754 -9.29712 -4.49585 -8.46655 -2.20361 -8.01465 
-12.812 -16.4922 2.7688 -8.69751 -4.23877 -10.0085 13.208 -18.3708 -5.23389 -18.3652 
-14.1057 -0.974854 -12.7986 -12.4097 6.37891 -8.79126 -12.9729 -1.97803 -7.09155 6.73462 
-7.90771 -19.0938 -4.23291 -0.0629883 -13.4971 -5.07349 -8.15991 -12.3328 -2.01855 -6.35205 
-11.6189 -10.1943 -8.41797 -8.13794 4.96606 -13.0393 -8.125 -3.68872 -0.776367 -1.3667 
-11.074 -6.03833 14.0691 7.16455 -44.5098 -13.8853 -20.0681 -11.7175 6.88794 -25.5193 
-9.77515 -15.2449 -8.79712 -13.0896 -6.53442 -7.3689 -21.5117 8.16821 -10.3052 2.64551 
-4.01904 -17.7903 17.9575 4.46899 -29.5176 -20.6643 -18.1252 -4.94678 3.47754 -22.2354 
-7.54834 3.66553 -6.10498 -9.01514 -17.1838 -5.47852 -4.63599 -20.1453 7.45996 -8.84619 
-8.37915 10.8018 3.8623 -9.91479 -7.92578 -17.7813 -10.3945 -6.29395 -7.43018 -20.2808 
12.6819 -16.5193 -3.36377 -7.77637 -27.8276 -1.67529 -9.49292 -5.65991 -8.73828 -5.10693 
17.4819 -22.1365 -2.4043 -11.3208 -32.8157 -4.55444 -8.82373 -7.15796 -9.37134 -8.32227 
-9.18945 -0.107422 -2.25098 -0.614258 -27.4404 -16.7344 -21.1252 5.46509 -3.94287 -5.30664 
-7.5564 -23.313 -3.23364 -3.96875 -13.6306 -9.2168 -14.4697 -10.8223 9.90454 -9.25317 
-9.07007 -0.00585938 2.53467 9.46313 -26.116 -0.472656 -26.8254 -11.6807 -12.1924 -6.3877 
-8.44019 -2.22705 -3.10815 4.13379 -13.9038 -3.396 -11.363 -9.56519 -2.59277 -3.34717 
-13.9648 -7.82861 -0.91626 10.9197 -18.3472 -3.93872 -27.7622 -8.89771 -13.8369 -13.8591 
-17.9348 11.3809 -15.9172 -6.35522 -6.60107 -10.8159 -9.0188 -10.6426 1.69336 -4.65796 
-9.49048 -10.1213 -7.51123 4.35034 -11.7656 -5.11499 -16.7563 -10.2698 0.821045 1.95728 
-12.8916 -4.94556 -3.93237 -4.1167 -17.6455 -16.0503 -24.7375 9.45264 -5.58765 -4.61255 
-1.89502 -6.30664 -3.48804 -2.16724 -11.3577 1.97119 5.95215 -21.6519 3.61938 -12.0603 
-17.7788 8.49072 -12.5771 -2.88159 -5.17383 -6.01538 -8.34058 -12.8066 3.3833 -8.56787 
-14.803 -11.821 -8.2771 8.88818 -16.3906 -11.4023 -25.5618 -2.67188 -7.42041 -4.19824 
-17.2327 10.9277 -15.665 -3.73706 -4.7124 -3.44971 -8.79224 -13.502 -0.842285 -6.104 
0.171631 -8.68188 -2.51807 -11.1702 -15.123 -4.82983 8.3645 -15.0771 2.71069 -19.2917 
-1.45117 -6.18506 -4.65625 -12.2988 0.145508 -12.6831 1.96387 -4.02026 -7.20728 -9.88721 
-17.749 -17.0923 -16.7427 -1.62402 -12.8479 8.29834 -17.2383 -7.64209 -2.40454 1.42334 
-7.38159 -4.61572 4.97339 -4.9585 -10.6367 -13.0361 -8.50073 -2.18774 -3.10059 -17.187 
0.516357 -15.4719 -1.87256 -16.5752 7.72363 -16.7498 -3.56763 -0.790771 -13.6484 -8.22852 
-9.84277 -6.71045 -4.64185 0.0742188 -18.51 -21.0859 -19.4766 9.17114 -4.59082 -7.43652 
-14.2935 -5.76733 -9.01807 -3.25391 -26.2388 8.6897 -12.438 -19.3918 -14.9688 -1.97046 
-3.55469 -6.66382 1.56006 -0.736572 -15.9963 -13.6387 -8.34277 -10.4817 1.93774 2.04663 
-12.5757 -21.5332 -5.07617 -1.84473 -19.6758 4.35767 -16.9636 -9.26782 -1.40698 2.12402 
-9.15308 -5.03979 -2.36792 4.17114 -10.3796 -1.86133 -5.96021 -11.6328 7.02881 -8.57056 
-14.1191 -15.2324 -10.0029 -8.95532 6.76489 -8.84375 -15.4717 -4.25757 -1.56665 1.45581 
-7.80859 -15.811 -0.737061 -7.99683 -8.70654 -13.7668 -11.8225 -10.2808 -4.7771 4.94946 
-16.0964 -4.87427 -12.1292 -10.696 -4.11719 -15.1731 -15.5479 -4.17334 -1.5144 11.187 
-12.21 6.09644 -9.01074 -2.8103 -4.41187 -5.39551 -8.29272 -5.76416 1.85547 -6.59668 
-8.45825 -11.3616 -4.74414 -9.40405 -8.78931 -2.5437 6.6167 -20.75 3.76489 -14.4592 
-10.717 -17.6299 -7.70337 -2.896 -7.88306 4.89453 -10.5828 -0.501709 -2.67944 -3.45068 
8.56201 -21.2415 -7.66943 -7.75195 -13.7358 -2.80811 -5.9939 -1.84766 -6.56006 -3.13525 
-14.4424 9.26685 -14.5618 -7.1167 -3.79858 -5.43677 -3.65112 -9.88892 0.989258 -5.55444 
-9.63184 -3.61621 0.19165 7.05298 -39.4426 -0.816406 -25.5068 -4.39966 -7.88501 -6.22974 
-18.3596 0.740479 2.46924 2.52734 -20.3237 -17.52 -15.4585 2.44336 -2.75439 -13.7197 
14.9458 -19.5842 -6.68506 -11.6614 -17.5999 -1.0708 -5.33105 -4.94849 -6.68042 -5.56494 
-18.1929 -4.30811 -20.6858 6.55273 -26.6042 -3.09155 -18.6858 -10.8303 -0.861572 2.54517 
-0.0493164 -16.8086 -6.51855 -18.9204 6.09375 -22.032 -7.06567 0.91748 -14.4092 -1.41016 
-5.86328 -9.93384 -3.18823 -6.16357 -10.7739 -6.74658 -7.21289 -7.85962 6.62354 -0.251953 
-6.91162 -3.27417 17.7676 5.44751 -43.5884 -20.9258 -18.5928 -1.87915 5.05835 -34.02 
-9.66479 3.29443 14.4243 6.05127 -35.5437 -16.2271 -22.8425 -15.0476 -8.71069 -27.6699 
15.7329 -20.5139 -4.38867 -20.6475 -17.8176 -2.82251 -2.00586 -5.81641 -1.61987 -15.6643 
-13.3135 -5.60132 19.3416 0.534668 -41.0391 -17.1006 -11.7764 -25.5596 3.03491 -35.5325 
-12.9902 -6.36743 -10.4128 -16.9004 -37.5593 3.21387 -5.83936 -11.8831 9.08105 -15.5142 
-13.1318 6.61255 -13.2979 -3.7356 -5.96851 -3.24512 -7.87866 -8.59204 0.482422 -5.07861 
-1.54492 -21.5225 -6.59082 -11.7419 -21.7192 2.41968 -4.90405 -6.96948 -4.75415 -7.78589 
-13.8059 9.47705 -16.3677 -4.09766 -5.03052 -3.40576 -8.14917 -6.83765 -1.41357 -3.31226 
2.04688 -20.4646 2.32642 -9.49976 3.86426 -9.13257 7.62891 -17.6133 -6.72241 -23.2175 
-0.844482 -1.75537 0.122559 -6.37793 -17.7058 -6.74561 -4.8667 -15.8225 5.44482 -4.35181 
-6.30518 -2.24561 5.6106 1.12817 -17.1418 -11.0439 -13.0576 -11.447 9.45361 -17.0825 
-13.7112 -20.9329 -2.64087 -6.40161 -3.31689 -11.1252 -18.2722 -13.0854 -9.17603 8.40332 
-17.6626 9.59839 -14.7493 -6.71484 -1.37915 -9.69434 -10.1772 -4.08691 1.25171 -5.33887 
-6.76636 1.25146 8.27344 -1.48486 -23.3979 -18.1123 -17.9495 -1.32617 -0.348145 -13.1697 
-20.3247 11.1462 -15.2146 -4.96704 -4.96509 -6.37231 -8.57397 -13.644 3.74146 -7.51196 
-6.36938 -6.4209 -0.25708 7.09937 -28.7083 -5.44653 -25.947 -10.8926 4.18311 -3.54248 
-23.4321 -18.9292 -17.8298 -4.47827 -22.8865 12.0574 -18.6729 -16.1733 -11.9749 2.72632 
-15.5835 9.40137 -10.1238 -4.1189 -9.13745 -9.43115 -8.46802 -14.906 4.33447 -8.62671 
17.7549 -22.2817 -7.74292 -15.6692 -13.6575 -2.63989 -3.35645 -12.2224 -14.5242 -11.4124 
-3.63745 -13.3201 -6.8313 -12.1851 -9.51685 -3.32031 -11.551 -5.44043 -6.81982 6.27783 
-17.8579 -21.927 -7.83716 -11.0627 8.69531 -8.76172 -10.427 -1.58691 -0.771973 -5.03662 
-13.7317 -8.08447 -8.74268 -9.34692 7.59229 -3.52222 -10.2007 -4.65942 -7.36133 -6.25732 
-11.2773 -9.94922 0.421875 -1.24487 -18.7798 -10.2461 -14.1897 -3.26758 6.90186 -3.32422 
-20.6299 -11.7856 2.47852 5.41895 -2.62598 -6.77734 -15.1519 -3.68994 -3.00488 -10.1436 
-5.34009 1.90259 3.3374 -7.80542 -29.3706 -9.42114 -9.08569 -4.11108 1.37329 -15.9839 
-23.781 -22.303 -18.6213 -6.5188 -25.6729 10.4277 -14.0889 -12.9788 -15.7048 0.268311 
-10.8306 -8.78418 -7.84595 -10.2654 2.02563 -5.43506 -13.0852 -1.2688 -0.585938 6.87109 
-2.85767 -6.87158 6.71094 0.48877 -22.8762 -9.61865 -20.0432 8.75391 -16.9255 -15.4531 
-1.0166 -5.25684 -2.5249 -12.7722 -12.9553 -6.71411 8.69556 -21.7266 2.93359 -17.4585 
3.9585 -22.1763 -6.95532 -19.2251 0.218994 -4.81714 6.5271 -2.81201 -13.5857 -10.939 
-17.5703 -6.58545 14.6172 0.0864258 -18.0588 -11.9758 -5.88013 -19.3306 3.04175 -19.4036 
11.7751 -21.8188 -5.31226 -14.2283 -21.4231 -5.49121 -8.98535 -1.50391 -15.6729 -3.09814 
10.3867 -11.1719 -3.20142 -6.57568 -13.2849 -5.78516 -5.3584 -3.95923 -6.91846 -3.92798 
12.8545 -19.3599 -5.01123 -17.1409 -23.9814 -6.27319 -5.68823 -2.66187 -10.0911 -3.50366 
-8.82813 -17.9773 -16.6096 -8.01074 -16.9529 12.0964 -20.4075 -0.791992 1.70728 -4.19434 
-1.16602 -7.70435 0.581055 -9.05396 -24.832 -7.36816 -7.03101 -16.6982 9.99902 -8.88086 
-7.06909 -6.87402 -1.28906 -0.233154 -31.5671 -11.4226 -12.2234 -1.92505 4.93628 -11.0935 
-11.5613 8.2793 -5.04883 -6.60986 -9.72021 -9.89478 -3.89478 -8.77002 2.67139 -16.0554 
-11.5378 -25.0857 -12.4587 -6.3667 -20.5132 4.35034 -8.94092 -13.345 -1.44751 1.49097 
3.17432 -13.3752 -0.48584 -0.0947266 -7.59595 -14.2561 -13.0342 -7.40552 -1.07813 -7.01367 
-17.9226 -10.2126 0.348633 10.8181 -23.0361 -11.937 -29.0107 -21.3569 -8.92432 -6.26001 
-4.05176 -16.7661 0.769287 -3.08936 -26.3972 -2.27783 -6.69214 -16.4707 7.28931 -4.89209 
-14.8845 -22.5227 -20.9219 -9.29224 -21.3828 12.2278 -14.3223 -16.5374 -9.06055 0.11499 
-9.80078 8.63159 -10.4104 -7.17212 -10.7524 -15.76 -7.96069 -8.39746 2.1084 -11.0874 
-10.9651 -11.2922 -8.302 -2.78516 -11.6599 -2.03198 -10.895 -13.3435 10.5977 -7.85669 
-7.53516 -9.60059 11.6321 3.81104 -6.84399 -11.6721 -4.89722 -23.5325 -1.15063 -19.6619 
1.12646 -14.0688 -5.79883 -13.4812 6.99707 -6.29053 -1.09204 -6.7876 -6.61938 -9.38037 
-9.11548 -21.6741 -8.12646 -14.3921 8.79419 -15.4524 -12.5989 -1.78052 -10.9587 -6.57104 
4.91357 -17.4626 -0.720459 -12.9551 -9.83936 -7.13721 -9.36719 -2.17456 -4.24048 5.1731 
-16.6914 -28.8704 -11.6367 -9.16113 -4.41797 -5.70825 -13.4495 -17.4106 -0.787842 3.75952 
-1.96948 -15.9561 -2.0542 -22.8928 -5.86768 -4.92383 15.7402 -10.97 -13.8906 -15.3936 
-4.81055 -6.94409 10.1091 0.675537 -19.7126 -14.6943 -18.2415 -12.8618 4.22803 -11.4482 
-18.0623 -12.4812 -9.91919 11.5981 -28.2827 -11.3364 -22.3376 -6.68799 -4.69897 -5.64941 
-12.9976 -5.08643 -5.51904 9.76978 -25.5662 -4.05811 -22.2732 -21.0991 -10.7893 -4.17456 
-14.5598 -20.7288 -16.2253 -14.6887 -13.3979 7.6897 -4.29199 -11.6465 4.60254 -22.197 
-6.53564 -4.84497 -3.19165 -11.3604 -6.06738 -9.31396 8.79175 -7.33594 -2.21875 -11.3462 
-12.5337 -9.65234 -10.3594 -10.3501 10.918 -16.77 -16.1392 -1.53418 -7.91577 -7.22363 
-3.87427 -14.3215 4.65234 -3.40771 -20.824 -8.64551 -9.31177 -19.2119 9.50244 -5.42114 
19.344 -28.6414 -7.57446 -21.7671 -25.5999 -6.85376 -6.80396 -1.05176 -14.2527 -7.50659 
-12.0723 -3.74219 -6.97729 -9.10669 -5.63208 -11.5142 -9.66919 -5.72437 -0.352051 3.09912 
-10.6982 -12.4165 11.8247 0.568604 -31.7539 -17.6362 -16.29 -6.62329 1.47388 -19.9973 
-11.6545 2.03711 -0.654297 1.84912 -16.8035 -10.2773 -13.1624 -4.25244 7.52075 -10.4153 
-10.9639 -8.00781 7.7771 6.61523 -38.856 -21.5688 -19.2034 -12.4138 7.9292 -14.2273 
-7.88916 -15.0571 -2.04883 -7.2168 -5.927 -8.33154 13.6907 -19.1243 -7.54614 -25.1162 
-10.8662 -21.2544 -9.28882 -6.14331 -3.7915 -1.44189 -15.8677 2.92065 -2.52637 4.3457 
-13.1807 -7.61108 -16.3982 -2.5835 -27.1509 9.12646 -17.8655 -18.2388 -8.32715 0.918457 
-11.0012 2.27734 -3.25757 -9.66504 -9.6731 -7.72778 -11.1497 -2.26807 -0.387939 -6.9707 
-7.4856 5.26123 18.4097 -3.4292 -47.5081 -22.8472 -20.5735 -19.4873 -2.64868 -28.7175 
-2.35181 -13.6399 -1.96924 -10.7937 -11.2021 -5.51904 -11.0549 -11.1819 -6.13379 4.59912 
-18.8489 -22.6265 -5.97363 -2.51611 11.3289 -9.78589 -16.2583 -11.4578 -2.07861 -4.41113 
-19.6807 -13.6467 -7.09448 -2.73926 -6.80688 -13.3699 -17.6292 -8.61694 -7.88721 10.2515 
-12.7119 8.41992 -5.97607 -6.27856 -9.18237 -10.2432 -6.85938 -4.79102 0.225586 -12.2119 
-15.9824 -6.45874 16.772 3.66431 -20.1899 -19.9971 -16.3616 -11.9321 4.39355 -40.0535 
-2.39697 -4.09204 0.812012 -5.61523 -30.2954 -11.1797 -11.1865 -18.8789 11.2227 -9.14771 
-5.42676 -12.0276 -2.39966 -4.29346 -1.28979 -11.0911 9.09082 -9.28296 -2.95361 -14.6023 
11.6865 -15.606 1.73633 -10.5417 -26.7947 -2.8584 -13.3477 -9.14966 -11.2903 0.5 
-7.84937 -1.41431 -3.61768 -1.82324 -11.9836 -16.6702 -12.8862 4.89575 -0.443115 -9.22852 
16.969 -14.7781 -6.99756 -13.7466 -22.6702 -3.86938 -6.46826 -2.23633 -14.0461 -10.47 
-9.66455 -9.76123 0.268066 -6.82251 -1.36255 -15.9861 -9.55396 -12.7866 -3.6062 4.13184 
-9.81689 5.57178 -6.77588 -4.54053 -8.3291 -5.04248 -4.57983 -4.96069 0.869629 -8.52051 
-7.2168 8.20117 -1.96289 -3.6626 -6.0603 -13.2002 -10.3987 -3.12842 -2.54541 -9.92749 
-2.54858 -4.2749 1.83105 -3.06323 -26.7725 -1.37744 -2.3606 -12.0217 -1.99731 -13.9536 
-22.2671 -22.1746 -2.24219 -3.26392 -13.4604 -13.3691 -35.2405 11.8645 -8.96729 -16.6797 
-8.92407 -17.4412 -15.7361 -14.6638 -32.9954 13.1223 -9.42334 -12.7732 10.6399 -15.9548 
-18.3096 -20.5613 -7.43384 2.57471 -6.47241 -7.97095 -26.6067 -5.55371 1.40698 8.43677 
-14.7678 -7.31421 -6.86206 -7.6687 -0.108643 -13.1692 -15.0486 -2.32983 -3.70825 9.48071 
-9.66211 8.47852 -0.128662 -6.71948 -6.48438 -11.6831 -8.61426 -3.93604 -0.118652 -13.4104 
-11.4587 -11.3645 4.63159 -5.77026 -8.15356 -11.8005 -10.9539 -13.4092 -9.15405 2.80859 
-21.9192 -20.0859 -10.7107 -1.57227 -21.2485 5.71387 -12.7959 -21.2168 -5.40063 -4.04492 
-14.4863 -14.3496 -3.63232 -7.40747 -4.76636 -6.95703 -22.7078 -6.38843 -1.55664 8.54907 
-14.2737 0.133545 12.5652 5.22827 -24.2434 -15.6357 -27.1077 -4.72461 -12.5791 -18.6111 
-23.4521 -15.8147 -15.1318 -12.751 -29.3755 12.9946 -1.13184 -35.1194 0.674072 -10.2041 
13.5156 -13.6514 -0.74585 -14.603 -25.2585 -4.30005 -4.17407 -8.39648 1.47485 -4.69751 
-14.0493 -22.0881 -9.91333 -16.3645 13.0037 -15.572 -13.762 -2.28516 -9.02759 -5.29346 
-20.7927 11.1111 -15.5305 -5.20581 -5.6814 -4.21338 -9.58618 -12.6399 2.22119 -5.63599 
16.9138 -20.365 -8.88184 -15.283 -18.8643 -3.8479 -6.27881 -13.127 -28.2458 -4.29321 
-8.68335 1.61646 0.841553 -2.72681 -25.9685 -10.1389 -8.07153 -9.55957 9.36328 -12.5796 
-20.3394 -1.89258 -9.33667 -10.5688 -1.67114 -17.3921 -10.7974 -7.14111 -1.82813 4.01611 
11.9648 -20.6062 -15.813 -20.5583 -11.9116 2.271 -3.1189 -1.94922 -23.0757 2.96509 
-5.52002 -2.70166 -1.03149 0.810791 -22.0234 -6.89697 -10.6062 -11.7307 7.66284 -5.67725 
-13.4556 -9.23389 -4.85083 -7.94458 -9.16089 -22.8281 -16.5125 -2.94043 -5.35254 7.69043 
-8.85303 -3.66772 -4.4458 -6.47192 -14.3018 -4.69019 -3.20972 -7.46851 7.86719 -11.5178 
-11.1738 -7.31616 -9.19043 -5.38184 -4.29517 -11.6526 -10.0935 -3.73853 -1.5752 6.80933 
-16.3657 -10.4829 -2.84473 -4.17847 6.7229 -10.0251 -6.82349 -9.75977 -2.78589 -2.94653 
1.31958 -2.47461 6.13965 -1.62817 -30.3567 -12.1213 -9.89575 -14.2249 2.99341 -14.3992 
-17.1953 -25.1118 -22.8306 -4.60791 -17.9514 17.7764 -17.5154 -12.8838 -10.3579 -1.04126 
-17.8059 1.88159 -7.48022 -3.90137 -9.53296 -15.772 -22.4993 7.69043 -6.74316 -3.77393 
3.49731 -15.7244 -0.521729 -10.5925 -14.0676 -9.8855 -10.2966 -3.31934 -4.91309 4.00391 
-10.6731 -4.30127 0.827393 -5.78809 -18.8281 -10.4844 -2.02515 -9.77661 7.82373 -7.41943 
-3.80029 -18.8318 -2.47876 -10.4907 -8.43042 -11.5234 -15.0344 -2.09814 -7.46094 4.57324 
-6.49902 -6.56445 -0.112549 -3.8728 -24.1816 -3.98657 -5.86743 -9.84399 10.0837 -15.8518 
20.9707 -28.3386 -7.11768 -16.1599 -33.3704 -3.39746 -15.48 -8.3645 -27.8687 -4.07617 
-3.20679 -18.0667 -2.78809 -9.98242 -10.9487 -7.26978 -7.19409 -7.22729 -2.4646 7.48584 
-3.44702 -17.7615 -4.66675 -14.6611 -9.33496 -13.0945 -14.1516 -2.79517 -12.9602 8.92383 
-10.8337 -18.6208 -0.361084 -8.08081 -8.57935 -5.96362 13.4153 -19.7075 -0.442383 -16.1497 
-4.00269 -9.92773 -0.780273 -4.23193 -14.321 -7.72656 -5.93872 -15.865 6.95337 -11.3379 
-4.48071 -13.8145 -5.33057 -11.281 -5.12695 -6.35718 -11.9307 -5.61328 -8.50464 6.02222 
-27.4651 -19.04 -10.9851 -7.60938 -6.13135 -18.2468 -18.0042 -5.98975 -7.73022 11.447 
-21.0498 -25.2253 -24.3357 2.72974 -21.6628 14.8479 -21.6533 -18.1868 5.84204 -7.74829 
-15.0227 -8.1897 -11.4822 -7.25562 -5.75293 -11.8596 -16.5989 -4.63135 -1.23657 8.71606 
-9.81494 -11.1626 0.275146 -5.72656 -23.3149 -5.41919 -11.2273 -23.3682 13.5525 -12.6143 
-5.11426 -9.48877 -1.45557 -1.11255 -17.9868 -3.6687 -3.73682 -5.64404 -2.99707 -17.2283 
-8.39209 7.31299 -6.67993 -3.80981 -10.3691 -14.7571 -8.41699 -2.69824 2.87109 -9.08105 
10.4119 -10.2764 -1.75562 -8.06787 -15.4214 -4.97363 -6.01147 -3.62109 -2.67065 0.0324707 
-19.7302 -9.37134 -9.62036 11.6477 -19.55 -8.49536 -24.5271 -9.74048 -3.54492 -5.62231 
-9.65723 -3.25903 -5.4895 4.39624 -21.489 -5.37207 -17.7341 -7.59448 -2.07739 -5.09741 
-13.0437 -23.9893 -12.1387 -1.53101 -22.6873 3.20313 -17.8298 -10.4092 -5.43677 1.15479 
-16.968 2.55957 12.9287 1.90503 -11.0474 -17.8049 -11.3176 -7.54077 -0.212158 -27.8735 
-12.2603 9.54297 -11.1272 -6.22827 -6.36133 -18.6743 -12.4937 -3.02734 0.819336 -4.96265 
0.144531 -18.6343 -3.37061 -11.7417 -11.6401 -1.07349 9.65527 -19.6772 0.619141 -17.5898 
-5.77686 -5.56738 -4.28296 5.40063 -21.1689 -0.339355 -15.3936 -10.4202 -1.85083 -7.75244 
15.126 -11.8916 1.23608 -9.74146 -29.3142 -6.84033 -6.85278 -10.1426 -1.8728 -4.97241 
-7.09131 -1.03589 14.4231 3.3501 -42.5728 -17.5979 -23.0288 -11.4673 -0.821777 -17.7471 
-8.80396 -4.87451 -0.16333 -4.43848 -15.4417 -5.90454 -5.97241 -6.9978 7.27319 -12.1799 
-10.054 2.58179 8.61523 4.71973 -40.5232 -6.00024 -36.8416 -4.01245 -12.7292 -9.59131 
-20.8633 -18.5532 -21.1836 -4.68237 -23.4517 13.6411 -18.1077 -11.407 -2.60132 -1.54565 
-2.05444 -6.58228 -0.719971 -12.8518 -14.5486 -3.93872 10.8342 -27.9072 3.74316 -19.2622 
-10.2729 -5.7478 14.1897 2.75391 -37.7798 -17.1113 -21.3464 -0.951172 2.28418 -24.1606 
-13.9565 -5.56763 -0.774658 9.87134 -25.3823 -5.00659 -35.4756 -17.8701 -11.2639 -4.47803 
13.282 -27.7485 -1.85278 -13.2295 -0.508301 -1.94434 -1.28882 -5.16626 -14.5493 -4.52808 
-13.7383 -8.12134 17.4084 5.13818 -8.77368 -17.6953 -7.86743 -12.7642 -2.05688 -35.4043 
0.22168 -18.2747 12.7456 -1.13135 -8.25049 -21.126 -5.11597 -17.6433 1.85254 -20.2063 
-5.76294 -11.7234 -3.5459 -7.34375 -7.09351 -1.77612 10.8584 -13.6616 -1.32349 -14.9963 
-7.58569 -1.66699 -5.11475 -10.3301 13.9792 -17.4622 -8.24097 -4.51025 -15.7944 -9.72095 
-15.2363 -17.2708 -1.12769 8.7207 -32.2441 -8.70581 -31.738 -12.2991 -2.15967 0.381348 
-15.6948 -18.6855 -12.9924 -2.05225 -21.6575 6.09546 -14.0264 -14.8948 -8.74561 3.42603 
-13.7056 -7.97119 -9.78394 -1.40332 -15.9712 5.29272 -18.1306 -9.2793 -0.283691 -3.41187 
-14.8467 9.61816 -13.9338 -5.15918 -7.07397 -9.02246 -6.91089 -10.1963 1.21509 -5.85742 
-25.0911 -23.5566 -5.18091 -2.7019 -24.5981 -17.5796 -34.6782 18.6189 -14.9622 -6.74292 
-7.06299 -5.8501 11.4084 0.599121 -18.1577 -15.8647 -8.10156 -16.7603 6.198 -17.9819 
-9.07031 9.21362 -6.52539 -9.21387 -14.0896 -11.2781 -1.22656 -13.6992 3.71484 -19.8132 
-3.21265 -11.9531 -5.66699 -16.1914 -1.93896 -6.27734 6.67017 -5.72217 -8.81177 -8.25146 
-9.19629 -23.72 -1.47534 -10.6631 -8.01416 -15.5488 -15.6785 -6.80127 0.169434 3.33643 
-14.9302 9.98657 3.44775 -5.50684 -5.1333 -23.2297 -13.0876 -2.36963 -4.31982 -20.4006 
-13.0886 -8.93652 -6.8042 1.43799 -21.3079 -9.65991 -26.5864 -12.6777 -0.554199 7.62158 
-17.1951 -12.9731 -6.65308 -9.27197 -4.45679 -25.3552 -15.9907 -2.34399 -11.7739 8.82617 
-4.39526 -12.7708 -5.78345 -5.07202 -21.4031 6.41748 -2.52246 -12.2231 3.42163 -4.28638 
-6.2583 -17.1382 -4.73633 -4.53735 -18.1064 1.96069 -4.45557 -12.9097 3.23486 -1.21826 
-12.45 9.48071 -13.1428 -6.40356 -3.74634 -16.4207 -11.7664 -2.76611 -0.972656 -3.24463 
-8.19019 -5.6416 -0.249512 -10.1899 -5.47437 -4.79492 16.7275 -23.9661 -2.69849 -28.6755 
-9.07104 -10.8369 14.4331 4.69019 -24.8918 -16.6257 -16.9246 -10.6731 1.47705 -27.656 
-26.8723 -14.7578 27.2085 5.12158 -36.2021 -16.7981 -10.5085 -32.9229 -4.76221 -37.4666 
-11.1382 -20.229 -7.83154 -2.81738 -17.5195 -5.06055 -14.3142 -11.3975 9.74219 -5.02222 
1.37476 -22.8826 -7.48706 -15.4995 -5.43433 1.58521 7.60156 -14.3335 -8.82104 -13.1951 
-10.6333 -6.41943 1.72021 -2.4436 -18.6045 -14.3184 -15.6199 6.5127 -0.737061 -11.3745 
-12.5674 7.45874 -12.1855 -3.46313 -5.68774 -3.68433 -6.09741 -5.4751 0.509766 -9.25562 
-16.3179 -6.87695 -9.43237 -12.0417 9.33911 -13.22 -9.39819 -3.60913 -4.83228 -1.39136 
2.9021 -18.1008 -0.737061 -12.3765 -8.04492 -3.29834 6.9585 -11.1265 -3.4292 -12.0449 
14.0298 -18.7087 -8.27393 -15.011 -13.8691 -1.99536 -2.71362 -8.802 -10.6787 -6.62671 
4.8772 -19.9946 5.41968 -9.94336 -1.55884 -14.1528 7.15088 -7.91504 -5.65088 -19.8088 
12.2739 -20.2944 -11.1887 -16.2568 -8.74658 -3.9165 -1.36475 3.92236 -15.8616 -6.77612 
-16.4023 -11.209 -10.0813 -0.903809 -8.81763 3.71338 -16.0286 -14.7283 -7.60107 -10.1494 
-7.0354 -11.5198 1.42261 8.79688 -37.509 -6.08472 -35.9202 -10.1682 -8.18262 2.08521 
-6.63208 -8.89966 12.8499 -0.904785 -18.825 -22.5193 -13.2808 -9.63916 1.71338 -23.1033 
-0.628662 -2.89917 4.61499 -3.18726 -23.2095 -8.75635 -11.3352 -12.3501 2.66675 -8.02808 
-19.6326 -14.2639 -6.16333 13.8848 -43.4011 -10.5356 -39.5649 -18.678 -5.26367 -0.26001 
4.41016 -11.1909 -5.42578 -14.8591 -9.62646 -4.36963 6.61401 -15.0801 -8.34766 -13.0076 
-11.5107 -0.0800781 1.50732 -3.58325 -12.1741 -9.83228 -9.73633 -15.1729 7.80054 -12.991 
-15.1021 -15.8425 -7.09619 -6.87891 -5.78516 -10.948 -17.0571 -3.56934 0.380127 3.24194 
3.29053 -12.1702 4.26172 -3.52319 -13.9045 -8.5271 -7.51831 -2.77686 2.54272 -4.35791 
-15.1306 -2.36938 -8.8313 1.58447 -27.6165 10.0759 -18.0039 -32.5525 -11.7192 -0.0810547 
-14.7051 -14.4285 -3.9043 8.8584 -11.1592 -10.249 -21.5046 -10.54 -14.0083 -3.21924 
-10.3811 -12.0317 -4.96704 -6.30347 -23.3606 -8.00977 -15.5347 -5.65747 5.95532 -0.742676 
-13.9543 -11.531 -16.2649 -3.11401 -34.6545 6.06152 -13.7231 -1.92993 0.856689 -10.6101 
-19.1943 -16.8525 -10.4197 -14.4058 12.8364 -20.4573 -16.6165 -5.71997 -9.15015 -0.787842 
-8.51172 -4.57837 -8.80737 -1.86938 -24.6047 5.94116 -7.65234 -13.2104 -10.8545 -2.59351 
-9.8064 -9.48267 9.15771 -0.932861 -24.5237 -13.0361 -10.5029 -6.69019 5.92725 -16.9829 
17.5002 -17.7163 -1.75854 -12.7087 -31.2493 -7.94458 -8.0625 -5.57764 -10.5027 -3.99854 
-14.5725 -26.6262 -17.4304 -6.30615 -17.1106 11.4553 -12.856 -14.2004 2.35938 -5.75708 
-3.22144 -8.78467 -4.37598 -8.58716 -13.4277 -2.43188 5.30737 -20.1672 3.75464 -11.8804 
-4.69922 -12.3545 -0.995605 6.07593 -2.28247 -9.2229 -5.01538 -1.93701 -4.7793 -17.1919 
-5.2417 -11.186 13.6919 2.32471 -23.238 -17.3987 -7.68408 -18.2805 0.614014 -24.0024 
-12.7661 -10.6189 -1.13013 -3.10522 -16.8672 -9.57349 -10.8574 -10.5042 8.04468 -7.18555 
-12.8176 -5.46753 -2.31396 9.78857 -16.1624 -0.162109 -22.8416 -7.78516 -15.3276 -11.1924 
-15.0461 -29.4158 -8.16797 -2.74048 -5.03955 -8.85181 -27.7278 -15.3564 -1.33081 10.1086 
-9.34229 -2.91919 -2.17993 -4.85449 1.71826 -8.94312 -10.6064 -2.28564 -8.91699 4.82471 
-19.3008 -7.92725 -2.54419 6.93237 -24.0862 5.38184 -23.033 -13.6895 -6.16382 -7.63281 
-9.84595 -3.09009 -4.56885 -2.1814 -15.3401 -12.3752 -18.9534 6.84766 -0.665283 -1.13306 
-20.7986 0.595703 -12.0413 -9.28345 2.42114 -15.3181 -14.2815 -2.79199 -1.54858 6.93799 
-8.82373 -20.6296 -6.24609 -11.3457 1.17163 -12.5098 -5.81274 -7.63086 -2.12354 -10.9128 
-0.496338 -3.68823 -5.90601 -14.7571 -12.6067 -0.692627 12.0674 -19.8298 0.499756 -17.0859 
-14.3591 -4.06592 -2.58105 -4.49341 -16.3489 -23.7273 -26.1792 13.6008 -17.2822 -8.15723 
-11.5205 6.70605 -8.2002 -3.55005 -7.2002 -8.18359 -8.08154 -3.81348 0.369385 -7.66357 
-12.9636 -14.4727 10.8115 13.9221 -31.7966 -8.9043 -24.5718 -25.217 -0.801025 -26.4509 
-9.11011 1.83423 -10.9917 -4.29834 -10.4758 -7.77881 -11.572 2.11914 -3.93481 0.781738 
-11.9631 -6.30713 -5.09863 4.28613 -12.9375 -11.9355 -10.8303 -9.23877 -4.1731 -5.36816 
-1.62134 -9.79297 -8.53076 -9.44458 -8.68506 2.24951 7.67993 -15.7998 -4.05273 -10.7312 
-5.73413 -19.1284 -1.56494 -11.8247 -11.0337 -2.14233 11.1685 -23.031 1.24438 -13.6479 
20.6624 -22.8137 -4.03979 -17.7222 -29.4863 -0.555908 -19.6995 -6.74878 -30.928 -3.14966 
-2.30249 -16.6025 -1.38599 -10.448 -9.89355 -13.7688 -8.07397 -8.73779 -7.17627 3.51221 
16.7175 -22.2383 -6.72632 -15.7295 -26.9783 -4.90063 -4.66211 -0.158203 -12.8323 -6.78101 
-8.11304 8.25952 0.744629 -8.34009 -7.57153 -15.4924 -8.02173 -4.09351 -4.65405 -16.2512 
-13.7844 3.28979 -16.0698 -8.5752 -0.282715 -13.2407 -16.9829 -4.51807 0.689209 9.79907 
-26.3379 -11.1311 -13.7058 -8.3374 7.57593 -15.7813 -12.8669 -8.21045 -2.85181 8.10132 
-22.3525 1.66821 18.9282 7.27026 -34.6162 -24.0891 -23.1138 -25.8164 8.68237 -31.2102 
-0.963623 -2.87305 -1.70752 -5.31958 -17.9636 -8.28979 -11.8652 -8.25024 5.7168 0.057373 
-6.48657 -6.9082 -7.07471 -6.44922 -9.00293 -5.20361 -5.23193 -13.8367 5.44263 -2.23657 
11.3965 -7.59131 -2.74707 -10.6411 -17.5449 -5.54785 1.59082 -8.14624 0.580566 -11.1292 
-12.748 8.81104 -3.60596 -10.6353 -7.40894 -13.5796 -7.48999 -3.98047 -1.03882 -9.88208 
-4.94189 -5.79126 -3.90674 -9.021 -5.76904 -3.74536 7.2019 -10.6035 -4.36597 -10.9744 
-15.2883 -14.3765 -8.35962 -2.86938 -3.59668 -11.5032 -20.8337 -8.30493 -2.82959 7.76831 
-10.6084 -7.71362 -4.71802 -3.51489 -22.3525 -15.1155 -26.8821 12.8318 -14.6501 -7.36475 
-1.93799 -9.69751 -13.6089 -1.76514 -32.0972 4.17676 -14.9778 -5.76245 3.21289 -9.36157 
-12.2324 -6.63257 -7.98242 7.64307 -27.9329 2.73242 -26.3025 -14.4294 -8.2793 0.224609 
-22.0627 -24.564 -12.0654 -13.4233 15.4861 -17.092 -17.7161 0.691162 -6.98608 -5.14087 
-5.89819 -8.64526 -1.95801 -3.4978 -13.9963 -3.56836 -12.301 7.35083 -12.4583 0.522461 
0.178467 -11.5515 -3.67212 -12.2822 5.85547 -5.14502 2.08594 -8.58276 -12.4011 -10.1765 
-14.655 -22.9661 -13.2183 -7.24365 -1.63574 -16.9885 -20.6497 -3.80615 -8.96143 11.1572 
-18.3486 -26.9761 -5.86743 -4.90918 -7.05737 -3.49072 -19.0952 -17.0625 4.98804 4.36719 
-22.7024 -10.4177 -13.5237 -12.2891 10.2466 -21.0305 -15.4314 -0.114746 -12.9927 4.18896 
-13.4717 -4.97729 -3.98926 9.16333 -37.978 2.16309 -22.3899 -32.2124 -3.04175 -10.2793 
-3.33667 -11.3477 -11.2009 -15.9817 -12.7188 0.743896 13.5154 -27.8127 2.59058 -7.21997 
-14.8601 -1.5896 1.93115 10.2649 -19.3274 -3.53271 -26.2234 -9.15967 -10.1379 -10.6689 
-15.0371 8.67627 -13.3408 -6.80054 -2.19019 -11.4624 -7.67603 -7.23706 -1.83984 -2.52979 
-9.48364 7.38892 -12.8303 -4.7395 -3.302 -13.5364 -10.8904 -2.98267 -0.192139 -2.48633 
-5.07373 -3.59155 -2.2583 -7.78418 0.600586 -5.86255 -5.79199 1.31592 0.51416 -0.24585 
-5.92798 -16.9045 1.98291 -7.25049 -14.6921 -2.60352 13.3613 -28.2039 -1.74438 -15.2839 
-18.157 -6.62939 -6.04932 -8.10864 1.13989 -16.2529 -14.2734 -3.87183 -2.57788 6.67749 
-14.0698 9.15527 -9.91846 -6.21509 -5.02295 -11.2651 -7.28687 -7.30518 -0.126465 -7.92261 
-6.64697 -8.25977 -0.818359 -3.69043 -18.0564 -5.95874 -14.031 -10.8494 6.45068 -2.45898 
-16.5652 -19.8047 -9.36719 -6.18652 6.93335 -14.457 -16.4333 -6.30786 -3.98315 0.171875 
-11.377 10.6631 1.82935 1.26318 -17.9558 -5.23071 -19.4543 -14.5342 -12.7209 -5.51001 
-12.6843 8.66357 -15.2795 -6.28491 -4.44067 -10.5991 -7.92212 -8.18628 -0.875977 -2.58179 
-18.8611 -8.81104 -8.86475 -0.825684 -7.15771 -11.4485 -26.875 -10.9014 -7.46094 3.68237 
-13.5408 -5.9458 -14.1772 -4.67358 -7.38281 -13.384 -16.28 -1.23242 -2.86035 9.89722 
-17.5681 -12.8557 -12.1406 -14.3242 4.37329 -17.3132 -5.29468 -2.4436 -0.833984 1.80884 
-10.5078 -17.3875 2.23096 8.12354 -35.2957 -4.40894 -22.9165 -6.41821 -0.721436 -9.73486 
-0.933838 -6.18262 -4.92676 -8.53394 -6.66577 -2.12842 7.96729 -16.5906 -0.128662 -13.9915 
-9.83716 -14.3281 -11.7014 -3.72852 -29.2842 0.243652 -13.2705 -10.0059 8.59937 -2.46606 
-10.1245 9.33057 -9.41748 -6.83008 -7.79443 -16.2397 -9.49658 -1.52563 1.21924 -8.3916 
-9.1333 -10.814 -2.89575 -8.87061 -19.4453 -1.37842 9.7561 -32.1309 2.81641 -12.9502 
16.741 -21.2993 -6.34351 -13.5046 -23.7205 -2.86255 -12.9634 -1.18188 -15.415 -2.71655 
-21.9485 -9.39648 -12.3047 -10.1023 12.1885 -20.5295 -12.6697 -7.85791 -2.37476 -4.03613 
-18.0586 10.6602 -17.196 -4.56836 -2.82007 -8.92627 -6.60718 -10.7317 1.46777 -5.45117 
-16.0425 -9.97949 -3.24805 8.02515 -20.7971 -11.3979 -30.6187 -9.03711 -5.26196 -6.74292 
-8.17505 2.91064 -2.48291 -7.56079 -0.539795 -10.4204 -12.4255 0.488037 -11.2344 2.36377 
-11.9473 -4.26685 -3.97925 -3.73242 -14.3689 -12.3208 -24.5308 10.9343 -13.103 0.235596 
-17.241 -6.38306 -9.61084 -9.27148 6.96558 -14.0278 -2.24487 -1.99878 -2.62256 2.05444 
-14.8359 -10.3425 -9.23877 -7.51904 -6.21851 -8.65015 -17.1245 -6.0708 -3.16309 9.20386 
-10.27 -6.48975 -8.46826 -0.0324707 -7.146 5.52026 -6.35522 -18.7913 -0.640137 -2.8999 
-6.26221 9.20581 -6.15381 -10.8662 -16.0078 -12.0403 -2.7417 -13.5466 3.35181 -13.3469 
16.439 -21.2322 -8.46143 -10.9026 -28.5693 -3.49292 -9.36621 -2.8269 -24.1353 0.614502 
14.6411 -16.1169 -2.70654 -7.60815 -27.2627 -5.6084 -7.23145 -3.97754 -22.9932 -15.0264 
-11.8999 8.02368 -10.321 -4.45166 -11.8708 -13.6174 -12.0593 -9.16089 2.62671 -4.44385 
-14.2998 9.70483 -11.9958 -5.51904 -8.29321 -12.5579 -8.50586 -11.7231 1.58252 -5.94556 
-2.1228 -1.33423 -3.55444 -11.2686 -19.3191 -3.6731 6.58032 -23.7893 2.83569 -16.3979 
-10.0364 0.342041 15.7109 1.39526 -47.2925 -16.0732 -22.6487 -14.8467 -2.45313 -27.9155 
-10.5659 9.85352 -6.99756 -6.08154 -7.26831 -16.7371 -8.63135 -0.515137 2.40552 -12.6777 
-19.5796 -22.6091 -9.75928 -6.80273 -2.33594 -10.6526 -19.9285 -3.70679 -10.0625 9.16064 
-7.89941 -16.0544 -3.86499 -3.19019 -28.7056 -3.33667 -15.1626 -13.812 9.94946 -6.33643 
-9.56006 -17.3701 -8.36206 -14.071 9.65894 -16.4541 -13.4968 0.529053 -9.40723 -6.15112 
15.0977 -24.7864 -7.80444 -17.3101 -18.761 0.170898 -10.9028 -2.98682 -14.0925 -8.75244 
-10.7097 -3.39404 -3.01001 7.0835 -29.9612 1.15283 -25.4761 -8.29858 -14.9126 -1.89038 
5.49487 -25.1563 -3.56006 -11.2117 -22.4971 -2.42358 9.71069 -31.0647 1.73804 -12.2837 
-4.32324 -12.4666 -5.86206 -12.219 8.69385 -20.5256 -6.77271 -8.59766 -10.8572 -7.62695 
-15.8628 -12.3772 -7.68921 -2.66089 -3.65161 -8.48706 -17.905 -2.99268 -1.71558 8.37549 
9.08032 -12.3584 -4.54346 -8.67285 -15.5562 -1.24707 -9.54199 -3.22559 -18.2805 2.00439 
-13.8042 -4.51978 -7.47461 -5.17871 -14.9873 -15.126 -26.4705 12.7251 -12.2627 -8.80859 
-11.8989 6.75171 -11.3679 -4.03198 -2.44507 -7.67456 -6.30273 -4.1853 0.458496 -4.18628 
-5.2124 -8.26904 -4.1875 -13.918 -5.42896 -11.5413 10.2073 -9.7981 -7.49219 -14.4976 
-11.6011 -3.54639 -5.18188 2.84717 -11.4668 3.47168 -15.8655 -18.2275 -6.07642 -5.6106 
-6.02075 -0.808105 -5.34888 -6.58496 -0.875244 -7.32324 -11.8938 5.43823 -4.91504 0.969482 
-18.1084 -6.38452 -4.67139 6.53296 -40.2278 9.16113 -26.4817 -23.3809 -5.88403 -5.83911 
-8.93091 -11.887 22.4275 7.07813 -58.408 -26.936 -22.9958 -18.5747 9.60107 -33.408 
-17.6089 -15.6584 -19.6731 -4.15479 -22.2253 5.98218 -18.9971 -1.69971 -2.20703 5.4917 
-14.8914 10.1396 -16.3645 -5.38452 -5.66895 -6.49927 -7.12476 -8.21509 -0.348877 -4.75806 
-8.40308 -9.55786 -4.44116 -0.268555 -14.1543 -7.16968 -10.3193 -18.6831 7.56128 -5.55029 
-2.65088 -9.10107 -2.29272 -4.89893 -22.3105 1.88965 -3.52173 -8.41406 -0.159912 -8.83179 
-9.06445 -6.25903 -5.27856 -8.05908 5.5293 -17.0002 -5.00879 -0.884521 -13.9329 -1.00806 
-14.2 -5.68091 -12.1428 -2.59448 -14.4741 -14.5569 -25.3306 8.0271 -5.58984 1.43628 
13.3435 -9.96826 -5.00708 -16.3154 -12.0115 -8.25977 -5.09888 -3.82324 -8.68677 -1.26367 
-1.40601 -4.0293 -7.28638 -13.7407 -22.6951 0.344727 6.14648 -17.4045 4.32251 -5.91797 
-14.5059 -7.37598 -9.05786 0.231689 -24.198 -20.6873 -24.7693 11.8264 -9.37402 -1.14404 
-1.15845 -14.4319 3.69556 -4.78491 -8.23608 -9.60449 -4.14111 -12.8411 -1.38574 -5.24072 
-8.41504 -2.70923 17.5151 6.17822 -44.5327 -17.425 -19.074 -15.4617 5.34937 -31.1406 
-8.83521 -1.21924 -11.249 4.6582 -26.125 7.71069 -19.5808 -9.63721 -14.9653 -1.26587 
-5.7832 -6.7666 2.44019 -1.20703 -24.7351 -6.5686 -16.1372 -11.2546 7.26709 -8.32739 
-14.0486 9.50806 -13.6829 -4.96289 -7.61938 -10.9626 -10.5847 -9.42261 1.70703 -2.70142 
19.1155 -28.7605 -7.16138 -14.145 -37.6677 -5.82031 -17.3992 -0.814209 -21.1855 1.36328 
0.124023 -7.45313 -8.27539 -8.12744 2.55347 -8.2395 -3.82446 -0.383789 -4.34961 -2.20459 
-11.9365 -2.76074 -15.123 1.01343 -23.3145 8.80835 -14.0996 -14.1296 -9.63892 -3.15356 
-23.6514 -9.4126 -6.11499 -3.79248 -30.2683 -20.4172 -36.3762 19.0491 -18.7791 -9.4978 
-13.0771 6.08887 -13.9094 -4.51855 -2.64844 -4.22827 -7.89038 -2.99805 1.29297 -3.69336 
1.57861 -3.95483 -0.874023 -0.336914 -18.324 -5.46265 -6.60693 -2.57593 2.94946 -7.89893 
-15.3745 -12.7144 -4.95508 -12.1477 -20.1191 2.24121 -2.70752 -16.3894 -0.800049 0.320801 
-17.0203 10.3667 -12.8621 -3.4248 -7.13989 -4.32593 -10.5737 -8.47803 0.157715 -3.45703 
-4.08789 -6.24585 -0.152344 3.04956 -23.0459 -6.94751 -23.385 -0.180176 4.93408 -1.81689 
13.4573 -22.877 -4.89502 -13.3379 -13.8152 -8.87109 -4.69531 -7.73047 -2.24854 -8.51172 
11.9932 -15.2109 -4.34888 -15.488 -22.6118 -1.52051 -4.50586 -5.82837 -1.77173 -7.89575 
4.69238 -8.99927 -3.78027 -13.4521 -12.9983 -5.94165 8.35254 -16.6021 1.45703 -17.364 
15.3318 -25.729 -15.5574 -22.7603 -10.5229 -2.04126 -4.5647 -2.00146 -19.4814 -11.8972 
-16.3777 -11.8232 -10.0925 -3.05298 -30.6279 -16.1455 -29.5061 16.8621 -12.9944 -6.55029 
-11.865 -5.72559 -1.86768 6.83057 -16.7695 -17.0857 -25.0815 -3.35986 -8.68848 -2.77539 
-15.8389 10.2336 -13.3088 -5.5647 -5.05493 -9.44775 -8.03442 -8.05664 -0.174805 -5.44116 
-12.5786 -23.447 -2.36646 -6.22363 -2.33154 -8.26318 -4.33276 -11.3306 8.55664 -6.86523 
-17.3589 -9.86572 -0.547119 7.6311 -9.44995 -6.00244 -25.0769 -9.05542 -10.1658 -9.95215 
-20.0049 -21.738 -9.26099 -6.59741 -4.52808 -11.0562 -23.9485 -9.71777 -0.825439 8.75977 
-15.2449 -6.48584 -0.885498 -1.40771 -26.0396 -24.1897 -20.1843 11.8003 -6.53857 -8.19043 
9.55273 -6.72266 -0.334473 -10.0725 -28.0867 -3.44824 -8.02026 -1.78955 1.24731 -6.38306 
12.886 -16.5303 -2.33496 -7.9624 -7.11377 -6.15234 -9.30566 -7.96533 -16.2827 -5.58276 
-3.93506 -1.86816 -12.7754 -6.73706 -29.2148 -0.45752 -3.67212 -13.5713 8.89624 -5.42017 
-2.67773 -8.448 -4.78589 -1.45825 -10.2568 -4.06714 -7.77124 -2.83081 -5.72217 3.72656 
-7.87646 -10.969 -13.0098 -7.45264 -17.2456 3.22681 -6.38599 -16.6772 -2.59961 -2.69214 
-12.4565 -17.9055 -9.76489 -9.25806 -0.490967 -8.98242 -17.2607 -5.16992 -2.55347 8.7146 
-7.53174 -8.55225 -8.95703 -4.08472 -8.00879 -12.4875 -8.05859 -13.4141 5.81274 -2.35474 
-14.3474 -7.12036 2.3396 9.23169 -33.4473 -5.54492 -36.2769 -17.2742 -6.54956 -3.18433 
-9.35522 -12.4902 10.7419 -1.40259 -26.2393 -11.1135 -12.5557 -14.6946 0.261475 -12.7197 
-4.07324 -8.52148 8.92871 2.00977 -29.1646 -22.0317 -22.7195 10.2039 -7.89917 -11.9268 
-19.6177 -10.5059 15.7068 8.75586 -49.8818 -22.0408 -27.2732 -27.324 6.33862 -34.0886 
-19.6252 -10.9722 -13.8018 -9.1936 1.5647 -12.9919 -15.252 -3.99585 0.963135 9.0083 
0.0739746 -21.0779 -5.38696 -2.36816 -12.6863 -3.3042 -20.2996 5.39575 -11.0669 4.3374 
-15.5447 2.47437 15.8406 5.8418 -23.8013 -16.6831 -19.0488 -8.33691 0.501709 -27.6238 
-11.0784 9.39526 -9.43604 -7.12183 -6.98535 -18.0679 -10.3867 -6.90601 2.84375 -7.60059 
-8.66821 9.7854 -5.33667 -5.6228 -9.98267 -14.5852 -8.65234 -7.30176 3.85083 -15.739 
-14.1138 -10.54 -8.84326 8.50562 -29.231 -8.82715 -25.0054 -15.9363 -1.83301 0.655518 
-15.2263 -6.49951 4.56494 -2.79443 -17.0491 -20.1816 -16.6597 9.03735 -6.67725 -9.53613 
-26.1521 -18.3733 -32.1902 0.331543 -31.0913 16.1035 -27.7576 1.57324 0.612305 -5.07495 
-11.7795 -1.68408 1.03735 4.11011 -18.7126 -5.47949 -26.3562 -8.47217 -3.90674 -5.57129 
-9.32983 7.73022 -4.7229 -3.24561 -5.21875 -14.3613 -8.82373 -2.07007 0.546631 -8.91602 
-0.321533 -26.4619 1.59302 -11.6838 -20.8887 -7.66382 -13.033 -18.0979 -2.20483 8.31543 
-0.995605 -3.34521 2.40991 -3.85913 -20.4675 -14.3523 -6.86353 -4.66309 7.8606 -12.5591 
-24.9614 -1.11548 19.1929 9.32007 -28.021 -18.9258 -20.4456 -21.7126 0.123047 -37.7544 
-6.26685 0.64502 11.4868 3.43604 -23.0552 -11.5967 -12.887 -13.624 -0.182617 -21.3242 
-13.6621 -7.82764 18.8682 8.67163 -28.5435 -18.127 -11.3425 -14.8965 0.987305 -38.488 
-1.48657 -18.7175 -2.90112 -8.4939 -16.1418 -0.417725 0.399658 -18.4204 5.34204 -9.61426 
-0.835449 -8.24243 2.80444 -8.51245 -17.6541 -11.884 -7.4707 -10.145 6.60352 -6.95825 
-9.99365 -9.21411 -7.83862 -3.39014 -21.9878 4.05078 -10.3059 -17.7876 -5.6084 -6.62305 
-23.6204 -1.42065 -8.68726 -2.88379 -9.55127 -23.3335 -20.2632 10.2632 -10.6177 -4.3645 
-9.30005 -8.80737 1.28955 5.18286 -21.9766 -3.64526 -26.9866 -5.18481 -1.90991 -2.67261 
-10.9431 -4.33789 -0.286621 2.66235 -16.2471 -12.7925 -11.6931 -13.4805 9.85229 -7.02441 
-12.5798 -25.4744 -9.1228 -8.21631 -4.66724 -14.855 -21.365 -5.22852 -11.5244 9.85889 
-1.39185 -8.26172 1.33032 0.177246 -24.4851 -5.35938 -16.835 -8.51416 6.22681 -7.68506 
-1.74292 -16.4158 -2.56616 -5.27441 -8.85278 -3.02954 -4.92969 -17.2161 4.9436 -6.17188 
0.192871 -16.6621 -5.20874 -12.6458 -2.70435 -6.21606 13.4719 -17.1438 -7.0354 -10.2288 
-3.75366 0.595703 -1.95703 -1.33765 -13.6265 -6.46216 -4.42407 -10.9402 6.97363 -11.8699 
-9.58594 0.588623 14.8262 2.64795 -32.167 -16.7419 -19.4211 -8.57739 -1.36816 -16.6736 
-8.41235 -7.80298 -6.80469 6.87988 -25.4543 -2.29883 -24.7151 -11.9165 -7.85742 1.86621 
-6.09253 -6.38672 0.233643 -6.58813 -6.10205 -11.9153 -9.0752 -1.61157 -5.11694 5.70654 
-16.9336 -4.45557 -4.12964 -3.87378 -13.3938 -23.6519 -24.571 11.0703 -9.44556 -3.01978 
-11.0232 -3.85132 -19.3398 0.036377 -29.4185 7.75391 -14.2837 -13.541 -6.85156 2.854 
-6.24585 -7.96606 -5.08691 -13.0037 -4.00684 -8.44263 12.8184 -17.3181 0.81665 -11.7012 
-7.40601 -9.99683 13.9377 1.95068 -19.085 -17.4155 -14.0176 -23.7437 -2.20435 -19.3147 
-3.20557 -2.13623 0.7146 -5.42822 -5.05054 -10.8445 -8.90674 -3.73096 -6.5769 4.50537 
-9.17773 -0.826904 12.4595 2.29663 -15.2656 -14.3081 -7.26099 -16.8555 -0.449707 -21.7197 
-2.02734 -10.2068 3.58765 -4.46533 -25.4185 -10.4373 -15.2959 -8.7749 7.43823 -9.59766 
-15.8157 -13.2078 -11.3218 -10.8496 -0.297363 -4.8501 -3.74219 -13.5044 9.1394 -11.6902 
-10.1108 9.45435 -10.0151 -5.3938 -7.41357 -16.8921 -10.8191 -1.35229 3.88843 -8.82422 
-8.65698 -25.3464 7.12476 -14.3669 -5.2644 -10.5195 11.9697 -10.4834 -10.9702 -17.9932 
-7.28247 -19.1838 4.16284 -5.50122 -16.0947 -7.79565 -10.3958 -15.0823 7.37036 0.924316 
-10.3516 -10.6287 -5.26074 -8.78223 -12.6455 -10.6602 -11.7012 -4.11133 6.33496 -5.99609 
-14.7156 -5.48633 -7.91479 6.54077 -27.1982 -28.1663 -30.05 11.9783 -10.9358 2.78003 
-20.0625 -2.86865 -11.2632 -5.62573 4.49829 -17.5273 -17.3259 -0.86499 -3.25732 7.94165 
-16.3164 10.0825 -15.554 -4.65771 -7.69897 -10.0889 -9.26685 -10.2979 1.32349 -5.16504 
5.67285 -7.02808 1.43311 -4.30298 -22.8674 -7.94678 -9.89331 -9.10522 4.93872 -5.61035 
9.63477 -10.0447 -3.21802 -15.0518 -11.1453 -4.38599 -1.58765 -6.96387 -5.9209 -10.5945 
-9.72583 6.35718 -3.8772 -6.75806 -4.00415 -10.4194 -8.67822 -3.2915 -1.86377 -7.05347 
-20.3491 -8.97021 8.29102 0.258301 -16.2397 -18.7295 -29.6831 7.99707 -9.60303 -7.89893 
-14.7891 -17.1023 13.4871 5.30713 -28.6331 -9.25854 -26.8176 -7.82666 0.312256 -33.5676 
24.9661 -28.6423 -3.1731 -16.4937 -34.5222 -7.16968 -14.4717 -12.2937 -29.1821 -8.62158 
-0.828125 -19.9451 -12.8633 -16.6997 -15.2854 -6.70142 -25.2458 10.5098 -31.3132 4.68848 
-10.6365 -1.58936 -12.97 -13.7632 -14.2537 3.47119 -1.53882 -11.1741 3.09448 -5.65503 
-14.5762 9.43433 -12.9021 -6.27319 -8.53003 -10.7456 -9.33032 -10.0322 1.32275 -4.35083 
-3.42383 -25.9058 -3.12085 -10.9346 -0.576904 -8.771 -10.6157 -8.46973 -9.40186 8.72437 
20.582 -19.6997 -2.26221 -10.9194 -36.2402 -3.53296 -10.4805 -6.14624 -17.7622 -7.78149 
-1.12427 -5.04419 7.78906 2.53296 -35.1069 -12.3904 -17.2007 -10.592 6.89429 -8.74292 
12.3579 -14.6843 2.37793 -4.53101 -21.8052 -4.10474 -4.07422 -13.5396 -4.46167 -2.19336 
-1.96436 -21.2363 -6.24292 -7.98218 -11.6738 -13.9927 -13 -4.82886 -8.61035 5.78735 
-9.03198 -10.7341 2.33179 -1.67749 -12.0923 -12.5293 -11.1199 -4.14697 5.29272 -5.32959 
-2.56079 -5.69189 -6.6355 -4.45215 -6.77148 4.84131 9.20264 -16.168 1.05469 -17.4622 
-14.9673 -9.27979 14.6863 -0.26416 -12.8552 -15.1836 1.54395 -14.064 -3.21899 -34.2515 
-18.1274 -15.9253 -0.937012 10.5857 -28.3938 -10.7129 -30.5251 -0.851807 -4.87207 -10.9961 
1.13184 -6.05005 -4.57422 -6.44629 -10.2109 -2.09229 -5.79102 -3.48047 -0.654785 0.0527344 
-16.7256 -9.896 -1.78931 9.30005 -21.2751 -6.14355 -29.3396 -9.34814 -10.2893 -5.82544 
-7.41479 1.71338 -1.29492 -5.46533 -15.1929 -6.89404 -6.44897 -12.885 6.60913 -7.04858 
12.9016 -7.56079 -0.305176 -13.3059 -21.4329 -7.02563 -5.04395 -10.7871 1.00488 -6.47339 
-7.22266 -0.506348 10.2021 2.58081 -32.8577 -12.9565 -13.4771 -6.20044 1.00317 -25.4539 
-10.8601 6.51953 -10.989 -9.1687 -8.89185 -9.98267 -2.63892 -11.9556 0.842773 -10.2961 
-12.0813 8.57861 -9.65259 -7.13696 -10.8503 -16.9175 -9.23145 -10.0881 3.5061 -6.49414 
-16.3735 8.42163 -9.34863 -2.63623 -5.60254 -3.10449 -7.86841 -10.9644 2.22974 -8.6543 
-17.1438 8.34253 -12.9478 -5.8291 -4.45728 -7.32837 -9.26953 -9.24048 4.44092 -4.57471 
-28.4846 -17.7556 -15.6416 -11.6106 12.6978 -17.207 -14.9648 -11.6011 2.37231 0.115723 
-15.9373 -1.65845 16.573 4.97485 -8.61377 -14.3474 -12.0935 -21.7859 -5.93994 -22.8149 
-25.2988 -4.69189 -13.6748 -8.11572 3.66772 -14.3218 -18.7314 -5.47852 -0.670898 9.43872 
-14.8054 -4.20728 -3.48682 2.57007 -22.9541 -23.4771 -26.9705 10.0886 -11.05 -6.51953 
-13.467 -11.2107 5.02051 -3.6189 -8.04077 -12.0229 1.35596 2.31519 -0.130371 -21.2561 
-22.3469 -15.7341 -8.71265 -8.56641 -18.2512 3.3501 -2.01514 -19.0447 -1.45313 -4.1377 
-4.14526 4.60303 1.1499 -11.8625 -9.84082 -4.58667 0.614014 -12.6755 0.0563965 -15.5757 
-12.7566 9.73633 -14.7908 -6.19409 -4.69653 -8.61279 -7.45483 -7.71875 -0.770996 -4.86523 
-5.8562 -2.08325 12.2776 0.490479 -25.3174 -20.9685 -12.1919 -24.9622 2.92358 -22.9893 
-17.262 9.41162 -15.0056 -6.10181 -8.67944 -7.27295 -7.89307 -11.0889 2.41602 -6.05225 
-14.6921 -18.5142 -6.0415 -3.75928 -3.29736 -16.0872 -19.3921 -2.18701 -11.8372 7.79321 
-8.4314 -18.9014 -8.11523 -6.3667 -4.76831 -4.92749 -14.8711 -6.67651 -3.40918 3.33105 
-16.8596 -7.76123 -5.63159 -8.58521 -2.05786 -11.6179 -11.8899 -5.65527 -5.09473 6.51001 
-8.99658 6.4812 -2.48828 -7.66675 -6.65015 -13.2571 -8.48779 0.0700684 -4.427 -12.5176 
16.7773 -15.1526 -1.32397 -17.7905 -14.1123 -11.4021 -4.33838 -6.84595 -7.96387 -7.42456 
-6.01782 -6.42188 13.395 -10.4722 -9.12305 -4.73584 -5.98242 1.11182 -8.9856 -16.2327 
17.822 -17.0366 -3.4248 -15.9724 -25.5774 2.76978 -13.6318 -4.92603 -26.1223 -2.81104 
-3.47412 -14.8081 11.7444 -0.681641 -23.9658 -18.4048 -7.94849 -7.96289 4.94775 -18.5693 
-13.1113 8.92212 -16.502 -4.70923 -5.32666 -4.02832 -6.29834 -7.31763 -1.51563 -2.64551 
-9.18481 7.64233 -9.12671 -2.17822 -6.39868 -12.5815 -11.5068 -5.96509 1.18994 -8.23462 
-16.2874 -17.9893 -9.64136 -7.32593 9.09863 -23.4927 -16.9478 -0.65918 -8.75903 -2.90088 
-2.43384 -14.4192 -6.20825 -16.6016 4.67358 -9.43555 7.42188 -6.14282 -5.80371 -10.7944 
-15.113 -4.04297 -5.49097 -10.0715 3.80566 -8.0769 -13.4663 -4.70068 -1.58228 7.03052 
-15.2039 10.9441 -15.0547 -6.57788 -3.23364 -8.46631 -8.61792 -7.09717 -2.51123 -1.7644 
-5.34595 -7.95361 -6.5144 0.103516 -27.2676 6.03271 -15.2678 -12.6814 -9.83423 -0.444824 
-5.63379 -1.75342 1.68896 -8.68774 3.62817 -8.81763 -5.95996 -12.5952 -6.07178 -7.65723 
-20.748 -14.1394 -13.8164 -9.375 -3.8291 -12.7786 -18.3767 -6.50439 -4.70947 10.3816 
-8.64868 -2.02173 -4.18628 -8.92969 -5.18237 -3.83154 -12.897 -1.08447 -6.8479 3.93286 
-17.7646 -17.8184 -0.418457 -6.15747 -21.5708 -21.2813 -38.4932 19.4395 -27.1504 -17.7244 
-6.5481 0.460693 -6.05103 -9.48022 -0.911621 -3.33911 -6.58496 2.37646 -2.72144 -5.64063 
-17.615 -17.2761 -12.8899 -8.8999 -25.2825 9.80444 -17.4358 -9.60767 -14.4063 -9.11743 
-7.70752 -16.6184 2.44214 -8.74414 -1.56299 -14.1904 10.2778 -9.28223 -3.46069 -18.7676 
-13.3564 -3.64429 17.021 2.37891 -16.2083 -11.8694 -7.50415 -11.7935 -0.741211 -35.7974 
-4.85986 -2.09644 5.41797 -4.12793 -12.9871 -11.5051 -4.32104 -10.8413 2.01904 -5.75635 
0.299072 -13.9993 12.6167 -2.4021 -28.6567 -18.2954 -11.3301 -10.938 3.18921 -14.3694 
-8.18018 3.44214 5.646 -2.09302 -24.9341 -10.9636 -7.68945 -23.208 5.98828 -24.9934 
12.3711 -20.4788 -12.1121 -19.3452 -3.67358 -3.81567 0.700928 -2.64697 -19.6326 -1.1897 
-6.59912 -3.49121 -7.43872 -13.2078 -8.53589 -3.8584 10.5288 -22.1938 0.849121 -13.8186 
1.71167 -12.1284 -4.87842 -7.46021 -4.44116 -4.46289 -6.39185 -1.78491 -6.13037 2.43579 
2.50366 -11.157 -9.38672 -17.4431 -18.3748 2.0835 9.79321 -19.9727 3.99707 -14.9766 
-7.61084 10.4622 2.39355 4.27319 -24.074 -8.04468 -24.22 -10.1824 -9.80713 -5.9668 
-17.5876 -15.1787 -7.94629 -8.30347 -2.30029 -20.0225 -17.4565 -2.8728 -4.61597 6.99536 
-10.8032 -8.8999 -8.00659 -7.90381 -6.61353 -6.10376 -22.1038 9.04932 -15.0811 5.05615 
-22.0491 -6.50146 -4.46851 0.29541 -17.1016 -18.6128 -19.1428 10.1685 -7.92725 -9.33887 
-10.8523 7.13281 -9.40112 -6.55957 -13.0579 -13.2578 -9.08765 -2.27563 2.44604 -7.36157 
-24.2048 -17.7959 -8.10278 -6.78027 8.89746 -13.2217 -15.6968 -11.4714 1.75952 -0.174805 
-6.83521 -11.7971 -2.86792 -5.55884 -23.1694 -3.25342 -9.01099 -16.0857 9.93872 -11.071 
-31.5837 -31.5178 -20.1785 -6.37622 -36.6685 13.3325 -28.1282 -15.1306 -8.92456 -5.18726 
-11.9521 -8.32666 0.907227 9.09937 -33.6348 -2.37329 -37.5364 -13.8948 -16.3132 4.37891 
-14.6563 -5.87622 -5.24194 -4.04077 5.1543 -10.3936 -17.636 -2.32983 -1.95703 1.69482 
-13.1465 -13.1565 3.87988 11.7158 -32.929 -7.78296 -29.866 -20.1138 5.52222 -10.4778 
-25.3411 -38.4939 -5.99536 -11.2021 8.52075 -15.2446 -15.7454 -11.0188 1.6333 2.80737 
-6.31714 -6.71533 -2.00049 -2.42285 -9.56226 -4.56616 -19.5327 4.39453 -7.17944 3.62842 
-13.1648 -2.83643 2.39282 -3.93335 -12.269 -17.4792 -16.6316 10.5256 -4.65576 -13.1965 
-21.9409 -30.52 -21.5605 -5.11743 -34.3406 11.5015 -17.6624 -17.5981 -12.1521 4.67139 
12.9644 -14.1868 -2.71484 -16.8438 -25.1682 -4.13379 -8.21118 -1.28735 -10.3335 -6.27344 
-12.3413 -5.5022 7.96851 -1.50098 -7.91943 -14.6689 -14.1663 7.19482 -0.013916 -16.4954 
-20.5723 -10.9683 -10.5327 -9.41064 11.7473 -26.6877 -20.2307 0.637451 -10.4614 -4.30957 
-8.24731 -19.2617 -4.51025 -13.9321 -12.1743 2.91333 -6.40649 -14.5305 9.01807 -12.3374 
-2.06201 -6.66089 3.55542 -1.14307 -17.6094 -9.37231 -5.26514 -6.51172 4.90552 -3.83179 
-13.5403 8.3877 -12.8967 -4.54028 -4.56885 -1.45239 -1.92188 -10.4041 1.25684 -7.18481 
-22.6521 -20.8638 -24.6912 -13.4607 -27.5176 16.3298 -16.3901 -23.3862 -2.31763 -0.82251 
-32.5891 -13.3521 -8.07861 20.4114 -33.8765 -5.94263 -44.0442 -30.6147 -12.6448 -11.9148 
-8.3584 -14.0403 -5.94409 -8.50513 -5.83716 -12.3076 -16.188 -8.32544 -8.47754 7.47217 
-31.5022 -38.6025 -25.228 -10.5222 -22.6626 12.9736 -10.8909 -22.5188 -11.2961 -3.27905 
-12.9268 -10.3005 -5.68872 -0.420166 -3.47266 -11.8215 -19.7871 -6.10303 -6.49878 7.89258 
-14.3162 -10.9851 -6.74976 -1.27612 -14.1677 -14.958 -17.4788 0.778809 -6.36963 -2.49902 
-6.77344 -5.25269 -6.82422 -11.7598 -24.8511 0.290039 7.24341 -22.3789 5.60571 -9.52563 
-20.9775 -18.6299 -11.9138 -0.944336 -1.85815 -8.59521 -25.9727 -9.98901 -4.1604 10.9729 
19.0642 -29.1003 -5.25244 -18.8379 -26.877 -9.52759 -7.17773 -7.4187 -10.262 -1.46899 
-22.8899 -5.82153 -10.4771 14.5032 -44.0554 1.05664 -38.1409 -24.502 -10.3069 -1.3269 
-6.90161 -10.8049 -5.67969 -14.8811 -16.5837 -2.22534 14.3799 -27.4211 3.54639 -15.2927 
-7.62915 -8.69409 -8.19287 6.0332 -11.1902 -6.48413 -13.0286 -6.61865 -3.60498 -4.47266 
-9.19067 -21.3315 -1.96973 -4.47241 -8.98047 -19.3635 -14.6897 -7.29736 -5.38037 5.19189 
-9.21436 -19.6714 0.5625 -1.80078 -22.0618 -4.68994 -11.7173 -12.5093 8.52539 -5.38525 
-10.918 1.50977 13.4492 -0.571045 -29.8342 -11.1672 -14.301 -11.6309 0.123779 -13.1301 
-8.54858 -3.95239 -0.614746 -5.69946 -5.88257 -4.21802 -8.94043 -9.68823 -1.08545 1.58618 
-16.334 9.95898 -11.8694 -3.79736 -8.45166 -5.78296 -6.7854 -10.821 2.50659 -11.9229 
-11.6399 3.68799 12.041 3.62305 -26.8516 -12.4651 -21.2207 -11.1274 -5.6084 -28.0737 
-3.93604 -5.30884 -2.8147 -1.89917 -24.4822 -3.7124 -10.8318 -7.43701 8.74902 -8.82153 
-15.4167 -4.67773 -5 -17.1458 -9.99341 -6.51465 20.6511 -34.5359 -0.175049 -29.2744 
-1.82056 -16.6406 0.918213 -7.05542 -18.4246 -10.7393 -2.7583 -17.604 9.18872 -11.0564 
-16.7588 -6.36621 -15.7764 3.06152 -14.2256 8.92114 -15.4583 -22.7837 -6.84595 1.18433 
-6.48096 -11.0933 -1.92969 3.96265 -28.0417 5.23389 -23.0173 -10.7639 -7.72925 -0.0576172 
-3.38403 -8.00952 2.88013 4.64844 -20.8032 -6.64966 -15.7056 -10.3247 -3.09302 -10.9827 
1.2124 -18.8657 -5.46094 -7.61108 -9.80322 -16.9622 -8.30347 -3.39795 -7.20117 4.35986 
-21.7639 -19.1621 -11.8655 -10.4685 10.9478 -15.0278 -13.8867 -6.177 -0.656494 -4.05859 
-14.2532 -7.87378 -11.4578 -10.052 -0.672852 -2.01685 -5.17236 -9.62158 -4.49805 5.82422 
-14.8757 0.0285645 17.0991 6.21436 -34.9551 -20.0037 -25.8955 -2.32642 -0.933105 -34.4131 
-11.0859 -27.2517 -12.155 -5.36816 -20.001 1.33057 -6.23218 -12.8718 -0.333252 -3.50684 
-9.93237 11.9202 7.09302 -9.52808 -11.5266 -20.2847 -10.0688 -8.49585 -4.36255 -23.0474 
-8.03735 -14.1902 -5.83911 2.51611 -29.3835 8.43994 -23.4939 -11.9866 -7.65625 1.30444 
-12.946 8.85596 -15.3447 -4.94531 -5.40698 -6.3147 -6.50513 -7.61304 -1.38086 -3.76636 
-5.20532 -1.67578 -3.76074 -2.02734 2.66064 -8.84082 -8.86353 -9.50195 -4.39063 -1.70654 
-25.6458 -12.521 -16.9297 -9.38745 9.36475 -16.9087 -9.80762 -7.24365 0.0175781 1.50293 
-9.8291 10.1335 -6.52808 -8.07886 -9.56982 -14.407 -7.20093 -6.40649 2.90503 -13.25 
-21.4016 -28.7446 -6.24292 -4.68335 7.49219 -8.50195 -10.6558 -5.85596 -8.53052 -9.38208 
-4.11206 -13.0579 2.96851 -6.78027 4.94824 -10.167 5.40723 -9.62305 -8.05615 -15.9263 
-16.9343 -7.7251 -3.63916 10.5657 -28.6353 -6.08301 -22.5793 -21.4937 -2.3916 -9.0415 
-4.9231 -8.34009 -4.09375 1.19238 -21.1353 -0.273926 -18.5466 -8.50806 -2.35645 2.52759 
-16.6411 -23.2578 -10.0098 -1.70361 -6.52759 -11.6519 -23.6545 -0.730469 -6.10791 10.1631 
-10.3521 7.59521 -11.2478 -5.88647 -1.27417 -11.4089 -7.00952 -1.5625 -1.38086 -3.22241 
-17.0254 6.39819 17.6548 3.91431 -38.3999 -26.741 -24.7458 -6.30615 -0.765381 -37.5833 
-17.7004 -5.73755 18.5708 1.25391 -32.686 -22.8469 -19.5781 -16.5691 7.4314 -31.3665 
-11.3108 -8.40674 -12.3752 10.5037 -18.4919 -2.50635 -21.8301 -11.0505 -11.2559 -0.881836 
-10.1707 -6.41553 -0.9104 8.01489 -31.6467 -0.155273 -23.803 -10.4043 -9.20996 -10.7957 
18.27 -22.9983 -5.67627 -16.2498 -31.054 -7.10864 -10.4836 1.84839 -10.8855 -1.51074 
-19.0156 -15.3574 19.9949 0.318604 -14.0886 -9.30591 -12.4685 -23.5293 -10.4583 -16.3494 
-15.5896 -0.829346 -9.47876 -8.44751 3.95264 -12.3162 -12.7036 -5.08813 -2.70947 9.93384 
12.3782 -10.9888 1.12231 -8.47583 -12.4526 -12.0378 -2.43457 -10.4446 0.191162 -5.56104 
17.8127 -28.0415 -7.79761 -20.3115 -11.0422 6.80518 -6.4563 -5.03931 -15.5142 -7.54419 
-0.49585 -10.8291 -3.5625 -7.81641 -12.7261 -13.9519 -7.98511 -2.30225 0.226074 2.81274 
-7.72046 -8.64502 -10.4163 -4.11377 -7.53784 -0.303223 -11.1399 -3.94849 -3.64429 2.15088 
-9.4292 -3.27881 -9.39795 -7.72095 -11.7844 -0.752441 8.90698 -19.2676 2.97192 -9.02148 
12.3206 -18.4563 -0.548828 -4.67529 -22.8401 -3.02124 -10.1882 -7.80811 -12.043 -5.36304 
-2.73584 -13.6016 -3.27563 -11.5549 -9.41699 -7.26904 -8.9856 -9.90259 -3.28174 4.92993 
-14.4241 -14.9565 -8.51489 10.9084 -26.8564 -10.7275 -25.5269 -15.916 -3.05078 -2.41187 
-10.9448 -8.44409 1.70215 -3.21729 -14.531 -13.9807 -12.1389 1.24902 3.97827 -14.3381 
-2.42676 -6.48096 0.772705 -2.24609 -25.72 -2.62305 -5.91309 -11.3508 7.60107 -10.571 
-6.23633 -4.90063 -4.14282 -7.45508 8.27002 -14.4326 -6.34619 -6.90063 -8.98535 -5.01392 
-11.4595 8.84741 -8.54199 -9.17627 -11.8333 -11.9211 -7.02026 -8.43311 1.67993 -10.4714 
-3.42749 -12.2048 -3.58252 -6.23022 -4.26221 -8.88501 -7.79297 -8.45142 -5.46362 3.36938 
-4.64233 -22.2036 -10.7644 -6.57642 -7.13525 3.51489 -17.0842 1.47314 -7.93726 5.74316 
-12.6501 -2.01538 -1.17969 -3.30249 -14.9932 -16.4739 -18.3352 9.40381 -11.7961 -4.35352 
-0.362305 -12.3303 12.8206 -3.72095 -18.2688 -16.5803 -3.13745 -21.8752 3.83813 -25.4043 
-8.14551 -1.41846 -0.088623 0.052002 -33.1406 -19.9651 -25.436 3.71753 -1.33618 -6.37451 
-10.7224 -25.9993 -7.9707 -8.74902 -10.8254 -3.28223 -15.7966 -9.5918 -0.388916 6.73804 
-11.6245 -1.95776 -8.84668 -7.37036 -4.35034 -15.366 -10.8013 -1.13745 -3.40674 6.36353 
-6.4729 -2.6792 -15.0557 -6.271 -14.3032 0.800049 0.896973 -14.0637 1.43188 -2.62549 
0.549561 -19.4478 -5.12256 -7.89209 -7.48315 -8.00903 -3.72461 -6.01855 -3.14819 6.63574 
-13.9111 -6.13916 -17.2727 0.840088 -12.2478 10.6433 -12.9883 -10.8975 1.14868 -10.5654 
-8.67578 9.07471 1.80518 -11.1001 -10.1333 -12.5713 -5.39282 -8.81372 -3.70264 -15.9966 
-10.957 8.30811 -10.395 -4.78076 -4.88916 -10.8838 -8.45386 -6.43604 -0.713135 -6.87305 
-2.34741 -18.8076 1.06396 -6.84961 -29.781 -11.8108 -11.8452 -12.2244 11.6926 -10.4846 
-11.1125 -7.26318 -12.2522 5.11206 -17.625 -7.96558 -18.6936 1.11816 2.42017 -2.84204 
-16.0845 -19.7456 -21.7874 -7.12744 -27.0095 9.6355 -16.7769 -16.4836 -14.3818 4.98267 
-5.72778 5.01782 -2.56201 -8.46704 -12.4709 -8.45679 -1.52637 -3.11426 -0.539307 -13.8328 
-14.5215 -7.58496 -8.73511 -7.75269 1.25488 -9.78857 -13.467 -1.0083 -5.82837 6.76831 
-15.7056 -28.0244 -20.4402 -12.3923 -22.6472 14.3311 -15.3132 -6.97656 9.66138 -16.4026 
-13.9072 1.41284 -0.453857 8.52197 -28.3074 1.95239 -27.509 -12.5029 -12.1487 -6.22974 
-13.5793 -6.35132 -23.4392 -4.64673 -14.759 9.31006 -7.61426 -11.2563 -3.23071 0.848877 
-9.35913 -0.757324 -9.52612 -6.20703 3.69092 -10.3279 -5.89502 -0.548584 -5.44873 3.15894 
-11.3284 -0.877197 -8.80103 -5.021 -4.46118 -14.1091 -13.4187 0.422852 -3.66919 3.62671 
-19.4778 -29.1313 -10.8179 -3.94556 -10.0171 1.99365 -8.03418 -18.3057 5.87427 -3.28174 
-9.66479 -4.30811 -6.69946 -3.09253 -2.33789 -7.96582 -11.7288 -2.82202 -4.78125 7.02612 
-5.13989 -21.4707 -2.73291 5.80615 -36.1353 -1.4043 -33.1523 -6.40137 -3.62134 4.76001 
-9.1123 7.81006 -0.251221 -8.1687 -9.60596 -6.57495 -1.0979 -7.4563 0.883057 -15.6853 
-15.8811 -18.0884 -10.6714 -2.96606 -2.10791 -13.2244 -23.5017 -3.70728 -7.32935 9.14722 
17.679 -25.8989 -2.25171 -13.6421 -15.4978 -5.12622 -5.3584 -9.56152 -20.3169 -7.3501 
-6.2998 -10.5413 -7.8042 -0.287842 -16.7441 -9.69507 -15.9531 -5.85864 -1.5835 3.94727 
-17.3132 -6.00586 2.06519 -3.73804 -23.4338 -18.3008 -35.3818 14.6765 -20.6873 -8.80249 
-9.8335 -3.66724 -13.2898 -1.95874 -15.6379 7.87744 -12.5381 -10.5945 -3.15479 -2.05688 
-18.3455 -11.1411 -9.13525 -7.18018 8.08667 -12.8035 -13.7656 -5.7959 -0.0551758 -1.04346 
-17.0432 -4.90405 -14.1389 -5.78101 -6.86743 -12.5366 -26.1704 1.12134 -4.69849 11.2727 
-9.47583 -10.5181 13.9663 -5.84399 -11.9561 -16.8235 2.3623 -15.7888 -0.946045 -26.9314 
12.5305 -15.0139 0.188232 -4.47754 -26.2759 -0.946533 -14.8813 -5.25879 -19.4397 -7.60693 
-12.6331 7.98218 -12.366 -6.69434 -10.3601 -10.4932 -7.52295 -9.92163 2.2771 -8.68677 
9.52441 -10.3279 -2.67383 -6.18677 -27.6755 -7.50586 -9.61328 -3.927 -11.7112 -5.31372 
-11.6843 -5.375 -8.38989 0.101318 -24.0945 2.43579 -11.6567 -13.175 1.21484 0.459961 
-10.6814 7.71802 -11.3005 -5.1145 -4.31177 -4.66943 -5.18652 -4.31714 -1.61353 -4.09399 
-9.79419 -3.72827 -6.64746 -10.7739 9.59058 -16.4592 -9.50684 -1.71143 -10.2539 -6.71826 
-7.7876 -10.2236 -7.31128 -2.89233 -2.19409 -2.48535 -14.7542 -3.40942 -3.55054 5.17773 
-14.8823 -4.46484 -1.90283 8.80469 -29.5337 0.943359 -30.9646 -11.6064 -15.9277 -3.37476 
-10.5564 -7.18408 -10.6736 5.80322 -13.9504 -7.73511 -21.1196 -10.4507 -9.63208 -1.33716 
-9.97168 -14.1262 -3.13525 -8.75195 -3.50073 -6.09741 11.8711 -17.5024 0.871338 -17.3765 
-17.9312 10.697 -16.6455 -3.29688 -6.02539 -6.14844 -4.60059 -14.5369 1.68188 -10.2485 
-14.6494 -20.6978 -7.91113 -1.14648 -21.0208 6.00293 -18.4021 -18.4456 -4.31055 1.05078 
-6.94458 0.68335 15.9768 2.54126 -40.6877 -16.939 -20.5881 -7.02124 -2.71484 -20.615 
-8.91235 -9.6084 -7.39624 -1.4978 -18.1245 6.67212 -12.0183 -13.4307 -6.58325 -1.0415 
-9.85059 -13.8877 8.2373 -3.99536 -7.47754 -10.145 -6.9668 -9.28223 1.20923 -11.9543 
-9.70605 -1.64185 11.5208 2.88306 -25.6589 -15.0391 -13.3376 -10.2241 5.03198 -22.3562 
9.13306 -10.6462 -3.18872 -9.03491 -27.5696 -1.43677 -9.79834 2.3252 -7.34424 -2.88989 
-7.20874 -8.96973 0.77832 -5.01001 -3.62695 -2.62695 -12.4614 -7.91431 -10.9299 5.46484 
-7.14868 -21.468 15.0652 5.09302 -17.8401 -20.8823 -12.0181 -22.189 0.458008 -21.6094 
-19.8816 -13.7214 3.69873 -16.4993 -3.10522 -3.13721 14.1501 -30.2646 -3.5061 -17.0898 
-3.61206 -12.3025 -0.834961 -9.31836 -2.05762 -3.23291 13.5586 -26.3469 -1.72827 -19.845 
19.0288 -16.0566 -1.51953 -16.7917 -28.2795 2.43579 -2.21167 -11.9685 -10.2278 -12.7646 
-12.793 7.81763 -12.479 -6.77051 -4.85693 -13.3889 -6.58398 -14.9924 2.32373 -2.14795 
-10.8633 -6.95239 8.93652 2.12231 -30.1306 -16.8501 -13.9333 -25.147 4.77026 -23.7827 
19.1243 -18.2009 -10.3052 -18.5347 -23.6846 -1.09937 -4.83521 -1.44336 -14.3611 -10.0591 
-14.6152 -10.9431 -6.44189 9.9082 -25.4739 -7.42114 -25.9656 -11.0481 -2.95825 -4.22925 
11.6697 -18.0051 -1.44116 -17.3127 -18.4204 -4.3269 -4.36938 -8.18823 -7.01245 -5.4397 
-11.0425 0.432617 12.802 2.47412 -29.344 -19.373 -15.8569 -9.27734 0.636475 -25.9236 
-13.8516 -10.9297 -16.8752 -0.755371 -15.5547 -0.185547 -11.0571 -5.83643 -2.88843 -0.931641 
-3.08081 -6.85034 -11.0984 -7.38501 -16.7166 -0.366211 -6.66528 -15.4373 3.28027 -2.60742 
-20.4998 -21.1636 -3.88135 -2.81836 -29.2349 -10.4739 -44.3438 22.0444 -20.3958 -12.7642 
-11.1729 -5.01245 -12.0105 -5.86353 -7.07617 -11.6501 -17.5205 -3.82349 -1.87671 7.77905 
-7.58398 -2.81177 -3.10815 1.51001 -23.5859 1.52539 -21.4675 -1.84814 -9.15674 -6.30957 
-2.49072 -2.677 -4.02051 1.06445 -20.6982 -0.218018 -16.6577 -15.4714 -4.88867 -2.22339 
9.94604 -19.0852 -3.75806 -13.0334 -16.7537 -1.61816 -4.61719 -7.95728 -8.91626 -7.396 
-3.49463 -1.47827 -1.07007 -3.37866 -24.1992 -6.14893 -4.17651 -13.4666 7.67261 -8.76855 
-10.9319 -19.1936 -7.40771 -10.0764 -11.0125 -2.26343 -9.479 -9.96069 -3.95581 2.9165 
-17.5195 -28.0693 -23.4275 -4.25 -16.3281 15.7366 -30.5693 -6.83887 1.64063 1.50854 
11.6272 -19.8254 -2.02197 -14.9133 -11.3018 -15.7627 -8.72974 -3.08789 -11.4563 -2.09521 
-15.9858 -8.54272 -5.64697 10.9514 -29.594 -8.27051 -32.0242 -19.9087 -2.24146 -1.61768 
-24.7034 4.11841 20.0801 -4.86572 -33.1638 -8.33008 -9.03809 -35.6152 -3.77563 -32.0293 
-12.3745 -13.7124 -9.17969 -1.81543 -6.14038 3.31421 -9.04077 -7.14233 -0.185059 -0.361328 
-10.7937 -5.02002 -5.86548 -5.56445 3.07593 -10.2705 -9.74512 -3.33667 -1.22021 3.90088 
11.8267 -6.3457 -0.975342 -13.2478 -14.1235 -5.2644 -0.09375 -10.7803 1.26611 -8.3103 
-4.20825 1.10181 -4.604 -4.15845 -19.5342 -10.8352 -10.4316 -15.9033 8.50439 -7.08447 
-6.51978 -10.979 -0.768555 -0.782715 -26.6296 -8.01099 -10.3032 -7.75342 9.8728 -10.3394 
-1.27759 -7.15796 -0.682129 -8.72827 1.09131 -9.27637 -3.35449 -4.99683 -4.91992 -3.84839 
2.40112 -26.8167 -4.90063 -8.58496 -16.0208 0.443115 -2.68799 -16.1709 -0.932861 -6.32446 
-0.574951 -4.34326 3.2876 -8.77441 -20.9585 -11.1511 -10.7446 -18.6528 9.61597 -12.0647 
-14.9512 -8.99365 -4.15088 -5.05054 -8.58569 -9.98608 -10.0723 -6.75757 8.51001 -15.0151 
-25.1353 -12.3208 -14.5715 -9.9707 10.8865 -24.6045 -17.4514 -2.90991 -7.96533 2.7019 
-21.1592 -17.9802 -9.8291 -3.02832 -32.9121 8.73657 -19.3379 -18.7034 -9.104 2.14746 
-11.2749 -10.8442 -7.53613 -7.36279 8.92505 -11.9651 -14.1504 -0.558838 -12.5762 -1.69653 
-5.37988 -7.98511 -6.69312 -8.78271 -14.6116 -1.03467 -0.647217 -12.0862 4.56201 -5.37573 
-22.7537 -18.8577 -12.5603 3.43457 -34.074 4.96948 -23.075 -20.2725 -10.6563 0.83252 
-22.9502 -7.53247 -15.9163 -12.2627 4.03589 -8.55298 -13.9888 -3.99609 -2.26172 8.8186 
-10.1101 -15.3723 -5.6189 -5.1311 -4.98755 -5.39063 -19.2986 -1.48511 -4.22021 6.11987 
-10.8779 2.07202 7.01831 3.15454 -27.6494 -13.1682 -8.17651 -16.8594 3.05859 -30.6335 
-8.53369 -2.44482 17.2283 2.41064 -48.7913 -17.4319 -20.7798 -15.2236 1.55005 -28.7161 
-9.79541 7.57324 -10.8682 -9.19629 -10.3159 -11.7935 -5.94287 -7.17334 1.4231 -8.95044 
-17.0515 5.021 18.1772 2.43311 -22.3528 -16.9893 -7.60327 -30.8418 -2.36499 -38.2458 
-5.88794 -23.3772 -0.840576 -7.40479 -4.55518 -4.05542 14.3059 -15.0808 -0.995117 -16.8215 
-8.33301 2.78101 -3.82715 -5.646 -17.0737 -6.51025 -5.05615 -7.85059 7.19775 -14.4321 
-0.525879 -18.7996 0.686279 -5.51123 -25.9565 -11.3975 -8.96875 -12.9888 8.25391 -7.82568 
1.52856 -17.4829 -14.0657 -17.1602 -4.875 -3.97363 -20.7102 11.6438 -18.5737 1.14819 
18.1973 -29.4351 -9.56665 -13.1248 -25.2512 -4.20728 -13.3601 -3.823 -29.8428 -0.297852 
-17.8782 -3.27661 4.2002 11.1897 -30.5559 2.3064 -34.8064 -9.16138 -15.1406 -16.1365 
-11.8267 -18.8101 -3.52271 -20.8794 -4.47705 -7.64893 19.2788 -18.9968 -5.55591 -13.3679 
-8.90308 -11.1104 1.38818 -7.1665 -4.92114 -10.3076 9.54736 -16.5186 -1.23975 -23.3762 
-11.7075 -5.53857 -11.4617 -8.91919 4.8623 -13.7676 -10.6755 -5.33789 -1.81958 -5.79272 
-9.81909 -15.6675 -3.31616 10.2871 -14.7292 -4.76733 -15.3352 -6.85815 -15.1653 -18.3782 
-1.57031 -4.71143 -0.869873 -4.00391 -36.75 -11.3442 -15.8831 -6.70923 11.4336 -14.3887 
-0.97583 -14.5884 -1.87256 -5.12305 -18.1772 -4.73877 -5.88086 -14.2026 5.66724 -4.77783 
-23.3921 -0.645264 1.58447 -1.64404 -1.24829 -19.115 -28.2517 1.56055 -6.31323 -4.31934 
-6.24512 -6.00293 6.53955 0.809814 -21.5732 -17.5884 -18.7063 -5.02368 0.379883 -17.1968 
-16.8723 -1.06714 20.9604 2.04028 -51.0718 -11.7637 -23.5859 -13.2297 -3.90503 -30.7163 
10.5027 -21.8564 -1.79199 -9.23877 -13.0435 -4.46045 -6.09766 -16.5913 -1.69434 -1.94727 
13.5425 -22.0715 -3.50415 -13.2625 -30.0491 -8.18579 -6.56689 -3.41406 -7.99023 -3.79663 
-15.2991 -12.2644 -7.88599 -5.27539 0.55542 -10.4663 -12.2954 -8.79517 1.12231 2.94189 
-21.8816 -9.75854 1.32617 14.5396 -36.3916 -4.90161 -39.5891 -4.9646 -11.9922 -13.147 
-13.2988 -7.57983 -7.96118 -5.05249 -4.82104 -13.094 -16.5984 -0.0268555 -4.43506 9.92065 
1.15308 -12.3806 -3.65942 -11.9009 -3.51001 -5.93188 -2.1748 -3.30444 -3.60327 2.85034 
-9.20361 8.5083 -5.14478 -8.6748 -12.2788 -11.6528 -3.67041 -9.14771 2.34375 -18.0518 
-12.8965 -8.32104 -9.52344 -8.03467 -6.33691 -16.1484 -12.3989 -2.37915 0.348389 8.073 
-10.2615 -11.3425 -3.17065 0.820313 -25.3347 -2.69312 -18.0298 -8.62842 10.2617 -7.37451 
-9.55811 -5.37744 -2.50635 -5.56006 -5.57446 -1.7085 14.073 -20.2498 -3.7981 -23.1279 
-3.25977 -1.72168 -7.86035 -9.97803 -13.8997 -9.36548 11.4487 -19.4807 1.82959 -12.6189 
-16.4368 -22.9502 -10.408 -14.394 10.198 -14.4819 -12.385 -6.18213 -5.49268 -3.23706 
3.90332 -18.6221 10.2778 4.62793 -25.7888 -19.2424 -15.4316 -12.9116 -5.77197 -5.28613 
-2.04761 -6.99097 -6.35059 -13.3013 -7.16382 -6.98877 8.08862 -14.6123 -4.04028 -9.67822 
-10.1584 -13.8584 -6.74731 -5.33496 -6.33179 -10.9031 -16.2976 -8.88477 -1.58398 4.32104 
-5.94604 -12.1599 15.0605 0.588135 -31.6277 -19.1355 -11.1829 -6.73096 2.98535 -24.188 
-15.0605 -5.177 -5.7041 -3.21069 2.38818 -9.30103 -8.88208 -4.62939 3.43408 -14.3423 
-6.48218 -16.9812 -9.96387 -4.27979 -30.5906 10.5422 -12.6748 -10.2786 -6.62769 2.09253 
-3.22095 -5.02246 -7.98999 -11.9045 9.03516 -17.064 -5.04541 0.652832 -10.9604 -9.72388 
-10.9282 -10.9741 -12.6069 1.02759 -23.313 6.84326 -12.4417 -14.8979 -7.29297 1.54663 
-13.2542 -4.56421 -4.39429 0.675293 -13.1008 -12.3833 -16.8472 9.56177 -4.66016 -12.7551 
-12.8738 -11.0056 -2.54761 -6.49194 -2.56982 -9.7312 -12.7715 -4.55786 -1.37427 5.32031 
-11.6265 -3.38428 -3.97363 -7.35596 3.09766 -6.21045 -10.176 -7.93677 -1.89575 1.15576 
-16.374 -3.39648 -12.9805 -8.50024 1.45068 -9.67139 -13.823 -5.73145 -4.99951 8.84473 
-5.53296 -7.99487 9.59131 0.398438 -36.0225 -13.6111 -17.7981 -6.39966 2.6499 -17.1152 
-10.303 8.24805 -6.74585 -6.56885 -10.4353 -11.218 -6.61401 -7.56006 2.26831 -14.3037 
0.9104 -7.1875 -5.20483 -8.9104 -23.4653 -4.71655 0.958008 -13.574 5.18945 -7.02197 
-20.3108 -10.7749 -4.00269 10.4053 -16.9126 -6.63623 -29.8301 -11.0728 -13.4468 -6.34692 
-15.4238 -7.68433 -11.1731 -7.28174 9.08447 -15.0522 -9.12939 -7.44092 0.544922 -1.77417 
8.53784 -7.97144 -4.17798 -8.4231 -15.5693 -2.896 -5.87231 -2.75 -5.54102 -4.76172 
-16.1099 -5.33472 7.70703 -1.60352 -4.89258 -12.7781 -14.6836 0.635254 -1.78101 -14.8787 
-7.35962 -6.62622 -1.5415 -0.179443 -18.2192 -3.92236 -11.2612 -10.3625 7.42993 -4.91333 
-21.1553 -1.83545 -7.32837 4.03271 -14.6924 -14.5757 -20.0801 0.0712891 -5.38086 -4.76099 
-16.7344 -10.8413 -6.88721 -1.02197 -6.94507 -16.9063 -24.699 -3.60669 -6.18091 9.69995 
-8.19165 -3.49902 4.7876 1.22144 -24.5266 -11.7979 -25.3416 -5.72021 -9.75708 -9.65454 
-10.3875 -18.4182 -12.0066 -7.12598 4.93848 -12.4666 -4.88257 -4.80469 -9.56421 -2.42749 
1.2522 -12.1023 -3.40259 -9.35181 0.638916 -12.9792 2.91675 -2.18213 -4.08887 -8.09741 
-13.5635 -23.4241 -17.9219 0.105957 -28.7317 5.58228 -22.6973 -9.64478 -10.0659 2.10352 
-4.17847 -11.7087 -4.46436 -16.7505 -0.479004 -10.7402 9.11743 -4.65967 -6.97754 -13.918 
-19.7681 6.5542 21.3176 6.6521 -30.4832 -27.9199 -17.2427 -29.5693 -8.40015 -31.2144 
-8.05225 1.34985 4.4353 0.679688 -19.1267 -10.9075 -17.2339 -5.6416 -5.07202 -2.97559 
-11.2007 -12.981 -5.0022 -3.94019 -3.18115 -8.36475 -12.1448 -5.46069 -7.25366 7.06909 
-8.96436 -11.9985 14.1816 -0.562012 -16.5532 -12.564 -5.2124 -26.844 -5.479 -19.4026 
-9.49878 -18.3569 1.57373 -14.1904 1.15015 -10.405 14.0017 -18.3511 -3.90186 -8.60864 
13.3538 -15.1216 -1.14941 -14.2495 -18.0415 -11.2043 -7.82324 -7.07202 -8.37378 -4.05884 
15.3335 -18.5825 -1.73779 -11.3601 -28.0732 -4.92212 -15.4919 -6.11938 -18.2456 1.0127 
1.75488 -17.0413 -4.56274 -9.81958 -8.82861 -0.772217 5.19775 -9.4917 2.6438 -13.0811 
-15.6672 8.63867 -14.7979 -4.26123 -6.36108 -8.21362 -9.26807 -6.66235 2.32129 -7.00928 
-5.88086 -0.573975 6.47168 -2.06494 -19.3428 -10.45 -10.8438 -1.13281 -2.68188 -14.0903 
-1.75806 -3.87061 -0.532471 -3.99976 -15.0542 -5.08496 -5.65137 -14.6067 6.19556 -6.94604 
-12.1375 -4.3811 -7.27612 -2.04858 -18.7397 -16.2654 -26.062 8.21289 -5.59937 -2.47217 
-6.64624 -1.7251 -3.52515 -5.80688 -9.53882 -7.14111 -13.0989 -4.03149 -1.45654 5.14526 
3.8335 -17.7715 -2.64795 -11.3796 -18.7708 -8.1355 -10.8157 -20.5076 8.60205 -4.37085 
-5.7439 0.149414 16.7798 -0.996582 -54.9641 -19.0132 -19.99 -19.9968 1.45532 -24.7139 
16.833 -23.2751 1.24878 -19.823 -22.2273 -11.8464 -6.24951 -5.08154 -6.34668 -1.71265 
-26.7278 -12.3335 -9.63672 -10.1724 10.8828 -17.8926 -11.6338 -9.63965 -4.62769 -0.837891 
-18.1665 -7.90503 -2.38965 -3.66406 -23.4507 -17.3625 -32.302 15.7778 -19.6726 -7.68823 
-12.5842 -5.05225 0.891357 -1.0249 -16.4102 -14.4487 -23.55 8.15356 -7.22485 -3.55273 
-9.59326 -8.44312 -18.0889 -3.03101 -22.2449 7.05078 -12.437 -3.41235 -6.77734 0.017334 
18.7373 -28.6062 -7.23584 -15.5317 -33.4294 -7.47876 -5.94678 -6.61499 -12.418 -10.3445 
-7.6687 -11.614 -7.34766 -4.05127 -10.5232 1.56787 -6.59155 -11.7583 -4.36792 -5.08545 
-6.59448 -13.792 -1.71533 -17.1248 -9.92871 -9.98145 15.8489 -15.4502 -6.75635 -15.0332 
-7.48779 -12.0522 -1.54443 -8.70093 6.6521 -4.98315 -12.4568 -1.2207 -15.4651 -4.22461 
-12.9214 -17.26 0.723877 -7.97168 -13.5002 -7.65405 12.687 -24.2222 0.731445 -16.1316 
-12.8887 -5.17188 -13.2542 -2.36353 -16.9119 -14.9873 -24.9287 8.55176 -8.50659 -1.00244 
-10.1711 -10.9888 -12.041 -15.3247 10.3274 -18.9883 -12.5818 -8.78589 -6.95605 -6.59521 
-9.74561 -0.721191 -3.59546 5.29785 -21.0569 -9.1416 -19.238 -7.26611 -2.99756 -4.48828 
12.4309 -11.5842 -2.15723 -16.4834 -19.9941 -5.34497 -10.1648 -2.08472 -8.69824 -1.15625 
-10.3442 -15.0679 3.50854 -6.38013 -22.3088 -34.686 -24.1902 12.8093 -5.95557 -12.0437 
-8.81689 -13.7524 -11.7678 -11.877 -17.5945 5.76929 -3.29492 -13.9766 -0.270264 -7.18213 
10.9351 -12.8638 -2.03174 -12.8311 -18.738 -2.48535 -5.91895 -7.82178 -5.00513 -7.92163 
-17.676 -21.1101 -0.0605469 -7.97876 -16.4177 -31.1484 -49.2363 22.0327 -25.9397 -17.592 
-25.2703 -20.8186 -11.8313 -9.93872 9.90015 -5.96509 -10.8176 -12.1409 0.658691 0.631836 
-14.4583 4.04932 18.5403 8.30444 -36.5676 -20.179 -18.6563 -20.2725 0.750244 -32.5095 
4.80615 -4.97192 -3.05103 -3.91211 -7.77808 -1.94824 0.674561 -8.36011 -2.5166 -9.45679 
-9.4729 -4.10425 -2.39185 -1.23926 -15.5496 -3.44702 -9.56177 -16.9788 7.9978 -5.73218 
-8.39478 -8.13843 -3.88232 -5.16064 -3.25122 -3.84985 -19.9409 0.305664 -4.80737 6.68799 
-25.1921 -17.458 -16.7734 -6.42651 -3.92017 -13.2385 -19.8489 -0.19873 -1.22412 9.80859 
-9.70142 -0.887695 -6.83862 -6.15674 4.97827 -7.81641 -3.03589 -2.53638 -4.92065 -7.23193 
-6.57813 -17.0789 13.0286 4.80933 -46.7725 -14.9299 -19.3669 -4.50952 5.6189 -22.4409 
-15.6277 -3.31348 -11.7312 -10.3845 7.55176 -13.0688 -13.2686 -1.77954 -2.33301 1.19067 
-3.00122 -8.87378 -6.96387 -4.43433 -9.45361 3.34644 9.47363 -10.0952 -5.09863 -14.8503 
-16.5276 -9.13257 -11.2554 1.08545 -23.2463 -20.8252 -23.7468 10.6741 -5.03613 -1.43335 
-2.5874 -8.31567 -2.62109 -8.34326 -17.9294 -3.66064 -5.41309 -8.57251 4.48145 -5.0105 
-7.8457 -13.23 0.79541 0.0336914 -34.0015 -23.7004 -24.8625 4.33252 4.16528 -20.3967 
-5.89355 -14.6052 2.57959 -10.3472 -12.1509 -1.8064 7.55176 -24.5474 5.54468 -9.53418 
-12.0627 -8.57739 -9.97314 -3.84448 -15.1614 -9.46655 -21.7524 -9.99146 -1.21704 6.61084 
-8.67188 -17.5071 -6.05469 -14.9536 9.65747 -18.2568 -9.2124 -3.30127 -9.94409 -0.231934 
-19.2971 9.01147 -6.28711 -2.96045 -6.22876 -3.27979 -10.8411 -13.4409 0.790771 -3.29175 
-10.8652 -6.2356 -8.875 4.34912 -17.0244 -1.80713 -23.4751 -6.28394 -3.75195 0.0939941 
-8.93262 -2.55176 -3.09937 -3.26855 -12.7109 -18.1926 -19.8879 9.75952 -11.7202 -4 
-3.64648 -7.79321 -4.82959 5.97437 -11.3879 -1.85059 -11.6016 -12.019 0.44458 -8.24243 
15.8311 -10.4353 1.16895 -14.0715 -24.5618 -5.32422 -2.11743 -9.62671 -0.0424805 -8.09351 
-3.83179 -4.00391 1.72119 -1.37622 -19.2036 -6.63403 -9.01904 -7.14136 5.61987 -7.1897 
-35.1692 -5.73267 -2.23389 2.09961 -7.63135 -14.6265 -19.6619 -3.10205 6.89453 -14.2478 
-7.52588 -18.2739 -9.82446 -4.37866 -7.84717 -14.2754 -15.7732 2.8418 -3.43579 -14.8103 
-3.19995 -7.45044 -3.98975 -7.9729 -10.3257 -7.0437 6.15674 -16.1677 1.92651 -11.3206 
-4.54688 3.58032 -5.84399 -7.70776 -1.85156 -3.46631 -9.55371 -3.00366 -4.12061 3.27515 
-14.021 -10.428 2.07373 14.3472 -26.5803 -3.51733 -34.0842 -24.9277 -4.90991 -15.6436 
-19.1775 -18.1541 -8.19604 -5.40405 -0.833984 -15.5525 -23.8831 -8.02319 -1.95068 11.364 
-8.10327 -0.195068 10.041 3.5874 -27.5137 -10.9146 -18.6841 -4.2417 1.05908 -13.5657 
-7.93823 1.39868 4.97559 -0.0673828 -14.3789 -5.89014 -10.6726 -1.51563 0.506592 -15.3667 
-17.228 -20.4956 -5.24414 1.18091 -6.58838 -2.10742 -26.395 -3.2771 -1.35034 6.04492 
1.88452 -18.2888 13.4285 -2.68555 -26.3477 -19.6899 -12.9124 -7.36499 4.31982 -9.14233 
-9.02686 5.95166 2.29517 -3.55151 -4.83228 -24.2732 -14.3704 -3.61841 -4.62012 -9.90552 
-5.66846 -10.0166 0.169922 1.53271 -24.729 -8.99292 -14.7195 -4.25195 8.46216 -12.0505 
-9.99927 -4.14844 -1.35376 6.07422 -21.8325 -10.3828 -20.521 -0.85498 -4.85107 -6.67432 
-7.56372 -3.97778 11.1763 0.548096 -36.1157 -9.06567 -23.4712 -12.042 0.850342 -16.6399 
-11.6233 -19.7625 -3.34106 0.307617 -2.84082 -17.2363 -21.6716 -12.1514 -4.79102 5.30225 
-7.67578 -9.17114 -2.92383 -13.2244 -12.0222 -0.406006 18.0781 -34.3689 -1.43262 -25.9207 
-6.00732 -2.09937 -8.20508 -8.22778 -21.0593 -6.64624 -4.33521 -18.2183 8.30103 -9.8064 
-22.189 -9.69727 -13.3657 -12.2749 6.5647 -12.77 -13.2476 -6.53027 2.22046 2.47925 
13.1448 -18.7544 1.55054 -18.082 -17.7786 -15.8621 -6.60327 -2.28101 -6.53076 0.267578 
-12.22 9.15039 -14.0103 -3.47485 -9.78906 -7.99072 -5.96484 -14.6479 2.2561 -9.79053 
-10.2942 -19.5601 20.3501 3.45068 -30.0667 -17.9326 -7.87842 -24.6145 3.79834 -31.0403 
-2.77539 -10.2017 -4.78394 -2.79785 -26.8608 -10.0667 -11.3779 -15.6309 10.7659 -7.94995 
-17.5635 -14.1106 -6.08691 -13.4436 8.64941 -13.5281 -11.2371 -0.0356445 -6.00635 -2.84619 
-18.3518 -17.2083 -23.2864 -3.08569 -34.1526 9.20801 -21.4844 -6.53174 -3.01514 0.218018 
-9.15918 -4.72314 12.7681 0.213135 -20.1406 -15.0056 -15.7395 -1.25269 -8.71606 -11.4155 
-24.8794 -11.4846 -4.52783 0.887695 -26.4153 -23.6453 -44.8535 19.1689 -28.2856 -3.8208 
-5.81274 -5.43579 -10.8853 -1.54321 -30.9478 -6.1145 -11.2678 -4.48413 8.92114 -5.60449 
-10.3098 9.64258 -12.3977 -8.25 -6.85303 -16.5828 -7.60181 -3.41968 2.37671 -7.46631 
-15.9612 9.70386 -15.6267 -6.61841 -4.97803 -10.9941 -8.30322 -7.19824 0.581055 -4.64185 
-17.762 -8.74292 0.0693359 8.53516 -21.1995 -8.31274 -26.4814 -9.28882 -8.98511 -4.20801 
12.1401 -16.342 -0.648682 -9.31348 -22.0234 -4.05786 -7.8418 -2.50464 -11.8655 0.160645 
-9.25317 -7.24927 -2.36597 7.69507 -47.6492 1.39307 -38.5356 -14.5176 -12.925 3.18604 
-15.6055 -14.9282 -18.405 -6.44287 -21.6484 12.7327 -12.2168 -11.8428 -6.74023 -8.8689 
-14.0393 -17.5159 1.73462 -5.16602 -21.6641 -5.37256 -31.657 14.406 -14.3228 -2.33789 
7.60474 -18.5168 -3.27393 -9.64258 -20.2534 -3.14087 -12.0835 -0.733154 -4.90088 -3.27979 
-15.7107 -8.88013 2.729 11.7358 -27.957 -4.53589 -33.314 -17.2949 -5.25806 -11.2825 
-11.9885 8.65942 -10.6465 -3.16846 -5.79419 -9.31519 -9.01587 -7.33911 1.09619 -9.27319 
-11.8909 -6.04297 -2.63452 -6.36621 -14.8994 -15.5737 -9.51025 -5.93774 2.5481 1.30371 
-17.2727 -15.136 -16.5056 12.9934 -38.7268 -9.14502 -32.9207 -10.5842 -2.42212 -4.74487 
-5.3894 -16.9534 -3.32642 -8.00464 -19.9319 3.23779 1.68823 -18.3528 3.84863 -11.1345 
-13.2498 -8.35156 -0.199219 9.04834 -34.6348 -8.40259 -35.4221 -15.3833 -3.82373 0.0546875 
-19.7463 10.8586 -10.2969 -2.97095 -6.87207 -7.92896 -11.0427 -11.3433 2.83813 -4.81421 
-22.8936 -10.3977 -3.33398 -1.28394 -21.1067 -28.76 -26.5801 12.3057 -4.46533 -7.31201 
-9.45557 -11.4241 -3.0061 -0.221191 -25.959 -24.186 -25.8586 4.37476 2.16211 -8.55713 
-28.002 -19.3162 -23.2471 20.9172 -44.4832 -10.3142 -39.1504 -5.38721 -11.8823 -3.89673 
18.1309 -21.7451 -6.40918 -15.0134 -24.2681 -7.56812 -6.1875 -4.30029 -17.5469 -0.0124512 
-7.63232 -2.85229 1.23975 -4.51343 -17.7534 -8.14551 -6.26636 -8.93579 7.85571 -18.1389 
-12.4211 -7.84277 -7.82715 -10.3542 7.60547 -9.67749 -7.87866 -5.78076 -8.12109 -4.95825 
-3.87402 -5.5708 -0.633545 -1.6626 -18.7385 -5.83228 -9.74072 -9.27002 5.54175 -5.34668 
-2.13965 -3.91211 10.8909 0.784912 -28.6936 -15.7922 -13.3918 -13.1531 -1.0542 -20.9561 
-4.54028 -27.9966 8.28052 -24.7595 -4.36328 0.365234 6.08887 -14.395 -5.58057 -16.4182 
-1.72119 -11.2402 -3.0061 -6.54102 -28.9761 6.27759 -8.22437 -19.6077 -2.31421 -15.3171 
-12.9443 -2.86304 13.3457 2.30933 -23.3989 -16.5132 -12.8826 -8.86523 1.5708 -19.3953 
-10.4736 -19.5247 -3.63379 -7.25903 -6.8313 -11.3655 -18.2136 -6.88525 -2.78491 5.00635 
-7.03906 -6.39111 -4.49683 -8.10522 1.27368 -5.47437 -13.8855 3.92065 -5.3125 0.167969 
-0.647461 -11.8694 -0.563721 0.136719 -19.5073 -1.40894 -17.8975 -6.01538 -0.0893555 -1.72607 
-15.0129 -19.5564 -10.5488 -7.11108 -5.19897 -17.2297 -19.4565 -2.82031 -4.89404 9.30469 
14.6677 -21.5991 -5.06274 -15.8906 -10.0093 -10.6567 -5.75806 0.886475 -21.4067 -2.44922 
-16.27 -19.7322 -8.81006 -3.94873 -0.577148 -5.58667 -19.4771 -5.19336 1.76831 8.06616 
-15.282 -6.01343 -9.6333 -9.17969 -5.28149 -4.54907 -9.74756 -7.20483 -2.90039 9.6875 
-4.8064 -15.9563 -0.165771 -10.1443 -10.7891 -4.71313 11.0742 -17.2991 3.83667 -23.2056 
-4.61987 -17.4189 -4.43286 -12.689 2.05493 -6.94458 1.29907 -10.0479 2.81421 -4.22607 
-7.90991 -12.6335 17.5374 3.32275 -24.303 -28.1719 -18.0889 0.680176 4.625 -28.2288 
-2.97559 -9.42358 0.939453 -8.90259 -15.3438 -8.06445 -2.40845 -11.1821 -0.170898 1.1543 
-6.92944 -4.57349 -6.32886 -8.15308 -3.66675 -10.9587 -16.7825 7.10645 -7.82764 -1.70679 
-0.779297 -14.041 12.4736 2.52905 -28.8606 -15.3875 -14.5234 -5.04565 3.32959 -14.3857 
-7.42944 8.84961 4.63916 -5.71777 -3.9939 -14.7332 -10.9971 -4.61841 -5.76245 -14.5391 
-7.39868 9.54419 -9 -9.63477 -11.6736 -11.8035 -2.40698 -13.1194 4.00024 -12.8547 
-5.93311 -5.56812 -3.87866 -7.74829 -6.64429 -2.73291 9.23608 -18.676 -1.15771 -15.5654 
-12.3291 -2.65918 1.13135 -3.71313 -4.4375 -11.1111 -24.6125 9.27026 -5.50806 -10.1631 
-12.8594 -3.62012 -10.8408 -11.4556 5.05566 -9.19043 -13.5737 -2.45239 -2.42847 4.86353 
-5.97876 -6.59351 -0.843994 -4.03784 -10.0081 -13.0022 -15.2241 6.49292 -4.8606 -5.9375 
-18.3711 -16.8669 -4.79028 0.8479 -27.2236 6.36206 -19.4905 -16.5918 -10.0496 -1.23145 
-13.1284 -11.3425 -9.6543 -5.71851 -9.58423 -12.6809 -15.51 -5.19312 3.88184 7.3645 
8.25439 -16.1758 -0.805664 -5.47412 -24.2827 -5.92725 -1.49609 -21.5554 2.98975 -3.05371 
-8.55005 -15.3667 2.02661 1.82666 -25.5527 -11.0383 -13.0649 -23.0525 12.28 -2.81372 
-5.59473 -7.63818 12.5007 3.41235 -33.1768 -15.4063 -19.6311 -5.60107 -2.55371 -23.8411 
-8.26904 6.63818 -11.1611 -9.9104 -7.65454 -10.2771 -0.536621 -17.7468 2.14502 -8.62305 
-6.88843 -12.8555 0.196777 -9.22632 1.30518 -3.6001 -10.5383 -10.4873 -10.9094 0.234375 
-13.5315 -12.3682 -4.70679 -6.78955 5.96655 -9.72925 -11.6221 -3.15381 -1.95947 -1.29907 
-8.19702 -14.8611 -13.8628 -11.7522 -12.1384 9.72705 -16.2524 -4.2478 2.85864 -10.7466 
-5.53516 -5.93359 -3.40259 -4.47412 -8.56519 -8.90234 -16.1846 5.52393 -6.95361 4.396 
-5.53735 -8.94141 2.56177 -8.63867 -13.2563 -1.65601 8.25439 -27.5513 2.31006 -13.4006 
-11.093 9.8313 -7.70703 -3.72803 -10.1775 -17.6379 -11.564 -2.22192 3.04297 -10.5535 
-15.2358 -5.94995 -7.62964 10.7605 -33.3777 -5.03345 -31.1389 -26.4861 -8.53223 -2.94141 
-8.94897 1.33398 10.7554 -0.241943 -11.1572 -18.939 -8.97607 -17.1433 1.91992 -16.4983 
-13.4319 -10.3206 -10.0671 -6.82715 -22.9182 10.9536 -11.6301 -11.3047 7.27588 -23.394 
-1.83545 -10.0071 1.2395 -11.6477 -5.20801 -14.7273 -6.5127 -4.40552 -4.13452 4.73438 
-4.14136 -11.4844 -1.46826 -3.32568 -2.02588 -6.77466 -7.9668 -8.62744 -8.28052 3.46899 
-8.80469 -6.45654 -3.62769 7.44971 -27.0085 -5.2085 -27.6191 -10.8586 -4.38794 0.129639 
-7.46704 -23.6543 3.23877 -9.28564 -7.19873 -6.0498 12.7483 -34.9753 -3.77515 -10.2642 
-17.7808 10.9709 -13.582 -3.07056 -10.8528 -5.26172 -9.59277 -10.2483 1.63452 -7.4248 
-3.85864 6.89771 -3.83716 -8.34204 -7.85205 -9.85376 -5.35107 -8.7854 -2.0896 -10.6931 
-11.1089 -3.26563 -4.30249 -9.15894 8.35303 -16.5042 -10.5068 -5.53296 -7.35864 -4.66968 
-13.8994 -18.1597 -4.11206 -13.6409 -4.50415 -8.43994 18.9077 -32.0144 -1.27441 -16.7966 
2.36987 -20.4749 -3.34521 -12.6675 -10.3796 -15.5337 -12.4297 -3.38647 -7.33301 7.41138 
-19.333 -11.0854 -1.27637 -3.89917 -14.7222 -20.3394 -37.4561 14.4316 -18.5081 -9.69629 
-1.29077 -5.33008 8.5874 0.96167 -24.2378 -11.9204 -17.3113 1.56665 -4.38721 -9.68872 
-14.4497 8.51343 -13.3533 -4.81348 -9.22778 -11.3052 -10.7153 -11.5918 2.10083 -3.89722 
-18.8784 -17.3589 -10.3755 -1.33374 -30.8464 6.90088 -20.9558 -16.5603 -5.46777 -0.933838 
-9.77026 8.48242 -3.31738 -5.04785 -5.43481 -12.5557 -9.38232 -4.26782 -0.139648 -10.7852 
-14.2861 -11.5942 -9.01074 -11.1912 8.16577 -13.0466 -12.281 -5.88745 -5.75269 -1.07568 
-7.85474 -6.91895 1.21582 -7.73779 -3.70654 -4.10742 12.9463 -23.3252 -4.05615 -19.5913 
-16.7725 -11.7034 -10.4434 13.3398 -31.4563 -8.68408 -35.7615 -17.4839 -8.19946 -1.2063 
-33.1299 -13.1213 -9.41235 -1.17285 8.27002 -20.6362 -12.1218 -11.2961 8.59131 -8.07446 
-7.7085 9.9104 -2.20288 -9.69727 -11.4819 -12.3247 -6.04663 -10.2268 1.8064 -19.8047 
-13.5737 8.8689 -14.6118 -5.22461 -4.24634 -10.177 -9.93042 -8.26416 0.221924 -2.01978 
11.7129 -23.8582 -4.89771 -9.93677 -10.2373 0.709473 -2.20044 -4.15137 -4.78027 -7.55371 
-10.4609 -8.45605 -4.6272 3.89624 -25.1409 -6.23633 -17.9995 -21.0903 -2.1416 -6.89819 
-9.14575 9.76025 1.98486 -7.91504 -7.41724 -13.9331 -9.052 -4.79443 -3.08228 -15.9917 
-1.60327 -6.99194 -6.13672 -10.6111 -7.17969 -1.88818 10.791 -21.2339 0.449463 -15.9822 
-5.07788 -5.22363 0.628174 -3.8396 -16.0933 -10.2083 -1.30298 -23.9097 7.99341 -11.0554 
-16.3218 -7.86597 -11.0752 -12.1245 7.1748 -20.1265 -10.4888 1.51709 -3.65283 -0.910156 
-16.3335 -21.6968 -7.03516 -9.81543 -4.0459 -13.3271 -16.2712 -5.72095 0.241455 5.64087 
18.2664 -26.0664 -4.80542 -13.0923 -28.4104 -6.01099 -8.25781 -8.59473 -15.5491 -3.95459 
-19.8247 -4.55249 -5.38721 -1.18457 -19.0105 -18.6084 -30.76 11.0667 -10.0081 -11.3445 
-9.68164 -3.53418 -7.1792 7.63428 -20.6062 -6.44214 -30.1765 -14.9785 -2.48096 -0.514893 
13.3337 -21.4639 -10.5955 -9.60059 -15.0977 2.12793 -4.3313 -7.12549 -11.0535 -7.5083 
-0.714111 -18.1223 10.5801 -5.69946 -4.56787 -12.3872 -2.65381 -9.48877 -7.02222 -22.0439 
-11.6101 -14.0747 -9.75513 -3.63599 -2.35352 -16.7698 -17.6301 -2.63989 -10.3103 4.78833 
13.325 -19.6904 -8.9082 -18.2422 -11.7639 -1.8689 -1.97217 -6.52319 -12.2927 -5.55737 
3.38696 -15.9346 -6.83716 -6.24854 -12.4844 -5.4917 9.91479 -14.7654 -5.19702 -9.50684 
-7.41797 -7.78613 -7.72754 -12.5122 -18.6699 -1.29443 5.51538 -20.2031 6.76514 -7.2417 
-2.44946 -8.13232 -2.03296 -13.8972 -14.7725 -0.651855 6.58813 -29.3223 5.19946 -10.8882 
-19.0942 -8.13428 4.08301 15.239 -28.0732 -12.7446 -35.9517 -20.1287 -11.3728 -17.8923 
-2.21362 -14.4651 2.92114 -9.9126 -16.4683 -1.48926 11.6638 -21.3923 -0.982666 -19.5437 
-20.9756 -12.5291 -6.01782 -5.44336 -20.0483 -13.7813 -35.7444 18.8438 -22.8665 -2.64819 
-9.35425 -3.37402 -5.12646 -4.59863 -13.1284 -13.5461 -18.9724 10.0625 -13.4209 -4.95728 
-9.30811 -0.832275 14.3967 2.62305 -43.1028 -19.1038 -27.0977 -8.72559 -2.22119 -18.7556 
-5.40649 -11.658 1.87939 -5.98535 -14.6355 -11.8376 -7.51709 -11.6714 8.66748 -10.76 
-17.833 -22.0898 0.871826 -26.2695 -0.926025 -6.05688 16.5449 -33.2966 -7.1543 -18.6665 
16.0413 -22.8657 -6.51514 -11.114 -22.7625 -3.16382 -9.14941 -1.64502 -13.897 -3.19482 
0.864014 -19.8813 -0.72168 -8.48682 -32.3042 -8.34937 -16.5398 -11.6555 10.001 -5.81006 
-7.55029 -2.10913 -3.20288 3.59009 -14.1421 -1.22534 -15.123 -10.1792 -6.19263 -3.86597 
18.2085 -25.0042 -5.26318 -18.6882 -22.3486 -12.1172 -6.68359 -3.50488 -13.6353 -1.26733 
-11.2117 -1.96484 14.459 2.83179 -17.3591 -17.6577 -7.22412 -18.198 0.581055 -35.5728 
-8.76196 -27.1228 -5.98584 -11.9214 -3.16528 -9.34302 -13.2375 -1.3291 -2.50854 3.51831 
-14.363 -0.496826 -3.68286 -2.85229 -17.2371 -4.68579 -9.86792 -7.91113 8.68408 -8.02197 
-7.94995 -4.18701 -4.49976 7.92163 -26.1299 6.7876 -25.3318 -16.8838 -12.1646 -1.79199 
-14.0757 -9.29712 18.4392 1.58765 -19.0791 -26.6875 -12.1985 -30.7205 4.62183 -31.8091 
-25.7529 -21.8699 -17.1689 -7.03809 -25.2964 10.116 -16.3254 -9.84082 -10.6897 -5.08594 
-14.0232 -7.52881 -1.73389 11.606 -34.1238 -3.59546 -31.9575 -18.6365 -9.96875 -2.71436 
-10.9683 -20.4768 -5.37036 -7.7207 -12.488 -4.46533 -14.4602 -8.21118 4.39575 3.08691 
-5.10278 -0.290527 -0.671143 1.12378 -21.0144 -7.36035 -12.9182 -3.81787 7.57129 -8.25049 
14.1733 -25.1091 -7.25757 -12.626 -25.2561 -3.5293 -1.29932 -7.93604 -6.82471 -10.3215 
10.1802 -10.0525 -1.43188 -13.8777 -22.8369 -5.71411 -4.74463 -0.259277 -0.769287 -8.66602 
-16.7068 9.43872 -12.6006 -5.23389 -2.17578 -10.1396 -11.1555 -13.5959 3.36035 -3.521 
-23.7969 -4.24512 -11.6614 -6.05444 0.958984 -17.2937 -19.1479 -3.81445 -5.86694 11.1074 
-25.0732 -29.9658 -25.8662 -10.3552 -30.8799 13.3215 -20.4087 -11.6763 -3.33911 -6.33716 
-13.2126 7.17041 -10.02 -5.00391 -5.54468 -6.47168 -6.76611 -6.21729 0.743896 -7.45459 
-15.271 -11.0154 -18.0586 8.13818 -17.9011 -4.67383 -24.6382 -6.98975 -6.3606 0.0373535 
-20.6082 -9.74536 -9.97095 -9.82568 2.48511 -13.7041 -15.7898 -2.4292 -3.92969 9.64526 
-4.79004 -6.17871 -4.06641 -13.9138 -5.36328 -4.60278 14.5098 -20.2632 -1.28223 -16.9929 
18.8857 -23.7725 -8.91602 -19.7693 -17.2568 -5.56567 -1.46362 -10.4575 -17.3701 -7.23633 
-11.395 8.89136 -15.8416 -6.04248 -4.18994 -9.15161 -7.34546 -7.97485 -0.753418 -4.29565 
-11.8088 -11.5837 -7.44995 -12.0725 12.5098 -11.979 -11.8596 0.748779 -7.60596 -5.48706 
-8.26953 7.78198 -7.04272 -5.16333 -4.63745 -14.2253 -7.83032 -3.98633 0.384766 -7.44189 
-27.1938 -8.45703 3.89844 -2.51245 -14.7712 -22.9004 -20.4861 14.8306 -4.92285 -29.4287 
-13.5012 8.29712 -12.2637 -4.39868 -3.04468 -2.77246 -3.42407 -10.3718 1.00317 -11.3838 
-8.32739 -19.259 13.1128 -5.44214 -12.0115 -6.7312 -12.6724 0.192139 -10.6716 -25.2341 
-8.81934 -8.76978 3.36426 5.03076 -32.8511 -10.9324 -13.4194 -4.16724 8.15381 -15.3767 
-10.0688 -3.20801 4.99219 -3.58569 -7.05566 -10.7205 -13.918 10.2461 -8.80078 -21.9541 
-24.1089 -20.8193 -13.1768 -4.43335 -2.24463 -7.92529 -26.3979 -3.55566 -8.2085 9.17505 
-13.9644 -6.63965 0.748535 -0.585205 -12.7329 -15.522 -18.5833 6.1731 -11.6697 -4.2002 
-12.4146 -15.3428 -5.72827 -9.55566 7.71362 -9.34204 -8.15161 -4.4165 -8.41113 -2.59668 
-19.6938 -22.7512 -13.998 -1.43018 -0.262939 -4.19971 -22.1406 -4.82715 2.3877 7.74585 
-15.1824 -19.8381 -7.91553 -5.13843 -3.5166 -10.813 -17.6899 -4.41772 -3.74585 5.95801 
-14.3843 -8.11646 -8.35889 8.01953 -19.6987 -4.66479 -22.9636 -13.1343 -7.53491 -0.318604 
-14.114 -7.41382 -5.01978 -4.21582 0.384521 -4.88428 -13.958 -7.51587 2.24609 7.07861 
-11.7222 3.53125 17.4917 4.13599 -42.8086 -19.25 -28.0454 -13.3547 -9.7876 -34.1558 
-5.10205 -6.53003 0.778076 0.150391 -24.7061 -5.86011 -6.79663 -14.3398 9.4082 -12.0129 
-5.18286 -2.34448 9.2356 0.560059 -9.95508 -10.6687 -9.61157 -12.157 0.817871 -9.10815 
-11.5181 -1.12842 -9.51392 -11.6455 0.106445 -16.1897 -15.4924 9.48877 -16.2671 -1.29492 
-10.6055 9.896 -5.73218 -8.19287 -10.9412 -13.4482 -6.00342 -6.18823 1.25 -14.1079 
-0.489746 -15.1326 -0.443359 -0.19165 -21.6353 -3.26489 -8.94971 -11.791 4.36206 0.375732 
11.2166 -10.2148 2.01978 -10.9578 -11.8389 -6.53662 -1.79443 -8.37207 -7.08105 -13.699 
-12.0601 -13.582 -2.5957 -7.92017 -6.12939 -20.1602 -10.6157 -8.18237 1.10156 4.51733 
-10.114 8.19678 -0.671143 -9.73682 -14.3237 -10.1143 -1.08276 -13.9392 1.7688 -19.4922 
14.9746 -17.8953 -2.59277 -15.6333 -27.2273 -5.20215 -9.17065 -4.3374 -6.23608 -1.58984 
-11.967 7.22607 -9.65991 -4.00391 -4.43262 -7.9082 -7.7959 -6.7146 0.771973 -6.10132 
-11.5171 -3.6394 -4.61719 1.52979 -30.0959 -21.0825 -23.3657 10.1824 -1.41772 -10.156 
-12.0735 -13.5305 -8.38867 -7.17627 -12.7231 -11.2317 -28.5063 11.0903 -16.6162 -5.87769 
0.40918 -13.9475 -5.11255 -6.61157 -10.0515 -1.63281 -11.8933 1.64209 -7.35938 5.16895 
-11.9199 -22.8862 0.654297 -18.1323 -5.32837 -7.95557 18.1853 -24.0881 -0.345215 -21.0142 
-5.69897 -12.165 -1.81738 -10.2217 -8.50757 -8.38672 -15.3962 -7.88867 -3.71924 6.64844 
-17.0195 -14.3276 -11.366 -9.08154 -0.160645 -4.80566 -18.0913 -7.84619 -2.18799 8.8584 
-16.9185 -13.3997 -9.34497 -6.19751 -0.670654 -14.1677 -16.4985 -3.1167 -8.88354 5.86719 
0.363281 -9.08887 10.188 -3.48193 -18.0483 -15.0037 -6.94287 -10.5718 2.7644 -20.0515 
-14.9458 9.02271 -14.9937 -5.64038 -5.29614 -1.85815 -5.90845 -8.98291 0.330566 -3.6731 
-1.74902 -12.2883 -9.40503 -12.4978 -6.05054 -9.36841 9.5874 -3.48218 -7.52881 -5.9082 
-10.0791 8.03711 -7.1958 -4.81958 -9.26489 -12.6377 -6.83374 -3.82227 1.22241 -10.0459 
-16.8257 -13.5525 -1.56982 12.5786 -33.1396 -1.92554 -35.6238 -12.0708 -10.2695 0.194336 
-18.1467 -6.7583 -4.98975 1.86816 -28.8071 6.68433 -15.5278 -30.3972 -13.2395 -8.76782 
-5.19873 -13.8416 4.64258 -1.04126 -22.6394 -9.67261 -21.416 0.121826 0.300049 -7.03662 
-6.3584 9.11133 -5.75415 -12.4146 -14.1216 -15.6689 -1.44067 -13.8672 1.88062 -17.4282 
-6.70117 -16.8442 -13.1931 -2.59766 -11.823 -1.45435 -18.6838 -1.927 -6.45801 6.85938 
-3.83765 -27.6201 -5.74097 -9.31567 -12.2749 -0.887695 -18.2791 8.29492 -12.199 0.848389 
-6.04224 -7.23633 -2.68506 -6.08789 -10.2595 1.11304 7.89526 -23.9177 -2.27051 -11.2839 
-25.9116 -11.6345 -15.8933 -9.98193 9.55371 -16.8008 -16.519 -6.32324 -3.41357 5.81299 
-8.95337 -18.7805 -6.69678 -1.98999 -28.9282 8.40991 -18.0354 -4.66187 -8.52466 -5.54565 
-10.2332 -1.85376 2.7688 -6.15845 -21.1763 -14.0491 -27.6511 13.2317 -19.1072 -10.9956 
-4.54541 -20.0776 -3.65259 -7.10449 -7.98096 -8.17383 10.8259 -12.5171 0.942139 -14.2104 
-1.23364 4.41919 -1.57568 -9.88428 -15.9436 -4.03345 4.23022 -11.7773 2.68115 -13.1563 
-10.9089 -12.1206 -4.78296 -11.0449 -3.35718 -8.05811 -15.1384 -3.36133 -3.05957 7.90674 
-17.3237 -22.6887 -7.09351 -7.11182 -2.98267 -15.8481 -24.0469 -7.61401 -4.70459 8.37549 
-2.10278 -4.44946 -4.93433 -14.0791 -19.9614 -2.97778 7.09473 -18.2698 -0.142822 -13.6265 
-13.7852 -6.44849 0.300293 11.5049 -19.8169 -1.45044 -28.0642 -13.2737 -13.156 -20.5374 
-7.15869 -9.39233 -7.6499 -12.1821 -10.3811 -8.14941 14.9033 -17.0969 0.101807 -15.8586 
-11.3889 0.552246 20.978 3.39111 -45.8076 -24.4688 -19.0112 -29.0276 0.0856934 -45.0203 
-17.2153 -12.2883 -8.04614 -8.50439 -5.78345 -18.6699 -15.6145 -6.81543 -6.07446 9.81445 
-7.84302 -6.03345 2.13354 -0.302979 -19.4858 -10.1401 -13.8013 -11.6345 9.18506 -5.39136 
-11.6021 9.20874 -12.7803 -5.3457 -9.69287 -14.1069 -8.62256 -9.45679 2.74048 -10.2898 
-9.98511 -2.04126 19.5913 2.84937 -33.6216 -19.4087 -21.8186 -26.8479 3.13696 -34.9355 
-12.7451 -8.09644 20.9302 6.25854 -58.791 -18.2422 -24.9258 -23.3621 2.39941 -36.4561 
-18.7515 -5.0542 -8.82837 1.61694 -27.7744 8.5647 -21.8555 -17.6721 -8.42773 -7.43433 
-21.6416 -22.1001 -25.7292 1.66309 -23.2385 7.87207 -26.1003 -6.98999 -7.62524 4.38281 
-12.9568 -9.73169 12.802 6.06445 -19.9302 -15.4534 -17.4692 -20.8186 3.40674 -34.2546 
-11.3391 -5.4541 -3.66553 10.5896 -29.9675 -2.42041 -31.4929 -17.6357 -9.45874 -0.525879 
-13.3464 -20.7371 -2.44995 -2.375 -24.5347 -11.9578 -39.7078 13.5532 -21.8875 -3.44604 
-17.3486 -2.52148 14.137 -1.90479 -24.2139 -17.1355 -8.56812 -19.9104 6.38672 -27.5044 
-9.83154 10.2153 -3.19629 -8.05786 -9.85547 -13.1274 -7.12061 -5.74634 -0.303467 -14.053 
14.7551 -20.7422 -7.5603 -14.9287 -21.5784 -3.30981 -7.3938 1.2644 -17.0476 -2.51318 
-8.87036 6.31714 -5.79907 -3.79785 -6.28442 -10.1047 -6.38306 -3.59131 0.589844 -8.40234 
12.7922 -20.3718 -3.0083 -18.3098 -17.4175 -12.8196 -7.1394 -3.20703 -10.6411 -2.97266 
-11.4731 -8.19263 -7.2915 -5.94385 3.79443 -0.943604 -5.6814 -6.83276 -2.72876 -4.99097 
-5.06812 -8.01025 -4.70752 0.421387 -14.4839 8.18921 -8.02173 -3.99268 -1.98096 -6.69385 
-17.6992 -9.08838 11.0474 4.50244 -24.5938 -17.9126 -23.6016 -2.81128 -4.00146 -16.238 
0.324707 -17.6194 4.22388 4.21216 -22.575 -10.9978 -10.1543 -20.8174 10.1765 -8.35742 
-15.3474 -6.32861 14.5295 4.29102 -27.2764 -15.5525 -21.9165 -8.33301 -0.0854492 -21.9165 
-6.78638 1.0127 0.923828 -3.52124 -27.5825 -5.73315 -10.668 -7.81152 8.35913 -11.5781 
-16.1458 -8.88037 -5.66406 6.73682 -17.8789 -11.8601 -25.0005 -2.8689 1.67529 -4.29761 
-14.7346 -14.5667 -5.48022 -0.050293 -15.2449 5.53955 -13.1887 -6.80322 -5.46606 -9.34814 
-12.4104 7.94287 -12.9548 -5.94531 -4.62085 -5.14917 -5.30859 -10.0378 0.958252 -5.4502 
-19.5017 -22.0417 -2.58545 -5.32666 -16.4712 -18.4819 -43.3125 18.5715 -22.0625 -11.0215 
-12.6245 0.303467 -2.12573 -4.15308 -15.3235 -15.1829 -9.68091 -0.670898 3.84863 -8.43994 
-9.62817 10.772 -3.92505 -6.37769 -12.4817 -16.9504 -8.92603 -2.9104 2.09692 -16.8984 
-4.07251 5.98047 -4.54077 -10.7769 -11.5789 -5.73413 -0.608643 -10.9719 0.299316 -11.8618 
-9.04492 2.93579 15.5696 1.99048 -41.3179 -14.998 -14.2224 -16.9763 2.43945 -31.5159 
-13.3452 -13.9177 -5.38281 -2.78101 -2.00977 -3.90674 -22.4946 -1.30249 -4.54321 8.33838 
-6.16089 -11.9556 9.14893 -5.68042 -11.8074 -16.1426 -21.8955 9.01709 -3.50562 -18.8484 
-5.14648 -7.9751 -1.97559 -5.90405 -21.3159 -3.89282 0.945068 -23.4104 7.68652 -3.83179 
-14.1858 -7.66333 -15.2095 -13.8481 7.49268 -7.75488 -0.337891 -8.22314 -4.3125 -5.83716 
11.7424 -23.1426 2.83228 -12.2783 -7.90698 0.455078 -0.763184 -6.0957 -9.95679 -8.38135 
-4.16431 -5.26318 -10.4568 -1.16821 -7.94482 3.0083 -17.6084 -4.14502 -10.2173 -5.78174 
11.3818 -19.8672 -3.36353 -9.90137 -24.105 -9.42651 -7.97339 -5.49097 -10.1289 -14.5632 
-18.3508 -4.38672 -1.44482 -5.03052 -7.64697 -19.1392 -23.6699 9.5166 -14.2097 -2.94019 
-0.849609 -14.7886 -0.469727 -1.97021 -9.42432 1.34326 -2.06079 -13.6582 5.29077 -3.40088 
-6.79248 -2.72241 -5.64331 -2.14038 -23.5088 -4.12817 -11.8569 -10.9604 7.99048 -8.6377 
-12.7119 -2.33252 -5.38306 -5.22046 4.64014 -6.94604 -12.6196 -6.85938 -2.69336 -3.07227 
-8.73975 -13.3635 -7.48608 -10.8342 -6.19824 -6.46802 -25.3455 10.425 -12.1895 4.6228 
-12.3411 -11.5076 -9.18042 -1.65918 -27.4561 -19.4082 -29.269 14.1824 -13.4895 -1.00659 
-13.2678 -20.4141 1.30786 -3.39258 -26.3896 -14.0425 -16.9392 -6.75098 11.6597 -10.7043 
-12.7522 -7.35034 -5.46729 -5.72559 -22.1382 7.66504 -10.1653 -18.3599 -4.65527 -5.5498 
-0.424316 -10.3655 0.61792 -3.03857 -29.6875 -11.2874 -10.4944 -15.6597 6.98755 -7.06323 
-5.31055 -1.81909 -4.78906 -8.08228 3.47705 -6.54541 6.31982 -5.74829 -1.7605 -7.38843 
-20.0479 -10.1851 -12.2122 -5.25781 -5.02686 -6.93823 -20.5254 -5.40137 -4.90186 9.521 
-7.71094 0.0146484 -3.63477 0.906738 -15.0273 -7.67017 -9.78003 -7.09521 8.18213 -5.5791 
-9.75293 8.89795 -9.26807 -5.48853 -8.98193 -16.2195 -8.55054 -9.89966 4.07178 -11.0781 
-11.6377 -6.76196 -7.7937 5.4917 -15.5737 -6.20923 -10.9089 -12.6023 -2.66162 -11.1021 
-0.623047 -6.5647 -0.532959 -9.72144 -21.0962 -12.877 -15.8438 -10.05 11.1396 -6.94873 
14.7192 -25.6934 -5.43384 -17.1514 -20.7959 -11.5056 -10.9338 0.15332 -18.0903 6.44482 
-16.0051 -11.2214 -0.732178 11.3091 -35.845 -13.3987 -29.6218 -12.2222 -0.282227 -9.34937 
-9.64209 4.30762 -11.8269 -1.73438 -1.97998 -10.0498 -8.35107 -4.72607 -0.463623 -2.83154 
-17.6868 0.187012 0.619385 -0.205566 -14.8147 -15.1619 -27.9124 10.2314 -10.9036 -6.6936 
-12.708 0.869873 -12.4836 -10.4949 -6.60596 -6.99023 -12.0627 0.548096 0.663818 -0.0964355 
-19.6838 -16.0356 -14.0056 1.31982 -41.6489 7.92358 -22.6179 -21.4836 -16.998 3.16431 
-7.34058 -15.5425 -7.95117 -2.56714 -13.2185 8.84961 0.0629883 -22.3313 3.44946 -12.3811 
-10.2771 7.98877 -5.34521 -7.87695 -14.1606 -11.3196 -4.48828 -7.07202 0.466064 -14.6279 
-1.94971 -11.5417 -3.34619 -8.71924 -14.634 -4.87109 7.05103 -19.9448 -0.713379 -9.35864 
-15.1663 -16.1223 -16.7161 -6.38721 -29.0183 7.72363 -17.5972 -7.69678 -11.0718 -5.1665 
-14.7593 -16.967 -4.72583 -0.855957 -32.3872 -6.052 -35.2214 15.3223 -20.5435 -7.85278 
-8.43335 -23.7253 -3.5332 -13.9978 6.27173 -9.59692 -8.68115 -3.32642 -4.66479 -1.19946 
-18.6038 -17.4319 -15.3347 -3.37817 -2.17993 -14.3472 -21.689 -1.65381 -9.30786 11.9773 
-13.7688 -12.4507 -9.05322 8.46704 -22.2773 -7.61499 -32.3931 -14.0459 -7.96777 5.30859 
-17.4348 -11.4412 -19.6416 -9.2439 -29.656 12.3044 -17.3589 -20.7249 -6.31299 -2.55981 
-18.0549 -9.60815 -9.85425 -9.5498 9.91968 -16.2585 -9.26587 -7.54541 2.09888 -0.4021 
-13.5691 -0.0170898 -2.84668 -1.15039 -20.627 -24.5913 -25.342 9.01416 -7.80469 -7.37329 
-12.9365 7.94824 -13.731 -5.18994 -8.0166 -7.89038 -6.46875 -5.85449 1.10669 -5.02759 
-12.1926 -1.95386 22.5181 -5.12256 -32.9417 -18.4424 -8.1228 -26.062 2.55786 -45.3354 
13.4727 -27.7114 -9.90405 -19.022 -6.07251 -1.07983 -0.487549 -6.92212 -13.0876 -1.49756 
-6.52734 2.22656 -10.7498 -7.40991 -14.3064 -3.43433 -4.05444 -9.4812 5.84424 -2.90723 
-18.2083 8.573 -12.8425 -3.19067 -6.48438 -6.25366 -11.1091 -7.42578 1.29443 -2.58032 
1.03467 -17.1082 -2.23364 -22.2283 -7.02051 -14.6982 15.3796 -20.7666 -8.32861 -16.499 
12.1091 -10.4407 -0.546631 -13.4253 -19.3523 -9.33521 -5.53809 -4.29199 -4.16235 -7.6792 
-13.1665 -9.97021 -7.19312 -1.73291 -21.9004 -21.9663 -22.3157 12.9966 -7.86475 -9.31982 
-11.7793 -17.4551 -13.8872 14.2563 -30.3555 -9.65283 -28.3252 -8.28857 -8.43286 1.94702 
-11.271 -7.81592 -2.62183 -7.88281 5.21143 -6.82617 -14.1326 -4.69189 -6.0979 3.04834 
-16.8154 -11.9968 -14.3438 -11.0364 -11.7002 -17.9473 -26.9531 14.6829 -21.2529 -1.37207 
-16.5876 -10.7659 -9.67822 4.15625 -30.219 -15.8865 -26.2195 -7.4397 2.74316 3.30151 
-9.69775 -11.6323 -3.30176 -5.02393 -10.1296 -18.8289 -11.886 -5.69873 -6.49561 4.72632 
-18.3142 -9.6709 1.01099 -9.38647 -1.20117 -9.37378 19.0503 -26.8418 -3.88599 -22.8677 
7.93115 -9.72534 -5.06665 -9.37305 -8.04126 -2.25391 -4.1687 -1.69312 -9.28442 -5.64087 
0.9375 -8.76514 -3.22632 -4.69849 -32.4895 -0.106689 -4.89087 -12.1943 7.70874 -6.8584 
-2.52441 -3.95044 -3.98413 -11.8489 -16.0281 -0.915527 10.4077 -27.0513 -1.61816 -14.8188 
-12.2471 -4.69189 -1.58569 -5.13916 8.10303 -12.4404 -15.5938 -4.26978 -5.75122 -2.26343 
-6.71313 -14.2749 0.682861 -5.11377 -18.7996 -7.43311 -8.65723 -11.9224 10.0063 -10.3396 
-13.8174 -8.20117 -3.04443 -5.90552 -17.2554 -14.592 -25.6653 11.5747 -11.4023 -7.91162 
-10.9746 -8.60645 -9.5647 -10.9329 -2.80518 -5.74072 -20.4143 7.60059 -10.7739 5.45825 
-10.249 -10.803 1.05957 -8.73535 -12.6912 -17.7314 -9.18066 -6.60474 1.21606 3.9917 
-11.2385 -4.49316 -4.12939 6.25854 -21.4297 -9.76294 -20.2317 -12.585 -0.175781 -1.15747 
-5.40186 -14.1819 -1.06201 -5.90991 -24.7593 -11.7244 -6.28784 -8.44336 9.13037 -7.28564 
-3.14331 -5.56567 -3.34839 -8.59351 -20.3604 0.0795898 4.26514 -17.3374 4.23755 -11.6155 
-3.72632 -12.0605 -1.39185 -5.15674 -10.6287 -15.5327 -14.6929 -3.49023 -8.09497 4.58374 
-9.21191 -5.4353 -8.4646 -4.70557 -16.7996 -15.448 -22.0916 11.7502 -12.6838 -6.26978 
-19.9526 0.376709 15.511 -7.69409 -22.2107 -14.2368 -6.573 -19.9666 -5.77319 -25.8845 
-4.40967 -7.23193 -2.36279 4.38843 -15.3904 -4.95825 -19.5298 -5.05249 -4.75122 2.22705 
-17.3887 1.44043 -4.94873 -11.5442 11.5994 -19.5051 -8.15576 -3.66235 -8.32056 -7.71631 
14.1768 -13.8694 2.93286 -6.84253 -18.7742 -4.37817 -3.61743 -12.6299 2.64673 -5.98486 
-13.8674 -0.424316 17.8748 5.31909 -28.4941 -15.8191 -17.2393 -9.53638 -8.92139 -36.7007 
-17.2874 8.11377 -10.6294 -3.08716 -8.31079 -8.1543 -9.60742 -7.91187 3.6731 -7.83716 
2.24146 -5.09692 0.282715 0.994385 -18.437 -6.0874 -6.99097 -10.2695 3.37549 -7.59399 
-9.19922 -13.6553 -1.49146 6.52661 -28.8972 1.34106 -29.3647 -11.636 -4.81689 1.823 
-24.5037 -39.7971 -30.3604 -7.43652 -22.6499 20.5 -36.2375 -12.6814 1.52905 -4.64526 
-19.8894 -14.8975 -20.6304 -1.44775 -30.3977 10.9031 -15.4114 -1.67847 0.405518 -9.4541 
-16.8623 -7.44067 0.764404 -5.93018 -26.1292 -24.6001 -32.1584 16.4541 -19.7207 -6.28442 
-7.01636 2.85791 12.0703 -2.43799 -39.0051 -19.2363 -12.2378 -18.9045 5.63989 -20.1858 
-12.5952 -8.10669 -5.52637 -8.16235 3.72119 -9.04736 -7.15088 -8.15674 -1.58398 -2.56372 
-0.305664 -4.19946 -4.66748 -10.2568 -5.1062 -11.2854 0.648193 0.456787 -3.75659 -6.89648 
-13.0725 -10.2104 -11.4553 -5.37646 -12.2834 -12.5461 -24.1836 7.03247 -7.1521 5.84766 
-8.77417 -7.02173 5.50952 -3.74658 -6.39941 -5.20801 -4.93896 -6.87061 -5.75122 -12.0488 
-1.78467 -11.5256 0.164063 -2.52124 -17.0251 -5.70923 -5.8501 -12.572 7.02441 -6.16211 
-15.7952 -14.134 -7.99365 12.7383 -35.8179 -13.3325 -32.4055 -10.041 -5.16211 -5.17847 
11.1125 -4.33618 -1.59619 -13.9807 -15.0242 -2.57715 -1.98096 -5.3606 -4.14844 -6.1228 
-13.959 -13.5417 -7.28662 -2.6062 -22.0959 -3.37988 -16.0876 -3.28442 8.0166 -1.16504 
-8.948 -13.0906 -13.9583 -6.99805 -14.5493 -6.49146 -27.8105 14.1565 -25.135 2.02783 
-4.95386 -5.93872 -1.7959 -6.87451 -11.8118 -9.59131 -3.23486 -16.7524 6.83179 -7.94238 
-5.66504 -4.79517 -5.57959 -6.26904 -1.80518 -1.68384 1.8186 -12.9778 -2.70313 -4.91675 
15.3313 -9.86011 0.134277 -16.4736 -13.1262 -7.90283 -1.78345 -7.96436 -1.91284 -12.426 
-12.397 -13.2424 -3.65137 -6.83911 -8.92188 -10.2944 -10.6423 -5.86572 7.47266 -4.19189 
-21.3535 -2.39551 -3.76709 -5.02393 12.2012 -23.2729 -11.311 -10.1316 -7.28418 -3.06494 
-17.5417 -7.58081 -15.0869 -8.95654 6.03662 -9.53345 -14.1978 1.20459 -1.31763 4.78711 
-17.5454 -19.626 -8.47827 -4.84595 -12.2686 2.5415 -10.8435 -17.5889 -2.28467 -1.42676 
-3.40137 -10.5 -5.51636 -2.41626 -26.1628 -2.72559 -13.9282 -9.03101 6.11597 -6.37207 
-19.6997 -17.1624 -16.7173 -5.58032 -11.0437 6.27515 -11.7688 -10.2446 -8.73413 3.42163 
0.132813 -27.5146 -5.22412 -6.63013 -13.1899 2.14111 7.63135 -21.53 4.13867 -16.051 
-6.70166 -5.45386 0.0332031 -10.3181 -3.17212 -7.57935 15.6196 -23.2671 -3.12158 -24.9229 
-13.3162 -10.5105 10.5911 12.6848 -38.7559 -10.6934 -21.0549 -0.783447 4.24097 -30.7886 
10.1545 -18.5393 -4.37769 -13.312 -11.0593 -2.6936 -1.75879 -8.24658 -7.85474 -3.47534 
-17.8672 -22.5547 -9.75439 -12.877 -7.2251 -12.8264 -17.5886 -5.11743 2.91211 9.65649 
-9.21191 -7.41309 -8.63428 6.75317 -17.9321 -1.83691 -19.4863 -7.67798 -9.09717 0.781494 
-6.0061 -0.21167 7.12964 -3.0437 -25.4719 -22.4744 -20.6167 -4.45459 0.92627 -9.65845 
-6.68018 -12.7375 -6.26025 -15.1799 -13.0203 1.82422 9.62134 -20.613 1.59668 -11.9236 
-3.60645 -2.36694 5.55981 2.71533 -22.9397 -11.7805 -9.13037 -9.28784 9.17969 -11.7285 
-17.4978 -4.33105 -6.34961 -1.85767 -2.68091 -15.7131 -22.4788 -7.4519 -3.82129 9.46899 
-5.92822 -4.97876 -0.96875 4.14819 -23.1206 -12.564 -20.1274 -8.28931 -4.00879 -0.665527 
-24.4268 -19.2754 -10.0518 -4.63232 10.0789 -9.62866 -15.9531 -8.70288 2.61621 -5.07715 
-25.0801 -13.4561 -13.1462 -5.45825 -0.184814 -13.9941 -20.5413 -6.79468 -5.56543 11.261 
-13.7598 -15.436 -7.4314 -1.21216 -27.9133 7.70972 -18.5454 -8.35254 -9.5332 -6.27979 
-6.68311 -7.54175 -0.808594 -2.97461 -19.4407 -5.73364 -13.2639 -9.18848 8.83032 -12.5906 
-15.2935 -15.7424 -6.80078 -9.97314 0.840332 -13.7146 -19.9563 -3.33276 -3.74585 7.17432 
-18.1492 7.92676 -11.8696 -3.15894 -3.63257 -1.39404 -7.76807 -11.4314 2.43604 -8.17822 
-10.0146 0.922119 16.832 3.89746 -43.8157 -22.0781 -22.5378 -18.6621 0.899658 -31.761 
-6.45605 -0.651367 -3.84375 -3.58643 -13.6277 -4.34009 -4.54688 -15.3103 8.09106 -9.12085 
-6.44849 -6.97729 0.556885 -3.65845 -23.3057 -10.8701 -9.32568 -11.4475 9.28735 -6.94434 
0.176025 -11.2546 -3.84668 -6.20459 -7.16675 -4.41455 8.75513 -18.1731 -1.01538 -12.1396 
-10.2444 -16.6646 1.89624 -2.34766 -13.1067 -5.19653 -2.92041 -24.6592 9.6543 -15.7239 
-9.37329 9.08789 -11.6265 -10.1594 -8.45239 -14.8511 -4.05518 -6.646 3.08325 -10.5232 
-15.2385 -8.64941 1.16797 12.1519 -41.0144 4.3064 -48.7983 -14.3977 -18.7849 0.881348 
-3.69971 -13.4946 -0.752686 -5.36646 -18.7661 -9.94385 -20.3103 8.06104 -9.18921 -1.84766 
-19.2051 -15.5381 -13.3628 -5.72876 1.76636 -9.00073 -19.574 -4.09717 -2.64063 8.36938 
10.9829 -13.302 -2.06787 -10.8196 -17.2539 -4.09961 -8.57861 -3.38135 -1.20752 -8.41797 
-9.36865 7.91772 -9.30518 -4.61108 -4.37769 -15.9673 -10.5198 -1.42969 1.37793 -6.15186 
-10.8564 9.04736 -8.75415 -5.80249 -4.77734 -16.5645 -9.5249 -4.14941 0.633545 -8.1377 
-19.4707 -10.0608 -13.1826 -9.09009 1.94287 -20.1299 -16.5051 -2.51538 -1.35645 5.21167 
-11.5459 1.39844 -10.302 -0.798096 -18.9229 -16.1482 -14.1572 4.37231 1.5061 -5.75293 
13.5396 -21.5271 -12.1719 -15.9626 -13.6682 -0.0192871 -5.14063 2.51123 -17.2566 -2.72852 
-13.1155 -4.02856 -0.711426 -2.72119 -9.81567 -12.8992 -11.3374 -4.4165 6.1394 -3.12134 
-12.9495 6.91797 -6.42749 -4.3103 -7.09351 -7.9043 -8.30933 -4.80298 -0.176025 -8.8689 
-18.1606 -12.2083 -6.49902 -3.06006 -25.0376 -20.3376 -27.1868 12.9233 -6.19824 -8.4353 
-19.8782 -15.491 -11.4192 -6.87915 11.6064 -14.1191 -13.5564 -7.61328 0.275391 -1.84302 
-21.009 -13.8496 -4.0542 4.02466 -41.8904 9.10205 -23.7422 -32.8408 -12.3398 -1.56006 
-5.57129 -4.26733 4.88013 -0.465576 -21.9946 -21.009 -20.582 5.46631 -4.90527 -10.8169 
-14.2312 8.98755 -12.4524 -8.36401 -6.57178 -13.5068 -9.98291 -11.3574 2.37036 -2.57104 
-15.1702 -3.06299 21.4658 3.3374 -28.1362 -23.7732 -15.958 -22.2881 1.93823 -38.5964 
-9.44458 6.57275 -9.57983 -4.74268 -1.08716 -8.02905 -6.60864 -4.24805 -0.242676 -4.15552 
-8.54346 8.49219 -3.82129 -7.80591 -8.50977 -10.7534 -4.61255 -6.6499 -0.293945 -12.8645 
-12.5173 -11.3232 0.0761719 6.86914 -33.4722 -9.8811 -24.6033 -3.14185 -0.0478516 -7.8479 
1.20068 -21.2087 -5.99194 -16.4609 -6.65063 -2.49512 -10.3774 -4.98901 -10.7517 -0.128662 
-8.36963 -13.5129 -0.76123 -6.33447 -3.45703 -8.53564 9.63306 -22.8716 1.10889 -14.5037 
-0.738525 -14.5483 9.45166 -8.54077 3.82886 -6.05615 -4.28491 -5.44238 -11.5313 -22.0833 
-14.0251 8.81274 -14.5518 -6.74927 -4.50049 -7.08521 -5.11621 -9.45898 0.604248 -7.76245 
-4.25049 -13.7314 9.94116 -2.18896 -20.374 -11.9089 -10.3325 -3.21484 3.14209 -23.3213 
-17.0647 -4.62671 -2.41797 -2.20386 -8.13965 -8.09204 -0.736572 -12.1267 6.73706 -6.1582 
3.27466 -10.1743 -0.161377 -11.5232 -20.6775 -3.81494 -5.03638 -10.8765 5.95117 -7.01758 
-21.9646 -10.4341 0.494873 2.58276 -24.6072 -17.5432 -23.3784 8.71313 -2.92285 -15.5728 
4.62451 -23.3591 -9.15869 -9.72925 -33.9734 -3.27588 3.84766 -21.2813 0.433105 -3.63867 
0.888672 -16.7993 -1.64795 -7.87061 -7.52002 2.3501 7.96338 -14.7061 -0.542969 -14.5828 
-16.322 -11.9402 -8.70654 -9.3313 -1.50562 -9.89819 -13.2554 -6.99707 1.91919 7.88354 
-15.7485 -6.25098 -8.75781 10.7129 -33.5562 -7.10376 -21.1536 -17.0605 -2.41016 -6.00195 
-6.32935 1.4082 -2.49854 -1.86523 -22.2861 -14.4849 -17.5833 -3.04395 4.11743 -6.7085 
12.7363 -19.3867 -0.560547 -10.6001 -31.5156 -3.07422 -9.05176 -5.74438 -3.33008 -8.55542 
-0.984863 -16.803 -8.32837 -5.88599 -8.41699 3.09351 -2.87964 -5.5769 -3.07446 -7.30591 
-14.8779 1.32275 21.9214 6.57422 -45.7058 -24.8921 -28.6038 -32.1863 -5.96265 -38.8452 
-9.76343 -10.2805 4.77002 2.63916 -11.6086 -8.28662 -3.0293 -24.0144 7.61768 -19.01 
13.374 -17.8618 -12.979 -12.6467 -15.2354 -2.71948 -2.98828 -1.72241 -17.5505 -4.47314 
-22.6177 -23.843 -16.5132 -6.25586 -32.2578 10.5134 -22.7979 -15.9443 -14.2085 2.80713 
-12.4597 -9.50439 -5.64453 -5.97339 2.78125 -3.72363 -9.17773 -5.79053 0.421387 1.31421 
-13.3196 -8.52051 -10.3806 11.7668 -37.9717 -0.234131 -34.1599 -16.0864 -11.3284 6.06836 
-5.07983 -9.08105 1.23096 -1.8186 -26.2014 -9.86475 -10.9268 -22.5591 11.1262 -8.36719 
-2.65845 -5.45093 -1.22144 -8.49976 7.03223 -8.99512 -8.51514 -3.90161 -15.6069 -2.15039 
-4.97852 -9.02661 -6.21387 -13.9036 -9.50171 -5.85229 13.5642 -22.1243 3.04395 -20.3413 
-4.52368 -5.5332 -6.36377 -11.8352 -15.5752 -8.27002 14.2119 -24.0063 2.604 -19.6204 
-2.70337 -8.99316 10.1846 -5.77954 -15.6743 -13.4365 -9.49854 -15.062 3.15601 -17.3154 
-12.6235 4.61816 -1.44409 -1.05957 -14.842 -18.5942 -17.8093 8.34253 -8.09204 -15.8262 
-24.3198 -17.2107 -8.49341 -8.68335 -3.14697 -14.9563 -15.6863 -5.71118 -4.72681 10.0681 
-12.3643 -5.36475 -10.9614 3.31104 -24.4851 7.07056 -18.563 -14.1782 -9.7124 0.682617 
-21.3088 8.52246 -11.6604 -2.56787 -5.95752 -8.65283 -8.89258 -14.999 4.12817 -9.57202 
-16.6741 -8.99487 3.23755 11.8196 -53.1689 -2.69629 -48.1636 -16.6887 -8.04126 -0.514404 
-9.25952 -1.92725 12.7659 2.82959 -37.1084 -18.8835 -26.9688 -3.70557 -7.17065 -25.9946 
-15.3542 -8.85693 0.771729 -11.2617 5.45605 -16.4275 -8.81274 -12.23 -2.72876 -5.29395 
-7.11792 -8.49146 -9.51343 7.15552 -13.9058 -2.39209 -19.4827 -3.7229 -4.6897 -1.69336 
-7.52124 -24.1299 -0.404541 -12.2092 -7.00806 -3.8208 11.6794 -28.9165 3.30273 -10.4001 
-17.6033 7.77271 -10.6021 -3.99121 -1.25488 -2.79077 -10.3274 -10.3838 -0.446045 -2.76733 
-19.5474 -7.14551 -9.20459 -5.20215 0.502197 -11.3718 -19.1367 -3.97217 -9.04883 5.66235 
-0.108154 -1.93628 -1.36035 -6.47632 4.4873 -10.8174 -5.80859 -8.99731 -7.32861 -1.12817 
-14.0676 -7.99805 -6.78369 -11.8276 8.13647 -15.5925 -9.36304 -3.38062 1.34277 -6.77734 
-13.2622 -6.05591 -2.8186 -4.52832 -14.1123 -16.7427 -22.1953 10.8357 -13.6926 -5.91699 
3.91406 -21.4268 -3.84399 -7.10889 -21.1343 -1.94409 6.84937 -26.5884 3.60645 -10.5989 
-2.68799 -10.3926 -4.19751 -9.07837 -24.0701 1.87891 -0.717041 -11.2927 0.66626 -8.95605 
-18.3774 -17.1135 -13.541 -12.0559 10.6921 -17.3445 -12.978 -3.22681 -2.07617 -2.03564 
-9.27881 8.50366 -3.46436 -5.85889 -11.2 -11.2087 -5.06812 -8.4104 2.02832 -17.3196 
-3.82813 -3.53491 -0.119141 -8.59521 0.176758 -10.2683 -11.7156 -3.302 -10.3745 5.89453 
-12.4578 -6.92822 -6.80981 -2.82544 -3.17383 -7.44434 -21.8384 -2.50781 -5.72388 7.2561 
-8.36768 -14.6077 15.2041 2.09204 -20.1616 -19.752 -14.1458 -3.27905 5.10645 -26.2178 
-5.90698 1.56348 6.41675 -0.0512695 -19.1362 -15.3501 -16.1702 1.51514 -7.03052 -8.23267 
-10.6851 -0.669189 -1.78931 -2.30396 -6.89966 -7.27393 -7.15283 -5.55688 7.60107 -7.3064 
14.8342 -17.3303 -0.396973 -17.533 -9.75977 3.74536 -2.68188 -14.4519 -3.23608 -7.06641 
-14.6309 8.76587 -3.2041 -6.51855 -3.95557 -12.938 -5.93091 -8.29297 1.83838 -9.79248 
-9.79395 -11.6685 -3.82495 7.18823 -22.3804 -0.414795 -18.5249 -10.7983 -7.38818 -0.0270996 
-13.8843 -8.86597 -1.73462 -5.72192 -8.03394 -5.30396 11.4497 -21.3684 -2.06567 -17.4619 
-12.4778 8.20435 -13.1541 -5.6604 -7.41235 -14.1025 -11.3494 -4.26855 0.784668 -3.5166 
-13.5774 -3.97217 -4.37939 8.3999 -26.1831 -10.3745 -20.1577 -21.0681 0.418213 -6.59424 
-4.23071 -0.820068 -2.58618 -6.33643 4.45288 -4.80762 -4.54688 -5.24658 -8.02026 -5.28101 
-16.1636 8.84497 -10.8477 -3.58618 -4.6731 -3.89355 -8.6792 -9.95776 0.690918 -6.09888 
-13.6653 7.91064 -14.856 -6.66333 -4.01465 -13.334 -11.4709 -5.65942 -0.56543 0.279053 
-9.50171 10.1526 0.440186 -8.89502 -10.5239 -12.1089 -5.98169 -6.78711 -1.72388 -15.7869 
-12.9509 -18.6619 -15.3135 -10.1372 -24.6418 4.30005 -11.6323 -8.13037 -0.653809 -4.85547 
3.59937 -21.5037 -6.15381 -4.40625 -19.3098 -1.34155 5.31543 -23.1116 3.22705 -10.0388 
15.8503 -19.4126 -6.10962 -14.8359 -25.0779 -7.5127 -3.33301 -7.05811 -12.9614 -4.95801 
-6.27832 -7.21143 -1.88281 2.07373 -26.4272 -26.8816 -23.2937 10.7339 -8.34473 -8.23853 
15.9807 -18.3281 0.538574 -9.76392 -25.4875 -4.62378 -16.4846 -8.2959 -21.6472 -1.63062 
-22.7251 -6.89453 4.12793 -0.646729 -15.0054 -17.6787 -37.5984 10.5266 -13.4902 -7.77881 
-11.3574 -2.95459 6.7793 3.10718 -24.7659 -16.2871 -18.7656 0.816895 1.33252 -15.2744 
-16.7883 -5.50415 1.44678 11.5225 -25.4766 -6.65601 -30.917 -9.28662 -9.04028 -8.30103 
-5.01416 -5.00659 13.6802 1.94141 -22.3787 -17.178 -11.4114 -25.073 3.04321 -24.3252 
-12.5042 -8.28931 -7.15308 -0.470459 -11.3569 3.67261 -17.7 -5.9519 -4.81982 -2.39624 
-8.50171 -5.47119 4.3689 -2.74316 -17.491 -7.85596 -4.72998 -7.60156 5.59888 -18.5059 
-14.5422 -0.35083 16.4819 -1.25977 -21.8704 -13.3789 -10.1843 -11.1572 -0.0827637 -29.1099 
-13.6636 -14.5269 -4.94019 -4.38794 -5.96167 -9.96753 -13.8069 -7.9292 1.31226 5.46631 
-17.2839 -11.8433 -7.41626 -8.36694 7.04834 -12.3525 -9.4043 -8.33521 -4.23047 -7.09033 
-15.8115 -15.3464 -6.09155 -6.85718 -8.44995 -17.2764 -16.5083 -6.97559 -0.511963 7.90063 
-9.07104 -7.06885 -3.02759 -5.72168 -8.96753 -6.57422 -6.17334 -5.23608 6.37305 -6.00317 
-12.1077 8.58154 -16.1467 -5.51196 -6.59058 -8.44019 -8.37939 -10.8103 0.213379 -5.0127 
-4.7854 -2.34302 5.20898 0.935059 -19.1409 -7.05591 -9.20874 -8.56201 1.20557 -8.38574 
-8.2312 6.92456 0.943359 -4.87354 0.476318 -18.7681 -10.425 2.25732 -8.55884 -8.50024 
-1.80469 -6.73462 -7.41699 -12.0105 -18.344 1.802 7.82935 -19.3535 -1.03149 -7.65576 
-14.5493 10.092 -13.2961 -5.00781 -6.45801 -8.69238 -7.05615 -9.49927 1.13892 -8.16968 
-8.97119 -4.6936 18.022 0.205566 -42.2642 -26.9375 -26.0042 -0.233154 -1.66382 -26.5857 
-18.7129 -20.9355 -5.28955 -7.69287 -19.7493 -19.6763 -48.2014 27.448 -34.9868 -8.52051 
-17.7834 -6.43921 -5.02979 -5.09692 1.00513 -5.34473 -4.35181 -11.3157 5.2832 -1.49023 
18.4377 -19.3413 -14.437 -21.2437 -10.9863 -5.08057 1.33032 -4.49365 -20.5415 -8.83594 
18.918 -19.6233 -4.48242 -17.3462 -28.1665 -6.08496 -5.24731 -9.41699 -15.824 -8.66699 
13.2253 -21.8584 -1.55542 -14.3955 -19.2205 -2.43164 -8.85986 -5.93628 -5.05908 -7.57959 
-9.23999 -25.2795 -8.07422 -9.79883 -13.6567 -3.28003 -6.53809 -20.8784 10.6567 -10.3467 
-7.97974 3.38403 19.5747 -1.4873 -45.6985 -28.0835 -21.0593 -24.3201 -3.40381 -32.6636 
-30.459 4.81445 32.3308 0.255371 -50.0615 -21.1174 -17.0781 -33.6504 -6.38281 -59.6685 
-14.2126 -9.40356 -13.0452 -5.6377 -5.35864 -12.1038 -16.0581 0.332275 -3.07495 8.22559 
-9.93799 2.03662 14.9019 -0.529053 -35.4373 -15.4846 -9.80737 -25.6279 2.06982 -23.4685 
-9.26807 -5.56885 17.9065 0.97998 -52.3555 -17.4407 -15.7998 -19.7957 7.64502 -26.5408 
-13.2192 -1.14917 -16.1033 -1.9292 -5.66211 -7.37402 -7.86914 -5.03003 3.10767 -2.50488 
-1.48364 -8.68018 -0.29248 -4.77075 -5.98389 -10.4436 -8.4812 -6.13379 -5.30542 1.89917 
-1.02173 -25.6025 -6.25562 -14.1841 -13.3862 -8.49048 -16.5146 1.61963 -15.3008 12.0212 
-15.3474 -3.55322 15.7266 4.54541 -23.3616 -20.6226 -22.5049 1.85718 -9.35938 -34.8538 
-14.7515 -2.50879 -2.72412 1.31177 -15.7803 -14.6169 -25.0505 9.36743 -13.2092 -2.88745 
-10.5869 -12.3037 -6.88379 1.28784 -32.5618 4.49878 -16.5728 -16.6313 -6.45801 -2.89307 
-8.40576 6.92188 -5.39844 -5.11377 -4.40112 -13.5938 -8.56836 -2.45337 1.55664 -7.36182 
-19.8723 -12.1008 0.272461 12.0603 -26.6384 -13.8677 -35.4663 -10.3655 -5.12842 -11.5261 
-3.57568 -17.3218 0.679932 -13.0552 4.56494 -13.3733 -14.0422 -0.99707 -17.9607 -5.04858 
-16.4119 -18.5952 -7.88843 -5.73657 -9.55322 -18.9792 -19.2661 -6.3999 -2.08154 8.33496 
-9.39722 -18.4353 -9.05933 -12.2998 4.80322 -12.2261 -11.0886 -0.675781 -5.47046 0.961914 
-13.6565 8.87378 -12.7717 -6.41528 -9.2334 -8.95264 -6.87305 -6.16748 2.28979 -9.3645 
-12.853 0.269043 -5.11426 -3.66992 -16.6606 -11.6255 -17.8989 -2.82544 3.84448 -1.47046 
-15.9402 -22.4397 -13.0999 -0.308838 -27.1616 9.41064 -21.3755 -13.6208 -10.7366 1.21045 
-4.45215 -10.7632 -2.02075 -18.2571 -1.60229 -11.3484 8.49561 -6.13403 -4.20703 -13.3962 
-13.6328 -8.66357 19.9902 5.18066 -51.5759 -24.6353 -26.24 -17.3518 4.08032 -32.8367 
4.26465 -18.7725 -2.25391 -8.27051 -24.8184 -7.54175 -8.82056 -12.74 5.49146 -4.82153 
-17.717 -7.85205 -6.77295 10.73 -26.2808 -13.7986 -30.7463 -18.4453 -8.93799 -2.47949 
-14.5352 8.56323 -14.468 -6.10205 -1.76245 -4.65698 -7.1167 -9.96021 -0.552979 -3.81885 
-11.3013 -14.905 20.2363 -2.38086 -9.1543 -13.4268 -4.24487 -3.19922 -8.70483 -38.0325 
-9.60303 -12.1155 -5.38721 -3.91113 -13.116 -5.65747 -7.0957 -15.4202 8.83203 -5.87451 
-4.88281 -8.41016 -1.24316 -10.4539 8.427 -5.54004 0.667725 -4.36938 -12.4517 -11.2166 
-15.0874 -14.2708 -9.38184 -10.6775 -5.89429 -18.4292 -15.3708 -0.522949 -4.01831 8.67651 
-13.0647 -19.2461 -6.07422 -12.3618 -5.04126 -11.4736 -15.1738 -1.04395 -0.265869 5.06348 
-1.20093 -4.66113 3.6748 1.30811 -20.4741 -10.1638 -6.63232 -6.3208 -0.53125 -11.1377 
-8.14771 -0.880371 -6.92065 -5.62036 -7.92529 -15.7017 -18.0171 10.248 -12.2852 -5.85742 
18.6914 -25.0349 -6.68555 -14.3567 -32.05 -4.51221 -8.54736 -7.97021 -13.8406 -4.60132 
-16.9055 -6.57495 -4.71045 -3.18115 -12.7092 -19.8113 -33.0183 12.2539 -18.8101 4.89453 
-13.6855 -15.0398 -0.0209961 -2.22729 -18.7322 -13.1045 -29.4277 11.1013 -14.2979 -1.5835 
-10.3511 -0.359131 12.1421 -0.42749 -34.3384 -10.438 -5.65234 -13.6621 4.39648 -23.9939 
-20.5137 -2.25024 2.50854 11.9636 -22.8245 -3.45313 -33.3889 -13.4041 -8.72192 -11.5574 
-2.42432 -5.30786 9.5686 2.51416 -20.4192 -19.9209 -6.59937 -22.6299 5.63428 -23.3865 
-14.3093 -4.15894 -12.2688 -9.24048 7.99365 -14.7676 -7.89453 -4.3811 -3.41553 -0.0388184 
25.0752 -21.1824 -8.18237 -20.0464 -41.1746 -1.92993 -12.0171 -2.53711 -20.5105 -12.5542 
-6.59619 -9.8103 1.75073 5.38452 -19.3811 -7.40845 -19.8398 -7.09033 -4.75073 -5.11597 
-12.6545 -20.2073 -7.51147 -5.90576 -4.41895 -16.9148 -17.0439 -6.49219 0.449219 6.01001 
-14.9951 -9.92407 -4.67798 -6.14478 -10.3428 -23.2769 -15.481 -6.64771 -4.13428 9.08057 
-4.3645 -5.86768 -3.24268 -7.0647 -21.8904 -12.9827 -12.9807 -13.8933 11.7434 -8.8855 
-17.3958 -16.8743 -4.20874 -13.4592 13.1177 -20.1829 -11.6548 -11.302 -11.2363 -2.91406 
-8.25269 10.8235 -0.349365 -6.15405 -8.63013 -16.4006 -10.3918 -5.8418 -0.864258 -13.3423 
11.8633 -8.20264 0.702881 -12.2944 -20.5986 -2.95215 3.59644 -13.3857 -3.05542 -13.377 
-3.52466 -10.1829 -2.19922 -11.2893 -11.0457 -2.49487 13.3242 -26.8147 1.28418 -19.6882 
16.1206 -29.4868 -1.37915 -16.5508 -7.5542 4.08569 -1.02881 -15.0173 1.16455 -6.73218 
-15.0596 -15.9558 -12.2312 -10.9736 -8.61255 -6.93579 -14.1267 -5.5708 -2.53076 6.42554 
-9.70117 -13.0525 -2.64233 -18.8713 -6.62598 -5.63916 21.1079 -30.5088 0.707031 -25.4739 
-5.31787 -1.28394 -6.45605 -8.49707 -8.41211 -5.65747 -4.26343 -16.8613 6.59839 -6.86841 
-2.73267 -6.27051 -3.58179 -18.0498 -5.64502 -5.80957 16.1956 -19.792 -12.9548 -21.343 
-5.55737 9.39404 -5.1189 -10.9194 -13.4883 -14.4136 -2.09912 -13.0168 1.6499 -17.4092 
-9.1333 10.5837 -4.41992 -7.15332 -11.4182 -15.5637 -7.97632 -3.36084 3.58569 -15.2505 
-17.0552 -16.1179 -4.38696 -8.4353 -5.13477 -22.6528 -12.8792 -7.90674 -1.84448 4.18896 
-11.5115 -11.4138 1.21899 -4.78906 -19.5762 -11.5149 -7.27295 -10.5234 11.1909 -15.8306 
-6.31763 -18.1316 -2.30542 -9.27588 -6.44727 -20.2239 -13.4714 -4.38525 -5.10449 6.89038 
-7.14624 -16.3799 17.9199 -0.330811 -5.73779 -14.9587 -7.85791 -2.45923 -3.26563 -31.0364 
-22.1572 -9.50854 3.79224 14.1665 -35.4585 -13.9224 -38.0684 -21.6416 1.09326 -14.7219 
-12.4814 -5.54004 -11.7532 -5.37915 -21.655 6.55029 -9.16138 -30.043 -1.27637 -2.18896 
-18.4597 -9.91504 -17.3638 3.62476 -23.4202 10.2891 -16.0618 -27.481 -8.1167 -1.09082 
-10.3464 -12.3125 -2.4043 -9.49878 -9.33667 -18.3743 -13.075 -7.84253 -7.34204 4.88062 
-9.52661 -12.5625 -8.2937 -10.2148 10.4197 -16.4092 -10.9241 -5.35181 -0.0742188 -10.6863 
-15.6257 -5.79565 18.8784 -0.310547 -32.866 -11.2449 -16.1624 -11.3459 0.301025 -31.105 
-8.62451 12.6318 4.6709 -8.8147 -11.1528 -20.5417 -11.7197 -7.94043 -5.08057 -20.376 
-18.9746 -4.1582 -8.98877 -7.01123 -5.76221 -18.6709 -14.3867 -4.42773 -1.23682 7.40527 
-15.6853 -6.12573 -11.6743 -11.1675 7.33936 -17.2271 -10.0627 -4.87085 -1.22974 -1.8479 
-14.0632 -10.5073 -3.95508 11.7349 -33.7644 -8.99927 -31.0059 -17.6216 -1.43506 -8.79077 
-16.835 -14.7346 -6.26123 -9.55005 -7.47778 -17.6003 -19.2959 -3.85889 -4.6709 8.89209 
-5.93115 -10.6992 -3.64966 -8.21118 -6.89648 -2.24976 13.7932 -21.4414 -0.8479 -17.0774 
14.2207 -13.6931 5.57959 -8.49438 -24.9402 -4.65234 -3.86987 -13.3159 -1.94385 -8.54565 
-19.6047 -12.4207 -9.93872 -13.0076 10.2188 -17.5789 -15.8357 -7.07227 -2.29028 -0.284424 
15.2698 -12.6208 4.59595 -8.92798 -30.2488 -4.17407 -3.82544 -11.8491 2.12061 -9.36963 
-4.28809 -8.69702 -5.72681 -13.0447 -10.157 -3.79272 16.7434 -26.4631 -0.942139 -22.1775 
17.5186 -21.9519 1.69971 -14.2783 -15.1396 1.36401 -0.124268 -11.8069 -0.470459 -12.4395 
-7.39185 10.6079 -0.662598 -7.90356 -15.7915 -14.3865 -6.30444 -12.9226 2.95044 -21.1438 
-15.646 3.18408 16.4297 -9.30322 -22.3113 -10.5984 -15.8955 -18.9722 3.90747 -24.0007 
-6.94092 -8.3042 4.55688 6.48853 -21.5657 -5.78149 -16.9878 -14.7915 -3.1709 -18.7854 
-12.9666 -6.87207 -10.7307 -11.1946 9.46167 -19.2271 -14.1062 -3.2063 -14.6626 -2.12183 
-12.8931 -2.75073 -8.42773 -1.09546 -13.79 -14.6501 -22.4839 5.72412 -7.37549 -2.35474 
-1.24097 -3.26245 -1.44019 -7.35254 -25.0366 -7.0813 -5.99805 -14.9788 7.57397 -11.1045 
-12.2546 -12.8301 -14.5166 -4.73413 -7.33618 -9.13135 -16.0442 0.076416 -3.68945 9.43921 
17.8508 -27.0701 -5.86304 -11.9563 -14.8252 0.25293 -2.59766 -7.73999 -10.7339 -5.78296 
-9.07129 9.61108 -3.23047 -6.68701 -10.1873 -14.9236 -7.31836 -7.13037 3.81348 -15.1858 
-16.5823 2.97852 22.7561 1.83691 -43.8301 -13.5249 -25.6167 -9.30615 -1.34912 -30.8982 
-7.50879 -10.8154 3.76831 5.80103 -13.0691 -4.13477 -16.0403 -12.2847 3.61597 -14.7595 
-19.2842 -8.77734 -16.5579 -12.991 8.82275 -13.8247 -15.5803 -2.90942 -2.54272 0.916992 
-11.6929 3.73706 -0.346924 0.643066 -18.2451 -25.385 -23.1458 6.2478 -13.6094 -8.49023 
-9.80762 -5.90918 0.869141 -7.5249 -18.1184 -2.93384 -1.60645 -19.5142 9.58179 -7.10107 
-12.9155 -16.6514 -13.3325 -6.1748 -10.7854 -19.0195 -16.8979 -1.31226 -0.600342 11.3496 
11.2317 -13.9241 1.02002 -7.40918 -10.6492 3.53442 -3.0166 -12.5798 2.73169 -7.04346 
-8.89575 11.0022 1.59937 -8.17773 -9.46704 -16.0581 -9.5354 -5.80347 -2.59204 -19.48 
-16.531 -4.40039 16.7109 -1.29736 -23.1841 -9.54443 -17.8147 -12.5518 -4.75049 -25.8049 
-11.1831 -9.44873 1.01392 5.94336 -25.8655 -1.76929 -25.9861 -21.5015 4.03638 -9.25513 
-5.83398 -13.2532 -6.65479 -11.8701 6.7019 -9.42505 -8.2478 -4.51074 -9.20288 -10.8716 
-8.60791 -18.8364 -8.88306 -14.4519 -13.6326 11.0415 -3.93359 -9.24951 4.30518 -20.0662 
-1.21313 -8.97925 -7.92529 -11.5269 -14.4131 -2.19043 10.897 -26.5278 -4.26343 -16.1035 
-12.5005 2.6228 2.03613 0.955566 -17.5757 -29.1455 -26.7275 9.40137 -17.2834 -9.75781 
-9.96704 -2.83081 -0.460205 -3.07446 -25.2017 -6.50708 -12.5522 -19.8025 10.4458 -8.87915 
-18.6787 -18.9666 -12.9333 -10.1619 -11.1406 -11.4221 -14.3508 -4.96411 -6.96436 7.03125 
-6.93506 -0.70874 -0.21167 0.0205078 -21.6243 -6.89087 -10.3965 -9.23975 9.22144 -10.1367 
-13.8486 -9.24536 -10.1863 7.64185 -29.8242 -9.35205 -24.9668 -15.9941 -4.45605 -5.94385 
-16.543 -4.72852 -14.5769 -12.9463 12.1929 -13.5542 -16.3816 -3.29468 -1.55225 -2.10791 
-16.1689 -3.89771 -7.02075 1.46631 -20.6895 -21.2231 -26.2163 9.45532 -10.853 -2.59058 
-10.2563 -2.5625 -2.46143 -9.47168 -26.2766 -2.51831 1.13916 -22.9993 8.70654 -11.7158 
-2.12256 -6.65405 -4.20752 -3.72852 -12.4846 -0.441406 7.54443 -18.2375 -1.35571 -11.0635 
-3.51782 -10.1604 7.90186 5.21899 -7.70435 -14.3691 -6.88818 -19.4126 4.65137 -21.6499 
-10.6465 0.819092 -14.0615 -10.3599 6.06665 -9.38696 -17.5381 -2.16016 -5.4436 0.943848 
19.3369 -25.2942 1.25122 -11.8784 -23.2869 -2.21777 -9.37769 -10.7568 -14.9546 -2.60522 
-6.20898 -10.4233 -4.84595 -7.28247 -9.38477 -21.656 -12.6438 -6.91162 -5.05322 5.95654 
-18.2971 -6.22705 -12.469 -0.64624 -24.6902 -19.9436 -27.1956 12.2764 -9.64063 -0.95752 
-7.15063 11.1716 1.26709 -8.22559 -10.7554 -18.0396 -8.68799 -9.39673 -0.779541 -17.6499 
-22.4934 -14.2561 -14.781 -5.35498 -8.15259 -14.5266 -19.5 -7.03027 -4.49731 11.2756 
-11.9189 -8.50293 -8.79541 6.90186 -23.8896 -4.73511 -27.6152 -19.0771 -5.54297 -0.895508 
-8.64771 0.0131836 -3.60522 -8.74243 -18.4438 -5.41089 -6.36572 -22.1431 8.59473 -10.02 
-23.6228 -12.7998 -15.593 -15.0684 14.1279 -19.1692 -21.1533 -3.28613 -5.10522 -2.60669 
-17.6543 -1.67798 -6.58081 1.4729 -20.2363 -20.9133 -28.9644 9.48389 -11.3298 -3.7832 
-12.8511 -13.658 0.157715 3.10547 -10.9717 -4.88599 -12.5571 -17.8291 4.65601 -10.6211 
16.9175 -15.6841 0.44458 -18.5398 -22.5071 2.52441 -0.135742 -16.0391 1.72852 -10.9404 
-18.7161 -14.8513 -13.2405 -7.86572 -8.50781 -19.0713 -17.0073 -5.00757 -1.98804 10.8323 
-8.17505 8.39526 -6.35815 -9.95557 -5.7085 -14.23 -6.146 -9.48584 0.133545 -12.2366 
-29.0085 -24.2405 -9.45801 -12.4758 9.9126 -15.7485 -15.7571 -17.5615 3.5083 -1.51392 
-10.1033 -14.822 -10.8208 -11.7573 -9.12305 8.39941 -4.70972 -14.7012 6.70947 -18.1184 
-19.8689 -7.65186 -16.7441 -13.1055 7.34937 -13.4998 -9.6333 -2.45068 -0.750488 0.908203 
1.2019 -12.6995 -5.31079 -1.61694 -16.4146 -2.29077 5.15967 -15.3655 0.115479 -7.30664 
-6.06592 -7.38696 9.41284 -3.57153 -5.35156 -7.03491 -8.06714 -17.8274 1.03149 -7.53809 
18.7778 -14.0498 1.70898 -17.9414 -33.2808 3.86182 -6.19727 -14.8276 -1.55737 -7.79272 
6.77686 -9.45679 2.95313 -5.83447 -20.8604 -4.39575 3.86987 -24.7173 3.46436 -10.376 
-11.8438 -11.5281 15.5845 0.144531 -12.2148 -13.2876 -15.6677 -20.0723 1.44116 -20.854 
-2.92334 10.4565 2.04443 -15.3943 -10.3101 -16.0181 -6.63257 -11.8467 1.0708 -13.6453 
-2.04785 9.76367 -2.04248 -14.8857 -9.27319 -17.2354 -3.25122 -15.6294 2.70313 -13.9839 
-5.72144 10.4724 4.55688 -9.21069 -15.3708 -18.0049 -9.82007 -12.5154 0.931396 -19.7727 
-6.92358 11.2461 1.31445 -5.22412 -4.32056 -23.9792 -12.5537 -5.11768 -3.90479 -13.0452 
-15.2537 -8.34473 -12.0271 -3.82153 -17.28 -15.9448 -28.9124 11.3518 -11.168 4.1875 
-2.62061 -12.7004 14.6589 -2.02051 -24.9592 -14.1658 -18.9424 -3.24683 4.44653 -15.2344 
-22.6184 -9.0625 -6.54736 -10.8779 10.4841 -19.9597 -20.5334 -4.69214 -7.0105 -1.36475 
-6.63843 -13.9614 -13.261 -10.5129 -15.0723 -8.68091 -17.825 14.415 -15.9253 1.771 
-13.5713 -18.8362 -24.4995 -18.7566 -24.085 10.6245 -1.8252 -18.7871 2.67505 -12.1541 
-6.55005 -3.06836 12.0273 1.65723 -31.4282 -11.8245 -18.7935 -13.7756 6.01685 -20.3555 
-9.98999 -7.14697 -9.02832 -11.5059 -4.3938 -11.616 -15.5735 -3.51392 -0.927979 6.87329 
-20.9675 -9.20117 -12.8787 -10.636 10.856 -18.3972 -19.0847 -3.43237 -4.11548 -2.41138 
-7.67651 -30.3982 -15.5537 -9.38477 -15.2712 12.9229 -7.93091 -12.5452 6.21558 -13.6113 
-5.58105 -7.10107 -1.98047 -10.2927 -18.759 -6.78442 -8.27686 -14.8591 9.01807 -4.13647 
-14.3459 -12.1965 -12.5554 -14.3853 10.2332 -20.5786 -12.4346 -0.319092 -12.1221 -2.04907 
-6.52319 -8.03589 10.4158 -1.46582 -12.6111 -11.3721 -8.92993 -18.1309 6.77051 -20.4316 
-15.6702 -11.9939 -9.18311 -8.79492 -5.40674 -20.7939 -18.4075 -5.98901 -2.44556 8.53296 
-15.1926 -0.763672 -6.67822 -2.86646 -18.3782 -21.8511 -23.6157 10.5769 -11.2932 -8.51343 
14.189 -16.7781 2.06421 -12.1619 -17.4983 2.99243 -2.12769 -18.3872 5.26563 -9.2334 
16.1487 -13.8733 5.13647 -8.03906 -26.4336 -3.71021 -8.5332 -11.4336 -12.6846 -6.53809 
-15.8679 -2.74023 -3.45679 3.58228 -24.1091 -27.2842 -29.1309 9.44067 -14.3779 -11.1997 
-5.2251 -13.1221 -12.7583 -5.39404 -11.5396 10.6465 -5.17871 -12.6099 1.28125 -11.6616 
-10.3979 13.0591 5.11768 -11.8521 -12.7761 -19.8787 -9.16895 -11.1692 -4.82349 -24.9495 
-6.87598 9.63159 -1.34912 -8.45923 -7.38257 -16.6943 -9.38916 -8.34033 -1.31396 -13.0125 
-7.64868 -9.77515 -7.04053 -1.37207 -18.8284 -9.16138 -22.7395 8.71338 -9.19531 -1.14844 
-3.5188 -8.50952 -2.92163 -5.63916 -12.2515 -4.5686 8.16846 -22.7966 -0.770752 -15.2605 
-3.7771 -7.3645 -5.21924 -7.20776 -6.64844 -9.7312 12.1885 -19.5964 -2.5542 -14.4031 
5.06299 -24.6499 -7.52515 -6.81836 -18.1743 -5.78442 6.63574 -25.5586 -4.62866 -7.06226 
-11.2781 -5.72217 3.2019 0.600586 -27.1455 -4.38623 -11.3772 -20.4136 11.5376 -12.5571 
-16.0559 -5.37109 16.7424 6.88501 -32.002 -23.1375 -19.0742 -16.1533 3.01514 -23.8691 
-10.9116 -5.00537 15.6736 1.14429 -25.7654 -16.9912 -13.6243 -12.4045 5.4668 -25.3267 
-12.9417 -0.884766 -9.53491 -7.4519 -7.67017 -13.3855 -24.8726 6.85718 -8.73022 3.39746 
-12.8228 -2.9668 -6.98242 -0.415771 -20.7393 -17.9951 -24.3843 8.62817 -11.2878 -7.6228 
-15.9341 -14.189 -6.43774 -14.9343 9.82373 -16.8708 -11.8362 -0.939209 -9.2124 -6.29419 
18.6748 -25.0242 1.38281 -14.5342 -17.3132 -3.34155 -3.39624 -12.9226 -6.74341 -4.78003 
-13.8838 -4.30054 10.5847 -1.29761 -11.7646 -10.5913 -18.0654 -14.9211 2.62061 -12.5791 
-9.04517 -7.71948 -6.34375 -10.7034 8.89941 -15.4153 -6.79126 -8.71655 -10.6345 -5.45093 
-9.69531 0.959229 10.9961 2.31445 -24.9446 -10.7036 -22.0276 0.5354 1.10547 -23.8604 
-7.96118 10.3884 -0.0324707 -9.88916 -12.959 -12.5955 -5.10889 -11.5339 1.021 -20.7036 
-8.35059 -10.0559 -8.46484 -10.0098 -25.563 -3.50732 -8.55347 -12.2285 7.57544 -11.2131 
-18.9934 -8.9082 -10.5049 -5.55322 -6.11499 -13.0676 -15.2896 -6.74634 -3.19531 10.2937 
-2.0354 -3.97852 -8.33203 -9.18506 -12.9214 -4.53027 10.3127 -19.4216 1.98584 -10.9001 
-5.61377 10.7661 6.08008 -12.5293 -14.4675 -21.9756 -8.24683 -12.3125 -2.98315 -21.9473 
16.9373 -14.8381 5.32227 -14.6709 -29.1589 -4.18506 -5.31812 -17.8311 -1.49536 -8.79175 
-6.93286 -18.0181 -15.0085 -15.3052 -14.605 13.7239 -2.61084 -5.9895 3.00708 -11.7446 
-10.8533 -11.9663 -11.2546 -6.58789 -7.01929 -6.79468 -16.5308 -5.1106 -2.01074 4.68555 
3.7395 -20.2068 -4.56494 -9.97852 -19.647 -9.76758 5.2644 -26.4744 -0.495605 -10.426 
-17.1479 -11.5242 -13.9146 -4.93262 -6.63892 -12.7769 -18.113 -2.95435 -5.3396 11.1147 
-14.3074 -6.18115 -12.7236 -8.63062 -27.7969 1.67236 -3.38306 -14.9285 8.10376 -6.04004 
16.6455 -19.7188 1.61548 -11.0713 -20.3486 -6.33691 -8.74365 -11.5579 -17.5642 -9.30469 
-6.44702 -8.24121 1.18799 2.77856 -5.53394 -4.72681 -8.69067 -16.3591 0.998779 -10.7061 
16.085 -14.2219 0.307373 -16.7615 -25.9878 2.70703 -1.84985 -10.4709 -4.6394 -13.5852 
-9.4729 -4.67358 -3.66602 -4.84766 -31.1162 -8.47559 -12.845 -19.4485 10.7405 -8.48828 
-6.05151 -9.88794 3.76587 8.48682 -18.4902 -8.05981 -14.5283 -13.8833 -4.44043 -20.6899 
-17.1956 -7.92456 -10.5503 -11.1082 -0.0737305 -11.4885 -16.4463 -4.36841 -1.073 10.2971 
-0.532959 -7.05103 -2.51538 -2.99976 -12.0586 0.683838 7.2019 -16.0786 -1.76172 -16.3694 
-9.83032 -10.8789 -5.85181 9.99268 -25.5735 -8.73657 -19.5696 -18.0276 0.750977 -4.62061 
19.0569 -25.3582 -6.58008 -18.3325 -18.3457 5.28638 -4.70215 -9.64233 -8.96411 -6.62207 
-6.20825 9.5918 -3.02759 -10.6228 -18.2112 -10.2236 1.03027 -17.0557 4.06909 -20.6943 
-12.8521 0.100586 25.8083 4.07568 -57.8975 -31.7805 -29.0583 -28.4382 3.11279 -41.4456 
-22.9563 -11.3801 1.80713 20.1255 -48.6707 -12.3879 -35.5227 -28.3157 -7.06274 -15.8054 
-15.7502 -14.9878 -7.55713 -11.6655 7.91162 -18.3896 -15.5325 -4.62109 -3.07764 -2.21216 
-24.8936 -9.98218 -5.82739 0.957764 -25.9985 8.01807 -25.4683 -13.3147 -10.707 -8.01611 
-2.84351 -9.78809 -7.34204 -25.0178 -9.16382 -5.95996 15.7017 -15.804 -8.5542 -13.5813 
-6.63867 -7.8103 -2.65161 -4.65454 -17.7041 -23.3167 -24.8804 10.4536 -7.58887 -5.01953 
14.1162 -28.3853 1.1438 -10.3855 -9.69922 6.57886 -1.29639 -11.6108 -2.10767 -7.47876 
-9.823 8.65552 -8.91528 -6.99805 -11.0498 -14.3066 -6.72852 -8.75366 3.3877 -13.5232 
-8.99341 -1.98022 17.7036 -4.98584 -56.3193 -15.79 -26.2822 -13.3823 -1.46509 -22.4846 
-22.4709 -14.9177 -1.37524 17.7881 -32.7883 -8.86597 -47.4778 -28.5723 -12.8779 -7.88867 
-16.0896 -8.80225 -6.24512 -9.0708 3.09033 -8.56055 -18.3455 -2.3418 -3.54492 4.94263 
-22.0042 -12.2705 -9.98022 -5.3667 -27.5186 9.57446 -16.2981 -19.0671 -12.6052 -5.5105 
-1.48047 -25.2466 -6.57593 -21.8428 5.16309 -11.8696 15.5938 -13.8982 -10.4602 -8.19751 
-7.08716 -3.26587 -4.04956 -6.55518 -6.71631 -12.6978 -16.1453 7.54834 -6.69482 1.02271 
-2.20679 -11.678 -0.837891 -5.62329 -19.5181 -2.95996 -10.1289 -13.6821 10.3269 -12.3311 
-11.1401 -15.3335 -10.0847 -6.3103 -9.84546 -8.01953 -14.2 -5.77051 -2.00073 7.09692 
1.69116 -8.10913 -2.63477 -4.20044 -8.96167 0.611572 -4.88452 -4.36328 -10.6716 -2.41724 
-8.87695 10.0603 4.50928 -6.9856 -7.51685 -20.9104 -11.5225 -5.11914 -6.88647 -17.0327 
-19.9502 -11.969 17.2261 7.64868 -34.5339 -22.4795 -15.2891 -36.3645 9.02905 -30.4866 
-19.8281 -20.4343 -7.84351 14.5994 -32.8701 -11.113 -29.0208 -21.6814 -1.37158 -1.9187 
-12.429 -22.5974 -7.2251 -16.4243 10.0938 -18.1907 -12.0967 -0.871094 -5.18457 -5.99634 
-19.1375 -12.5376 -17.0837 -0.741699 -18.574 10.406 -9.58496 -14.5427 1.94214 -4.14746 
-6.4585 -22.0688 -3.78638 -19.3735 1.5647 -9.70605 16.7737 -18.6016 -12.6296 -11.8655 
-8.77319 -5.7793 -5.01636 -6.28101 -7.71338 -10.8022 -18.5515 7.62891 -12.8374 -0.68335 
-6.98608 -8.92944 -0.75 -13.4663 -18.2585 -4.21582 -0.719727 -22.9985 8.56104 -13.4229 
-15.8831 -17.3057 -16.8955 -6.59009 -17.0413 6.53491 -14.0889 -14.3018 -6.39136 0.587402 
-16.6284 -18.5566 -11.4622 -12.3799 11.1111 -9.36597 -13.6619 -4.3938 -3.02295 -0.579102 
-14.3479 -19.939 -4.05786 -8.73999 -1.11206 -0.847412 -11.1169 -11.6033 8.25513 -10.1184 
-5.99487 -7.61523 -3.52539 -13.5107 -11.1416 -9.52881 -17.6577 7.42334 -13.7026 -2.34448 
-11.7434 -12.7813 -9.49243 -11.8757 11.136 -16.6941 -13.615 -0.0637207 -7.98511 -5.52734 
-21.9705 -12.6113 -3.82031 -1.80322 -28.0813 -15.1648 -40.7297 18.144 -21.9063 -6.01831 
-7.19678 -5.01807 -3.16577 -4.1084 -11.5911 -12.6536 -19.0654 8.65454 -9.33521 -2.08521 
-22.8215 -8.63477 -9.72241 16.8213 -36.9375 -10.5142 -36.5229 -6.9021 -9.59082 -8.07739 
-12.9504 -10.2546 -11.6797 -7.67578 -3.76782 -7.77563 -12.0725 -5.03174 -2.40137 7.70752 
-19.2461 -12.2024 -2.9126 -7.18018 -3.00928 -11.8691 -8.23828 -8.13037 8.15161 -10.3401 
-12.4619 -10.5117 -4.31274 -7.23877 -10.3472 -12.3958 -5.22021 -15.1565 10.1821 -14.4507 
-14.7837 -10.4587 -3.52856 10.6631 -27.9746 -9.26685 -29.5281 -7.59546 -5.93799 -10.8005 
-9.49927 9.63208 -5.19263 -7.73047 -14.2346 -14.0725 -8.01465 -8.38281 1.19263 -16.3079 
-19.7832 -12.2104 -9.39307 -1.81079 -24.5925 8.38013 -13.3792 -17.324 -9.57764 -1.80664 
-15.7942 -17.2852 -5.05591 -6.2124 -13.5081 -5.43237 -9.89307 -23.1736 11.9819 -14.9375 
-13.1382 1.84863 24.0288 4.58643 -46.3237 -31.1899 -25.9775 -38.5396 -6.07813 -42.5356 
-6.75806 -3.83057 2.19043 -2.06689 -14.5203 -19.0029 -18.8179 6.4668 -6.4856 -7.44531 
-4.65137 -19.3525 -6.83398 -16.5198 8.1582 -12.6162 -9.65942 0.0395508 -10.9329 -0.0598145 
-9.77661 -1.34717 16.0122 -2.23267 -37.8 -21.3889 -19.8699 -19.4363 -3.48071 -14.104 
-9.72266 8.56934 0.390381 -6.85278 -8.19434 -11.7981 -7.60327 -5.802 0.278564 -14.2637 
-13.1729 -16.5779 -10.531 -2.5293 -10.2778 5.62085 -11.291 -15.8975 -7.57202 2.57324 
-3.59009 -13.8164 -5.1687 -14.2327 7.24316 -10.9917 -7.43481 -3.24146 -11.877 -2.19019 
-25.7407 -21.144 -17.8274 -4.53662 -20.1101 11.1836 -17.5652 -14.6438 -11.5161 -3.57788 
-21.3838 -13.2825 -11.8906 -3.36084 -20.7375 10.2556 -15.8374 -17.8755 -10.1179 0.29541 
-11.9187 -11.5059 -6.06274 -6.99854 -6.19629 -4.79517 -7.43164 -14.9788 7.25415 -13.5906 
-6.87524 -19.3274 -1.86475 -13.6543 5.28467 -6.71558 7.08203 -8.45776 -8.30908 -12.1162 
-14.8738 -16.8496 -10.2246 -14.2114 10.906 -13.1316 -11.5784 -4.27441 -4.38257 -0.687012 
0.864258 -16.8845 -7.68042 -15.988 3.81396 -12.5364 -5.63232 0.0615234 -9.19263 -1.41309 
-9.41211 -10.4883 -2.50928 -11.678 6.78369 -20.5999 -10.7136 -6.59204 -9.73486 -6.33691 
-12.8506 6.03223 -9.83862 -3.92798 -7.32031 -13.866 -14.457 -0.1875 -1.22559 -1.78198 
-9.16089 -7.18091 -0.266357 -2.76733 -10.8027 -9.57544 -6.69409 -11.157 8.55859 -11.677 
-3.06763 -4.40723 5.2417 -0.718994 -24.6309 -24.623 -15.8525 6.69604 -6.90649 -12.9597 
-21.3174 -19.8369 -13.1731 -0.688721 -24.9973 7.48511 -15.8215 -25.9358 0.472168 -6.2666 
-13.1196 -9.67065 -8.68433 -4.36548 -15.2603 5.48511 -9.19556 -21.4106 -8.77661 -1.9751 
-7.11377 9.05762 -4.74585 -9.10132 -14.9863 -11.2788 -1.53662 -14.4778 3.19043 -17.7476 
-11.7437 -22.0818 -1.81665 -4.89014 -9.80933 -0.111816 2.75586 -21.6499 8.02173 -10.8386 
-12.4175 -16.9128 -9.32397 -10.2437 -7.12427 -6.42676 -14.7783 -0.534668 -5.29492 3.27881 
-9.59326 9.00977 -6.77002 -4.45752 -7.97583 -16.4326 -9.31006 -1.69604 3.39624 -11.5247 
-23.0024 -14.9736 -14.1138 17.4141 -33.2883 -14.0847 -33.2554 -17.9126 -2.43726 1.21509 
-7.97168 -19.5757 -2.29346 -14.6128 4.46069 -9.52588 11.5701 -13.0159 -7.66821 -11.6121 
-11.5684 -16.1863 -3.93213 10.9478 -38.2605 -12.759 -25.4026 -6.53345 -0.125 -8.27954 
-16.3159 -12.2881 -5.52686 9.25781 -24.9082 -11.7312 -28.3337 -6.00244 -3.39502 -5.62109 
-22.4124 3.02295 24.7158 -0.428223 -40.3689 -21.2729 -22.166 -26.0708 -3.36206 -35.1763 
-7.73511 -1.35645 13.6392 -0.563477 -42.9458 -23.782 -22.6833 -12.3093 3.31445 -25.7312 
1.04541 -26.8496 -8.83569 -21.4666 3.05005 -7.6853 15.793 -10.4065 -16.0313 -12.657 
-13.0376 -15.6572 -7.60791 -7.65259 -11.0652 -13.9258 -12.9231 -5.35229 2.72021 6.80127 
-12.9043 -11.676 -12.9626 -7.0918 -4.55591 -13.4954 -19.1963 -0.917969 -9.2854 7.94702 
4.4585 -28.3872 -8.03906 -24.179 -3.45386 -3.07373 15.2864 -11.0967 -14.8074 -20.7529 
-20.8684 -21.2322 -14.5278 -3.59668 -13.6875 8.09521 -12.7007 -14.4814 -5.40283 -1.80933 
-23.1289 -15.7639 -14.1318 1.89233 -13.1677 9.21582 -14.5261 -12.7388 -8.97314 -5.88013 
-22.6631 -18.3345 -5.56909 14.8435 -34.0447 -8.5293 -27.2898 -30.4067 -4.77417 -6.13916 
-20.9644 -15.092 -3.67993 13.5217 -28.5442 -14.5967 -25.7778 -24.9705 -4.98193 -7.44653 
-4.0564 -14.9954 -0.865479 -13.3179 -18.3928 -12.3037 -5.83545 -22.45 9.75073 -5.34302 
-7.02173 10.4688 -3.32983 -13.0999 -14.1577 -14.842 -3.14844 -11.9617 2.47266 -17.9697 
-9.08081 -15.3506 0.969971 -10.9243 5.72852 -7.39941 6.70264 -7.23682 -7.87549 -15.5244 
-15.2395 -5.13208 -14.0854 -1.15771 -30.5903 10.022 -18.1528 -25.5662 -10.4521 2.1853 
-11.075 -16.314 -6.64111 -21.0029 -2.31152 -4.53027 15.6431 -21.7227 -7.18408 -7.65869 
-15.8596 -20.0874 -18.3672 -5.87085 -4.17383 1.76318 -19.5435 -14.6494 10.9966 -7.28174 
-7.47217 8.82642 -2.52173 -10.345 -12.0767 -11.1809 -2.71167 -11.1851 2.19434 -19.4204 
-18.1201 -14.5916 -6.05566 -7.71558 -10.4871 -10.9482 -18.7253 -8.45264 -2.08521 6.09692 
-10.5322 -0.756836 -4.47998 -3.84253 -12.8311 -20.543 -19.7739 9.89795 -6.7373 -3.72363 
-3.35156 -30.8843 -5.79053 -27.1189 1.02002 -10.2363 22.5645 -17.3689 -13.9165 -17.1462 
-17.8513 -14.0952 -12.9363 -5.27246 -2.34814 -4.63428 -10.6675 -18.0334 11.0981 -10.0005 
-14.4861 -10.4363 -0.151123 11.9175 -33.7229 -17.3506 -24.6614 -22.4084 -2.84766 -10.6309 
-1.71802 -4.35522 -0.208008 -0.849609 -15.572 -17.2761 -17.3625 9.0769 -10.9146 -11.0635 
-17.1604 -16.9658 -10.0798 -12.4211 7.40796 -12.8928 -10.2549 -2.9209 -2.83618 1.12036 
-6.25391 -5.16553 -4.77441 -5.26196 -9.27808 -10.9321 -17.0354 8.18848 -8.39063 0.529053 
17.3833 -15.0239 -17.2566 -21.6301 -10.0139 -0.481689 2.23926 -1.06689 -25.0129 -6.89185 
-21.1462 -22.0146 -18.5735 -5.19897 -10.6531 -10.5508 -17.002 -5.16919 -1.36523 10.0203 
14.0474 -21.875 -1.48926 -10.3765 -7.13623 3.15967 -0.175049 -6.35498 -8.32617 -9.21313 
16.0823 -19.2673 -10.3699 -19.1367 -3.39038 4.12695 -3.42505 -3.64355 -11.9624 -5.04468 
-12.1995 -10.7424 -10.0894 9.82129 -19.918 -8.58252 -25.3999 -7.16187 -6.15674 -0.802002 
-5.00342 -1.42773 5.70923 -1.48926 -15.8682 -18.7314 -12.6187 -0.347168 -2.92212 -8.15308 
-16.1248 -11.7295 -10.3958 -5.66455 -6.11938 -14.3489 -17.0576 -3.44019 1.83716 7.98853 
-18.2053 -17.1963 -5.98511 10.6453 -25.949 -6.79907 -27.1934 -30.2703 2.05127 -5.02368 
17.2168 -17.2424 -7.40771 -15.5347 -9.04297 -1.7644 -2.28516 -6.76147 -24.4092 -9.63525 
-12.9478 0.753662 10.3706 0.618408 -18.9673 -4.50073 -13.9631 -13.9546 -3.26123 -14.4023 
15.5759 -24.8088 -4.05103 -15.3533 -1.73657 1.74072 -0.952148 -3.98975 -17 -9.51465 
-11.8899 11.2866 3.89258 -8.66553 -8.53223 -17.2981 -8.25854 -5.96924 -5.54004 -20.7803 
14.884 -9.38208 4.87378 -11.7773 -24.3865 -7.09692 -3.76855 -10.1875 1.771 -9.61401 
-6.52197 8.75977 3.08691 -11.8418 -19.0559 -12.2544 -1.85327 -14.9463 1.43286 -21.5603 
16.7319 -6.5603 1.76074 -15.1931 -26.2737 -5.23657 1.22412 -13.5149 -2.05493 -23.9031 
-11.2266 -14.8132 -7.81201 -16.2466 11.8916 -24.4631 -10.2815 1.91064 -12.5046 0.387695 
14.0176 -8.71289 0.322754 -14.5176 -18.5327 -3.86475 0.69458 -11.1309 0.290283 -19.9478 
-8.34692 12.2441 5.32813 -10.1633 -14.739 -23.4233 -11.1821 -9.46143 -4.79956 -22.6951 
17.8062 -20.5947 -9.81372 -21.283 -8.5979 1.58447 -0.324463 -7.23584 -18.7893 -8.35181 
-18.8164 -13.6924 -5.22388 -7.66309 5.84399 -10.2607 -10.6877 -8.17944 -4.13379 -2.64404 
-2.125 -0.0795898 4.97559 -2.72632 -19.0757 -14.1724 -15.6563 4.33716 -8.42505 -7.19067 
-14.0381 -7.47876 -9.18066 -7.88306 -4.26294 -7.43188 -11.4912 -4.84033 -1.11401 6.74023 
-1.97803 -19.9912 -7.60181 -14.1123 -4.68066 -4.09009 14.55 -16.6777 -12.0315 -12.8887 
-12.8682 -0.51123 24.1367 1.17749 -50.8252 -24.7178 -25.8279 -14.0952 -11.3933 -32.7441 
-0.530273 -20.0918 -3.86694 -10.2478 0.472168 -7.21094 8.16138 -10.271 -8.72339 -9.05518 
-14.6221 4.34619 23.4436 5.10156 -40.2517 -32.2231 -26.2434 -31.0898 -9.31006 -39.9014 
-13.3064 -7.8335 15.8174 3.67432 -28.0295 -24.7661 -14.2659 -24.1282 8.02612 -26.5051 
-8.37573 -13.6177 -9.00269 -7.89844 -7.96948 -17.6416 -19.2241 -0.0788574 3.41772 6.8772 
-6.73608 -0.583252 -6.80322 -7.00513 -10.5969 -12.8772 -11.958 -3.08203 -1.06958 4.88281 
9.63525 -6.7959 -0.763672 -3.67407 -26.5432 -2.625 -4.24609 -5.31982 -0.752197 -0.783691 
-8.85083 8.37646 -6.95972 -9.59473 -12.8723 -15.5518 -5.94507 -7.82104 1.34473 -11.3428 
-13.6448 -7.22363 19.2593 7.81592 -28.2512 -25.4648 -16.5293 -20.905 4.50488 -29.1802 
-8.18701 -17.77 -1.49658 4.31104 -24.5859 -9.55713 -28.7207 -7.20264 1.09912 1.6001 
-20.1855 -16.0435 -18.844 -14.4607 10.9878 -19.0491 -15.616 -0.959229 -2.14429 -1.43384 
-20.9817 -14.9077 -14.7236 -1.31006 -33.136 10.1655 -19.8232 -16.157 -14.4651 -0.09375 
-17.3403 -20.6702 -0.0217285 -15.7646 -4.32397 -7.36401 18.7849 -29.2805 -0.567871 -17.249 
-11.0544 -6.91479 -5.96265 -1.99268 -23.0513 -22.8384 -25.2107 12.552 -9.83154 -3.4292 
-8.75562 -14.4045 -5.97119 -10.1978 -20.4712 -12.4607 -16.0737 -6.46484 7.93384 -4.49707 
-20.5171 -16.3909 -13.1951 -6.91064 -3.31982 -10.2063 -22.9978 -0.57373 -6.14258 11.0254 
17.4111 -18.415 1.65674 -14.4653 -27.5061 -8.46021 -6.01001 -8.32813 -1.9458 -5.6626 
-5.22168 9.13354 1.1731 -13.3391 -14.699 -13.3596 -4.17188 -13.6865 0.959717 -15.5466 
-6.6189 -20.9177 19.3464 6.46191 -17.0852 -22.7117 -13.0286 -16.7085 2.53906 -27.0034 
-7.27051 -11.1069 -0.289307 4.01587 -14.6223 -6.34888 -11.2866 -7.55737 0.971924 -7.27686 
-15.7429 -6.90015 -5.30835 -7.64087 8.18945 -29.7126 -9.13843 -16.7908 -9.32495 -4.44385 
-19.9141 -21.4038 -14.4331 -1.80518 -39.8523 9.68408 -28.4412 -15.2212 -20.4792 -0.0683594 
-13.5474 -8.60864 -1.57422 -11.7974 -5.53589 -3.94531 19.2393 -33.675 0.434814 -27.9229 
-21.4092 -14.25 -6.78809 -3.87354 -31.7546 -23.9404 -36.8699 20.9119 -23.97 -12.0876 
7.42285 -12.2693 -5.87866 -13.9221 -22.0303 -14.061 -10.0242 -3.4314 7.11133 -2.60669 
-11.9287 -26.4792 -9.35547 -8.9541 -7.3457 -8.52393 -18.5625 -6.02295 0.341309 8.41968 
16.7576 -18.1545 -0.128906 -13.364 -27.7012 -4.15186 -6.01855 -10.3186 -9.27368 -7.85522 
-6.35449 9.49536 1.44458 -7.39917 -11.0308 -15.3811 -6.58838 -10.8416 -0.020752 -18.5825 
-6.44214 -25.9927 20.4246 10.8384 -24.5979 -25.1077 -18.9722 -12.3643 -1.54077 -28.9014 
-20.0366 -4.84521 4.83228 10.6174 -31.6382 -1.72705 -41.7668 -14.2205 -5.61816 -8.1521 
-14.2888 -11.2585 -7.21558 -14.7661 12.2649 -32.9397 -14.1414 -1.2373 -15.7261 -0.426758 
-23.4463 -20.824 -14.6868 -4.90747 -43.387 11.4734 -24.5986 -23.7183 -15.5957 3.67944 
-8.92603 -1.80005 -8.04663 -15.2988 -11.7209 -2.15991 15.0408 -29.9268 2.64185 -15.9355 
-14.1868 -9.99683 0.866943 3.37646 -35.5989 -27.2874 -27.6716 15.738 -14.6313 -10.678 
2.60229 -15.0986 -10.3992 -20.6938 -19.5845 -7.72485 -10.5471 -8.39941 10.9814 -7.59155 
-17.2056 -16.1924 -16.1487 -3.36377 -14.2817 -7.54028 -22.8943 4.22046 -4.94824 10.2864 
-1.28564 -2.02148 -3.68604 -6.72852 -18.7068 -5.87939 -7.01563 -10.709 5.69604 -6.60156 
15.2805 -16.3901 -0.501953 -12.5767 -23.3354 -8.21167 -6.57788 -15.7578 0.424805 -6.41577 
-19.7642 -10.8579 -7.38892 3.67188 -35.4553 11.4583 -22.8447 -16.9929 -9.51904 0.287109 
-20.4619 -10.7197 -0.198975 -13.6011 -1.92334 -9.14502 17.0002 -21.2629 -2.48853 -17.6877 
-15.7515 -6.42725 -1.271 -11.979 -2.3208 -4.823 17.1316 -26.6577 -2.82446 -21.6116 
19.1174 -16.2725 -2.6228 -18.0088 -30.9119 -4.41699 -9.78369 -4.72363 -11.7852 -2.70068 
-6.1311 -5.34399 -7.36377 -10.5852 -16.3401 -5.03052 -8.10962 -11.0405 8.76367 -9.44604 
17.1311 -11.0806 0.429443 -17.8816 -25.0481 -6.97339 -6.2688 -7.91382 1.11084 -6.18359 
0.192871 -31.0361 19.9968 8.44824 -27.814 -19.0811 -9.94189 -15.7664 1.70996 -35.7698 
-16.5957 -9.823 4.02539 11.5676 -30.9558 -5.0354 -40.6563 -17.5166 -3.80322 -10.7864 
-9.09766 -9.0022 0.149658 1.97168 -41.0986 -16.6086 -33.7742 11.8364 -22.8337 -7.21021 
-10.5107 -11.1633 -11.9333 -7.81348 -7.7876 -7.63599 -22.1357 2.99414 -2.19287 7.89478 
-15.3884 -12.7747 -7.85718 -14.373 11.063 -19.7222 -11.6511 -8.49756 -7.97949 -3.10986 
-23.4033 -8.75366 -0.110596 -4.85107 -28.0796 -25.3196 -32.3374 17.1709 -21.2202 -9.15039 
-8.66479 11.8145 2.03955 -10.8032 -14.7656 -12.9802 -6.57251 -13.6108 -1.56934 -20.9919 
-27.1848 -19.3936 -15.1904 -7.3291 -3.81055 -14.75 -24.4507 -3.15552 -10.3306 13.5994 
-5.52148 10.7471 0.839844 -9.78906 -9.53613 -16.8596 -8.8501 -9.07715 -2.0769 -12.8269 
-7.99927 -10.5571 -1.17139 -0.904785 -33.0234 -17.8787 -28.801 12.4448 -18.1929 -5.52954 
-6.37378 9.61548 -3.26953 -10.7092 -14.501 -11.1951 -4.34229 -14.1287 2.88281 -16.4731 
-18.7163 -11.1785 -8.74194 -14.7942 11.2246 -29.2446 -4.97485 -8.74463 -9.93457 -9.3938 
11.9404 -5.53223 1.10254 -10.2502 -33.3081 -4.22095 -5.70996 -8.78052 4.25122 -4.22559 
17.7441 -16.6636 -2.68237 -17.4424 -30.9863 -5.93604 -8.7666 -0.0878906 -7.50049 -4.23096 
-12.603 -3.64795 -8.16846 -11.5601 11.522 -15.2219 -11.9597 -1.53149 -8.40063 -1.76636 
-7.84448 11.9436 3.97461 -5.10156 -6.90552 -21.2297 -12.8242 -5.07764 -3.12427 -18.2563 
-6.78394 -8.56152 -0.992432 -5.10889 -27.2495 -20.9856 -27.5969 10.469 -10.2778 -6.59253 
-20.7493 -13.832 -18.6394 2.39795 -33.2681 12.2671 -21.4602 -23.1255 -16.9507 2.33179 
-15.561 -8.04175 -2.39282 -2.53711 -28.4817 -21.9492 -32.7183 15.0762 -19.5212 -6.51953 
-6.87769 11.7529 3.46924 -8.98218 -12.6399 -18.4019 -10.7412 -10.1348 -2.27173 -17.5923 
-10.3447 -16.3621 -4.04126 12.5193 -39.8247 -6.15576 -39.238 -18.5857 -6.84717 -1.91113 
-11.6013 -6.35547 -0.594238 8.72339 -30.0918 0.825684 -32.0647 -12.7986 -4.09937 -5.04907 
-8.67554 -4.56567 -1.42334 6.24316 -23.5535 -6.99756 -28.9822 -11.573 -2.8645 -0.781982 
-3.35327 -0.247314 -0.747803 -12.7095 -7.02148 -7.30054 8.38721 -17.1255 -0.645264 -15.9983 
-5.80151 -9.15039 -6.73584 -12.4641 -15.1584 -2.28125 12.9775 -27.0825 1.62891 -10.2927 
-12.0164 -22.8076 -14.5776 -7.18457 -13.4678 -10.3367 -23.4292 -6.62427 -4.86694 11.8286 
-9.97363 -6.46606 -2.30298 0.374023 -28.283 -21.384 -25.5901 13.7017 -15.6274 -8.87402 
-7.68799 -5.98242 -2.74512 -10.3589 7.17627 -18.8799 -2.55566 -11.7429 -10.2266 -5.29492 
-7.51221 -13.614 -2.01489 5.5896 -31.3364 -8.67432 -24.8032 -16.3352 1.99219 1.08447 
20.2598 -29.9888 -7.88623 -21.8794 -26.9834 -10.6655 -8.33667 -1.83813 -14.5461 -2.22119 
-5.86133 -21.9832 18.1104 8.58398 -27.0466 -20.1807 -19.1311 -16.3381 4.23413 -19.2039 
-16.7009 -16.0725 -14.3601 1.18994 -42.5237 7.34131 -31.335 -13.7827 -15.4822 4.50098 
-7.97607 -17.802 18.6167 6.16748 -21.825 -25.4841 -11.9065 -26.6577 3.5686 -30.0964 
-10.2573 -17.4951 -3.33862 -9.74023 -11.1096 -3.51074 10.7522 -21.3035 3.41504 -12.0803 
19.6321 -22.1682 -6.42456 -17.8 -21.4507 -11.0801 -5.54956 -4.72827 -16.314 -5.13354 
-2.69678 -3.55713 -4.30957 -9.34351 -17.2061 -8.27295 -10.5994 -9.67627 5.99902 -8.72681 
-20.645 -20.803 -12.3186 -9.05542 -0.829346 -17.657 -20.9106 -3.66675 -11.3032 9.74829 
-9.13721 -4.17383 -3.11572 -11.2463 10.9409 -16.9963 -11.6001 -4.41968 -12.7493 -3.36768 
-8.66284 -6.63843 -1.15991 7.02319 -24.2266 -11.8394 -28.5564 -14.1599 -1.77075 -3.84692 
-11.2234 -19.2405 -18.7607 -5.69165 -31.5579 9.68799 -18.2869 -8.55347 -17.531 0.473877 
-8.64478 -2.66528 -5.61108 -6.91162 8.6792 -11.488 -2.89819 -7.17651 -4.35718 -4.8125 
-0.700195 -4.66211 -2.02759 -12.1636 -18.9026 -12.0857 -4.19922 -17.4846 8.21362 -15.6357 
-6.84766 10.5244 3.1416 -8.23267 -10.1318 -13.9482 -10.468 -9.00806 -0.768799 -18.9795 
-17.0564 -10.4128 -18.7959 -3.2583 -33.3464 11.2839 -19.1311 -13.9497 -19.2847 2.41797 
-18.6604 -24.1455 -13.2122 -8.8396 -6.31494 -19.5544 -23.8206 -0.752197 -12.4944 12.2859 
18.9561 -20.1995 -1.02148 -20.595 -24.1262 -8.78467 -4.65063 -10.4019 -7.49878 -7.34863 
-14.22 -17.2305 0.940674 -14.4995 -6.06299 -3.66309 18.5342 -31.4578 1.07056 -22.9753 
-5.87964 -9.60425 -6.95679 -12.782 9.67139 -14.6902 -8.70654 -6.28076 -11.1196 -4.86597 
-19.1624 -17.4775 -9.67871 7.08545 -28.1565 -6.42725 -33.9092 -19.8923 -1.50928 5.39063 
-5.76318 -5.72998 -6.38916 -14.7725 -10.3018 -9.02759 19.7283 -22.9033 0.966064 -27.6245 
-10.4526 -6.41943 -3.37476 9.66455 -19.3369 -4.19116 -26.2188 -14.6226 -0.355225 -10.604 
-18.8809 -9.45752 -6.02856 7.5564 -25.8833 -8.53979 -33.6389 -24.3284 -2.25537 -1.79834 
-11.7598 -1.24219 -7.31567 -8.03491 -19.1021 -3.3374 -8.08203 -4.37427 6.38379 -8.45386 
-6.2915 9.42188 1.37231 -11.8352 -15.5735 -13.9248 -4.45581 -13.5198 2.19434 -18.7998 
-14.5957 -10.0605 -5.80493 -12.0459 14.2737 -22.3867 -11.6558 -4.93359 -16.6877 -5.06812 
-8.49194 -8.75171 -11.5168 -7.05859 -16.9395 -14.4854 -18.3889 8.96875 -13.0996 -4.10034 
-24.0813 -30.4155 -17.8503 -4.06079 -37.7681 10.636 -20.1169 -20.5144 -12.063 -1.28906 
-9.9502 -9.02783 -10.3523 -2.1792 -18.4663 -21.0889 -19.8789 12.0452 -18.0171 0.518311 
-6.88281 -21.2258 17.9231 3.90332 -18.2053 -20.3789 -14.6919 -13.3037 0.85376 -23.1167 
-5.2522 -28.1165 19.8579 6.39038 -29.2332 -15.8853 -16.394 -4.0415 -2.48315 -29.5825 
18.4492 -20.4099 -3.46094 -17.2803 -32.0454 -7.71069 -11.499 0.269531 -6.61597 -2.73193 
21.1318 -27.5327 -6.79321 -20.2202 -31.7891 -7.52563 -8.88916 -0.0656738 -15.2239 -8.44971 
-8.97021 8.73608 -10.3154 -7.53735 -8.88403 -16.3484 -8.54346 -8.43213 3.6958 -8.42578 
-9.20801 -12.6064 -9.00073 -8.7771 -19.262 -11.7104 -20.179 8.17896 -13.0942 -2.00024 
-15.0994 -5.51587 -6.15649 -2.28735 -16.9961 -24.3013 -21.9966 9.05591 -10.6199 -1.51123 
-17.6394 -25.4006 -14.8071 -8.92358 -7.34277 -19.783 -22.2163 -0.970459 -12.3552 12.2437 
-19.0247 -16.7107 -22.2864 -2.67749 -22.0862 10.6069 -15.0039 -12.9534 -16.0667 0.18457 
-17.6184 -8.60669 -10.9836 -8.99512 -0.786865 -10.999 -14.7449 -5.95776 -2.14771 9.51465 
-2.73438 -5.48804 -4.24487 -7.2124 -25.5801 -10.938 -9.03101 -9.81445 8.38379 -4.63037 
-11.7732 -35.1509 -12.5825 -10.3992 -12.2183 -19.4485 -26.908 -1.11865 -7.00293 11.8591 
-6.25195 -10.5547 -1.56396 -15.3455 -8.12329 -3.80713 18.6296 -33.5918 2.48486 -28.2622 
-1.54077 -10.8113 -8.55444 -15.3774 -20.0024 -10.9238 -7.89038 -8.68481 9.96094 -5.625 
-10.4287 -7.0542 -3.75732 -7.82251 -17.4619 -7.34155 -9.25024 -6.82031 7.55591 -10.9209 
0.101318 -30.8035 23.6658 8.05176 -36.1094 -24.5527 -12.7256 -20.7954 1.34863 -35.8535 
-16.9216 -8.56079 0.0366211 9.92017 -26.9954 1.3374 -32.3477 -14.5845 -10.4385 -12.6179 
-15.1128 -16.5061 -1.34204 -12.3538 -4.61597 -2.97852 14.7437 -25.0952 3.29028 -17.6968 
-8.73975 6.41284 -8.49487 -8.29907 -10.8113 -13.2168 -5.99805 -9.14404 0.629883 -8.88062 
-22.4604 -11.7192 25.2104 9.25415 -34.7876 -32.0735 -16.4299 -25.7712 1.07373 -47.321 
-23.6101 -18.3228 -10.8638 -9.68335 -0.131348 -22.9058 -20.5286 -4.2356 -10.5044 10.3848 
-3.40771 1.47363 -7.68335 -7.73804 -20.3125 -3.76978 -5.21924 -10.5061 6.67139 -8.22217 
-16.4165 -24.4783 -7.15308 -10.2019 -5.9541 -11.4624 -16.2029 -5.98315 0.202881 6.48901 
-13.6887 -12.5215 -11.1987 1.23267 -34.1465 9.85864 -26.6653 -14.5764 -13.1292 2.52759 
-1.92432 -32.5918 18.8684 8.76392 -15.9019 -22.4185 -13.0828 -24.072 -4.45117 -24.6057 
-6.05957 -15.9351 -0.655273 -10.8108 -3.11987 -3.35303 10.3604 -24.3796 -1.67896 -15.5051 
-8.30103 -13.4614 15.9802 5.33057 -40.6765 -18.1743 -16.9905 -20.1873 3.83984 -29.0352 
-13.4023 -11.5276 -7.1123 -16.083 12.5527 -25.2893 -8.67773 -6.64331 -9.15088 -5.11523 
-1.90991 -4.43042 -8.31177 -13.322 -15.417 -11.7065 -7.13354 -6.33008 7.47632 -4.14429 
-7.3418 -5.02783 -3.79248 -9.31396 9.84058 -20.3845 -1.78296 -6.95801 -8.28052 -6.52954 
-5.30273 -6.94214 -4.14526 -12.4397 -7.06348 -3.15894 12.7153 -26.7532 -0.888428 -17.8994 
-17.2556 -8.26782 -3.88696 6.06226 -36.427 7.07471 -30.7324 -16.7686 -8.97485 -0.917236 
14.2947 -7.08936 1.62842 -14.8083 -24.7458 -6.25024 -4.92041 -6.22412 0.472168 -10.0513 
-8.49512 9.66724 -0.799316 -8.47412 -10.386 -12.9995 -8.04272 -8.93188 0.0754395 -18.2349 
-19.9111 -20.5239 -26.6077 -9.83472 -24.8455 12.656 -8.43555 -17.4795 -8.44434 6.4502 
-0.100586 -11.3291 -3.62158 -8.43384 -9.47754 -3.5437 7.94312 -19.8445 0.58374 -15.7214 
-16.7188 -8.86108 -10.7839 2.89551 -23.3865 -23.5889 -32.1572 14.6816 -12.4697 -7.09155 
-9.4397 -6.85303 -1.41699 -2.48706 -13.4478 -8.63721 -9.12378 -10.0186 7.3479 -6.79419 
-15.9893 -13.8313 -10.9614 -8.2168 -13.4666 -14.4712 -13.1208 -5.70483 0.108643 9.76147 
19.6228 -16.2944 -1.76587 -24.9326 -29.917 2.50537 -7.75244 -8.33276 -1.41406 -11.4373 
-8.06763 9.69897 3.32837 -6.80713 -10.5295 -13.1968 -9.10352 -7.5459 -2.72217 -19.7744 
-13.1016 -4.36401 15.1782 0.453857 -28.052 -13.4368 -19.3154 4.42871 -1.08447 -22.324 
-5.01074 -16.8054 1.71948 11.4092 -32.6084 -5.91553 -24.0105 -27.2673 -2.46948 -10.2974 
-8.60132 -8.41479 -0.998535 -9.53027 6.84619 -15.4226 5.54785 -12.0166 -3.10669 -26.8621 
-8.17627 -19.8162 -13.7698 -12.9614 -21.0002 9.98608 1.9668 -15.3374 -3.1394 -2.76855 
-2.46558 -23.3792 0.810303 -13.8708 -15.1118 -8.22827 15.145 -26.2349 -1.27319 -19.6628 
-14.3533 -9.14819 -12.5576 -2.87939 -25.9099 -12.2273 -28.1614 10.7285 -4.40576 -1.67163 
-8.93774 -6.10889 -1.97974 -3.90991 -14.1013 -5.677 -7.11426 -6.38281 6.99976 -5.34229 
-20.7415 -13.7712 -13.4968 -6.90771 -8.82275 -11.1467 -20.1667 -5.26807 -5.64087 11.3923 
15.6331 -18.1274 -4.99268 -12.8586 -25.1521 -0.0480957 -13.3298 -3.25366 -24.7136 -3.82715 
-7.1958 8.15918 -6.41162 -5.39429 -9.12817 -13.8689 -6.02832 -7.92188 2.28491 -13.2312 
-15.2012 -11.2014 14.3445 5.53955 -33.0142 -14.4121 -24.9219 -1.84375 0.598145 -25.3467 
-28.4302 -13.1726 -1.74072 23.051 -36.7471 -20.324 -43.3232 -17.4951 -15.3193 -10.5674 
-16.3335 -5.7251 -9.2771 -12.9324 10.6033 -19.9663 -15.1768 3.63013 -7.34375 -5.19434 
-7.26807 -12.2871 -10.6001 -5.24536 -16.0474 10.291 -9.2937 -18.7937 -5.02002 -0.679443 
-7.10327 -8.97485 -2.04028 -4.59619 -10.0884 -8.12793 9.37061 -16.5103 -5.83667 -17.3528 
-16.9287 -23.1367 -8.87207 -0.376709 -30.5818 -3.15259 -33.5239 16.3755 -17.9495 -5.23071 
-13.2686 -8.71997 -4.89478 -6.17578 -12.7778 -9.60474 -9.49536 -10.6401 9.41797 -5.30322 
-18.7788 -11.3616 -8.36914 -3.71924 -6.90088 -15.6208 -17.6328 -3.7959 -8.58252 8.81665 
-14.5544 -14.8691 -10.7671 -6.80469 -17.5095 -7.05054 -31.2859 12.3767 -8.75879 -3.15259 
-5.64209 -13.0955 -8.81738 -11.7729 9.64258 -19.3792 -4.48975 -0.53125 -8.15625 -6.86011 
-9.54907 -2.56445 13.9463 7.06665 -33.3594 -11.8545 -21.2876 -7.8877 -1.52271 -22.8616 
20.551 -21.6472 -4.10181 -13.1663 -22.2307 1.30103 -8.85425 -5.41626 -23.4497 -11.4475 
-15.4414 -12.1953 -11.8679 -4.02979 -10.531 -14.0181 -17.5308 -2.93018 -5.10938 8.31079 
20.2336 -26.1423 -8.41406 -23.7554 -10.9424 -3.63452 -3.39014 -1.95361 -21.8638 -6.09766 
-8.05176 9.51172 1.28491 -5.83472 -6.54712 -15.76 -8.87744 -6.50244 1.16382 -16.3257 
-17.3643 -21.4634 -16.6809 -14.386 -25.6528 12.8157 -10.6145 -16.3376 -19.9585 -3.87549 
-5.30737 -4.31494 -2.31201 -2.80249 -29.6873 -7.18823 -14.615 -14.8677 8.98438 -7.39551 
-5.17139 -4.81421 -5.04663 -3.53735 -21.4221 -3.30737 -10.9841 -9.66016 7.33276 -7.18066 
13.8616 -11.6733 -1.80933 -14.0239 -28.5491 -3.36499 -6.80884 -5.41626 -0.344971 -7.71387 
-13.0579 -8.98682 19.9978 5.0459 -34.47 -23.7451 -26.9375 -18.7109 2.72778 -34.4414 
-12.7659 -10.9976 -13.8054 0.611328 -29.8413 -15.5161 -28.1721 11.0896 -8.06421 -1.1106 
-9.29614 -7.90381 -1.21118 -2.94604 -16.6831 -8.80347 -8.58643 -13.395 9.69482 -9.08423 
-7.79761 -10.0042 -2.17822 -11.8323 13.3337 -17.229 -13.0925 0.696533 -13.5122 -13.3481 
-14.5637 -4.86694 -6.21606 -4.8623 4.29175 -18.8076 -15.675 -6.16602 -5.27441 -4.13013 
-15.7539 -12.9768 -1.5376 -18.2268 -6.28906 -10.1392 16.0117 -18.0088 -2.38574 -16.7334 
-8.30615 8.25586 1.89771 -11.781 -13.7029 -11.6787 -3.604 -13.0417 0.230713 -18.8855 
13.1577 -21.4324 -6.50244 -8.17749 -12.7693 3.85938 -8.19019 -5.41846 -11.823 -7.15698 
-6.04395 -7.74219 -6.11792 -13.1973 10.436 -9.93726 -9.19727 -5.42505 -9.85571 -13.4734 
-9.88989 -22.8418 -16.1497 -8.3313 -12.2317 11.4172 -2.91724 -18.854 -5.56177 -1.1814 
-17.2542 -10.071 -15.7498 7.59253 -16.6011 -5.94385 -24.3044 -12.7371 -11.4636 0.303223 
-23.8049 -10.1365 -17.1714 -4.78589 -5.73096 -11.2798 -21.9653 -3.92432 -3.56299 12.1277 
-14.054 -2.125 -8.96704 -9.00488 6.70947 -20.9304 -15.0793 3.2334 -13.6128 -3.67065 
-8.05737 -1.95044 12.7217 3.18555 -36.5872 -10.3516 -18.0842 -8.71216 2.22852 -13.8103 
13.1885 -20.2683 -7.21338 -8.64624 -19.7476 7.56323 -15.002 -1.43188 -23.6558 -7.44507 
-24.5847 -23.1633 -22.2202 -5.61499 -37.3088 13.939 -23.0952 -17.9814 -18.7156 -2.03271 
17.0244 -16.0286 -8.44409 -13.364 -17.0142 -3.34644 -4.89355 -3.53809 -14.1775 -9.0498 
-9.72974 8.61426 -6.65796 -6.53394 -11.5803 -14.3435 -6.53979 -8.39722 4.10229 -13.7832 
-11.7573 -9.76538 -5.39771 16.1738 -32.51 -6.91626 -30.0139 -29.0872 -7.38037 -7.14209 
-13.8372 -5.73828 20.0894 2.19336 -42.509 -18.1094 -22.2031 -13.229 2.78296 -31.6924 
-19.6472 -17.062 -7.19312 -1.14014 -3.89038 -19.9226 -21.0308 -1.60303 -13.1411 9.62817 
0.379883 -0.593994 -2.5249 -7.31934 -10.7117 -7.19873 -5.0957 -15.574 2.78027 -7.00073 
-6.95313 -18.2666 -0.968262 -14.071 -7.31738 -11.3096 14.4797 -14.7976 -6.16455 -16.7388 
12.3132 -20.5645 -9.43994 -8.60547 -11.6409 1.67285 -1.32886 0.566895 -9.7229 -7.50659 
-9.57568 10.3687 -1.73633 -5.37842 -6.67163 -17.6194 -11.3564 -2.48877 0.480225 -12.6414 
-7.25659 10.4951 3.27173 -10.5127 -12.9424 -15.1462 -6.26758 -10.7327 -1.80493 -20.3323 
-12.2332 -8.48438 -1.77686 -3.37329 -19.9937 -11.2314 -13.2012 -11.1609 9.95825 -9.95215 
14.1638 -15.4414 -0.442627 -9.31299 -28.7808 1.7207 -9.41382 -12.698 -7.85669 -2.19897 
-12.6636 -13.2136 -0.939209 -17.1423 7.49731 -17.4788 -9.57568 -4.15063 -7.54639 -17.5737 
-15.1448 -7.45557 -1.40576 -3.53711 -29.6282 -16.7332 -32.1338 15.821 -15.2849 -9.90747 
-12.9463 -9.08789 -8.55566 -2.40845 -29.8557 -16.5557 -27.2241 13.0193 -10.7886 -2.87769 
-11.2083 -20.4204 -0.0300293 -8.85596 -9.62842 -6.84888 14.7217 -23.468 -1.76343 -19.1296 
-17.0044 -9.42041 -6.11621 8.69458 -23.2261 -4.03735 -6.90625 -19.6848 5.13062 -17.2915 
3.17017 -23.4944 -5.34692 -16.5649 -14.4746 -1.78247 13.1274 -25.5791 -1.87671 -17.0725 
12.7002 -17.1069 -5.52979 -11.9663 -10.509 1.54126 -6.36182 -5.04492 -7.20093 -3.02173 
-14.0623 -4.54199 -3.6748 2.67017 -23.0151 -23.5569 -25.4473 10.363 -8.76196 -3.36426 
-28.1799 -15.1401 -2.80688 26.3552 -33.2153 -19.1243 -46.7246 -22.5762 -17.9702 -13.0161 
-15.7195 -11.2124 -10.7393 -5.04248 -32.3811 7.20923 -7.98389 -24.9863 -5.82324 -3.35742 
-12.3926 -15.4172 -0.140381 -17.7156 15.739 -22.8989 -5.90015 -4.46143 -11.2073 -21.3313 
-19.8469 -1.78101 23.6543 8.07593 -42.4858 -22.3538 -21.9753 -22.3503 5.12109 -45.6707 
-14.4634 -14.9822 -4.72192 -16.7314 13.6082 -25.4609 -9.33398 -2.61035 -9.06592 -18.5618 
-9.65161 10.8948 0.146729 -7.13574 -8.63672 -14.5657 -9.21021 -6.76782 -1.5437 -16.5803 
-7.89429 -1.7356 -1.23169 -0.815674 -22.5337 -9.80054 -12.1797 -10.9307 9.47485 -6.72266 
-13.7781 -7.42334 -6.84082 10.4207 -26.0071 0.876953 -32.5833 -23.4033 -7.34448 1.02759 
-14.6765 -11.7766 -15.5908 -11.321 -24.7424 12.271 -12.0195 -23.6465 -15.2029 -4.28467 
-9.13477 -14.6812 -6.80396 -18.7053 -3.69263 -10.8296 12.9543 -13.0779 -8.05396 -11.4534 
-20.1667 -8.03296 -2.03882 -3.97388 -25.4504 -22.3145 -26.6736 14.3303 -18.5073 -5.52539 
11.1106 -8.46313 1.43701 -10.1345 -20.1626 -1.54907 -2.72827 -9.69141 -8.4668 -8.29468 
-16.0454 -14.8391 -7.33081 -14.3037 -5.8916 -7.85645 16.4299 -18.7271 -5.91577 -14.9729 
-13.856 -5.55127 -5.80444 -2.39673 -21.4346 -13.7515 -26.4878 13.3464 -15.094 -11.4463 
-5.90698 9.43506 5.11499 -14.4563 -15.2649 -16.6589 -5.18311 -12.9873 -2.69019 -20.1323 
-8.14624 -8.69141 18.4944 5.04712 -40.2363 -20.2048 -20.4353 -12.1228 3.21509 -27.1179 
-23.0842 -8.39697 -8.58545 -0.020752 -41.4543 15.0806 -23.9592 -27.1282 -18.8115 -2.44556 
-5.52319 -4.51782 -1.31763 -3.67993 -31.6838 -7.24902 -14.147 -13.9272 10.2913 -9.81396 
-8.02319 11.7148 -0.125244 -6.69141 -5.05103 -21.0452 -12.6948 -4.99854 -3.26538 -13.9609 
-14.1587 -10.4187 -1.40381 -5.70459 -11.0022 -17.5256 -14.2358 -9.00024 -3.18066 6.95435 
-21.3523 -15.8552 -2.63477 12.9983 -31.8945 -9.01489 -23.9661 -25.4863 -0.0615234 -10.0801 
-16.0032 -12.0452 -5.48047 0.95459 -29.4219 -5.88477 -17.6396 -4.89282 11.5293 -17.3845 
-17.3489 4.76416 27.8752 8.06445 -59.8394 -30.7776 -35.4663 -33.7075 -7.88403 -42.8601 
-8.64575 -11.572 -1.85107 0.705078 -28.0081 -11.1003 -16.9819 -2.21143 5.59033 -11.856 
-13.5737 2.99976 -3.52832 -0.688477 -13.3906 -17.7141 -23.4553 7.17773 -7.09473 -11.2405 
-11.9028 -23.3677 1.86987 -10.8442 -11.3557 -7.1333 15.7151 -26.0896 -0.125977 -20.7173 
-16.9382 -8.79565 -10.2161 1.14087 -25.9619 -27.3044 -26.9163 13.9817 -8.78271 -6.55249 
-9.39844 11.1062 2.67651 -4.62915 -4.12036 -22.2871 -13.1968 -3.79932 -4.61841 -13.4314 
-13.7163 -13.5276 -5.14771 -15.7871 12.2656 -14.7937 -16.5161 -4.17993 -12.1646 -14.8809 
-8.03125 -21.9558 0.800293 -12.708 -13.5891 -6.32202 15.5896 -27.8674 -1.86719 -22.168 
-18.3823 -7.75903 20.1499 2.02539 -38.8799 -8.57788 -22.4678 -12.2505 3.24585 -33.4961 
-9.77856 -12.2505 -6.0166 -0.775635 -12.4817 -23.2876 -13.6895 -1.16479 -7.20557 9.61841 
-2.40552 -11.4521 -1.08691 7.72681 -17.3926 -8.23633 -18.9473 -22.1775 -4.1355 -9.23608 
12.1907 -14.4277 -0.381104 -12.2703 -25.949 -3.31665 -8.62524 -3.65967 -5.52588 -6.22217 
-16.6672 10.5347 -16.5889 -4.28931 -8.35938 -7.33911 -8.76758 -8.91479 1.73706 -5.39453 
-8.50684 1.11157 15.4558 0.384033 -39.6128 -13.0249 -7.89795 -24.7288 4.04028 -29.2192 
-12.572 -6.60059 -4.29468 11.0364 -23.7397 -6.53516 -28.6099 -15.8337 -10.4609 -3.9856 
-13.9893 -9.24023 -8.55542 -8.60059 11.1169 -9.58398 -14.627 -0.0217285 -7.87622 -4.38086 
-23.2654 -15.1865 -9.97437 6.56592 -28.8145 10.1384 -26.0095 -18.9707 -11.7122 -2.33032 
-16.8542 -10.7463 -1.01733 -13.116 -3.25269 -7.04688 14.3635 -23.3704 -1.62134 -18.4075 
-14.3389 -13.9407 -13.2996 -11.7896 -12.0005 -19.1973 -25.6504 12.1787 -16.9954 -0.393799 
13.6321 -22.1404 -5.06299 -14.708 -29.5889 -5.83789 -9.0752 -0.745361 -12.7234 -2.08887 
-14.0979 9.6499 -14.2654 -5.75488 -5.81445 -7.71313 -9.54126 -6.47925 -0.796387 -2.87061 
-12.2163 2.05566 16.062 -0.126709 -43.2937 -10.5984 -14.4585 -17.1733 2.96021 -31.4258 
-14.4023 -7.70752 -1.09424 10.4194 -29.7498 -2.48535 -32.823 -11.6912 -13.3625 -5.43384 
-16.4099 -9.42236 -12.1079 -9.61035 10.8936 -18.0869 -16.9705 -0.357666 -9.58789 -2.20508 
-22.009 -19.4663 -11.5066 0.740967 -23.3545 9.86938 -23.0562 -21.9771 -9.73584 -1.51416 
7.22803 -7.24121 -2.66479 -12.3337 -11.7646 -1.13135 -1.86035 -5.0166 -5.40625 -6.52368 
-17.2869 11.0933 -16.4626 -5.15576 -8.47437 -6.6958 -6.56689 -10.4216 2.46191 -7.08984 
-10.6089 4.82935 20.7195 -3.48511 -49.7156 -14.6135 -17.2207 -28.9436 2.26294 -39.1445 
2.51172 -22.1821 1.87402 -0.139893 -35.0979 -7.5376 -13.9441 -14.0923 6.3916 1.00928 
-16.9209 -16.1445 -9.08154 -7.21021 -4.78296 -13.7783 -21.6255 -2.11694 -5.84399 7.58154 
-13.9138 9.38306 -14.2888 -6.31006 -5.54102 -10.9812 -9.30811 -7.71362 -0.504883 -2.35742 
-4.26685 -5.76807 -3.33984 -13.4084 6.07495 -9.27808 -4.09741 -1.3479 -9.5188 -4.22632 
14.8215 -8.70776 1.94067 -15.5691 -24.4126 -6.31934 -6.5957 -6.14673 0.936035 -11.0647 
-2.04419 -9.95313 -3.94043 -9.896 -5.12915 -10.5852 -12.386 -1.51563 -9.16309 5.31055 
-3.99243 -11.9893 -12.4595 -4.74805 -21.7063 8.03906 -4.93994 -12.3843 -9.24438 1.75098 
15.2068 -14.0767 -3.96313 -17.4114 -28.9348 -3.41724 -6.81055 -4.52344 -1.73022 -5.91602 
1.78833 -14.0005 -0.0888672 -2.76001 -21.4133 -8.05518 -11.2693 -13.2202 6.65063 -5.01025 
17.8103 -19.4705 0.546631 -16.3105 -21.7351 -14.3962 -8.8313 -3.49634 -14.6223 -9.4729 
-15.741 -0.627441 -9.41235 -9.33838 -5.22437 -14.2144 -17.27 7.90796 -11.6943 -2.896 
-14.1606 -10.1155 -14.7927 -10.7483 -10.4338 -15.1174 -20.3057 8.83228 -10.0806 2.39014 
-11.5999 8.41748 -11.3403 -6.62915 -8.54565 -13.1929 -9.27124 -9.7041 2.11133 -6.27686 
-13.7253 8.40552 -12.0625 -6.70679 -3.60034 -12.2502 -10.4126 -0.812988 -0.574951 -2.1687 
-4.58716 -3.53784 15.3762 -0.990967 -55.2295 -15.7664 -21.5229 -13.6418 2.64795 -23.3127 
-1.72559 -10.1921 -4.08496 -9.5918 -5.00537 -11.0605 -15.7202 1.37354 -10.8992 7.87866 
-17.3103 -16.4578 2.54614 14.6243 -42.7686 -13.644 -32.2114 -16.2363 -1.6084 -15.5017 
-4.20776 -11.1182 -4.13257 -11.5608 -5.43628 -13.5869 7.81909 -11.3923 -4.18677 -10.3721 
-11.3433 -8.66089 -5.68042 -3.02954 -20.9753 -14.2051 -26.9331 11.0706 -10.7285 -0.711426 
-2.81714 -6.30298 17.6016 5.52319 -59.5962 -21.0867 -20.7869 -16.3411 4.37646 -27.9014 
-7.61597 -11.0103 -12.0505 11.5532 -22.0178 -8.854 -24.1797 -8.69604 -9.35596 -4.8645 
-5.54736 -17.2698 3.21655 -2.43799 -26.1802 -10.2122 -9.39429 -20.2974 9.20825 -7.67749 
-12.9512 8.53418 -12.1028 -5.01367 -7.71655 -13.3342 -10.9841 -11.5901 2.87231 -2.67236 
-14.8149 -6.35547 22.5769 0.851563 -26.6699 -20.001 -14.7471 -10.0823 4.72925 -38.9314 
-2.77295 -7.71143 -1.45142 -7.48438 -4.81738 -13.1289 -10.2041 -1.84619 -7.57153 6.61646 
1.21265 -23.707 0.641357 -3.07617 -28.8 -7.2251 -11.022 -15.8623 6.09961 -2.79053 
-2.99194 -12.6921 2.87134 -3.0752 -21.7805 -9.62109 -6.20581 -20.0925 7.71753 -10.5315 
-12.72 -10.8586 -8.93115 -9.17285 -14.2529 -21.4607 -26.1726 11.2637 -18.4451 0.647217 
-17.4031 10.1294 -15.6238 -6.02417 -6.43677 -9.29663 -6.53589 -11.0449 3.37891 -6.79346 
-14.2148 -14.0972 -10.9746 -12.0925 -11.9377 -20.4409 -24.4182 12.4387 -19.5042 1.79956 
-13.6453 8.73413 -9.66309 -5.61816 -8.4729 -16.7043 -11.532 -9.71436 3.62231 -5.9563 
-18.0669 10.7087 -14.8672 -5.45093 -9.29883 -9.59766 -7.27515 -11.3013 3.63892 -8.14697 
15.2852 -21.803 -3.68018 -16.4907 -30.5059 -4.69385 -10.6702 -0.599854 -7.74146 -2.50098 
-8.43018 -10.9214 3.26831 12.1121 -37.5405 -11.8215 -31.8418 -11.9912 -9.44849 -8.71118 
-2.19312 -8.8894 2.59277 -9.04004 8.21655 -9.45874 -9.34961 -2.50586 -11.998 -2.40259 
-2.66968 -6.80371 19.6138 0.313232 -59.0754 -19.1177 -17.5122 -32.9373 10.3701 -31.8955 
-2.69678 -23.0674 -3.81201 -16.7573 -12.6536 -3.6438 16.5442 -24.9045 -1.85425 -16.7947 
-4.11816 -4.91602 -1.0603 -8.81006 6.86646 -8.75024 -10.2151 1.10474 -13.6743 1.87744 
-11.7617 -6.61353 -8.87817 -15.2605 -8.88306 -10.1248 -17.1951 9.36646 -14.386 -0.156982 
-2.82764 -8.3584 0.525146 -12.5225 8.76685 -8.37646 -9.56714 -3.0813 -14.4954 1.53809 
-8.17896 -4.6333 18.03 3.06592 -58.3938 -25.7185 -21.988 -23.5608 8.61865 -29.3596 
-12.739 -1.38257 -5.64136 -4.35156 -21.2754 -23.7195 -23.9473 11.2373 -8.01221 -8.30713 
-6.97266 -17.0156 4.6582 -13.9531 0.119385 -11.1829 -14.6272 -2.60498 -14.6047 -7.09131 
-19.5583 -19.5071 -10.8008 -8.99268 -3.9165 -14.8271 -20.4343 -4.65967 -1.82617 9.53979 
-12.3669 8.60107 -14.1301 -8.27637 -6.85205 -12.4375 -7.25122 -4.92944 2.13818 -6.60107 
11.9526 -17.5359 -4.71362 -18.5308 -13.0916 -3.10425 -5.40771 -4.56982 -9.01855 -3.73413 
-3.95898 -25.9929 -3.8269 -11.385 -10.2441 -7.3623 14.0144 -19.2861 0.767578 -20.0134 
6.3623 -21.3704 4.70117 0.703857 -35.1326 -11.7341 -14.6711 -12.6052 7.03296 -3.40259 
-20.2881 -19.6782 -11.0967 -5.37646 -29.4744 13.5281 -10.7146 -25.8271 -15.0271 -2.58008 
-25.5225 -17.1323 -8.90186 1.92114 -39.0422 10.6338 -28.405 -32.3757 -8.23218 -0.0217285 
-21.7593 -29.5447 -8.53809 2.09912 -46.1357 10.1736 -26.158 -35.3499 -13.5815 2.74854 
-11.5127 -5.18311 -10.4451 9.53857 -35.8953 5.53345 -32.3096 -21.0251 -16.9746 3.57715 
-32.5469 -21.8093 -4.21729 5.53589 -40.8345 8.94922 -31.3694 -40.0205 -11.8909 -4.15723 
-14.4304 -18.2168 -8.03491 -9.65063 -9.26758 -22.2869 -21.4326 -1.51953 -3.96533 8.37207 
-15.6477 -7.04102 -5.20728 3.77515 -30.3767 -31.8672 -29.95 14.8108 -13.1758 -8.01099 
-7.13013 -4.97729 -5.05981 -9.04346 4.90869 -11.6775 -5.66309 -2.34277 -8.11133 -4.02734 
0.724121 -6.53247 2.37744 -5.8623 -16.8679 -11.5085 -7.48096 -14.7092 6.15308 -8.75513 
-12.9688 -17.228 -11.9907 -3.50854 -33.0603 7.99658 -12.8945 -16.5903 -8.82251 -6.00171 
-7.09033 -15.0522 -6.75903 -9.78809 -5.71729 -14.9487 -18.9001 -0.581055 -7.65234 6.26904 
-3.72925 -16.7468 -3.6897 -7.50122 -13.6479 -4.2207 8.48755 -22.9277 4.86841 -16.3298 
-11.54 -12.8792 -7.17773 -9.93652 -3.20752 -12.8684 -18.1912 -4.94775 -4.51489 6.76294 
-9.15698 -12.5552 -7.37646 10.4387 -35.3533 -0.304932 -25.3977 -8.84619 -8.97607 -2.87134 
18.4038 -19.8062 -4.29443 -13.8457 -33.0679 -3.97314 -8.85449 0.583984 -8.80859 -8.21924 
-23.1355 -10.7048 -14.6213 19.3257 -44.9214 -7.52246 -38.9294 -18.8281 -13.4409 -2.74878 
5.94214 -9.80957 0.811768 -7.86816 -22.8079 -8.60229 -6.42578 -12.4543 7.85645 -6.51514 
-17.3628 -24.7913 -7.71216 -10.5664 -9.48291 -15.0208 -16.9231 -5.83862 1.73096 8.43774 
-9.05347 7.6355 -9.01392 -8.29468 -13.6262 -8.6521 -3.38208 -15.7791 2.4624 -13.7849 
-1.16406 -6.2561 2.51245 -3.36304 -26.7991 -7.04419 -5.18408 -10.1995 6.84155 -8.99487 
-12.6973 8.80518 -11.5276 -7.05103 -7.09399 -13.1533 -7.72021 -11.7212 3.3147 -4.93286 
-3.79443 -14.7798 -4.74756 -4.89746 -6.15845 -3.21533 12.6182 -27.8354 -1.43286 -17.1445 
17.75 -21.8413 -0.933594 -18.647 -28.1636 -9.34863 -8.89087 -4.71387 -7.83228 -3.96094 
17.821 -18.5215 5.70532 -15.937 -18.1804 -4.78003 3.34497 -28.7471 1.86865 -13.3186 
-14.4937 7.91699 -11.5713 -5.44214 -5.55566 -2.03149 -6.56152 -13.1804 4.48901 -7.63159 
-13.6548 -3.63208 10.4641 0.756836 -13.0579 -9.03101 -14.1975 -21.9333 -1.4729 -11.9722 
-6.2207 -6.91016 0.394043 5.42993 -25.8984 -5.85229 -30.4551 -7.41162 -9.67822 3.2002 
-10.7678 -8.22266 -6.88428 -13.7815 6.81665 -11.8623 -5.54688 -2.41357 -2.9314 -2.39258 
-23.313 -16.2224 -16.5498 -0.139648 -29.3032 12.6104 -15.1245 -9.98535 -1.83569 -12.2808 
-13.1401 -19.6387 0.907715 -12.5942 0.0322266 -9.1084 13.5454 -19.4927 1.57788 -12.0251 
-8.82642 -0.167725 -3.58301 -12.0525 0.373291 -12.8857 -12.803 3.92798 -5.44043 5.43579 
-7.26831 -0.806396 -3.03955 -8.0105 -3.89136 -12.7576 -2.92114 -16.1199 5.50293 -14.1433 
-23.8237 -14.6375 -11.1912 -6.43579 1.58081 -14.2983 -23.9604 -3.94922 -4.54614 10.606 
20.0259 -18.1018 -7.83594 -24.3179 -17.3425 -6.69482 -2.06055 -12.3308 -12.1772 -13.8323 
-14.8101 9.4624 -13.5881 -5.36743 -7.40552 -11.7229 -10.7703 -6.91406 1.43115 -3.31421 
-7.24609 -6.35498 17.4771 7.3103 -40.6643 -15.0435 -19 -15.1824 2.3252 -25.8496 
-16.6973 -16.0364 -1.40308 9.46289 -26.8501 -8.60205 -38.8904 -14.6824 -7.67358 2.40356 
-12.1448 -5.56592 -10.4946 -13.1101 9.12988 -12.3376 -3.62012 -2.87598 -3.90576 -1.55371 
-7.74927 -5.03223 -6.05298 0.219971 -15.427 4.86377 -4.33008 -10.1001 2.71021 -9.12183 
-8.43677 -20.3936 -0.541016 -11.9089 -8.23071 -12.0686 14.6479 -25.0637 -0.644043 -18.8904 
-5.35791 -16.0632 -13.9077 -16.6338 -2.04199 -10.2705 -21.4114 13.3657 -23.4475 0.723877 
-7.79175 1.77197 -5.75757 -9.09082 -8.08398 -3.05713 0.500732 -20.5017 5.26294 -8.6687 
-20.8162 -20.3938 -10.8699 -8.26074 -5.47461 -10.054 -19.4397 -6.77905 -0.33252 9.10254 
13.333 -12.7949 -10.6313 -21.9111 -11.4192 1.02197 3.36963 -16.5237 -8.87939 -14.4243 
-15.6328 8.9729 -13.0535 -6.71069 -3.07642 -5.24658 -7.55542 -9.89575 1.70313 -6.96191 
-0.335449 -7.50439 16.792 3.8186 -49.8389 -19.5469 -17.1113 -25.1255 8.44727 -23.585 
-10.9978 -12.7239 3.67554 5.97559 -28.5894 -11.7668 -36.5896 -9.98438 3.2229 -4.89624 
-16.3877 -0.240479 -12.7637 -10.2554 6.91382 -6.63403 -7.66797 -3.04321 -2.97217 1.03711 
-26.7166 -20.2556 -10.6731 -3.89063 -24.3979 11.6541 -16.4387 -33.0422 -4.06812 -5.30127 
-16.3108 -25.7271 2.52051 -16.7886 3.46606 -13.2166 17.8926 -18.248 -8.22681 -14.4758 
-8.5293 -18.8904 -12.8552 -19.1265 -2.04077 -9.61255 -18.2732 6.63208 -16.2305 2.73267 
-19.198 -8.58374 -9.3335 -4.44067 -5.13672 -7.33325 -6.52905 -12.4255 10.9097 -16.4299 
-20.584 -6.63623 -11.1548 -6.53149 -0.517822 -10.2788 -14.8616 -8.00439 -5.46484 11.2004 
-6.23657 -13.9434 0.908447 1.95142 -31.3787 -1.4519 -31.7366 -4.41748 -1.13013 -0.736328 
-27.7937 -25.3418 -23.3242 -3.71533 -28.4675 13.8672 -20.304 -21.3137 -6.27515 -1.23315 
-12.708 -5.65259 -5 9.5564 -26.6116 -4.18677 -34.2344 -19.8491 -11.1716 -0.618652 
-0.859131 -5.40039 13.7832 5.8894 -40.7905 -20.781 -19.4175 -16.7566 7.16553 -22.0789 
-16.3206 -10.3982 -8.10205 -6.83545 -1.6626 -9.71069 -16.7322 -6.7417 -0.365479 8.12646 
-18.3081 -7.81958 3.14331 10.0149 -42.835 0.32373 -43.6177 -17.708 -4.90869 -7.77344 
-10.801 -2.93286 17.5286 4.05859 -36.9338 -20.4343 -15.3662 -16.7642 6.57251 -25.1826 
-13.8489 8.87549 -13.0479 -6.88135 -2.18066 -10.4482 -11.0215 -4.39771 0.443359 0.0310059 
-11.8816 -2.98511 -14.1123 -13.429 7.55884 -11.3042 -4.15576 -4.24683 -4.76758 -2.64087 
-27.502 -8.25488 -26.2476 -3.76978 -35.7148 15.6316 -17.7686 -25.9558 -19.7244 4.07617 
-9.88232 -16.26 -14.3706 -10.4106 -34.2229 9.51318 -8.0293 -19.0002 2.27197 -9.16748 
-1.66309 -3.83594 7.30371 4.7522 -29.0979 -13.3953 -15.0823 -13.5469 3.6499 -8.36206 
-13.1045 -8.64185 -4.18994 6.01074 -32.7651 -2.40576 -32.4653 -11.3977 -10.2683 4.56079 
-10.4856 -9.01538 12.2795 3.6582 -19.4172 -10.3105 -21.1714 -18.3088 -1.82788 -8.14233 
-16.3821 9.24414 -14.5833 -5.28418 -5.00122 -7.89014 -9.75317 -4.8186 1.48462 -8.75684 
-12.5156 -9.92969 -3.15234 8.45337 -15.146 -0.952148 -19.1655 -12.5684 -7.75757 -15.6262 
-15.1951 -15.2466 -10.0229 -2.54614 -3.62329 -0.944336 -18.0396 -8.21387 -0.846191 5.84302 
-8.77808 -9.6543 -6.55151 -10.0417 -9.01489 -14.6147 -19.2078 8.4209 -20.1697 -0.687744 
-13.6616 1.43286 20.2803 12.2996 -29.6809 -23.3801 -22.8303 -29.2754 0.989746 -38.7288 
-7.56543 -2.99927 -18.1047 -18.6819 -11.8701 4.47388 1.42407 -15.7896 5.13013 -14.313 
-13.4177 -7.89917 18.6843 13.425 -41.3232 -21.9302 -19.6521 -33.554 5.6543 -31.7656 
-15.5374 -8.96191 -9.29956 -9.72339 -1.70459 -4.83813 -5.55518 -16.5654 9.68311 -13.3914 
-15.3499 -6.69751 -15.4565 -9.60181 1.23584 -9.92871 -15.5281 -3.82056 -2.36011 10.3074 
-10.783 8.73511 -7.9458 -6.99634 -13.5076 -12.8076 -3.69067 -10.8918 2.21387 -14.0276 
-16.6353 -9.93359 -7.80957 -7.56372 -4.43359 -6.91675 -0.580078 -18.5833 9.69727 -21.5527 
-8.83984 -7.99707 -0.645264 -7.85376 -12.793 -7.38403 -3 -11.1169 9.05688 -13.3801 
-12.9414 -4.51416 -9.11206 -12.7097 -2.698 -8.51172 -19.8994 7.64331 -9.95337 5.85718 
-19.9182 -19.0493 -9.1123 -7.66846 -11.4851 -2.78882 -3.72705 -12.6221 11.8459 -17.8828 
-13.312 8.69775 -12.2021 -6.46753 -4.92822 -13.6594 -10.323 -3.12573 0.664551 -2.46167 
8.72241 -15.8188 -0.825928 -3.60034 -30.6235 -4.06934 -7.22778 -9.85303 1.20215 -2.45215 
14.2273 -27.426 2.67285 -11.9932 -19.5103 -13.3657 -4.25488 -20.9966 2.64844 -8.12695 
-9.86279 -3.62622 2.36206 -5.4751 -16.1819 -12.3223 -16.6401 0.63916 -6.0708 -7.6167 
-14.1069 -6.427 -0.266113 -5.79468 -19.636 -20.905 -20.6143 3.59863 -3.46875 -3.24243 
-11.3618 -3.67993 -6.65576 -0.562012 -12.9287 -4.21338 -6.16943 -20.3882 9.24072 -8.23438 
-22.1799 -14.884 -17.7356 -12.1033 -17.5376 -20.0496 -26.668 13.4937 -21.8708 0.175293 
-22.1191 -22.0632 -24.3801 -3.57739 -15.2097 14.9146 -13.6912 -15.9897 -1.56641 -7.13721 
17.4626 -20.8916 -3.92407 -13.5039 -32.218 -7.50049 -10.4114 -4.61401 -15.2751 -2.83276 
-25.5784 -17.6729 7.63501 -14.126 -8.53003 -4.84131 16.3604 -33.792 0.777588 -21.2778 
-11.6311 9.85498 4.06226 -11.5684 -16.7942 -10.6069 -2.53198 -14.1477 4.67383 -13.322 
-18.502 -6.44019 -6.03491 2.81958 -34.2102 11.928 -24.78 -26.925 -6.64551 -1.54663 
-11.2305 -1.41064 -6.02686 -13.1326 -5.96997 -11.6694 -20.2483 10.6128 -19.2349 0.26001 
-17.9792 -4.87134 -13.3044 -7.20142 8.80957 -14.0117 -13.6995 -4.59131 0.415039 -4.76855 
-19.5803 -10.1365 -1.22412 -16.4858 -1.83862 -7.45801 14.8848 -32.3872 4.26685 -20.1196 
-10.4802 9.7522 -11.1375 -7.89673 -7.98169 -16.834 -6.93237 -2.95117 2.32666 -8.73535 
-8.78052 -1.08252 12.875 -2.64233 -15.3572 -6.7251 -20.7754 -12.6321 -4.49219 -4.74243 
-31.8518 -32.2334 -26.5779 -6.63428 -41.4158 17.4163 -31.3611 -13.8796 -11.022 1.79858 
22.4277 -26.7432 -8.62915 -23.6089 -33.7991 -4.16528 0.268066 -7.40186 -11.8428 -20.5432 
-14.0588 -11.1707 -15.2412 -11.9165 -8.15381 -16.7703 -22.4106 14.4878 -21.1943 2.80493 
-23.7861 -7.21729 -14.2964 -1.60181 -3.6228 -19.8586 -18.4746 -2.42969 -9.56519 10.7441 
-26.2043 -17.3198 -12.2407 -3.63306 -0.198242 -16.988 -21.3723 -5.78638 -8.0481 11.1382 
19.2173 -16.739 0.549316 -10.9434 -39.2937 -0.79541 -15.324 -13.5386 -15.7603 -7.79175 
-9.34009 -12.3721 4.2854 5.65234 -30.2024 -9.24097 -32.4719 -8.75195 2.47778 -6.22559 
-9.0979 3.64233 -3.72949 -2.22241 -12.6475 -7.50952 -1.63062 -20.8411 8.33667 -19.2524 
-13.4153 -9.125 0.410156 -1.28003 -1.84839 -6.05225 -9.51294 -7.71436 -7.07324 -8.11841 
-13.5466 -9.01196 -7.9624 -13.8816 5.35254 -6.85718 -4.83398 -5.61694 -10.4099 -12.1023 
-10.48 -4.59473 -10.6494 -7.23999 -12.124 -2.59692 -2.7395 -13.3069 6.37036 -10.3867 
-13.6414 8.31104 -14.752 -5.69531 -3.66064 -10.8337 -8.53198 -3.71216 -0.105469 -3.04785 
-2.43774 -7.35693 -2.74219 -0.770752 -14.9346 -4.53711 -6.09448 -8.18115 6.29541 -1.16504 
-21.4531 -19.1506 4.21924 -9.54443 -6.7583 -12.0183 14.449 -22.2351 1.06494 -16.6665 
-16.4653 -18.4355 -16.51 -4.89478 -30.3857 7.24634 -14.3284 -15.6145 -8.22998 -1.30688 
-14.6521 -25.2798 -9.33667 -6.74072 -2.9856 -5.46606 -15.3447 -9.37964 1.53711 8.33911 
19.2388 -25.2639 -8.02686 -14.5149 -34.1418 -6.77002 -7.61499 -4.48511 -16.5457 -12.2456 
19.3171 -23.3501 -4.36401 -16.9155 -29.9375 -3.98364 -4.97998 -2.06763 -5.4751 -15.6628 
21.5144 -24.3511 -5.50488 -20.074 -34.1555 -6.87231 -7.33081 -2.50635 -8.56104 -9.38477 
-6.79248 -12.3232 0.163574 3.8877 -17.8875 -9.98486 -26.5833 -4.62036 0.742188 -0.990234 
-11.0015 -5.33643 -6.2688 -12.0505 -5.17041 -11.1782 -21.313 9.62793 -17.8574 -0.404541 
-17.1243 9.73071 -16.3574 -5.82178 -4.73511 -11.7131 -9.23804 -4.28467 1.62451 -5.67847 
-17.0427 -19.9263 5.00439 -14.9766 -5.02612 -10.9207 17.8401 -19.1155 -8.39087 -19.8845 
-14.0139 -3.12402 -10.3879 -10.7673 7.9668 -8.41626 -8.75464 -1.61938 -4.3645 -6.16309 
-12.863 -6.60181 21.0613 5.20898 -35.9316 -25.3977 -18.585 -25.2046 3.15625 -29.1746 
-23.2007 -10.946 1.55908 -13.3479 -3.53735 -7.71436 13.197 -24.2144 2.10889 -14.7654 
-7.15527 -15.8601 -2.11792 -17.7578 -3.88013 -5.03857 13.467 -24.679 -6.85449 -5.92993 
17.3596 -18.9019 -0.571045 -12.6829 -35.8259 -2.63721 -10.3711 -12.8147 -7.22363 -7.87793 
-6.93872 -5.90845 2.51074 -11.3857 5.49365 -8.31738 -2.59058 -9.81982 -7.29004 -8.77441 
-10.627 -8.27979 -12.5444 -5.57324 -27.0022 6.43042 -13.2253 -15.0396 -6.20532 2.88721 
-7.94165 -0.414063 -10.3484 -11.9526 3.65771 -6.8562 -1.59106 -2.31787 -3.74536 -3.49365 
-14.093 8.84082 -12.4167 -5.74048 -4.4939 -9.73535 -8.51587 -4.44751 1.01733 -5.32251 
-14.1238 -4.75952 -4.96802 9.17285 -29.5815 -7.46777 -31.6555 -13.239 -5.4873 -2.36768 
-14.1323 -0.188232 -1.74316 -6.13477 -7.36694 -12.7031 -3.58765 -18.4966 8.06055 -20.115 
-12.4504 -23.5479 1.34448 -16.165 0.112793 -11.8335 15.478 -21.7817 -7.21167 -12.9417 
-13.6389 -6.00586 -0.808594 7.09668 -22.0071 -1.38086 -32.2263 -6.54565 -6.73755 -2.67383 
-12.4294 -18.8206 -5.29077 -6.04321 -6.28076 -13.3433 -16.635 -9.30396 -1.55273 6.17065 
-15.6375 -13.0215 -10.9395 -7.05786 0.410156 -6.63184 -17.5581 -2.84766 -0.433105 7.20825 
-14.4993 -32.1956 -20.6458 -14.3633 -21.8428 12.0623 -4.99048 -14.6746 7.15137 -12.9434 
-16.4055 -15.303 -4.44287 -5.03149 -6.26172 -18.2866 -18.3057 -7.52686 -4.96631 7.27686 
-11.7688 -11.1912 0.332031 10.48 -38.4685 -6.18701 -37.4873 -12.022 -8.71631 -2.53223 
-14.7742 -5.93262 -7.9458 -8.86084 -4.14673 -15.9077 -21.3848 6.42944 -9.28711 0.890869 
-10.0056 3.32178 -5.2002 -4.24561 -15.926 -3.80322 -7.97021 -14.0552 7.62256 -7.87036 
-18.8608 -1.29468 -15.0837 -0.0429688 -25.5293 7.94336 -19.73 -9.0293 -13.7771 -1.93823 
-11.9053 -20.4934 2.88232 -16.4583 0.21167 -10.1201 12.9507 -18.2859 -6.15234 -9.53271 
-12.1765 -8.23047 -1.52954 -8.53198 9.72559 -10.7522 -10.769 -10.1052 -4.72266 -9.08105 
-7.89819 -8.64575 -3.47461 -16.3872 -5.64233 -12.4609 -15.9854 6.1936 -9.55835 3.59692 
-20.385 -13.6462 0.700195 -9.38672 -4.41211 -8.36743 11.4192 -24.8337 -1.72168 -11.5479 
-9.14233 -2.55737 20.4727 1.38525 -46.407 -22.6885 -18.7263 -21.4321 7.48706 -28.1616 
-7.41895 -3.66772 13.5422 1.75854 -39.5466 -19.7878 -18.1643 -17.0361 3.99048 -11.2449 
12.0164 -21.3718 -1.40479 -10.6296 -27.083 -4.04858 -6.66016 -10.4043 -0.413818 -7.98169 
-5.59399 -18.9817 -2.68018 -10.561 -8.24829 -6.27173 -8.83472 1.25391 -3.91504 2.49658 
-13.741 -0.283691 -15.4707 -12.189 6.73657 -7.56592 -5.15723 -3.96582 -4.66675 0.0305176 
16.1516 -16.9998 -0.527832 -16.0925 -28.0432 -9.8186 -8.65381 -3.39307 -6.44043 -3.30029 
-9.07056 8.44067 -7.646 -7.70679 -12.8167 -11.9473 -5.77075 -10.8384 1.86719 -13.9949 
-11.5034 -5.01733 14.293 3.80225 -18.2664 -18.447 -12.4988 -14.0359 5.33228 -19.5527 
-16.4836 -11.6594 0.979736 10.8457 -31.4146 -6.24609 -32.1992 -17.6091 -2.65771 -0.252197 
-12.2234 -17.041 -7.73389 -11.6482 9.29419 -14.3125 -16.4531 1.80859 -11.2849 -2.56348 
-10.3696 -23.9714 -13.7585 -4.79858 -24.2715 4.84741 -13.8997 -13.8535 -5.50903 3.52002 
-8.11841 -4.94336 -0.947021 -22.9795 -3.13672 -6.35083 10.7283 -9.97314 -7.50903 -23.8679 
-14.3582 -14.6614 -11.8298 -8.08325 -10.8662 -8.17139 -19.6038 10.7219 -11.4243 0.362061 
-5.75244 -2.66919 0.13501 -6.19287 -20.6519 -8.57446 -4.7019 -10.6528 7.27881 -8.71777 
-10.1094 -11.4465 -4.18799 -7.40552 -9.76587 -10.0269 -17.3286 -2.98438 -4.55029 8.76318 
6.09717 -13.5042 -0.905762 -9.45483 -11.0796 -10.6306 -11.8005 -6.97925 -15.4106 -7.28271 
-10.2402 9.52271 -4.36377 -7.25781 -12.2361 -15.1902 -9.03076 -3.28467 0.328613 -14.6064 
-16.7273 -5.9895 23.2051 2.18848 -43.3259 -18.2852 -23.4858 -17.8948 1.89038 -41.0288 
-16.5217 -10.8035 6.40088 3.09082 -15.1345 -15.1648 -21.386 0.616211 -6.84595 -9.71069 
-15.9089 -2.82983 -10.0999 -2.14771 -6.10229 2.12402 -5.1416 -10.7297 -2.23462 -7.21338 
-9.29736 -16.3823 -2.2644 -11.2297 -7.05786 -9.74536 13.1252 -15.2163 -4.29248 -14.1069 
15.7146 -23.7241 -4.23438 -11.2114 -19.8889 -10.739 -22.2612 -4.87427 -26.7117 -10.0693 
-8.09253 9.68945 -6.09692 -10.9485 -10.9709 -15.6643 -5.43286 -8.06836 0.702148 -13.2546 
-15.2742 -2.97559 17.8728 6.68018 -28.3916 -22.6875 -23.0298 -15.0471 1.1189 -38.209 
-11.5815 -12.5146 -4.75146 7.5022 -15.9988 -2.05713 -23.8413 -8.28003 -5.51758 -6.13647 
-15.593 -13.5579 -6.27417 -13.5571 8.51538 -12.2786 -10.1816 -6.43408 -1.40503 -1.94189 
-20.9868 -8.92603 -6.76465 -0.0410156 -21.1152 10.2327 -15.7817 -23.3511 -12.8833 -5.92432 
-12.5183 -9.55737 4.80371 -13.7468 -2.81152 -7.12646 14.6196 -27.5869 -5.84888 -23.1013 
-9.7395 -5.90869 -1.1311 -9.67017 -22.2241 -8.47144 -5.17578 -22.6013 12.0229 -18.2834 
-14.0352 5.58105 -6.96851 -4.62305 -18.0925 -13.6167 -16.0203 3.22144 2.43286 -3.98267 
-3.8186 4.86719 -3.34692 -8.81396 -10.7981 -10.5774 -1.92114 -10.7366 2.53223 -12.553 
-13.709 -11.3279 -1.72363 9.66479 -25.9429 -14.6179 -21.9622 -8.37427 -1.06323 -11.5037 
-11.8418 -9.17261 14.6904 1.17407 -12.0664 -27.0217 -13.3318 -17.6165 1.57202 -27.321 
-2.021 -10.863 2.30493 -6.97559 -17.6309 0.885986 -0.700684 -17.7903 3.61597 -16.0803 
15.2761 -22.5037 0.668701 -11.2622 -17.1096 -12.5754 -13.1504 -5.11084 -23.6042 -5.43237 
-16.7202 -3.38989 -7.85327 3.06909 -30.5159 -27.9219 -31.2776 14.6428 -14.1841 -8.9751 
-14.4446 -12.3748 -17.1152 5.42139 -14.2834 7.96948 -11.4121 -22.5876 -9.20459 -7.81958 
-14.9094 -17.8682 -9.60669 -9.45068 -12.6379 -11.8105 -13.4514 -5.05249 -6.22607 6.09448 
-0.310791 -14.384 -7.26294 -9.0498 -9.87598 -3.90503 -10.1614 3.02734 -7.14478 4.65259 
-9.3916 -14.6143 -5.97192 -14.05 -13.9209 -1.98169 18.2549 -28.0591 -8.66357 -19.446 
14.0293 -26.6621 -2.81714 -10.9194 -1.41797 -7.79541 -3.07349 -6.87183 -16.5896 -4.29639 
-8.9978 -4.92603 -8.96753 -5.16797 -5.61719 -17.0173 -12.4893 3.63477 -9.40894 6.34521 
-22.4812 -20.6462 -13.3596 -12.1726 12.2734 -15.9395 -14.2478 -8.14551 1.42896 -1.96851 
-8.48804 8.59888 4.97168 -10.6536 -9.22827 -12.2224 -4.65479 -8.94458 -0.201172 -19.678 
-12.262 -13.155 1.6604 11.936 -29.2534 -14.0154 -36.189 -16.7986 -8.28223 -8.20117 
-12.1646 -12.5605 13.0994 -1.40601 -14.8088 -13.9885 -8.729 -17.7754 4.88867 -29.4648 
-7.04468 9.1123 -3.00854 -7.448 -12.4587 -13.0239 -4.26929 -10.28 2.01465 -18.9775 
-12.2239 -12.4331 17.1262 -1.198 -28.334 -11.3547 -1.94849 -23.0039 5.17749 -46.5623 
-8.8335 -13.9441 -5.7207 7.24268 -27.9751 -10.4233 -19.928 -9.43506 -2.57642 -5.33984 
-2.78979 -19.1294 0.249268 -8.84814 -26.4922 -7.36499 -17.3093 -16.2903 11.1072 -9.25073 
-14.4792 -13.8335 -6.39746 12.7004 -43.531 -11.3911 -36.5791 -15.3562 -3.63623 -4.07666 
-16.9778 -5.71338 24.7068 3.7063 -41.5061 -26.6079 -19.6362 -28.1694 5.15796 -49.6328 
-9.18457 -21.478 -5.74023 -25.8228 -4.54004 -7.81592 20.5671 -20.1375 -13.2085 -20.3789 
-9.31982 -15.3386 -8.1665 -3.64575 -27.0525 1.14844 -7.77222 -16.1841 -0.633301 -1.17822 
-11.1143 -9.48535 -2.37598 -8.89624 2.42139 -3.19702 9.05322 -21.127 -10.5623 -17.4551 
-0.0874023 -9.62793 1.29883 -6.14648 -18.3623 -8.56714 -7.17896 -17.7537 5.89502 -9.16675 
-22.5359 -8.08008 17.9792 3.3623 -33.116 -12.0593 -17.8022 -21.7932 -2.45972 -37.8467 
-12.4124 -13.5061 -0.951416 2.22754 -17.5867 -6.92114 -36.6348 7.47363 -10.3047 -0.214111 
-20.9739 -11.2146 -10.7336 -9.51196 10.6753 -18.9592 -12.9492 -9.03516 -1.18457 -3.03296 
-6.24023 -10.4663 -3.90796 -5.37402 -22.5767 -3.2959 -11.8235 -11.4624 11.3164 -11.6821 
-7.95166 8.4856 -4.05322 -5.19019 -8.96948 -15.52 -9.33081 -5.16064 4.13306 -13.0234 
-12.0789 -21.9133 2.47754 -15.208 -19.4595 -2.53662 -10.9299 -13.5889 11.7944 -10.384 
10.0464 -7.22095 2.08472 -3.71704 -9.99927 -15.4717 -6.88525 -7.83765 -10.3286 -11.9155 
-20.446 -16.4937 -10.7031 0.323486 -31.8411 10.2058 -21.7915 -24.9807 -10.2104 5.0564 
-16.2668 -5.07813 4.23511 10.1267 -28.1951 -13.4526 -28.0781 -13.0942 5.09375 -13.2175 
-13.3306 -13.2053 -11.8887 -6.4978 -4.75464 -9.74316 -18.1653 -2.68604 -3.14111 9.00366 
-7.39429 -20.2209 -2.52222 -11.4106 5.61646 -10.6243 -8.25269 -4.35815 -7.9021 0.165283 
-8.87109 7.90112 -6.72729 -9.1106 -15.3889 -13.0911 -4.71655 -12.0281 1.71118 -14.6755 
2.21997 -20.3745 -6.97998 -12.699 -6.13306 -7.76929 -9.90796 0.31958 -12.4751 3.02148 
-32.332 -16.7996 34.3362 15.4023 -40.9209 -26.1875 -20.2891 -52.4695 -3.47705 -51.8496 
-8.95801 8.27954 -4.56152 -7.90186 -12.4993 -12.6885 -4.1377 -9.07544 1.16675 -15.5596 
-9.26221 -14.9106 -9.19727 -9.34155 -13.541 -5.13257 -15.6572 -2.90649 -6.7688 7.20361 
-19.7732 -10.033 -3.30493 -11.4526 -6.88281 -4.4939 13.7549 -22.6553 -0.756836 -15.9387 
-10.5266 -6.34204 -6.04712 -5.89526 -16.1436 -17.2205 -23.4893 12.3198 -11.72 -7.04712 
-17.8528 -20.8984 -11.5723 -8.75635 -7.96582 -7.50879 -23.2495 -5.96973 -4.04053 8.72339 
17.1013 -28.9424 -8.23511 -10.8511 -9.88843 -12.2629 -4.69775 -11.281 -21.6287 -8.3396 
-10.7319 -23.5232 -9.8479 -12.78 9.51465 -16.2527 -7.47852 -10.0908 -1.67163 -7.07861 
-15.803 -5.51758 -0.45874 -16.4187 -0.70166 -6.83911 14.6218 -16.6804 -7.85669 -18.6643 
-10.2139 10.5261 -1.22168 -7.1792 -12.0757 -15.9226 -7.20972 -6.89819 2.4397 -18.2417 
-15.187 -6.78394 -10.6294 -1.09229 -24.0068 -25.01 -27.2151 11.5681 -8.05298 -3.95215 
-16.5588 -2.12549 -1.46118 11.7847 -28.5955 -9.13965 -39.6499 -21.4192 -9.54443 -5.68774 
-17.4841 -2.99414 -6.55908 -1.33521 -17.4556 -6.12622 -13.2729 -20.9932 11.8738 -15.5591 
-10.7922 -3.99976 -7.65283 0.94873 -19.3257 -16.2427 -26.3928 10.1868 -12.845 -7.9646 
-24.7227 -0.00317383 19.6797 7.40088 -31.667 -19.6838 -27.2195 -12.1626 -0.962158 -38.2742 
-1.52539 -19.0913 -4.31836 -9.59253 -10.4922 -18.8584 -14.2324 0.621582 -14.887 5.34399 
2.62939 -15.1941 -2.31396 -4.14282 -11.8628 0.601318 4.21313 -17.6865 -4.92993 -8.65845 
-12.835 -16.251 -11.7173 1.09644 -29.2358 5.31079 -21.2622 -17.425 -8.62769 6.35498 
-17.3003 -15.2874 -9.85474 -7.83252 -13.5671 -1.39429 -8.09814 -17.9507 11.7527 -10.0483 
-11.4482 -5.93433 -13.6172 11.8672 -28.5139 -1.56274 -35.9167 -21.5386 -8.60474 6.48804 
-13.4409 -13.5291 -12.0081 -8.09082 -9.42896 -13.2971 -15.4009 -4.14453 -1.22266 8.69995 
14.5608 -19.3718 -2.85522 -6.71338 -15.7075 -10.4143 -9.02808 -11.6543 -21.5825 -6.02271 
-13.8987 -12.2302 -14.0586 -2.08179 -26.3662 5.90967 -17.1055 -9.34546 -9.20142 4.66284 
-13.4402 -5.10742 -7.88916 0.166992 -19.8416 -23.1104 -24.6389 11.5596 -10.751 -2.80713 
-6.92041 8.54126 1.9397 -11.6797 -13.0161 -12.5156 -4.74463 -12.5203 -0.954102 -16.4714 
-9.46143 -12.7979 -2.98975 -13.2388 -9.48804 -3.02759 16.1775 -29.115 -1.33179 -14.8945 
-8.00879 10.7322 1.75024 -8.53467 -12.8457 -12.6956 -5.56396 -10.4778 0.363037 -21.7246 
12.4534 -14.1741 3.31421 -6.84985 -20.2756 -4.65063 -4.2356 -9.91821 -0.707275 -5.73877 
-25.7661 -18.1902 -17.9885 -5.96973 -6.05713 -19.6572 -23.9531 -2.95654 -10.2893 14.272 
-5.99487 -6.87988 1.62451 5.78711 -4.23315 -10.2046 -10.0911 -5.25562 -2.25806 -16.3855 
-18.2256 -1.07227 1.9397 8.78442 -23.4495 -9.35034 -29.5732 -13.3088 -12.2439 -5.96851 
-17.1331 -18.4336 1.37573 -11.8994 8.5957 -27.3799 -13.0505 -16.6218 -13.8679 -7.62036 
-14.979 -19.2769 0.590332 -12.0574 11.3652 -19.0532 -7.19629 -15.218 -9.77148 -6.50659 
10.3879 -6.88013 0.532227 -7.35767 -24.4521 -5.20801 -5.60449 -10.4478 0.184814 -7.52173 
-6.24023 -8.11646 0.64624 -10.4387 -2.31519 -3.69971 13.7971 -19.1465 -5.54858 -23.3193 
-6.06006 -9.49097 17.2222 2.41479 -35.7834 -20.6987 -16.7717 -13.9634 5.33765 -25.4006 
-13.907 -3.87598 -7.04272 3.22949 -28.8726 7.07373 -19.4504 -20.825 -4.93848 -1.33447 
-13.6069 -19.2627 -1.52588 -12.0054 9.71387 -16.9614 -4.74023 -8.8252 -5.90771 -4.22559 
-1.05688 -6.18677 12.2119 1.90991 -39.5566 -13.3994 -16.3904 -9.8938 2.14429 -20.2222 
-15.0142 -13.3733 -8.15063 7.01123 -15.1748 -16.4331 -20.6179 -0.953125 -0.705078 -8.40796 
-8.59082 -13.3918 1.75073 -11.1892 4.61328 -18.1934 -7.2854 -3.27173 -6.58838 -2.88159 
-13.5154 -26.7568 3.0752 -17.0344 -1.7749 -14.6824 20.8289 -23.0842 -9.71997 -14.0117 
9.24805 -16.5068 -2.69458 -6.67456 -8.06079 -10.8872 -5.05054 -5.86157 -11.2217 -7.26074 
8.77954 -16.1824 -6.26025 -8.65479 -26.8667 -5.64844 -5.80835 -14.4502 -14.7332 -6.61328 
-33.0447 -4.14551 26.0437 -0.366943 -27.0225 -7.81152 -13.2878 -25.4092 -11.7876 -30.4915 
15.9983 -20.9167 -1.37402 -9.84351 -27.4685 -2.06958 -15.5095 -8.0542 -15.6921 -1.5813 
-10.3145 9.05347 -11.7637 -5.90918 -13.9873 -7.3374 -1.11768 -18.2866 3.60498 -14.2087 
-1.53955 -17.8394 2.94849 -12.9358 6.39648 -8.66455 -12.8704 -5.94214 -10.2192 -2.80615 
-13.5222 -17.3159 -10.6064 1.44629 -29.7087 4.59912 -29.8647 -15.0518 -13.855 3.87451 
-8.67407 -11.3328 -2.03101 -13.7334 -10.6509 -1.39282 14.4636 -33.8389 -1.36499 -17.2803 
-1.70386 -16.0811 -0.259033 -11.2166 -10.6348 -10.9839 -9.34106 1.91504 -0.0595703 -6.58765 
-8.04175 -4.22632 0.00537109 -3.11816 -22.2336 -9.57813 -12.4255 -19.6963 9.62524 -10.6128 
-18.2944 -12.6648 -10.8528 -7.84497 -3.72388 -15.8979 -19.3035 -3.83057 -5.2583 10.2917 
16.1189 -13.8594 -4.8501 -12.1624 -14.3008 -3.01123 -9.73145 -3.12207 -23.6851 -5.84888 
-6.91211 9.90503 0.0939941 -9.14087 -15.4883 -16.8223 -6.49268 -10.6833 -0.924561 -16.5054 
-12.2297 -4.32056 13.4893 -1.93066 -17.9131 -11.7197 -15.3533 -13.4211 -1.17822 -18.9722 
-16.2539 -4.21338 -1.35376 6.70972 -9.04199 -3.1665 -10.7974 -11.4014 0.294189 -13.8306 
-8.45972 -8.55371 -5.46509 -10.585 2.91602 -7.87012 -19.0938 2.43311 -16.4829 -2.4248 
-12.6658 -12.2188 -3.59253 -1.50269 -24.8999 4.9397 -16.7271 -15.3113 -1.88013 -5.17651 
0.456543 -20.3462 -3.36816 -17.054 -13.8213 -3.49951 13.0393 -31.6194 0.343506 -18.6106 
-10.3064 -6.28857 -4.12573 -11.0828 -2.95923 -21.1062 -8.8457 6.15161 -7.54883 -3.34692 
-10.0356 -7.91846 -2.32104 -8.44189 -24.9746 -5.4895 -8.67944 -26.0723 12.4114 -14.9226 
13.2861 -11.5713 4.2771 -4.24438 -18.5149 -14.6272 -13.7202 -6.93262 -10.6555 -11.8191 
-11.7454 10.5757 -10.1868 -6.85669 -11.7334 -15.7244 -10.9009 -0.35498 3.73657 -11.564 
-14.4397 -1.60596 20.1226 3.95142 -32.0337 -21.4346 -19.9438 -23.1772 -0.635498 -36.8167 
-18.8806 -2.3833 5.87573 13.7026 -38.6155 -8.24902 -40.2925 -24.0776 -8.35034 -12.427 
-4.64185 -2.43262 4.48438 -9.19238 7.1626 -9.78931 -8.62842 -0.841309 -10.8542 -4.44287 
-21.0518 -4.05859 -6.84277 0.332764 -36.4836 12.9307 -23.5647 -29.8005 -8.85278 -0.561523 
-11.4363 -9.52856 1.03809 -11.3474 -11.1072 -5.22852 20.0264 -32.2849 -0.722168 -30.9241 
-12.564 -9.17017 -0.437012 -13.7573 1.77808 -16.9175 -5.72388 5.79492 -8.25562 -7.93311 
-3.95728 -3.54688 -0.713379 -6.70215 -26.543 -4.77246 -7.54102 -15.5691 8.18164 -8.25464 
-17.1912 -14.1912 -6.41602 -9.06592 -7.1228 -20.5723 -15.3438 -5.24536 -9.81006 7.7561 
-11.1436 -12.6968 6.57471 2.76538 -31.718 -19.7493 -18.3572 -26.5552 15.1978 -12.989 
-14.7607 -2.62866 -7.4187 -10.2212 2.91919 -13.4802 -7.41553 5.26367 -4.99731 -6.44507 
-16.7271 10.634 -16.4705 -4.46753 -6.65552 -7.31445 -7.354 -9.46289 0.687256 -7.82568 
-15.5413 -5.54053 -1.06616 13.2312 -32.231 -1.91235 -35.386 -23.48 -9.0835 -6.16211 
-16.3584 -5.97534 -1.1333 -9.92456 -4.25195 -19.8315 -13.406 9.08496 -6.1084 -3.16626 
-24.0811 -9.94971 -1.03784 8.83813 -50.5217 11.0417 -39.9893 -29.1091 -11.6748 -3.63428 
-8.90112 2.87231 27.094 -1.38403 -60.0618 -26.1172 -28.3638 -23.5754 3.15283 -41.5891 
-4.48584 -14.9363 3.01318 -1.86548 -28.3318 -13.5825 -13.9167 -9.58398 11.0444 -11.0347 
16.2124 -18.1047 0.981934 -12.3198 -30.0735 -8.77197 -11.9126 -5.22729 -7.98657 0.931152 
-12.7576 -9.17163 -5.01978 -14.0984 -0.753662 -21.6721 -13.0588 9.30713 -8.91504 -4.05786 
-24.2024 -14.8188 -0.0720215 7.01123 -49.0767 12.0454 -37.8718 -25.7031 -8.01416 -4.35962 
-18.7939 -19.2952 -7.87573 -9.97314 -7.31274 -15.8655 -12.0037 -5.73999 -0.695313 7.77759 
-12.5588 -18.3696 -3.51538 -6.7395 -7.95874 -12.1389 -13.103 -5.521 -4.61035 6.08716 
6.59131 -10.8896 -2.21997 -7.42383 -19.75 -0.952637 -14.3789 -6.00439 -3.60522 -2.11719 
-10.7161 -14.9917 -3.29858 -12.1113 -7.22119 -10.8447 -13.1096 -7.76318 -8.79053 8.27051 
-11.1687 8.33594 -7.87158 -6.83374 -13.9717 -12.5171 -8.98438 -4.02002 0.685303 -9.40186 
-12.845 8.70386 -9.37598 -6.64722 -9.27002 -10.6082 -6.69897 -7.02222 1.50659 -10.0325 
-17.1748 -2.60547 1.08105 4.71265 -38.8105 7.34253 -28.3621 -18.3413 -8.45801 -5.98071 
-7.18188 -5.76758 0.642822 -3.37085 -27.6135 -10.3223 -11.8298 -13.5054 10.8577 -11.9089 
-2.65161 -8.65894 6.03052 -1.64697 -28.1563 -13.7158 -16.7822 -15.3423 8.92505 -8.6438 
3.20996 -7.51416 -1.63232 -5.51538 -6.95386 -1.68701 9.59399 -11.8403 -0.782471 -29.5334 
-13.7546 -4.66626 3.47559 11.4431 -32.8098 -1.02563 -29.3499 -17.6079 -10.5503 -13.0559 
-21.5593 -2.30493 23.7666 9.92896 -47.7476 -23.4258 -30.4458 -23.8413 -0.44873 -48.0405 
-13.6587 9.18774 -15.1797 -5.67822 -6.37231 -7.34912 -8.44238 -6.84668 -0.397461 -4.25 
-2.96436 -10.6511 0.966064 -4.47046 -23.7791 -11.4998 -10.4041 -10.1301 8.66553 -14.1125 
-18.1787 -9.51563 -0.638428 9.4292 -37.3977 -1.70386 -28.2595 -24.6689 -5.53613 2.91138 
-11.4458 -13.5264 17.1331 -1.29321 -28.7588 -15.8254 -13.7271 -16.6584 3.92798 -27.804 
-10.1521 -15.1978 -3.80884 -11.4014 -8.35498 -6.09741 12.4014 -26.1118 -1.29565 -12.6172 
-12.8247 -9.06152 -5.10059 2.34961 -25.8508 5.21655 -22.7334 -17.8779 -6.63428 -1.12769 
-11.7908 0.270508 0.219482 -12.8376 -10.1472 -5.5769 16.3606 -28.762 -0.108154 -23.6731 
5.52783 -17.9802 -7.06152 -13.6714 -14.5654 -1.86035 -11.8821 0.243408 -11.7363 -7.47681 
-0.100098 -7.7998 2.26978 -2.55859 -1.30835 -10.3059 -2.35547 -16.7632 2.50928 -8.26978 
-13.3025 8.94067 -13.3376 -5.23877 -6.46558 -8.2583 -8.04468 -7.08862 0.111816 -4.25781 
7.23364 -9.81299 -2.36084 -10.6414 -13.252 -0.460205 -4.86621 -6.65405 -2.28125 -5.34985 
-11.511 -9.7478 0.856934 3.3772 -34.2288 2.25024 -19.7246 -14.7683 -3.37183 -12.9324 
-8.32666 -1.86426 3.08521 9.14966 -21.6936 -6.30908 -26.8621 -11.8997 -6.79224 -8.1499 
-15.5718 9.47754 -15.1614 -3.49292 -7.2605 -6.17188 -6.79468 -11.2805 2.09082 -9.8772 
-18.2788 -16.8774 -11.49 -5.4519 -5.11377 -21.1313 -19.429 -7.93872 -5.29126 7.03687 
-8.39502 1.8855 15.3828 -1.25757 -28.0159 -13.5779 -11.0154 -25.2014 -0.936035 -25.377 
-13.1052 8.30957 -14.3103 -5.6958 -5.37793 -6.98608 -6.34668 -3.9458 0.571533 -5.20898 
-0.100586 -18.8687 -6.80884 -10.207 -12.5696 -14.5239 -6.33789 -3.89722 -6.54175 4.99438 
-22.9856 -7.52539 0.189209 -16.5969 -7.78809 -5.44507 17.8059 -28.4211 -0.484375 -22.1284 
9.4873 -14.7236 -1.85474 -11.1594 -13.0781 -8.35229 -3.43701 -3.61182 -10.4221 -6.85742 
-13.3079 -14.5371 -4.46753 -13.261 13.4636 -12.7537 -11.6301 -4.62036 -10.4763 -6.34351 
-4.52466 -6.59668 -0.686279 -10.832 -5.13257 -5.02026 14.9485 -21.4253 -3.58276 -23.6768 
-9.33081 8.62183 -7.21484 -5.81006 -9.58594 -15.228 -7.74634 -7.2251 3.42261 -12.6614 
-13.5972 -1.40723 -7.85938 -12.0349 -1.84912 -11.7634 -17.1067 8.34253 -13.8086 1.13184 
-16.7634 -13.3284 -10.8684 9.52759 -21.1265 -8.50977 -20.3323 -10.0171 -2.21411 -6.32666 
-10.2673 -5.5105 -1.1709 -2.14575 -27.6536 -11.2908 -8.48071 -17.7085 11.251 -11.0596 
-11.4949 -8.11938 -2.50195 -10.553 -1.90918 -16.3748 -11.1345 5.29053 -8.42603 -3.31958 
-8.76904 -0.45166 13.957 0.758301 -35.8223 -16.9714 -14.3401 -13.7671 0.323242 -26.0142 
-19.3892 -20.5298 -12.4365 -7.82202 -10.04 -12.8049 -17.1772 -1.09424 -7.2002 7.71191 
-0.274414 -12.0491 -2.22729 -14.4302 -15.9951 -3.97314 11.1226 -33.1506 1.21973 -17.4504 
-19.0039 -12.5286 -3.72754 0.863525 -25.6833 9.05859 -24.9399 -26.2959 -5.1145 -5.26172 
-9.9895 -13.4172 -2.19531 -2.59839 -21.2109 -12.5002 -14.0735 -13.2419 9.24585 -7.25854 
-5.9436 -11.9246 0.154053 4.36304 -18.1035 -3.71558 -19.3145 -10.1467 -2.55054 -3.15063 
-14.458 -4.44604 -1.17773 2.87085 -30.0781 0.490479 -22.092 -16.2695 -8.64111 -13.3445 
-13.9109 -6.60498 -7.57715 -14.1648 4.81519 -13.1643 -14.9954 8.52148 -14.6694 3.19312 
-10.821 8.85376 -11.1426 -3.51099 -10.0691 -11.5549 -10.0613 -8.95825 2.1062 -10.5015 
-12.0696 -15.686 0.424316 -13.6528 1.34204 -4.80151 11.1687 -16.0369 -2.96338 -14.231 
-11.9631 7.72803 -13.4265 -5.35254 -6.17505 -10.6931 -7.71411 -1.60156 0.174316 -4.08325 
6.87842 -12.5442 4.23755 -5.32813 -34.0857 -7.61304 -12.4099 -11.6628 7.50439 -2.97827 
-6.51147 -11.689 -2.37036 -7.8855 -7.39429 -12.8921 -15.1011 -5.22974 -5.33472 5.53223 
-8.18091 -7.13184 1.04102 -10.4189 -7.81836 -4.9248 18.3416 -30.0322 -4.29077 -26.5134 
-10.7107 4.69385 13.0881 1.77979 -30.2205 -10.3425 -14.9482 -10.5107 3.13184 -19.9287 
-24.3696 -12.9927 0.495361 6.67725 -35.5542 5.87378 -40.6716 -13.2793 -10.7937 -16.356 
-10.1338 -2.99658 -0.492188 -9.28687 7.60278 -9.05811 -11.8745 -2.9209 -6.72925 -3.73706 
-10.2041 6.55225 15.0356 -0.806641 -33.2817 -7.59155 -9.2583 -20.9958 5.29297 -23.219 
-11.0188 -5.41211 -3.19873 7.60449 -12.781 -9.08447 -21.0281 -13.4895 -5.3689 -11.4106 
-7.74487 -6.00195 -7.77295 -9.61255 1.86938 -10.4651 -13.9978 2.21777 -10.6887 6.49316 
-8.25879 -12.1033 -4.66626 -13.9136 7.53418 -12.0862 -9.46021 -1.83618 -7.64429 -12.0852 
-14.6428 -22.0432 2.01416 -13.9436 -3.22485 -6.58789 16.4399 -25.4829 -0.0249023 -19.7813 
12.7517 -23.7727 -3.95947 -19.0171 -23.656 -9.70459 -7.34595 -3.0542 -9.5332 -8.5188 
17.4092 -24.1216 -5.97827 -13.7068 -27.9075 -12.6121 -8.51465 -2.45654 -18.3342 -3.02051 
-20.0815 0.203369 24.1533 4.01904 -32.7024 -20.5996 -17.4473 -16.5415 -1.44604 -40.9431 
18.6216 -24.7114 -6.98193 -13.4741 -30.6003 -3.63794 -10.6982 -5.74609 -13.7629 -9.58228 
-19.6675 9.77441 -12.4978 -4.74048 -7.17603 -5.51538 -10.467 -10.1555 3.01343 -5.65747 
-7.45752 -10.8169 8.82935 -3.60596 -25.8081 -5.2832 -6.35059 -21.0078 4.62671 -18.3916 
-9.37988 -5.94238 -0.744629 5.48047 -26.9651 -0.312012 -30.0225 -15.5854 -6.7251 2.13281 
-20.3257 -16.3374 -7.53394 -10.9683 5.7334 -4.01807 -21.1646 -0.138672 -4.96606 7.27539 
-6.06152 -3.92456 -4.03955 5.54053 -29.1196 4.17725 -29.1777 -13.7234 -12.668 5.98828 
-10.0864 -21.7664 5.87891 -10.6982 -10.2788 -4.25269 18.9775 -21.6375 0.259521 -31.2693 
-8.30127 -7.77246 -1.6875 -1.93604 -16.1675 -6.7124 -24.5547 5.36523 -7.12744 4.04663 
-4.18213 -14.0046 3.72949 -1.23755 -28.8901 -8.53198 -8.5127 -20.1821 10.0298 -8.5686 
-23.4841 -21.991 -13.3389 -7.32324 -7.77905 -8.23242 -36.2122 -9.32446 -9.96265 13.7415 
16.425 -22.6704 -6.49683 -12.103 -13.978 -4.3396 -8.37402 -3.56104 -14.3601 -3.6665 
-22.3032 10.314 -11.9377 -3.0105 -8.11548 -6.04443 -11.1055 -15.8066 6.12695 -5.99585 
-14.792 -11.3118 14.7385 -3.00122 -33.717 -7.63892 -5.49854 -25.9788 12.5693 -28.8594 
-12.3872 -7.93188 -4.22192 2.60352 -21.2512 0.233643 -22.7876 -17.1975 -1.28467 3.8855 
-19.5361 -15.4607 -6.49512 -6.625 11.1421 -9.46753 -16.3679 -8.52979 0.124756 0.378174 
-10.2197 -16.71 -13.3936 0.269775 -32.2136 6.98535 -14.2502 -20.967 -8.38745 4.17017 
-17.5032 -24.4031 3.47241 -13.1843 -9.85986 -11.356 22.123 -23.1489 -6.20142 -24.9802 
-8.11475 -13.9995 0.407471 0.743896 -14.7419 -7.34912 -28.3289 7.61475 -6.11475 -1.95117 
-1.39624 -4.33594 -2.29028 -2.00928 -14.905 -4.99487 -6.59204 -17.0134 6.60596 -3.70142 
-15.3735 -8.53101 -3.03491 -3.29077 -1.87524 -5.15723 -23.938 -4.64014 -4.31445 10.7234 
17.4507 -19.6116 -4.79541 -12.2898 -30.7808 -5.9104 -9.1499 -8.93286 -11.4043 -6.36719 
-19.2722 9.72681 -10.1545 -2.73682 -7.99438 -4.95117 -11.8408 -11.2241 0.631592 -3.54199 
-22.7156 -8.9729 21.271 -1.83154 -34.1321 -5.19971 -15.6992 -5.9292 -3.02368 -32.7063 
-8.03027 -16.4583 -2.75854 -1.39624 -16.2751 -1.66699 -10.938 -14.3438 5.60229 0.595947 
-20.5496 -18.8936 -8.44971 -9.84717 8.07275 -12.0393 -17.9722 -9.10449 -2.27881 1.23267 
-14.2776 -24.1438 -11.627 -0.859863 -32.6821 2.48682 -17.1775 -17.8916 -3.36206 3.7666 
-18.2498 -27.7231 9.11914 -10.8506 -13.3494 -9.1355 22.7593 -28.554 -3.08716 -36.0466 
-11.6133 -10.1797 -4.82739 -1.47876 -17.2332 -5.89648 -29.6331 7.29102 -9.29126 3.42065 
1.98853 -12.8433 2.19067 0.128662 -28.5654 -10.6519 -9.16113 -16.0083 8.74634 -5.2688 
-11.1406 -9.68433 -1.93481 -3.99707 -11.3423 -5.31934 -31.2349 0.746826 -9.83569 12.0059 
0.0493164 -12.2654 0.102539 -2.04346 -19.5051 -2.11499 -5.15527 -10.6265 3.2749 -7.24805 
-17.5359 -18.1013 3.15991 -9.53442 -2.5415 -7.72485 11.4292 -22.1985 5.2771 -23.9382 
-10.8018 -12.022 -6.33252 5.85132 -33.1775 5.771 -27.0112 -15.8584 -10.304 4.28638 
13.8079 -22.7336 -10.0015 -14.9644 -15.5188 1.12256 -4.3606 -6.33057 -10.1831 -10.9597 
-16.4138 -21.0376 6.23438 -8.91724 -11.2856 -4.34521 17.4753 -31.2739 2.38379 -33.4268 
-1.05347 -12.0496 0.0695801 -5.30225 -16.906 -4.86938 -4.33887 -10.7632 5.85962 -7.85645 
-20.9976 -16.5767 -8.06958 -3.15063 -2.13794 -13.2468 -26.8457 -12.4163 -8.42798 12.1333 
-19.4919 -9.05005 -4.57397 -8.29346 6.26782 -8.44263 -17.1875 -10.2366 -2.72998 -1.70557 
-19.707 8.49512 -12.7539 -3.78931 -3.29346 -2.29224 -10.1077 -12.6157 2.43457 -4.74829 
-19.3218 -16.0515 -11.5574 -3.75244 -1.27417 -9.47437 -26.9956 -7.53296 0.140381 11.6863 
-12.1753 -17.0962 -4.68066 3.95776 -30.0964 4.40332 -27.0444 -13.2251 -8.19385 5.82373 
-5.24097 -14.74 -2.01611 -2.03296 -21.3623 0.439941 -7.72461 -17.6287 6.38892 0.994629 
10.0403 -17.3398 -3.30444 -12.2258 -16.0325 -3.59521 -8.85107 -6.31885 -8.51123 -1.19556 
-15.7937 -17.3311 -10.5564 -13.3296 6.74194 -5.11206 -11.3635 -5.14648 -1.49023 6.60303 
-4.85669 -8.61694 -0.693115 -2.80859 -13.9109 -4.43628 -8.72437 -8.73584 5.81372 -2.96924 
-23.9109 -19.7058 -10.6501 -5.3645 -4.3999 -7.66553 -30.1267 -7.86938 -2.39087 12.052 
-19.7957 10.7642 -9.2583 -2.49951 -8.81885 -5.25146 -13.4287 -10.187 1.29346 -2.23071 
-28.4514 -17.5574 -7.28345 -7.24707 9.2478 -5.5 -20.4697 -13.728 -1.97827 3.86938 
11.0469 -20.6582 -6.82178 -10.4802 -21.0386 -0.126221 -7.06982 -6.08521 -9.78613 -5.98438 
-10.1526 -21.7693 -8.45337 0.685303 -24.4275 3.95068 -23.0242 -16.4983 -8.83838 8.06079 
-19.5342 -6.28076 -3.50342 7.91968 -21.821 7.04517 -27.4927 -17.6729 -8.34229 -3.104 
-7.91528 -9.49268 7.32251 -4.16797 -20.4727 -4.38574 -8.40503 -15.2654 4.65039 -18.8931 
-18.3845 9.04785 -9.96899 -2.11084 -6.6167 -4.22192 -12.2256 -11.281 2.17969 -0.976318 
-11.6597 -20.0627 -9.33936 0.325928 -30.6807 2.55664 -9.39526 -17.9165 -0.375488 -1.13379 
-22.3005 -17.1292 -8.10791 -5.76636 5.85889 -6.97388 -17.5657 -11.5017 -0.391113 3.29907 
8.35718 -15.4917 -5.59521 -10.1553 -16.094 1.15039 -7.19531 -9.47461 -4.13208 -2.65967 
-11.1865 -12.2109 2.52466 -0.20752 -20.804 -11.6233 -30.1582 12.6443 -13.8777 -2.50391 
-14.3538 -5.20215 -4.98145 -12.3149 0.291016 -6.19751 10.884 -26.155 1.56836 -16.2319 
15.1616 -24.792 -5.88843 -16.5186 -28.3809 -5.64087 -6.83081 -6.03662 -14.3638 -9.43457 
-17.1389 10.3252 -14.6228 -3.86035 -6.44507 -6.70972 -9.46387 -9.14111 1.0249 -4.64771 
-9.88013 -18.1829 -0.176514 -1.04321 -17.9463 -6.83447 -28.7183 8.86938 -10.3284 1.66626 
17.8171 -27.1909 -6.74072 -15.3025 -28.9478 -6.96802 -5.07007 -9.62915 -14.1899 -7.42725 
-17.1575 -13.8987 1.07886 -13.8809 2.7854 -7.0603 12.5225 -17.4194 0.368652 -20.1206 
0.667969 -21.7671 -1.59375 -3.37427 -28.3215 -10.5642 -8.38257 -14.9329 8.51782 -3.61182 
-3.41748 -17.7139 -3.08008 -7.44971 -12.4915 -6.30225 -18.3711 -4.41357 -16.9233 11.6663 
-4.03223 -19.4702 -5.66699 -1.83398 -25.458 1.2605 -13.9097 -17.5408 -2.42163 5.23169 
-8.58008 5.63306 -8.35571 -3.10254 -2.94214 -1.62915 -4.8418 -3.05469 -2.60938 -3.05615 
-9.9978 -16.0286 -1.35498 -1.65576 -25.458 -9.42236 -39.2095 16.772 -25.2717 -2.40796 
-13.5869 -20.0037 -5.77661 -5.65991 -6.19849 -15.5789 -33.564 2.22607 -8.41797 13.6152 
-1.05176 -2.13672 -2.02881 -4.93262 -21.3918 -7.77637 -3.70313 -18.4685 7.36865 -7.02026 
-20.6169 -7.26294 0.203857 -6.54688 -3.99927 -9.25098 9.22778 -17.5032 0.80542 -20.6675 
9.86719 -18.7795 -5.82007 -10.741 -21.5691 0.732666 -7.81421 -6.28638 -9.71118 -4.4707 
-9.31982 -16.5869 -4.69141 -2.64355 -9.25342 -3.62939 -10.6443 -9.59546 5.31934 0.178955 
-15.0422 7.10107 -10.4553 -2.71289 -3.16699 0.232178 -6.84229 -12.123 -0.489014 -4.70288 
-10.4934 -3.01465 -1.56592 0.161865 -15.1489 -9.81592 -20.7351 6.06812 -6.41895 0.484863 
-9.03955 -18.1982 -0.0795898 2.05127 -18.9653 -4.68311 -26.1721 8.08325 -6.27588 -1.38843 
-20.5732 9.88452 -9.20239 -3.01709 -6.35571 -5.16235 -13.8081 -10.979 1.41431 -2.62134 
-10.1641 -11.5908 -3.37573 5.12915 -24.6265 4.15649 -26.7722 -16.665 -3.50488 6.91113 
-21.7876 -6.24316 18.1736 -3.52808 -25.3459 -8.60156 -7.18848 -8.53955 -0.0361328 -32.7156 
-4.46533 -19.6519 -4.80981 -1.44995 -24.4822 -2.72046 -25.0671 -8.58813 -3.06055 0.69165 
-19.8838 10.3257 -11.188 -3.43359 -8.15869 -4.10669 -10.062 -11.8562 1.92236 -8.2749 
-19.0627 -14.1094 -4.43555 -8.65454 10.4885 -15.6343 -15.1611 -7.72607 -5.34888 -5.37158 
-25.7703 -5.75098 22.6467 4.16016 -45.7766 -10.8911 -16.8911 -15.6035 -0.583008 -42.5229 
11.0664 -16.5364 -6.57373 -8.77808 -24.1797 2.10864 -8.87378 -6.3562 -11.7974 -9.90771 
19.3372 -23.6611 -6.2478 -12.6084 -37.6951 -3.65942 -6.3418 -11.9048 -13.3176 -14.0664 
-12.3611 -4.02905 3.90918 -3.56348 -18.6174 -16.2915 -24.4282 11.5347 -13.0171 -11.218 
-1.90649 -20.0608 -1.83228 -5.48047 -24.5405 -9.99219 -10.6978 -12.761 8.07959 -6.89746 
-14.4595 -10.6375 -9.42261 -8.42358 6.69043 -5.66455 -11.3889 -7.11841 -2.38379 3.09082 
-11.8203 -18.7402 -0.260254 -11.9478 -2.88989 -2.53369 12.5017 -22.5002 -2.91064 -20.3325 
-16.3904 -7.84253 -9.11938 -2.96436 3.41821 -3.7522 -9.9812 -9.2312 2.51099 1.05493 
-20.7498 -13.2837 -4.63525 0.708008 -6.99609 -13.5583 -28.2878 -8.71826 -5.70947 9.71045 
-13.4573 -4.7124 -3.3689 1.66064 -21.2927 2.03784 -21.6262 -15.76 -3.33691 6.16577 
-8.7146 -18.1174 -2.36133 0.254883 -14.7434 -6.17725 -12.9993 -11.5762 7.01099 -1.52344 
-29.5439 -13.2114 -6.01855 -5.30859 9.98462 -14.7512 -17.2317 -9.82397 -2.40747 -5.05981 
-9.98071 -7.06934 -3.71777 1.04541 -18.5474 0.17749 -17.7175 5.65503 -8.82715 -0.808105 
-12.0247 -5.39771 8.13135 -4.35791 -16.7197 -5.59448 -2.36597 -8.70605 2.68799 -18.9658 
-11.1687 -11.3855 -5.48535 3.56421 -31.5127 4.61792 -27.8303 -10.2427 -5.29248 2.22803 
-20.4631 -14.4824 4.46631 -3.60474 -6.08179 -8.47119 10.5247 -24.6091 2.4563 -19.1584 
-5.69678 -12.0991 -0.324463 3.73975 -30.187 -0.87793 -28.6465 -7.82275 -5.31079 2.54077 
-8.34448 -15.7253 -1.31226 -3.63037 -9.12939 -1.1687 7.7417 -23.4531 4.07837 -17.2141 
-19.6218 -14.335 -7.18604 -4.896 -3.23364 -6.02563 -28.3394 -7.24097 -7.32104 14.074 
-10.896 -6.35376 -6.05493 -9.06445 -1.58569 -2.70996 10.7678 -22.3831 2.81616 -18.3108 
-15.0027 -9.10864 -6.0603 6.32886 -19.4258 -2.50757 -29.3184 -22.7505 -2.66895 1.53809 
-3.16846 -6.60962 7.05566 -4.26758 -17.8062 -3.87256 -5.40259 -11.4688 0.9375 -20.5847 
-13.3477 -15.2908 14.3459 -1.05664 -20.5237 -11.0874 3.39478 -13.9648 1.24341 -39.4072 
-17.0469 -12.9453 -6.34839 -7.21289 4.06299 -5.38354 -15.2087 -7.23633 -2.08594 2.08276 
-20.9165 -29.2976 10.5901 -10.9912 -10.8059 -10.366 20.8706 -27.2861 -6.78174 -30.3062 
-13.1646 -11.897 -4.3833 -3.48535 -0.900391 -9.22827 -22.564 -2.89331 -1.95825 11.022 
9.8479 -17.6846 -3.70972 -9.88647 -19.208 -1.03613 -8.86108 -6.13794 -8.44092 -3.45557 
-14.2161 -6.41528 13.2488 -2.48779 -25.7104 -13.6938 -0.733643 -15.3611 3.48169 -31.0496 
-9.00146 -20.595 -6.35767 1.79443 -33.7375 1.84399 -16.4485 -17.0808 -1.35986 4.05518 
-17.1851 -22.7385 -12.2859 4.26929 -37.2546 6.2522 -23.8818 -20.1035 -10.7839 2.64868 
-20.3225 9.5791 -12.8394 -3.7373 -5.43994 -4.31274 -10.8049 -14.0642 3.60083 -6.03125 
-9.60132 -15.113 -4.68555 1.59595 -18.9146 -0.479736 -19.7241 -8.95703 -5.28662 3.16162 
-9.94336 -13.3845 1.01489 3.02222 -22.3618 -2.31812 -17.4983 -16.7253 7.59668 -2.32886 
-19.9543 -14.6101 -8.04639 -4.56665 -5.5647 -6.80908 -32.2036 -6.81738 -8.25317 14.8479 
-11.793 -3.20752 0.80127 -1.54248 -12.3091 -12.5156 -16.9939 7.33716 -7.5083 -2.88623 
-5.01074 -13.4661 0.864258 -3.16382 -18.7478 -10.4592 -9.05151 -21.23 9.03564 -4.2688 
-12.4736 -6.6272 -2.00659 -0.515869 -16.0417 -11.1255 -29.9272 9.30933 -13.2292 1.54565 
-11.5835 -2.97632 11.3242 -3.68677 -19.4875 -8.30542 -1.05249 -15.8828 5.19141 -24.2546 
-13.6631 -10.4187 12.8696 -0.979736 -26.4111 -10.7253 -0.0358887 -13.1411 4.26465 -29.8584 
-12.8523 -21.4187 -6.97559 1.43555 -26.877 4.37939 -26.1702 -11.3438 -6.83813 6.7666 
-11.5259 -10.0183 -0.583496 1.36963 -19.2834 -7.25659 -31.1689 6.41357 -7.62817 0.379639 
-17.6492 -19.4836 -7.5708 -2.90894 -5.16675 -13.9114 -29.8308 -6.61279 -3.68262 12.6279 
-10.4761 -22.8416 -0.634277 -0.791504 -22.78 -7.38135 -14.052 -17.1279 7.96094 -5.23218 
-8.11353 -13.2808 13.2734 -10.2122 -22.9382 -7.02808 3.84595 -31.1858 5.15259 -19.6208 
-19.2966 9.41821 -11.5996 -2.77954 -8.72363 -6.07056 -8.55762 -11.0239 4.2168 -10.2244 
-2.07837 -15.2534 -3.78076 -2.69312 -21.7998 -1.23804 -11.4163 -9.33276 1.5293 -0.713379 
-20.3442 10.6987 -13.7278 -4.48999 -5.91089 -3.24365 -8.45288 -11.2939 2.38623 -9.84985 
-8.01782 -10.0525 -1.17847 6.16162 -23.2813 -5.61841 -28.1086 -9.92993 -5.03125 0.659912 
13.5974 -15.478 -4.72852 -8.35913 -18.0078 0.927979 -2.10327 -8.22339 -4.23315 -3.95728 
-9.8916 8.09424 -10.4153 -5.22754 -11.2734 -12.7773 -4.53906 -14.4817 5.3064 -8.29199 
-19.3669 1.34985 24.0691 11.0933 -58.4778 -20.0684 -26.6355 -23.78 1.76392 -38.916 
-9.07837 0.406738 0.303711 1.7041 -18.4814 -5.73633 -15.6248 -5.47607 5.50488 -11.4595 
-18.1687 -20.2522 -4.57275 -12.1785 11.4976 -18.9985 -13.9434 -3.65601 -3.50952 -4.93921 
-23.5005 -23.7371 -17.8291 -7.44116 -24.9258 11.1646 -14.5459 -17.0332 -9.79248 -1.09351 
-10.0005 -32.1736 3.77515 -20.1311 -12.2854 -11.447 25.8643 -32.5564 -4.21411 -33.8296 
-31.4448 -18.592 -13.5044 1.94751 -31.499 -26.1108 -41.5032 16.3943 -9.56616 -1.32739 
1.43726 -7.41919 2.17773 -0.518311 -24.2666 -12.1208 -5.32178 -18.1353 8.49194 -6.2644 
-14.5591 -14.4744 -11.0469 8.55957 -24.2615 -2.39478 -34.812 -18.2151 -16.377 9.77734 
13.6897 -20.3254 1.82861 -7.19263 -10.0483 0.422119 -2.7522 -11.5596 -4.26538 -5.90918 
-12.4043 8.61548 -13.2468 -6.39502 -7.71631 -14.2615 -6.07788 -10.7197 4.45361 -6.43164 
-15.1028 1.40186 23.7095 7.62402 -61.8008 -20.2627 -25.5354 -13.0186 4.33105 -40.5625 
-11.0771 -4.92114 -1.92432 8.23291 -25.446 2.86719 -30.7732 -14.0933 -13.2935 3.62549 
-15.501 -19.6157 -4.87231 -11.9377 8.68115 -19.7961 -10.0251 -8.80054 -7.53613 -2.33862 
-19.8105 -23.5303 -12.375 -5.70435 -36.3008 10.1101 -10.3962 -20.1284 -1.72314 -7.0105 
-15.7219 -29.0693 4.80298 -16.9575 -1.34497 -13.0549 21.3691 -34.5845 -5.05835 -22.1436 
-23.814 -15.0659 -4.04077 -1.44067 -21.8972 -22.2466 -35.2036 13.7905 -13.5686 -4.99805 
5.3269 -21.7515 2.14844 -3.98193 -37.9988 -11.2615 -9.18555 -19.9563 9.95557 -10.7043 
-13.3142 -15.9285 -8.44727 6.44189 -28.3752 -2.85278 -41.1663 -15.0884 -17.7366 11.2849 
13.6392 -16.7026 -5.37402 -11.0571 -10.3257 0.735596 -2.09839 -6.24731 -4.59058 -9.09692 
-5.33716 6.80908 -9.43994 -8.49561 -11.0625 -10.2322 -0.27002 -16.1467 2.9668 -10.238 
-9.11255 -4.26953 19.2 7.10107 -57.8677 -15.2202 -21.4419 -21.8789 9.79297 -30.124 
-13.6606 -6.41431 -1.50195 8.80273 -28.876 -2.46802 -25.9592 -6.52783 -4.82495 -6.95483 
-19.0403 -28.2881 -7.2085 -15.2837 10.1379 -18.4583 -14.3684 -3.6062 -1.82031 -0.0480957 
-14.8967 -33.738 -14.9065 -3.89966 -20.4412 15.2532 -14.8616 -12.2532 12.7932 -19.1951 
-7.75562 -17.8159 -1.04907 -11.4717 -9.05493 -5.92407 14.9683 -32.7166 -0.728027 -11.5288 
-26.2332 -14.4446 -6.75366 -0.812744 -28.4805 -29.1516 -30.8098 14.8315 -8.78662 -2.83984 
5.41504 -16.6868 4.63452 -0.661377 -34.6472 -9.58838 -12.8931 -13.5859 9.12305 -1.36597 
-11.0525 -19.489 -3.94507 3.87695 -25.262 -1.66235 -33.2549 -16.0913 -12.4404 10.783 
-12.6401 7.89063 -9.10083 -4.38818 -15.0808 -14.4622 -8.61646 -11.4109 5.29492 -7.73682 
-3.4834 -1.95435 12.4602 1.27026 -48.4216 -12.5093 -15.8784 -24.9187 11.1467 -22.752 
-6.02637 -10.3137 -2.34937 -4.70435 -3.32422 -6.78516 11.2358 -21.2178 -2.94702 -15.3687 
-15.8254 -23.4539 -22.572 -5.68701 -16.1899 13.0825 -5.83936 -17.2681 3.55127 -6.36035 
-19.0461 -6.4104 -11.4246 14.5227 -37.2256 0.832764 -44.0308 -18.1038 -16.594 4.87695 
15.5581 -23.3547 -7.1748 -9.46802 -23.9253 1.91455 -5.8042 -8.71802 -8.11865 -6.45752 
-28.4329 -9.21558 -8.16797 -1.42993 -26.5354 -23.1516 -37.3008 13.9561 -8.81494 -4.24902 
15.0632 -24.157 -2.35889 -8.62939 -19.8674 1.91455 -3.07861 -12.303 -2.52197 -8.38525 
-8.81152 -15.1777 -6.5083 -15.1628 10.1074 -19.7087 -10.8601 2.87012 -8.56909 -5.42432 
-6.72461 7.60107 -8.43066 -7.34448 -12.324 -6.13452 -3.0542 -19.6453 2.39697 -13.2253 
-5.49927 -20.6733 -4.21948 -15.1602 13.8259 -26.4656 -8.07593 -10.1692 -12.7002 -15.5588 
-18.1501 -7.53955 -4.91772 10.1189 -28.3127 -0.685791 -33.1685 -8.46948 -14.9731 4.70654 
3.96362 -27.3965 -3.89063 -13.4604 -11.5569 -0.790771 13.7256 -29.0498 0.0974121 -13.9358 
-30.4067 -18.0469 -15.6028 6.83325 -35.0056 -23.4534 -35.9854 13.1477 -5.50439 -1.17065 
-13.2922 -1.0979 22.6243 1.05811 -45.3088 -16.4746 -17.8113 -14.4524 3.7334 -39.4922 
-10.9143 -9.37427 -1.01733 10.7495 -35.8877 -1.52759 -29.5112 -10.3047 -6.21558 -6.2373 
-4.3811 9.5083 -4.59424 -13.8777 -20.5266 -10.1877 -1.58398 -16.6907 4.33594 -13.1057 
-11.9631 -4.38086 15.0168 2.90039 -18.0391 -8.23877 -7.80835 -8.45337 0.0776367 -27.3083 
-5.36084 7.02466 -7.8396 -7.54639 -13.4082 -13.7666 -6.18994 -15.2842 3.99048 -8.03516 
-8.51929 -2.73804 15.1499 2.0271 -50.9072 -17.9871 -22.2168 -13.2766 3.06494 -21.4319 
-6.05811 -23.3359 -5.32153 -3.64282 -20.1716 -9.93457 -30.4524 -9.48926 -3.5564 9.75635 
1.6394 -23.7141 -0.647949 -5.07764 -14.7529 -3.89429 7.37622 -29.3665 3.68066 -9.24756 
19.9817 -22.5828 -6.01245 -15.8003 -23.7915 -5.48145 -5.12817 -6.40674 -13.0906 -2.85278 
-9.57349 8.32251 -11.822 -5.8938 -10.0127 -12.9646 -9.45459 -5.02856 5.89722 -6.06494 
-13.6423 -4.83887 -4.53467 9.7605 -34.2788 -3.94604 -31.731 -13.6069 -5.47461 -2.94946 
14.197 -20.3052 -7.98169 -8.59131 -20.686 -3.62231 -1.3374 -6.24927 -10.5171 -1.09937 
-10.0176 -0.402588 18.5881 1.31421 -40.2012 -12.999 -19.4006 -12.1284 4.61035 -27.5444 
-28.0793 -12.2283 -9.37646 -0.61084 -26.782 -21.9595 -31.009 13.0366 -5.58838 -4.6416 
-11.7141 -29.0457 -15.988 -4.94092 -16.7253 11.6262 0.167725 -13.7588 3.66553 -6.77173 
-15.9011 -5.08276 -4.47485 -8.5896 -12.9749 -17.937 -16.3208 8.4375 -3.28149 -4.3772 
-16.5823 -11.2942 0.247314 -7.53076 -11.8384 -3.11475 15.9438 -30.7117 -2.25073 -15.5127 
-19.9883 -1.49292 29.4543 12.0154 -74.9529 -24.0894 -29.5173 -30.605 -0.183105 -43.502 
-9.34399 -25.5801 -1.35498 -3.63647 -24.7708 -9.11719 -35.9202 -12.1006 -5.67188 11.1968 
-13.1978 8.12744 -11.7761 -5.48291 -11.7776 -10.7292 -9.10767 -10.8137 3.41211 -5.83984 
-9.21729 -24.5479 -5.61377 -3.03149 -22.9172 -9.76538 -32.1909 -12.3484 -6.65918 11.7175 
23.5947 -26.9768 -7.44775 -16.1953 -35.3743 -1.0874 -13.9727 -4.62427 -23.2896 -7.33496 
-8.37646 -28.7273 4.55908 -12.2231 -11.9004 -3.5105 18.8889 -31.603 1.68799 -32.209 
26.4453 -24.0337 -9.53442 -24.6445 -34.7141 0.391113 -6.61426 -6.58936 -23.6785 -16.5146 
-9.82275 -25.5867 5.23535 -18.947 -17.4817 -0.600098 20.8159 -40.0896 0.275146 -28.3438 
23.8936 -24.6597 -12.7251 -21.7007 -25.4573 -4.88354 -1.45703 -5.03101 -20.8433 -10.8047 
-12.2883 1.22168 23.2126 7.61206 -65.1619 -19.1335 -24.4812 -21.1121 5.73047 -35.2883 
19.5769 -25.208 -4.41992 -15.5127 -25.8677 -4.82495 -6.88696 -6.37939 -13.3604 -6.8999 
-5.81274 -10.4902 -4.0498 -6.97778 -13.5742 -5.82104 11.5969 -26.6648 1.69189 -10.1213 
-5.18774 7.62207 -6.6272 -10.8745 -16.1821 -14.5103 -2.2146 -15.4949 3.26953 -11.8435 
-21.0781 -23.8081 -29.8445 -9.16553 -10.7051 17.5198 -19.7783 -16.8062 3.05957 -5.84741 
0.498047 -11.9761 2.07935 -3.47559 -25.3826 -16.0049 -4.98755 -20.905 10.335 -6.05981 
-11.0889 -16.7097 -6.26221 -16.0974 12.3284 -22.009 -13.5664 0.425781 -9.32031 -9.25586 
-16.6238 -7.2395 9.93091 12.9131 -54.0576 -9.29126 -28.0293 -19.2383 2.7771 -29.3962 
15.0828 -23.123 -3.46606 -11.5176 -13.5837 3.21143 -0.726318 -5.90503 -4.32642 -8.75635 
-11.4238 8.97314 -12.8259 -7.77612 -9.40015 -15.2949 -6.32251 -4.12891 2.99121 -8.50488 
-7.88013 -25.595 -14.0562 -4.98657 -12.7788 11.6565 -4.36108 -16.0525 7.05811 -11.1375 
-11.9229 -10.3892 -7.66675 -11.1489 10.3408 -17.9958 -7.65552 -8.33496 -0.626709 -10.8738 
-5.30078 -18.8994 -3.04736 -19.3157 15.5681 -25.0398 -6.03345 -14.511 -17.0872 -10.8433 
1.26221 -4.16479 -2.19165 -7.09912 -24.6292 -10.4829 -5.88428 -16.1394 9.02466 -7.65234 
-25.5286 -23.8071 -20.6995 -8.19751 -24.4651 10.448 -9.15405 -12.4595 0.0725098 -8.05176 
-14.9863 -12.8591 -5.88135 -3.01221 -15.55 -16.698 -29.0229 11.3357 -9.20557 2.31958 
-18.6548 -23.3806 -22.9294 -5.20386 -20.9937 12.7832 -4.87256 -14.7231 6.42529 -8.21851 
-18.3335 -7.7937 -12.2595 -3.40576 -25.0249 -16.0225 -25.8342 9.18677 -2.91602 -1.49707 
2.65991 -16.9907 3.28003 -5.19727 -31.7778 -12.5063 -7.51025 -18.1172 9.27856 -6.93799 
-16.8994 -8.35596 -1.52612 13.1902 -38.0125 -5.05322 -38.7898 -13.7898 -15.7317 -2.95728 
-15.9272 -8.88867 -8.12012 -11.697 11.0686 -15.2373 -11.5059 -2.94116 -4.84424 -3.18823 
5.83765 -20.7646 4.86426 -5.85181 -43.4114 -10.9729 -11.5684 -19.3477 10.9663 -9.125 
3.54126 -13.8003 5.70361 0.156494 -36.5659 -11.9304 -12.1267 -14.9585 8.64648 -4.1333 
-17.4314 -11.824 -7.30713 -0.395264 -32.8257 8.76685 -11.2534 -31.0063 -10.8396 -2.61499 
-17.1763 -0.236084 21.7922 -0.198242 -27.9424 -17.4905 -13.5081 -11.2788 -0.670898 -44.7617 
-1.51978 -21.7898 2.15771 -1.29834 -20.0803 -8.98486 -24.5369 -10.4104 -2.30542 5.80664 
-21.0186 -4.17896 -9.53809 -1.49512 -21.9102 -19.0894 -24.7356 9.80762 -3.85474 -6.10815 
-8.82178 8.41553 -9.43213 -8.02563 -12.0544 -13.5942 -5.94482 -11.6399 3.95093 -9.28735 
-7.69214 -8.78345 0.817139 9.71265 -48.4702 -11.6204 -21.7761 -8.40552 9.58594 -15.6758 
1.28882 -31.4756 -1.26978 -5.56689 -30.2212 -11.5007 -12.4497 -26.1614 11.4878 -5.76416 
-12.7744 7.27734 -10.9465 -6.47681 -9.62402 -12.0774 -7.61426 -11.2979 2.08472 -6.58447 
13.1128 -20.1335 -7.06128 -9.19702 -10.2664 1.62817 -2.48926 -3.84082 -7.96387 -5.66309 
-28.3672 -17.1472 -7.93872 0.64917 -24.8167 -27.4204 -41.9846 16.2041 -13.0327 -4.53369 
-5.32471 -14.3411 -8.71045 -3.12549 -35.5718 0.116455 -12.853 -9.4812 0.510986 1.18677 
-4.33276 -7.6709 -7.20264 2.27344 -24.593 -2.64771 -24.4707 -18.0215 -9.29663 5.59521 
-12.9763 -22.0808 1.21802 -11.5957 -3.71021 -13.0547 20.3237 -27.6343 -6.66626 -20.0962 
-7.14966 -16.0442 -6.79858 4.3584 -14.5408 -6.65088 -25.0474 -12.9551 -8.77734 5.53882 
-3.00098 -28.2644 -4.39526 -23.6768 12.425 -17.9812 -2.97217 -4.21069 -6.3313 -4.50317 
-16.604 -7.20752 -7.92114 -3.91162 -19.3105 -18.9841 -28.3359 9.30981 -5.66772 -1.49414 
-16.1091 -7.62769 -9.23828 2.81665 -27.7539 -20.7578 -28.8503 10.1521 -6.35107 -5.03735 
-2.97339 -23.1482 0.809814 0.712891 -25.4343 -4.521 -27.385 -15.8459 -7.96851 7.55835 
0.433105 -15.718 -1.05029 0.555908 -10.8232 -10.7839 -21.187 -6.90723 -0.809082 0.612793 
-14.7517 -8.47827 -1.35107 11.0415 -33.4319 0.414063 -24.5955 -16.9182 -9.44971 -10.7625 
-14.9749 -9.37671 -11.5898 -7.19434 11.5896 -22.1567 -9.9895 -3.43677 -5.75488 -6.99634 
-9.19702 -17.0576 -3.36987 -14.8525 9.271 -23.6042 -12.9526 -3.44214 -7.87866 -3.49707 
-17.7119 -11.022 -13.1587 17.1201 -42.6243 1.27612 -35.4731 -16.1658 -16.1926 -5.19116 
5.97241 -17.1355 5.11597 -3.88647 -35.6729 -12.301 -6.73022 -18.0366 9.31567 -8.94263 
-1.24536 -15.9265 -2.12915 -2.21069 -19.1919 -4.0271 7.82031 -26.8037 2.13818 -8.37158 
-15.824 0.833252 20.3088 -3.13818 -27.655 -9.50293 -11.4839 -11.0295 2.82275 -38.9634 
10.1331 -7.45752 -1.05493 -1.06323 -29.4614 -2.6123 -9.83301 -5.19409 -5.14355 0.438232 
-8.36914 9.2627 -8.6709 -6.23389 -10.9363 -17.6467 -10.7949 -6.07813 3.42603 -11.0205 
-12.8728 -11.9937 20.2283 5.26978 -25.9968 -21.0708 -10.8843 -19.157 5.19385 -33.8789 
-18.6233 -16.251 -13.3088 14.3938 -32.4177 -13.8386 -30.3198 -17.7578 -6.06934 -5.42871 
-28.8357 -20.1646 -14.0083 -14.5579 14.0229 -21.4832 -19.5295 -8.37817 0.838623 1.29028 
-22.864 -13.8447 -18.0193 -3.39087 -28.751 9.7832 -17.8774 -18.6418 -11.0608 2.21558 
-5.20581 -23.1455 -6.07446 -19.28 -1.37207 -9.34717 18.2446 -20.3149 -10.3645 -14.6455 
-10.7083 -6.24023 -10.0903 -11.1541 -7.72876 -13.3076 -22.5083 9.45557 -10.2031 1.43433 
-9.40503 0.0314941 1.50024 -3.47705 -17.2231 -7.55933 -9.60034 -23.9363 9.79028 -17.6211 
-23.6331 -18.3308 -14.5588 -10.1536 -1.08984 -11.1997 -17.4016 -5.56714 -3.69336 12.1772 
21.7976 -23.1201 -1.85059 -15.49 -27.2358 -3.60767 -12.6487 -8.36035 -27.5247 -8.17993 
-8.70166 9.25195 -7.98511 -8.87646 -14.634 -13.8147 -3.56152 -10.7302 4.32446 -14.2217 
-8.47632 -6.92383 19.0945 5.44702 -31.5696 -24.4768 -15.271 -20.3081 2.83374 -31.917 
-18.8892 -13.6072 -6.1001 10.927 -27.1167 -2.75415 -30.7815 -30.9539 -2.37915 -6.79004 
-26.7993 -19.1331 -8.948 -12.3574 13.0381 -23.9907 -20.3335 -9.04077 -6.90918 -3.11816 
-17.0801 -14.3738 -15.4304 -5.06982 -31.3208 9.91919 -11.9109 -26.7661 -10.0627 4.19092 
-11.9729 -21.802 2.24829 -13.3088 -10.3643 -9.60083 19.7188 -26.4558 -3.24731 -17.9612 
-15.8618 -10.2788 -10.0144 -10.9009 -11.123 -13.3303 -27.6716 12.9182 -21.2368 -1.20288 
-2.18848 -11.8228 -1.00635 -3.41064 -31.2913 -9.1792 -10.7737 -18.8311 9.1709 -10.6406 
-18.2488 -21.8394 -10.9268 -10.0703 -4.41333 -20.4944 -21.3884 -5.94482 -11.248 8.79346 
19.5747 -21.0564 -2.23633 -11.5779 -31.5127 -7.97192 -12.623 -9.94775 -16.498 -3.04541 
-6.98901 9.40479 -6.03418 -10.7625 -12.9219 -14.0879 -3.48926 -12.6506 1.92773 -16.8579 
-7.82227 -5.39575 17.3867 5.96484 -40.9307 -18.4712 -20.8225 -16.1064 6.31836 -21.032 
-10.3228 -12.0398 -4.26147 8.49219 -27.7307 -6.70508 -25.5762 -17.3701 2.32471 -5.14355 
-22.6577 -22.5313 -13.8035 -12.3452 14.4639 -14.603 -21.9133 -6.92798 -1.55908 -3.17725 
-19.4583 -15.1873 -22.4067 -2.82861 -27.3982 13.3899 -13.1084 -22.3662 -9.89526 -2.03076 
-5.92041 -12.7813 -3.88599 -11.0193 -12.0044 -3.81885 14.0291 -29.8899 0.148682 -11.4895 
-16.2795 -8.66675 -10.6243 1.53418 -22.5969 -22.6982 -24.8079 9.47681 -11.823 -2.24512 
-5.29883 -2.23755 -0.580811 -5.68213 -20.9976 -10.3452 -12.634 -21.6345 10.7 -9.31738 
-17.8914 -18.0505 -10.9722 -8.66553 -1.51538 -19.4106 -21.6514 -0.381836 -7.49561 10.999 
15.3745 -8.34644 1.03906 -10.5718 -33.0647 -2.58618 -6.85156 -10.4077 -2.40186 -4.9624 
-4.90137 -5.86719 -0.832764 -0.00390625 -25.4294 -6.57739 -15.2974 -10.7998 9.38428 -8.78027 
-18.4019 -8.31299 -5.51245 12.1482 -31.9531 -3.43115 -28.2368 -26.7085 -3.55615 -10.8879 
-21.4688 -10.4434 -17.1453 -5.70581 -5.40991 -8.60254 -20.2009 -3.5061 -1.2478 10.9512 
-8.77124 -10.46 -17.7996 -1.25903 -15.8892 8.59814 -11.7056 -20.8662 -3.60229 -0.783936 
-14.4939 -7.78052 -11.7058 0.167725 -25.6375 12.1804 -11.407 -25.7454 -6.95044 -4.06421 
-7.52417 -8.34399 19.5688 5.57104 -32.6252 -25.7734 -15.0078 -16.6597 9.35474 -30.9521 
-4.69116 -23.5234 -8.17944 -25.1975 1.25342 -10.1201 18.2935 -16.7297 -12.9814 -11.5969 
-2.50269 -4.58569 -0.0219727 -6.97974 -25.2073 -6.9856 -9.89502 -15.4673 8.36011 -8.70459 
-12.7314 -20.4006 -8.12134 -14.0071 12.9106 -18.252 -14.6753 -5.68628 -12.0693 -3.66553 
-27.124 -15.1873 -15.0388 -7.00684 -4.09521 -15.5667 -20.0137 -5.96069 -5.37646 12.6118 
-8.34082 8.3584 -6.0498 -6.20728 -10.5168 -13.6768 -7.97021 -8.87573 1.72852 -13.802 
-13.9497 -8.71973 -9.44897 -12.7813 -14.0559 -15.6084 -21.2043 12.1228 -23.9629 -3.20483 
-11.2273 9.90869 -8.28418 -6.20068 -7.84814 -16.3672 -8.50781 -3.31567 2.52075 -11.6121 
-10.8831 -7.48975 14.9871 5.26929 -12.3076 -17.5344 -13.9639 -16.6479 1.7146 -21.5298 
-16.0405 -13.0413 2.89258 11.5359 -34.6653 -6.32959 -40.7026 -24.8962 -7.91479 -10.7122 
-22.2668 -7.4209 -27.5132 1.53052 -32.9138 12.2852 -22.187 -9.96655 -4.88623 4.60449 
-14.1841 -32.8594 -9.4873 -10.1218 -8.89209 -20.0957 -22.2659 -3.24292 0.677734 11.0825 
-10.8101 -16.667 -2.22974 -14.249 -3.5376 -5.97437 18.7537 -27.041 -6.45605 -18.3994 
-17.1826 -18.3601 -9.7002 -8.75708 -7.20142 -15.8984 -15.7031 -6.41724 1.03931 9.97583 
-10.0896 10.0637 -5.85425 -6.47876 -13.7769 -14.8115 -9.76123 -5.26587 3.68799 -15.5688 
-12.1204 11.0479 -9.59619 -6.75537 -11.8689 -15.8325 -10.2903 -1.00586 3.29102 -13.178 
-8.64868 8.2478 -5.71802 -8.91211 -9.7915 -14.1379 -6.71167 -7.38794 0.112793 -11.9763 
-14.3013 -5.45166 13.9375 0.312988 -25.6147 -9.69922 -15.6216 -9.54956 5.17261 -19.7869 
-19.5723 -13.3018 -14.439 -6.41235 -12.0371 -15.2932 -20.3347 -1.15918 -5.0061 8.05444 
-18.571 -24.5405 -24.6396 -9.14087 -24.0122 13.915 -15.9397 -21.7034 -3.75366 2.51099 
-2.39941 -18.2388 -1.41821 -7.5354 -2.375 -1.95435 10.8733 -18.072 -2.79785 -13.5957 
-4.28979 -9.21704 3.85449 -1.1748 -42.3997 -5.5166 -10.4939 -16.272 10.7378 -13.3655 
-7.1604 10.4233 1.40576 -7.37354 -12.9172 -15.8057 -9.66626 -7.88452 -2.01904 -17.1274 
-11.229 -3.6731 16.155 2.51904 -36.239 -13.4399 -16.8774 -13.1724 4.98804 -26.5718 
12.1755 -8.8623 -0.0639648 -6.78271 -20.1523 -3.55029 -2.13574 -8.73047 -0.301758 -8.75732 
-8.20532 -9.76465 -9.06372 -15.2783 -5.03442 -7.25806 -18.7478 11.2571 -15.4653 1.18091 
-6.52124 -9.61743 -12.4397 -13.1287 -0.0637207 -4.48511 -14.0383 6.85107 -9.49268 1.80859 
-16.1194 -17.3716 -24.3591 -3.32983 -18.2998 12.5303 -12.1711 -17.4314 -9.1936 0.266113 
-3.39746 -2.14331 -1.19531 -7.34668 -26.3198 -7.76025 -9.73389 -18.3992 9.98535 -10.5425 
-11.0698 -15.7664 17.9016 3.12573 -12.2136 -23.3472 -15.8196 -22.7507 2.61255 -24.7505 
-18.4695 -18.3235 -11.7678 -7.55713 -9.64673 -17.5879 -19.8223 -5.71436 -3.67554 11.3306 
-6.03784 -7.45508 -1.08423 -2.11572 -30.991 -9.53223 -16.5405 -16.4058 11.6594 -6.59058 
-17.7454 -11.0854 -10.3533 -6.88818 -14.9844 -20.2183 -24.0276 -2.54834 -0.0881348 10.134 
10.7993 -5.7605 -3.64014 -8.8457 -21.3298 -4.39331 -3.32202 -6.02881 -8.96069 -9.16553 
-14.2583 -10.9456 -10.0762 -10.7771 12.7119 -17.8789 -13.1421 -3.03784 -6.93604 -4.34009 
-14.3845 -18.4961 -2.40405 -11.9573 -2.49951 -7.37378 17.3525 -18.6411 -7.60107 -15.8352 
-21.2615 -11.2205 -9.4104 -6.06616 -18.7673 -18.5256 -31.0288 13.8508 -16.2327 -4.37183 
-11.3623 10.3708 -4.83057 -8.05981 -9.28467 -13.7695 -8.11304 -5.76099 0.4021 -13.1921 
-16.7273 -13.6113 -0.0539551 10.4719 -30.9944 -7.48999 -33.1299 -24.1785 3.22632 -7.8396 
-20.7148 -11.5576 -8.3291 -10.6052 12.5605 -26.6057 -15.574 -8.53833 -9.65698 -2.65186 
-30.4387 -24.439 -21.3733 -5.87695 -32.8162 12.9275 -21.916 -22.6887 -15.7732 7.31787 
-9.37744 -13.582 -3.00415 -12.8208 -5.33936 -8.22461 18.1978 -28.2202 -5.84277 -17.7363 
18.5928 -28.0378 -6.26123 -13.0408 -33.479 -7.07593 -8.26636 -8.70239 -10.281 -4.21509 
-16.6626 -13.5032 -6.48218 11.0984 -36.0283 -6.64648 -33.7676 -24.0977 -1.5647 -2.82324 
-13.6306 -14.1304 -3.09766 -14.5518 -2.98218 -6.30396 14.6938 -21.8787 -4.05786 -15.0994 
-9.53198 -2.17896 -6.54517 -3.86035 -26.3669 -6.37695 -7.47192 -16.2776 10.175 -8.09326 
-7.02075 -12.4148 -12.0505 -3.8147 -25.9954 -17.7815 -25.0022 9.66895 -20.8572 -2.76196 
18.7983 -27.5371 -8.80078 -16.291 -10.3303 -8.37793 -8.09888 -6.30518 -26.6479 -5.41309 
-16.1118 -14.9526 -12.1758 -10.425 8.6626 -17.2622 -14.5457 -6.49438 -4.58252 -3.97583 
-12.4199 -7.99243 14.334 1.64844 -31.0146 -13.1489 -10.9905 -20.4832 3.93481 -24.3721 
-15.1733 -5.43921 -10.4521 -5.9353 -10.0398 -17.554 -23.7312 9.16138 -10.9844 -4.54102 
-15.4519 -15.5164 -9.3457 -16.5479 15.0649 -21.3247 -12.4946 -9.22925 -12.1323 -2.98096 
-8.11108 -11.4573 -11.6616 -15.0276 -13.5471 -11.4595 -15.8003 12.4568 -18.554 -3.78125 
-19.1665 -21.6135 -18.9346 -7.62012 -19.5383 12.1545 -9.59814 -15.6782 -13.3352 1.7688 
-24.1658 -20.2554 -13.3071 -14.136 14.229 -22.5688 -18.0869 -1.33594 -8.52441 2.24805 
-9.01343 -14.7783 0.321777 7.68237 -31.812 -9.96313 -26.563 -15.3289 -4.81421 -4.33862 
-2.13916 -12.1135 -7.20361 -15.3696 8.20288 -12.4275 -6.62842 -6.89844 -7.63354 -5.0249 
-5.08447 -17.8706 19.0962 4.11304 -37.1763 -22.1492 -18.7603 -15.8186 9.77271 -23.5972 
-3.76099 -4.31152 2.30908 -5.12988 -24.3474 -12.2852 -8.65332 -13.9402 8.50317 -9.61914 
-7.46338 10.4155 1.20508 -12.3276 -14.6516 -12.8372 -3.70532 -12.1841 -1.18066 -19.6885 
-13.2112 -8.60596 -9.74902 -1.29858 -24.0583 11.4277 -11.2544 -21.5078 -4.82666 -6.14087 
-7.95947 11.0166 2.95801 -8.90845 -9.32153 -14.1995 -9.18042 -9.12085 -1.91724 -16.405 
-13.9082 -11.0271 17.769 -1.37354 -19.1597 -8.39868 -9.70435 -5.41284 -8.81445 -25.3391 
18.6992 -21.9639 -5.47803 -16.8022 -21.4111 -13.8406 -7.51831 -4.28809 -18.8704 -6.71313 
-12.3108 -15.5049 24.4026 11.7168 -28.8806 -25.9072 -24.4595 -31.0242 -4.11084 -32.0447 
-16.5913 -15.3401 -12.168 -5.50049 -28.8848 8.1709 -9.95728 -16.3418 -8.11206 -3.31812 
-8.82471 -6.2168 -4.81567 -8.46655 -4.04419 -0.255127 15.3594 -24.2715 -3.77344 -26.4456 
-17.5852 -10.6724 -3.90552 -10.9612 9.76855 -19.1675 -12.1726 -12.1362 -10.8872 -1.42212 
-19.6079 -18.6956 0.513428 15.4482 -34.4719 -7.66211 -38.2234 -28.9368 -5.38379 -10.5405 
17.2715 -16.2393 -0.335938 -9.86133 -19.3772 -9.11035 -8.17114 -7.15552 -18.4197 -11.6851 
16.5698 -11.5474 2.6189 -10.2927 -27.4751 -8.21167 -13.7822 -5.69849 -14.5132 -4.21411 
17.2014 -17.8535 -4.14111 -10.3223 -28.0334 -3.54712 -11.8613 -10.7363 -14.3645 -1.52441 
-6.86841 -13.7156 2.44214 11.5615 -34.552 -9.6228 -26.928 -10.5803 -7.87671 -12.9033 
-11.644 -15.1365 4.67383 10.7856 -33.0957 -12.8923 -26.427 -17.0281 4.93481 -16.1389 
-8.00342 -8.97949 -13.4851 -9.51123 -25.9241 9.45923 -1.6814 -13.4709 -5.31958 -5.14063 
-8.4043 -8.68506 -8.35229 -7.84595 -20.0234 -18.8667 -18.571 9.49219 -11.6304 -2.20874 
17.6907 -16.3713 -1.0686 -11.0225 -29.8555 -9.34253 -8.552 -7.39282 -15.9736 -6.39111 
-3.47754 -20.2581 1.70239 -8.05908 -4.18701 -5.53882 7.04492 -23.387 -4.01685 -5.65479 
-20.2554 -15.8484 -10.1909 -14.0122 12.6514 -19.4324 -15.3218 -6.02759 -3.94287 -2.62524 
-4.0332 -2.80615 4.06689 -5.26343 -22.7961 -10.4783 -11.2043 -18.021 10.1582 -13.2749 
-9.86426 -14.7974 1.74146 -4.06128 -16.6033 -10.8325 -10.5449 -16.313 9.52856 -13.7773 
-9.0564 -4.76001 -2.16626 -11.3801 -10.9143 -8.63599 16.6704 -26.271 0.570557 -25.6782 
-30.6909 -12.0166 2.41748 14.2988 -28.7419 -9.14478 -54.9658 -25.908 -6.43384 -8.7041 
-14.2854 -18.8599 -10.2185 -12.8779 12.0967 -18.0115 -15.2598 -5.77246 -8.3938 -3.28076 
-8.53711 -15.0918 -6.56055 -18.4863 -5.69678 -14.9456 13.2766 -16.1389 -5.29663 -10.7705 
-15.4783 -21.9465 -13.6006 -10.0686 -12.4717 -20.0823 -24.572 -3.24707 2.61157 13.5688 
-21.3799 -16.9714 -12.4976 -7.9187 -6.1665 -18.8591 -20.77 -1.13184 -4.88208 9.87915 
-4.21802 0.742432 -2.67456 -1.51563 -20.9812 -5.80396 -7.46338 -16.0881 7.6936 -10.946 
-4.38574 -16.3779 13.3247 5.93652 -17.8235 -13.666 -10.0901 -9.71265 1.95874 -17.7122 
-13.2346 -2.23145 -3.65234 -0.697266 -22.7542 -28.2432 -22.0984 7.94434 -8.74072 -7.97632 
-17.0259 -5.59424 -10.4072 3.97974 -33.1086 -33.6921 -33.9202 17.3674 -15.2803 -7.1438 
-10.4695 9.1748 -7.12915 -3.66357 -11.3152 -16.6956 -10.7361 -3.47803 4.04053 -9.80103 
17.5603 -18.5417 -2.86621 -12.7605 -34.1072 -6.32617 -9.8313 -4.83911 -4.53345 -3.47974 
-7.72095 8.99268 -6.45239 -4.29883 -12.6445 -14.5964 -10.4612 -10.7205 4.46484 -13.4543 
-5.64453 -24.9783 21.3306 5.64771 -23.113 -25.552 -18.7178 -30.7803 0 -23.5686 
-12.8452 -16.5896 -3.55981 10.1609 -36.0344 -10.6858 -26.3245 -6.03955 1.16162 -8.43701 
-14.5193 -12.1995 -10.2959 -12.4607 12.3862 -25.7676 -14.6663 -3.41748 -8.01025 -8.77344 
-21.9009 -4.89331 -5.94751 1.94312 -43.6436 9.87891 -23.9851 -28.4697 -11.4377 -10.6047 
-16.1995 -9.76318 -2.47754 -11.1165 -5.48633 -9.24829 12.4226 -15.7007 -0.412354 -18.7178 
-16.2979 -9.9978 -1.35229 0.00634766 -28.04 -14.333 -38.3208 14.3179 -19.5706 -3.95557 
-1.46533 -6.08276 1.28271 -7.09351 -21.1074 -14.856 -7.99487 -14.2642 9.15991 -3.83325 
-21.6191 -7.7168 -8.00366 -5.46411 -6.18726 -19.5437 -16.6284 -7.26953 -3.97461 8.78467 
19.9695 -22.0073 -2.66113 -15.0059 -34.228 -11.8228 -8.05933 -7.22998 -17.9888 -9.62891 
-7.34448 9.71973 -3.05762 -6.27637 -10.0244 -13.2747 -9.71997 -8.59473 2.15723 -15.7302 
-18.0754 -15.574 20.2971 5.36646 -33.2954 -19.1626 -7.11548 -19.5281 -0.891602 -47.3357 
-12.0322 -1.16602 2.32153 10.573 -20.2793 -6.37988 -24.0332 -19.3926 -9.26831 -13.2485 
-21.3718 -24.6934 -8.98389 -8.82788 9.80981 -20.5313 -19.3552 -2.35693 -8.03687 -2.87207 
-27.1653 -16.9736 2.83545 -4.27539 -28.8909 8.44019 -6.2644 -46.3425 6.33667 -20.7893 
-6.84546 -14.0015 -4.33911 -15.1055 -3.896 -8.81396 13.9194 -13.2119 -5.60352 -15.385 
-11.6943 -17.3591 2.29736 -4.81299 -22.0657 -9.73975 -46.5161 17.8567 -25.3901 -11.5708 
-4.47778 -5.95093 2.76855 -5.50098 -23.5632 -13.3694 -9.4292 -21.9993 11.2244 -11.2664 
15.6008 -8.65771 2.63916 -11.0217 -26.3264 -11.1462 -6.03613 -8.07617 -9.44556 -16.5925 
-7.26489 8.5354 -6.07935 -8.64526 -12.3477 -13.4177 -4.06348 -10.165 1.32324 -16.3774 
-15.4934 -18.115 22.5967 -0.102783 -39.2036 -11.4768 -8.32349 -12.5642 -4.0542 -41.5994 
-10.6008 -6.0332 0.413574 10.2532 -16.9653 -1.42334 -20.0898 -14.6843 -1.76733 -12.7473 
-15.1514 -20.6929 -4.21875 -10.8389 10.3286 -22.6204 -18.2156 -2.34131 -9.58765 -4.97729 
-29.8936 -7.53076 -4.81787 3.97437 -43.9019 10.7927 -24.4021 -39.6658 -4.95313 -8.13916 
-1.3999 -16.6062 -6.10962 -3.76489 -7.95093 -6.81812 7.1521 -15.0413 -3.62988 -7.82959 
-17.0129 -16.0425 -5.06372 -0.831299 -30.8279 -15.0242 -42.5322 22.7695 -31.0967 -7.67114 
1.38721 -4.39502 2.20337 -12.2527 -21.5698 -14.2637 -6.20386 -14.1028 9.70264 -9.80786 
-12.1978 -11.8213 17.2705 -6.19824 -15.3167 -10.8704 -3.48926 -8.89575 -4.45923 -29.5991 
-10.2217 6.89331 -10.8691 -4.12231 -3.68945 -11.946 -8.44263 -3.38672 -0.271729 -4.43384 
-19.5139 -7.01733 -2.90967 0.246338 -20.3618 -15.4517 -32.3862 14.2886 -18.3281 -6.62061 
-17.2854 -18.9075 21.4268 -1.66821 -13.7173 -21.8911 -4.323 -34.9048 -3.03369 -33.2893 
-20.2361 -13.0596 -7.76782 -0.369629 -35.3291 9.69653 -18.7805 -26.9534 -8.54443 -11.5027 
15.6387 -19.5608 2.396 -15.2727 -34.6523 -13.8179 -9.00122 -6.08936 -7.77734 -5.86865 
-3.4248 -4.32617 3.25586 -3.62891 -30.4819 -12.7925 -9.32349 -20.7458 9.83911 -8.3689 
11.9385 -16.9365 -1.86108 -6.83911 -9.948 -7.60522 -2.40161 -9.55859 -4.46338 0.801025 
-19.9858 -9.85718 20.2654 8.82617 -46.4773 -14.5261 -41.4546 -18.3342 -3.30225 -31.3142 
-23.9099 -11.9932 -7.96338 -0.282959 -25.4514 -14.8555 -39.2522 17.0723 -22.3049 -1.77905 
-6.89136 -2.36987 1.58179 -2.46436 -12.9973 -5.21582 0.553711 -21.3496 5.6731 -14.4221 
2.70117 -17.0769 5.27246 -6.6687 -36.4172 -12.425 -7.39941 -22.0981 10.1719 -9.61743 
-13.186 -13.1399 5.03589 13.2373 -40.4023 -8.02515 -34.6565 -18.8113 -7.84985 -10.561 
-13.4775 -10.5398 -1.43237 -12.1316 -7.87476 -8.66504 11.7964 -20.791 0.0322266 -14.7317 
11.3394 -16.2627 -6.59766 -8.75049 -15.1421 -9.80298 -3.04053 -6.18628 -21.3391 -11.7476 
-5.17383 -14.1401 20.1282 9.39063 -27.2319 -18.5339 -16.0979 -18.3237 -9.36548 -34.0151 
-12.304 -17.4111 -3.22803 -5.87769 -12.9268 -10.0181 -30.9956 11.8616 -14.7129 -2.39697 
-10.074 -17.0396 -0.706787 -9.15747 -14.6909 -5.25977 10.9771 -26.3743 1.94824 -18.4392 
-5.98779 -18.2183 1.05273 -11.1499 -14.3533 -5.6394 13.9214 -38.6409 -0.154541 -15.8652 
-9.9646 7.41113 -6.06128 -7.60913 -8.5354 -13.9517 -8.84302 -7.10596 0.828857 -7.81763 
-12.6208 -23.2456 16.7104 2.94531 -24.7605 -12.4651 -3.56543 -13.2478 -2.94336 -35.6694 
-3.90796 -9.39771 5.86353 1.18286 -30.0505 -10.4795 -8.18115 -18.5493 11.5906 -14.5674 
-6.96704 -2.61426 8.17114 -0.0366211 -43.0854 -19.2 -17.6611 -15.3494 11.9106 -14.6626 
-15.7136 -31.9739 -13.092 -9.7229 -17.7319 -6.93848 -29.376 21.2827 -20.1655 -7.72681 
-19.8452 -5.47217 -5.03247 -3.95801 -16.5676 -23.0298 -29.7373 15.9653 -18.7046 -7.28882 
-13.2012 -8.79834 -7.01196 -11.6338 14.3567 -23.5178 -11.5771 -6.06567 -12.8696 -5.83569 
-9.44775 -21.4258 -14.271 -8.41748 -19.6184 -18.7876 -29.2478 21.9324 -31.6599 5.81958 
-23.5737 -15.7502 -5.32104 1.40869 -36.2876 -15.7595 -40.384 19.5315 -20.5925 -6.28418 
-18.2061 -12.6628 -1.56323 11.488 -33.0225 -7.63037 -29.0916 -19.7144 -7.95508 -6.25586 
-22.9475 -12.4712 -4.90771 -0.684326 -33.5896 -14.2339 -38.1355 19.9153 -20.7153 -7.76392 
-20.7888 -16.1851 -2.93018 -5.75537 9.8606 -22.6782 -15.7954 -9.56128 -9.23657 -9.2981 
-16.9353 -15.3733 -15.9346 -3.32764 -26.927 13.406 -16.6616 -19.8718 -4.56958 -9.01733 
-15.2119 -14.4019 -5.16895 -11.6292 11.3601 -15.7444 -8.91992 -1.75391 -5.58496 -6.64063 
-19.323 -5.31689 7.98779 11.3743 -35.6511 -12.5266 -29.269 -11.3567 0.962402 -22.1304 
-14.5208 -15.2932 -0.578613 11.541 -36.8203 -10.8303 -29.1003 -11.0581 -4.16431 -7.59595 
-8.36328 -3.41602 1.021 -2.4751 -21.8345 -10.5576 -7.9873 -21.6389 9.29004 -6.82275 
-17.5293 -11.4573 -1.63062 -14.9646 12.9238 -19.2375 -12.9607 -2.10083 -10.7751 -14.0413 
-9.82861 6.71313 -9.61914 -7.74829 -10.4153 -12.4324 -6.34131 -10.875 0.907959 -10.0349 
-16.9587 9.75024 -12.4956 -4.90283 -9.77515 -11.9309 -11.4519 -6.98267 1.85205 -7.78979 
-19.1543 -6.60962 -10.4897 -8.76392 3.47168 -8.11768 -10.4983 -8.37744 -1.28564 8.28296 
-10.9597 -2.45215 -8.85522 -5.45068 -7.23633 -13.4641 -23.4521 7.00073 -14.5432 0.694336 
-20.2871 -20.7717 -5.96045 -10.7327 11.7295 -13.0564 -14.5571 0.020752 -4.6748 -2.8396 
-11.0679 -12.3169 -1.17896 8.02246 -31.5522 -8.44531 -23.0244 -11.511 -3.30835 -5.63647 
-9.20654 -13.521 -7.50562 -4.80786 -19.8076 -8.63916 -27.8838 9.66406 -21.5513 2.36108 
-17.8269 -4.13965 4.45288 10.7429 -31.4302 -8.82642 -27.0513 -17.5032 -5.9917 -15.1428 
-19.1897 -11.8823 -3.33008 14.5925 -42.5454 -9.55249 -41.3948 -15.5793 -10.9558 -2.39087 
12.6118 -8.42505 1.45264 -11.272 -30.4409 -4.66504 -6.17505 -10.2114 -2.59375 -11.2654 
-20.8796 -27.8315 28.3044 -1.24927 -37.7778 -28.2002 -3.55176 -39.979 -2.06885 -52.2205 
-23.8455 -21.3958 0.459473 3.74219 -33.6519 7.40942 -25.3247 -28.6038 4.31567 -14.2314 
-14.7551 -11.9231 -5.74512 -1.50171 -19.812 1.54028 -12.0093 -7.00635 2.79956 -10.5742 
-7.27319 -15.335 -6.18481 -18.8679 -5.83521 -13.6968 13.3411 -13.4087 -6.77026 -11.6279 
-11.8035 -12.7285 0.429688 -6.78296 -10.4353 -0.817627 12.675 -19.3621 3.87256 -21.8489 
-14.5903 -11.1638 2.17285 11.1467 -28.531 -6.37329 -24.5293 -21.5835 -4.72729 -14.1206 
-14.3098 -14.824 -7.84644 0.566162 -14.7939 1.86328 -8.11694 -4.62769 4.89355 -10.312 
-4.23096 -18.7139 11.5728 -0.0449219 -16.6709 -12.9517 0.15332 -18.5862 1.2605 -14.0103 
-17.3127 -17.3806 -7.17798 -7.25146 -18.1152 4.7998 -1.91772 -13.4133 9.59424 -10.3223 
-16.7537 -2.10229 -10.4258 -7.31592 2.78882 -11.064 -13.8572 -6.85376 -5.44751 9.68066 
-14.4709 -16.0146 -6.04907 -4.68164 -5.64722 -14.2627 -17.2585 -6.61694 -2.24951 6.70898 
-4.70508 -14.7876 1.8064 -4.46777 -24.333 -13.1099 -9.18311 -12.3647 9.57568 -7.21436 
-20.248 -9.51758 -15.4685 -13.6877 10.8438 -16.0742 -12.0452 0.345459 -3.67847 -4.38037 
-12.6658 8.98315 -12.9976 -6.75171 -3.29883 -12.5259 -9.97412 -6.68628 -0.80835 -3.66821 
10.8259 -11.1423 1.0791 -10.5583 -17.9587 -6.83716 -7.87085 -8.14722 -6.80298 -6.76538 
-7.16187 -17.0574 -0.489258 -12.25 -1.87134 -9.60693 12.3391 -9.63062 -2.59546 -18.1655 
8.73438 -16.3472 0.473389 -10.5676 -0.557129 -12.0999 1.18286 -11.3682 -6.146 -10.4663 
-19.2852 -6.82129 -9.08594 -7.25854 0.79834 -9.85718 -16.3333 -5.90112 -5.95557 9.61621 
-5.39331 -11.0447 -1.35181 -5.92896 -7.26001 -9.05469 7.80688 -14.707 0.198486 -16.8362 
-2.45825 -12.2212 2.99219 -4.93872 -16.417 -7.02026 -4.77905 -15.301 7.3916 -12.7869 
0.0378418 -6.96875 2.69727 -9.06128 -25.9768 -16.4199 -5.78125 -22.656 10.033 -8.38721 
-24.3093 -5.03711 -3.53174 2.59009 -44.2739 9.51709 -19.0647 -33.2756 -10.6353 -5.39209 
1.20557 -22.3845 0.463379 -11.5193 -17.2642 -3.89209 9.53149 -30.9104 4.48633 -19.8352 
-11.5176 9.65894 -11.1479 -7.28296 -4.87646 -17.2993 -10.405 -2.78442 0.97583 -6.57642 
-16.7769 8.50586 -15.7637 -5.13599 -2.26782 -5.57642 -8.10767 -7.25464 2.46631 -6.3894 
-9.56836 -12.9907 -3.29248 -4.87695 -5.98267 -7.87354 -13.0007 -10.8696 -0.0300293 2.64453 
-1.26929 -2.21729 3.12598 -3.2395 -27.9543 -17.8391 -5.89648 -19.8494 9.62549 -6.93604 
-13.0662 -6.90698 -5.33154 -5.31909 -3.40967 -12.5205 -15.4846 -4.22559 -4.48584 6.58667 
-5.83301 -18.6731 22.7725 5.66724 -41.7764 -19.7239 -13.7351 -23.6575 -2.74023 -44.417 
-24.6956 -5.50415 5.70093 13.6919 -36.3311 -7.38062 -52.1252 -25.9927 -8.60669 -6.28931 
-27.231 -17.4775 -13.1563 2.01733 -27.9419 10.5452 -20.2651 -19.6023 7.68555 -11.0022 
-22.0657 -12.074 -18.0757 -1.90723 -37.4639 15.9189 -15.0349 -23.5713 -11.4231 -10.0813 
-1.46143 -11.4063 -4.73608 -0.696045 -10.4192 -6.3645 -10.509 -6.90918 -5.35938 4.08911 
-11.1301 -8.1084 -5.20898 -13.3555 5.92188 -14.2463 -5.1106 -1.90234 -3.39551 -10.9858 
-12.2581 -19.5239 18.3091 -16.2178 -7.31519 -6.84595 -10.751 -6.06958 -14.1057 -27.2463 
-11.4199 8.36963 -9.21997 -6.8335 -6.15454 -14.1333 -10.4116 -6.54175 -0.191162 -4.38867 
-16.1775 -8.73096 -7.33276 -6.44336 0.629639 -5.35059 -12.3003 -11.0127 -2.68115 8.2854 
-12.6553 -8.38672 10.9678 9.85205 -35.5188 -14.0066 -24.147 -12.3203 2.33838 -24.356 
-9.42578 -9.76318 -4.39917 -8.13428 -3.64355 -13.5061 -13.3884 -1.47339 -7.94092 5.45117 
-16.2021 -30.3362 27.8914 3.55322 -27.5786 -17.3315 -8.9917 -32.1379 -7.81958 -41.947 
10.9109 -18.5444 -2.97998 -7.91309 -9.26025 -7.91626 -2.42334 -8.5769 -11.6963 -7.67725 
0.301025 -17.9111 -0.493164 -9.01416 -11.1294 -9.05957 9.65112 -20.9333 -1.37427 -23.897 
9.41772 -15.7197 0.515869 -6.01782 -9.09082 -13.0217 -1.08813 -14.4399 -7.31104 -6.13428 
-22.1113 -9.9812 -16.9783 -13.5684 13.3511 -22.3982 -12.6948 -5.73657 -1.11157 -0.475586 
10.7908 -16.6477 2.93872 -6.09839 -7.48828 -17.1553 -3.66455 -12.5085 -7.42065 -4.78857 
19.2588 -17.3997 -8.0752 -16.3418 -30.772 -3.18848 -6.40283 -6.1709 -20.1365 -8.07935 
-6.573 10.0342 0.279541 -10.6504 -20.217 -12.9941 -3.10474 -13.6477 3.34204 -20.2986 
-3.30933 -8.6604 14.176 3.34619 -32.615 -21.2693 -14.5557 -22.7371 2.6731 -17.0728 
-18.8491 -12.6536 -5.49097 9.19531 -31.0972 -12.9546 -27.2117 -12.6821 1.21484 -0.71167 
-9.89209 -8.84619 -4.26245 -5.4646 8.41724 -17.1948 -6.17896 -7.10547 -7.33252 -12.7678 
-11.7097 -4.00098 -14.3037 -13.3472 -1.74536 -11.657 -15.9233 8.57788 -9.81055 -2.6853 
-3.02783 -6.42261 0.39209 -9.00195 -22.5647 -13.8691 -8.51221 -15.9351 8.80469 -8.15674 
-22.2383 -12.0894 -11.6106 -7.75 -9.02344 -21.5818 -18.1243 -6.12085 -1.81177 11.5737 
17.3447 -18.4348 -0.401611 -8.11938 -32.865 -5.64209 -18.1831 -8.02466 -11.5928 1.61694 
-8.79736 11.0771 5.65601 -10.5613 -9.79468 -17.4048 -9.44604 -7.85498 -5.77026 -21.5063 
-16.4299 -4.96729 17.1992 2.41821 -31.9226 -16.6414 -16.0815 -19.6836 2.30542 -24.9331 
-15.8157 -14.8403 -2.8999 16.4146 -39.3848 -5.08179 -33.8083 -26.3767 -9.15527 -11.3298 
-11.2053 -7.2085 -11.98 -11.1382 -11.1206 -7.44141 -17.7107 10.9316 -13.3643 2.71021 
-5.88354 -4.99854 0.162354 -8.62622 -22.439 -13.0054 -9.31006 -17.437 9.7998 -9.00244 
-13.2734 -10.2949 -5.89404 -7.44482 -4.823 -21.9121 -19.4143 -1.18579 -11.3145 8.50342 
13.6455 -15.3352 -0.142334 -9.41528 -12.6675 -11.9773 -3.4397 -7.01538 -10.4663 -7.89282 
-4.23438 9.93091 5.91528 -12.7083 -17.2559 -18.0317 -6.24048 -12.3208 -2.48193 -22.3472 
-11.8413 -2.7793 11.0366 0.834473 -25.8032 -9.49365 -11.7715 -14.4001 2.68628 -22.9077 
-13.8599 -10.249 3.38525 12.3486 -34.7129 -8.76978 -42.2317 -16.3516 -8.07007 -4.94678 
-8.00854 -10.375 -5.83374 -9.55005 8.12598 -13.5945 -10.8337 -5.47241 -6.35205 -5.23608 
-12.6436 -3.58398 -11.4604 -11.2634 -9.77319 -12.1785 -19.7915 8.39063 -8.86914 -3.61035 
-9.5127 -2.7832 2.28564 -4.64111 -19.8101 -13.7639 -10.0671 -23.6218 11.7366 -13.9626 
-18.8818 -23.248 -10.7732 -7.24146 -5.0293 -21.8674 -21.6062 2.20801 -12.9397 12.3921 
-7.99878 -9.63379 -12.2656 -9.50049 -9.48462 -3.48511 -17.2393 8.6897 -10.6123 1.8999 
-5.58203 -9.18481 -0.198486 10.1995 -28.4336 -4.95068 -11.8181 -19.7246 -2.05225 -17.7446 
15.3625 -14.3857 4.04126 -7.47241 -23.9106 -7.68091 -4.3855 -11.5535 -3.93115 -5.37646 
-8.18799 -5.99072 0.315674 13.3506 -21.79 -7.30811 -17.2793 -20.6558 -9.78027 -21.7236 
-7.93433 9.76514 1.83472 -10.4436 -13.3606 -12.7666 -7.06519 -9.36426 -0.415527 -18.8149 
-5.33521 -6.46143 -0.187744 -8.28076 -23.4348 -13.8628 -10.0205 -17.678 10.374 -9.44458 
-9.51343 -3.9668 -14.9832 -12.228 -4.78516 -10.3113 -15.3276 7.14233 -7.80444 -2.92725 
-2.24243 -9.19385 -4.98242 -7.69409 -11.8909 -8.44189 12.5542 -26.8638 0.600586 -16.0181 
-11.7617 -6.09546 -9.34668 -4.35181 4.95483 -5.44922 -4.57397 -8.70996 -1.42529 -10.3291 
15.0825 -12.262 0.38916 -9.10254 -19.7981 -6.93896 -4.87476 -11.1204 -5.15356 -2.48535 
-12.5879 -9.69629 18.5564 -0.235107 -31.8489 -19.781 -15.6729 -19.0112 3.4231 -27.5759 
0.607178 -11.3772 -3.21631 -9.15454 -13.0728 -4.48975 13.0452 -31.5532 -0.88916 -17.4709 
-1.7229 -10.8882 1.38965 -4.69141 -17.6904 -13.4487 -8.90308 -13.5854 8.91577 -5.95435 
-15.8718 -8.80127 9.84351 12.2654 -43.5791 -5.96265 -39.5469 -18.3562 1.30322 -22.5796 
-10.4236 -5.65088 18.6045 4.80859 -42.9802 -13.4609 -22.4531 -8.43604 5.05371 -31.709 
-3.97339 -2.54272 -0.75293 -7.59351 -19.2202 -12.1135 -6.68286 -16.2832 8.08716 -3.56299 
-9.26221 9.77173 6.59375 -11.7412 -12.6379 -17.9512 -8.89087 -10.2424 -3.73877 -21.0659 
-11.3921 -0.77002 18.7346 4.47095 -36.679 -17.334 -18.9866 -19.8823 4.60303 -35.2336 
15.4004 -12.9646 5.04932 -7.83447 -23.4463 -11.3469 -4.51929 -8.76831 0.838867 -9.04785 
-12.3413 -1.35474 -6.06738 -7.26245 -4.96069 -10.6951 -20.0093 5.85278 -5.16064 -3.55688 
-6.93823 9.64966 4.45337 -12.6235 -14.7156 -16.1152 -5.33765 -11.0144 -4.55151 -22.041 
13.7683 -11.2148 2.84277 -4.53223 -20.8936 -5.68896 -4.48242 -7.42725 1.17603 -8.13232 
-8.81689 -9.01465 -1.88672 -7.52002 5.50684 -11.7456 -4.73364 -8.0127 -2.65088 -12.9307 
-5.78589 -17.1196 -0.853271 -22.5811 14.7646 -12.7522 -8.68677 -4.23145 -18.6833 -12.0149 
-18.6543 -22.5737 -20.2283 -10.0767 -20.2273 12.0835 -9.27734 -17.562 -7.41968 3.40161 
-8.31934 -9.43774 -3.44604 -8.70044 -13.4985 -14.1829 -8.59277 -13.4622 8.89355 -5.9082 
12.4656 -10.5852 2.1521 -7.63354 -24.322 -7.17065 -9.39868 -9.7002 -6.6355 -3.87305 
-6.97778 -3.13623 -7.35034 -15.2651 -10.2642 -7.82275 17.2461 -23.1672 0.459473 -19.6101 
2.79248 -19.0605 9.73486 -10.8525 -9.44238 -6.40356 -4.40747 -10.3347 0.877686 -14.8474 
-11.9719 -13.4675 3.64233 11.4211 -32.7588 -10.2422 -27.45 -18.6123 -1.92993 -12.6777 
-7.86328 10.4692 -1.25122 -9.51001 -13.8584 -13.0986 -5.91577 -12.4585 1.32886 -17.8447 
-28.5759 -21.9829 -27.5471 -7.34033 -22.6472 14.6357 -12.707 -25.4685 -12.3289 5.78516 
-7.90308 10.0193 1.54761 -10.0293 -14.157 -11.8508 -4.59497 -10.7395 1.37256 -20.9695 
-1.79736 -2.00781 -1.30859 -12.4773 -22.0405 -11.4082 -4.2876 -21.2141 7.89233 -12.2979 
-18.3557 -18.4519 -26.6162 -7.10059 -13.8921 11.5566 -7.79321 -18.1023 -8.34302 4.05664 
-6.55029 -8.75757 -2.78809 -4.64771 -12.9202 -16.3728 -17.0854 -5.31934 -8.74048 6.68628 
-5.04956 -12.4368 -8.80029 -10.887 7.07104 -10.5127 -12.3613 -3.3457 -6.65356 -4.59546 
17.366 -18.646 4.2085 -9.54858 -29.4998 -8.79736 -9.85205 -15.6777 -12.8784 -7.10718 
-13.0828 -6.13989 -15.7891 -12.6646 -5.1875 -10.0244 -18.333 10.395 -11.5542 -4.677 
-16.7891 -24.3696 -25.3376 -7.3689 -10.9287 12.0957 -6.57275 -19.7888 -5.85327 0.888428 
-4.55103 -10.8086 0.00878906 -7.78516 -18.0996 -10.7834 -6.36108 -14.7053 9.15845 -9.52734 
-5.04321 -4.91431 -1.12451 -9.06982 -15.8152 -15.3416 -5.30933 -18.9019 8.28223 -6.87524 
-5.11548 -9.09399 4.46704 9.20483 -32.3203 -5.27979 -23.3625 -20.5544 -5.87061 -12.3464 
-4.45874 -13.7688 -1.99854 -5.22095 -12.8235 -5.94238 -11.9568 -11.4976 7.44849 -8.36548 
-15.5759 -7.54565 -14.2605 -6.11621 -12.0046 -17.6904 -24.1038 -0.363281 -1.73169 10.6919 
-10.9683 -2.15869 14.0132 -0.68457 -34.5759 -12.7429 -13.9924 -15.1084 5.51074 -28.0535 
-10.0376 -18.1663 -6.30493 -12.2524 -11.7256 -2.91431 15.8755 -32.7942 0.461426 -14.0403 
-21.7134 -2.58203 19.1265 4.48169 -31.7207 -18.4556 -22.6445 -14.5327 6.26416 -31.314 
-15.5405 -23.4648 -19.5806 -10.3894 -19.3228 10.2791 -8.03955 -13.053 -3.69385 1.70776 
-3.14453 -9.36475 2.67212 8.94067 -21.1587 -7.42017 -14.803 -17.7283 -4.13745 -14.176 
-6.1355 10.5371 5.75781 -12.2236 -14.3684 -18.8396 -8.2395 -10.3003 -3.84668 -18.8513 
-14.437 -3.55762 -14.4961 -11.4658 -4.52539 -12.3191 -21.3794 9.66333 -11.9199 0.607666 
-13.6526 -9.42456 -0.356689 12.3508 -39.687 -11.4065 -30.8516 -12.6343 -4.45581 -10.0955 
4.33203 -19.6797 -0.531982 -10.0374 -2.19995 -11.3098 -5.42212 -6.95288 -10.5947 4.83813 
-10.5481 11.1926 5.927 -10.7285 -10.47 -20.8745 -9.05835 -8.8147 -6.93506 -21.9197 
-1.55347 -14.0979 -0.671631 -6.90649 -11.5916 -18.6018 -10.3923 -7.8335 -0.723633 3.17407 
-26.1506 -22.0759 -12.1394 -10.4448 -8.86157 -13.2522 -20.9976 -5.23608 -5.6333 13.8589 
-11.0105 -10.6035 -7.771 -17.603 -9.98511 0.201416 18.7 -36.1138 -0.553711 -15.0667 
20.9448 -23.9495 1.10547 -12.7808 -18.8774 -8.42065 -9.1604 -12.6826 -24.2383 -8.92065 
-9.28003 -17.5645 3.0437 9.90967 -38.3137 -3.17188 -39.2634 -27.7305 -4.5022 -1.41357 
-2.49561 -11.7202 -1.31055 -11.0757 -10.8738 -15.6877 -9.59375 -8.34692 -1.84888 6.48462 
-9.27417 -0.485352 12.1379 -0.13916 -27.2888 -11.6616 -12.4707 -19.1204 3.67822 -18.969 
-2.90405 -3.50439 4.96216 -8.04102 -25.7131 -17.3137 -5.79419 -22.2146 9.83643 -11.0742 
-6.47729 10.2454 4.03027 -12.6394 -16.2424 -15.9761 -5.47119 -11.6501 -2.56982 -20.1062 
-21.6206 -13.366 -12.8643 -16.2368 16.1746 -14.5625 -16.1057 -7.77246 -8.78247 -11.9856 
-6.61304 -7.21582 3.94531 11.7207 -32.2219 -3.82495 -26.344 -14.5349 -3.38721 -15.8701 
-13.592 -18.6941 -16.0017 -9.08276 -25.7004 7.19336 -10.0132 -15.0007 -5.32446 2.6897 
-9.2959 -11.9839 16.5864 3.0376 -26.2607 -21.3577 -15.1299 -21.469 2.98877 -17.2305 
-14.2 -10.2664 -4.51514 -4.46631 -10.925 -20.9473 -16.0947 -6.33887 -3.65942 8.4917 
-13.0796 -4.99561 16.1194 0.141357 -28.1074 -20.4846 -17.7891 -14.9675 7.38672 -27.345 
-10.3169 -27.916 -14.0808 -3.90405 -9.69043 11.0728 -13.3855 -9.58057 1.14429 -2.47559 
-3.39014 -8.26245 -1.46191 -5.58911 -13.6907 -7.57056 -5.71655 -11.0203 6.96924 -3.60107 
-17.3257 -17.6602 -12.855 -8.76733 -8.12231 -16.8718 -20.7922 -5.25 -1.86011 10.271 
-19.9375 -19.6548 -14.4019 -4.84058 -33.2913 8.43677 -15.1064 -19.5034 -11.77 4.021 
15.2703 -14.9487 -12.5452 -20.8398 -9.14209 0.222168 0.833008 -4.1709 -13.0508 -8.69775 
-7.05542 11.3389 5.05933 -5.78174 -11.9812 -18.4424 -10.5481 -8.77271 -1.05103 -21.3071 
-29.7756 -11.6355 21.6787 4.65771 -4.84619 -24.6682 -14.1816 -29.7468 -5.29639 -43.8035 
-9.75244 -22.4663 3.0874 -10.4246 1.78467 -22.9521 -2.81421 -12.8564 -5.91919 -10.6121 
-10.2888 -14.6194 -17.0933 -6.21631 -9.90137 5.24048 -14.5005 -8.04663 -3.23633 2.62573 
-2.08643 -14.636 -3.56006 -18.834 -6.32544 -9.47827 11.4268 -14.7478 -7.05151 -10.7214 
12.085 -23.3013 -7.63599 -7.43555 -32.4883 2.52954 -20.5808 -2.20801 -21.7454 -8.08398 
-8.07544 9.3064 -3.37939 -6.99536 -11.7429 -14.333 -4.83081 -8.1001 2.18188 -17.1711 
-9.96289 -9.89966 14.6233 1.73755 -24.2844 -14.6992 -20.1824 -1.896 0.0668945 -25.0137 
-21.5515 -17.5159 -24.6453 17.2832 -36.1641 -8.59424 -33.1836 -5.01489 -12.5227 -2.66602 
-25.9639 -22.7754 -9.9668 -10.4604 11.188 -17.8491 -13.1926 -16.6211 2.44312 -2.92554 
-14.5159 -18.605 -11.1301 -6.43091 -26.2151 6.24121 -15.2952 -17.3757 -7.69019 -0.289307 
-5.48389 -13.28 -3.62866 -8.14038 -10.302 -6.00952 13.6755 -20.1848 -3.58789 -16.2397 
-12.4148 -12.6929 -10.8489 -1.26978 -25.4739 -10.3203 -34.9392 12.6716 -10.4729 1.27173 
-11.8655 7.77539 -13.8647 -7.32837 -1.06763 -10.8174 -7.59058 -1.78809 -3.14673 -0.404053 
-16.7559 -7.43994 18.4658 3.85986 -34.9961 -13.1584 -15.8721 -20.3755 0.671143 -40.2939 
-8.63721 -4.70728 -8.99438 3.7085 -0.886475 -10.5327 -11.293 -5.85034 -5.69385 -9.271 
-18.6855 -24.9092 -1.43237 -6.25269 6.84204 -17.8181 -14.0811 -1.28296 -8.24414 -12.8213 
-18.4883 -9.35889 -10.72 1.40771 -15.1357 7.66431 -14.5034 -24.4106 -3.11572 0.618652 
-5.13306 5.93506 -6.24707 -9.23901 -8.78687 -13.3838 -6.1626 -11.2305 -0.748535 -8.40112 
8.25928 -14.3538 -1.26392 -7.53125 -11.2869 2.44629 -0.223389 -4.27441 -4.96216 -10.7092 
-11.6323 -16.6953 -5.71802 -13.7783 5.16577 -22.4705 -11.5979 -9.84375 -9.37207 1.15259 
-15.2957 -2.3916 -10.7007 -5.02271 -28.3567 12.0659 -15.9033 -16.6482 -27.3328 -9.60938 
-7.01587 -19.4504 -3.98584 -24.0862 2.47192 -11.082 15.3091 -9.65161 -9.49146 -11.6807 
-12.0564 -11.6296 -3.18457 -16.5422 -11.7319 -4.97852 18.3357 -30.7739 -0.170898 -20.1016 
-12.8323 -8.27051 -7.67407 7.31641 -21.1414 -3.56299 -22.207 -16.9341 -8.07446 -0.703125 
-1.479 -14.5107 -4.94604 -7.88672 5.33521 -10.532 -5.61475 -8.2373 -2.59766 -4.55347 
-10.1807 -12.2676 -4.29028 -6.81177 5.24048 -14.3904 -3.17017 -11.7629 -9.95215 -2.30176 
-5.56543 -6.24341 9.01611 -6.54175 -18.1069 -7.18311 -5.79834 -9.27441 -1.94653 -19.0457 
-14.593 -14.5691 -14.4475 -3.3147 -12.981 -16.5437 -15.0403 1.7395 5.05908 7.00391 
-7.37988 8.2644 -2.58862 -3.40576 -0.274414 -16.9565 -15.5146 -1.24658 -4.36768 -5.67236 
8.979 -7.47168 5.51172 -2.14868 -28.364 -4.5813 -10.9473 -11.2371 0.247559 -8.49438 
-5.03394 -1.50024 2.35864 -3.82959 -13.1006 -2.80469 2.9458 -11.1477 -4.48218 -16.8379 
-11.2947 -11.8469 5.37744 -3.03687 0.5625 -21.0959 -6.24658 -0.278564 -6.52954 -12.144 
-2.28174 -2.16235 -3.0874 -0.53833 -4.69507 -3.68677 -4.74072 -4.26709 0.977295 -2.14966 
-6.56567 -0.182617 0.0788574 0.378174 -15.7544 -9.17407 -15.2595 3.28516 -6.08667 -3.11157 
-15.3643 -2.38965 14.8262 -3.35254 -18.2751 -12.1096 -4.63428 -19.1958 -3.93408 -29.2915 
-6.65259 -6.00024 -5.18921 4.37207 -8.01489 -5.56738 -13.3499 -9.54248 -4.64453 -9.75195 
-4.61792 -1.49536 -7.58691 3.60498 -2.24829 -5.48853 -10.1028 -2.27979 -7.88818 -0.768799 
-17.0098 -15.3677 -13.2678 -8.06177 -6.34253 -8.85498 -14.1179 -8.86157 3.00562 8.12817 
-13.4788 -11.0525 17.6201 4.63525 -9.96753 -18.7878 -3.76294 -24.448 0.216309 -31.939 
13.4016 -26.4773 -0.33667 -11.8682 -5.31641 0.240234 -3.02759 -4.83252 -7.38354 -7.97754 
-10.741 -3.6189 -3.29541 -5.44263 -3.75635 -0.881592 -7.48901 -3.6311 -0.196533 2.74609 
-12.3899 -5.84082 -1.20801 -0.457031 -19.5012 -8.2356 -9.79443 -6.3877 -2.83252 -9.44092 
-19.1328 -6.77246 -16.1921 3.5354 -7.83618 -7.11279 -16.5032 -4.36816 -5.80347 -0.847412 
-5.47266 -2.71216 -4.83691 -0.779541 -8.06421 -9.13525 -8.70898 -0.110596 -5.91138 -0.864746 
-5.9165 1.56885 -2.96851 -0.46167 -10.8918 -3.51709 -4.11304 -1.20996 -0.113525 -7.83716 
-15.2051 -12.1104 -7.64917 3.22021 -25.5979 9.09448 -14.125 -24.4275 -8.60181 -0.352783 
-6.5979 -22.1426 5.74512 -12.5474 -9.54883 -9.12085 10.8477 -16.1484 -7.85962 -21.0173 
-10.1721 -12.0349 -7.5249 0.501221 -4.67676 -3.57397 -7.74658 -8.47681 -11.0776 -7.47974 
-4.73901 1.64624 2.47827 -3.57056 -1.03809 -15.3618 -8.80542 0.563721 -5.39722 -8.60352 
-7.23511 2.34961 3.62476 -4.00464 -8.84741 -14.3572 -8.71094 -1.26074 -3.46411 -8.33228 
-10.3633 -2.42529 -7.40234 -2.35571 -13.2034 -4.73291 -5.60742 -12.3904 7.6687 -4.46313 
-15.9338 -15.0857 0.42627 -7.55908 5.08862 -16.9956 -7.80518 -12.4207 -3.01831 -7.48096 
15.1797 -15.9783 1.31494 -8.0813 -31.2898 -3.26221 -19.5334 -9.03662 -18.4758 -0.0361328 
-25.8914 -5.94751 17.8909 4.31567 -25.1335 -11.4116 -16.2383 -14.2998 -7.7522 -38.7266 
-6.74976 -16.772 -11.21 -12.9817 10.4944 -13.3066 -4.27588 -12.6987 -1.83105 -10.9436 
11.5771 -21.8582 -4.37158 -9.07593 -24.8577 1.94702 -14.8718 -4.1333 -8.59692 2.15503 
-9.29883 -9.05273 10.5452 3.0354 -31.8457 -9.2395 -16.646 -11.3813 2.07593 -21.8079 
-21.4895 -14.6719 -2.92139 -12.2749 9.49976 -19.5691 -7.69189 -18.9385 -5.31787 -6.02881 
-14.0293 -4.08374 -7.20264 -2.41187 -15.448 -17.2898 -29.1003 11.6384 -16.5195 -1.8645 
-1.84546 -2.80688 -5.26196 -3.448 -25.2959 -14.345 -9.43555 -9.07129 7.52148 -4.85571 
13.1914 -9.38354 1.59888 -9.22656 -26.554 -6.90454 -7.96509 -3.60645 -1.00366 -3.1377 
-5.02124 -6.18262 0.652832 -1.73193 -19.9331 -18.627 -20.606 11.1724 -7.06494 -7.20068 
13.9055 -17.771 -5.60352 -12.074 -29.3657 2.39648 -13.3198 -2.5188 -14.1667 -12.6382 
-12.7783 -20.6807 5.92627 -7.4082 -11.9368 -9.59399 17.0942 -21.9568 -2.68579 -24.3831 
-11.3806 -7.58301 -3.50781 -4.85767 -0.638184 -7.66943 -5.05371 -5.85571 -9.28052 4.27393 
-18.6594 -7.99292 -9.5127 11.501 -12.6799 -10.3457 -18.9609 -0.519531 -7.60132 -9.53296 
-15.5828 -15.0464 15.5186 0.700684 -12.5342 -11.0852 -13.2798 -6.71045 -4.04492 -28.6477 
-16.626 -5.88257 -7.7832 -0.0830078 -9.19727 -9.65527 -13.2922 -17.8379 9.11035 -2.91016 
-21.6882 -11.8328 4.30957 -12.1672 -10.1936 -7.77222 15.3271 -24.4851 -0.0490723 -25.9905 
3.76172 -6.58984 2.32715 0.0671387 -31.866 -13.5386 -22.7524 1.82935 -17.2275 -3.5293 
-1.23877 -2.33057 -4.72192 1.16748 -13.1101 4.18457 -0.667236 -9.76758 -4.98877 -12.2959 
-11.3748 -1.63062 -5.40967 -5.84326 -10.6013 -17.3647 -26.3831 9.1123 -9.8396 2.56812 
-23.6387 -17.7461 -13.9607 -5.83545 -11.4304 8.14331 -9.2085 -25.751 -9.92188 -5.25098 
-7.48022 11.1296 -1.22144 -9.34961 -14.1545 -14.8479 -7.52954 -10.5452 2.69946 -20.3237 
14.5229 -14.7146 2.8396 -12.1436 -34.1809 -7.47266 -14.1035 0.436523 -7.55615 -5.5542 
-8.52051 -15.8889 -5.89136 -8.88599 -12.0642 -7.10815 -16.4668 -2.54028 4.25317 -1.7207 
-8.87402 8.96924 -3.79248 -7.45898 -14.9272 -12.2366 -4.97876 -9.23804 1.79932 -18.1101 
-5.91699 -1.06641 -0.490479 -6.3418 -4.12329 0.0200195 6.45801 -14.5918 -5.3291 -14.1421 
-12.98 -9.9751 -8.45435 -3.27051 -21.6902 -6.4104 -24.3545 10.834 -19.0747 -6.22168 
-4.22192 -12.967 10.4753 -2.04419 -1.98535 -20.3457 -7.88696 -12.1487 -1.34424 -18.2114 
-8.44946 -11.1367 -11.2971 -7.68457 -8.05005 -0.250977 -8.65063 -4.86157 -4.71289 4.42749 
-7.69897 4.12378 -1.16577 -0.15918 -12.0166 -11.5427 -13.261 2.46631 -5.21509 -9.95801 
-14.4775 -10.634 -10.5212 -6.49268 -7.5437 -4.28564 -9.0603 -9.42017 -2.63403 6.50073 
-8.79272 -11.7319 -11.2639 -8.15649 -4.34106 8.25928 -6.72778 -3.84351 0.868896 -9.34668 
-7.84253 -4.76758 -2.93994 0.48877 -19.5508 -13.0464 -12.0869 -8.08057 7.60522 -4.93799 
-10.4409 -22.0266 3.8584 -15.2136 -6.52148 -9.71191 17.7236 -18.8799 -9.96484 -16.9336 
-3.08667 -10.8269 9.97388 0.887451 -18.238 -9.84961 -11.0562 7.17627 -4.52783 -18.8879 
-2.38672 -19.9097 1.06201 -13.0393 2.42163 -7.21265 10.8545 -6.71899 -4.31836 -16.5393 
-3.0376 -17.7456 16.2449 2.10913 -30.3188 -19.9517 -18.3008 -10.9272 2.79907 -22.6965 
-1.62695 -12.5085 4.16406 -0.628174 -26.0361 -12.5171 -9.93921 -9.81372 8.36011 -8.62012 
-8.81689 6.68579 -3.38354 -7.42578 -9.03125 -7.51563 -4.31128 -7.17188 1.96655 -14.4397 
-3.11914 -16.2307 -14.9363 -12.866 -15.9368 -4.10864 -22.8386 13.8154 -27.7068 -0.621094 
-16.925 -29.8401 -20.9753 -4.88037 -12.2349 14.3503 -20.3547 -7.53174 0.957764 -9.45923 
9.26074 -14.1853 -1.49927 -9.88525 -20.2439 0.150635 -16.8098 0.206299 -13.4529 -1.57056 
-8.56982 8.49146 -4.18994 -3.90332 -4.99634 -13.551 -11.4575 -1.28174 -0.00439453 -7.99512 
-9.73755 6.93042 -2.77124 -6.44434 -9.85718 -8.83179 -4.97192 -6.12085 3.36597 -13.9265 
-7.84839 -10.0588 -5.10889 4.57617 -23.1372 -3.77832 -18.4568 -6.42432 -12.7346 -2.4397 
-5.51416 -4.6123 -2.96362 -5.26025 2.34595 -6.70679 -3.49976 -0.161621 -0.499756 -6.73169 
-15.6995 -0.113281 -6.73169 -5.0249 7.66089 -19.5747 -10.6289 -10.1956 -1.28906 -5.95435 
-9.52026 -0.426514 -5.29272 -6.1814 -5.3269 -8.32349 -9.00513 -7.33374 1.94165 3.56274 
-13.3167 5.35767 -12.2952 -8.0166 -4.89551 -10.3098 -11.2339 -3.64575 -3.19189 -0.407715 
-4.74707 -4.96875 0.136963 -2.69019 -27.74 -6.46484 -9.79907 -11.1609 9.35571 -14.3293 
-14.4717 -18.1414 -2.32129 -16.0139 -8.0332 -3.9231 18.0276 -19.364 -2.7002 -14.4988 
-2.39258 -5.76685 -1.81519 -5.08887 -22.6418 -5.11841 -8.49072 -6.98047 7.67114 -8.89185 
-5.59888 -2.8606 -7.39893 -5.98047 -7.39087 1.58179 -2.50415 -5.20068 -2.92285 2.51709 
18.6809 -13.3284 2.50781 -11.343 -25.6106 -10.6086 -2.17285 -10.4421 0.322998 -11.5635 
-11.2297 9.14258 -1.55151 -7.19409 -10.3306 -12.4929 -6.58521 -6.43799 1.77417 -14.3772 
-9.59766 2.11011 10.9617 1.37109 -23.1252 -15.2742 -14.5 -12.2202 6.41553 -20.0713 
0.294922 -13.9353 0.875977 5.7644 -28.2192 -7.61377 -16.6221 -8.14429 3.37183 -4.34668 
-5.88501 -4.74902 -0.575928 -9.87207 6.90259 -19.0425 -3.82129 -8.36841 -8.65088 -8.72461 
-19.9634 -15.9919 -14.353 -4.37744 -14.6384 10.8276 -8.64307 -19.509 -10.3621 -2.23267 
-4.16821 -5.03491 -6.47632 -14.7998 -8.85815 -3.15063 14.5149 -22.4333 2.0918 -17.7625 
-22.1104 -8.29248 -7.93237 0.0512695 -29.1057 -27.906 -28.2458 18.6755 -16.717 -9.87476 
-7.07349 -7.27783 -5.02368 -2.45728 -24.8967 0.899414 -5.55762 -12.8706 6.35986 -5.26636 
-14.5605 -9.59644 -16.5469 -13.4871 -2.92017 -3.16333 -11.0305 -7.10181 1.40381 9.04248 
4.59521 -11.8459 0.928223 -6.79443 -6.29541 -4.59937 -1.06274 -8.44922 -0.0383301 -8.54028 
-8.56421 8.91064 2.01978 -8.65552 -7.60645 -16.6611 -7.48633 -4.46899 -6.2666 -17.9644 
-12.5369 -3.11133 10.1069 0.879639 -14.6047 -12.064 -11.6638 -19.6245 2.79297 -17.2991 
-5.48608 -18.9885 3.07544 9.23877 -39.8953 -4.83154 -28.991 -19.3279 -2.13208 -2.09033 
-13.0212 -5.06543 -4.96777 -8.27466 8.91187 -18.7517 -8.67554 -5.12964 -6.64844 -5.0188 
-8.93604 -4.76221 -2.09717 3.37036 -26.8936 -31.811 -23.9148 12.8342 -15.4036 -8.58569 
-9.50488 -10.585 -3.19556 -5.57788 -20.5906 -6.74634 -7.86206 -17.4231 10.0435 -8.95898 
-15.9421 -7.59985 -5.89966 -0.865967 -8.4729 -19.0088 -18.2664 -6.10254 -4.45654 7.82178 
-1.44385 -9.86475 -3.84888 -6.84717 -1.44214 1.75757 -7.16089 -6.80664 0.445801 -7.04004 
-12.5989 10.4951 3.79346 -5.03223 -5.91284 -23.2861 -12.7917 -5.85156 -6.47266 -20.8909 
-17.0488 0.362793 -5.05762 1.44775 -24.2078 -27.3506 -25.0166 11.9165 -11.1062 -14.1987 
-10.4075 -13.4114 0.0109863 -6.05151 -19.3469 -4.40552 -6.4126 -28.2578 10.5154 -7.85913 
-18.5374 -7.89014 -6.13525 -1.90576 -10.5999 -23.6831 -16.5818 -6.16064 2.48682 9.28711 
-16.4885 -6.71313 -8.42603 -3.49365 -8.41919 -16.7632 -18.9585 -5.15186 0.16626 8.51318 
-4.58887 -7.96167 -3.98218 -8.73071 -19.9814 -0.649414 -10.5903 -17.2437 8.25562 -6.58057 
-22.9189 -7.92017 -14.5359 -4.80444 -7.14258 -24.2998 -24.543 -1.69824 -7.17871 10.0173 
1.97559 -11.468 -6.19971 -10.3274 -18.7349 -4.44482 -5.29102 -12.9756 9.09888 -4.67456 
-14.7446 -15.3916 -6.62476 -11.4207 11.4968 -15.781 -10.9272 -10.6936 -8.08862 -8.77417 
-11.5872 8.55298 0.625732 -7.96484 -6.14282 -24.4468 -13.8242 -5.37671 0.105713 -19.3669 
-1.51538 -5.36035 7.1394 1.50391 -24.6953 -5.71875 -23.9919 2.13623 -21.6501 -10.8242 
-12.4822 -4.78271 -4.7981 2.84692 -30.293 -32.4226 -25.5029 15.0955 -14.741 -13.385 
-17.439 -16.4116 0.740967 9.80298 -22.2053 -9.15845 -21.3394 -7.71875 -7.65552 -7.05542 
-17.8145 -20.3569 1.98462 10.7593 -35.0718 -4.95972 -34.6729 -1.70679 -1.35181 -11.3982 
-17.0212 -7.6062 -10.7725 1.74048 -27.012 -24.6323 -24.8464 14.8066 -13.6973 -5.04419 
-1.88208 -7.24121 -7.34521 -14.0986 -13.3513 -1.22412 10.6321 -19.1716 5.43628 -15.7654 
-3.86548 -9.25024 -3.35742 -13.6726 -11.6157 -3.36255 6.23267 -28.4189 3.25439 -8.56592 
-4.22754 -9.36621 -7.31348 -10.1719 -12.4355 -2.50342 6.05444 -21.6992 2.87402 -4.20386 
-9.40942 9.84326 3.354 -6.84912 -7.48315 -20.0869 -11.5007 -4.21045 -6.62476 -16.8093 
-15.8948 -9.23535 -11.7449 -2.08618 -12.7144 -17.4626 -18.855 -3.29858 0.17334 9.23267 
11.5635 -24.365 0.131836 -8.69946 -4.46753 -8.26196 -9.0481 -8.35864 -4.05664 1.3916 
-8.91382 8.19629 1.98975 -7.77124 -2.72534 -15.2356 -6.48926 -4.34619 -3.24097 -16.8667 
-17.8496 -9.95947 -12.6736 0.650879 -27.989 -23.4766 -24.6975 15.7534 -12.2722 -4.16919 
0.581055 -17.3721 -8.41235 -7.87549 -20.3411 -1.17896 8.90527 -28.2068 -2.11646 -10.4741 
-13.0552 -13.3774 6.67407 14.9568 -39.197 -3.18994 -34.749 -6.42529 -11.2983 -15.6707 
-8.48462 -10.1763 10.531 -6.28857 -7.07935 -4.77295 -14.1963 -5.38892 -5.15405 -10.5151 
-9.23804 11.6748 0.166016 -7.48413 -6.94165 -18.8911 -11.2864 -3.05127 -3.38208 -14.6528 
-14.3621 -1.90747 -2.56421 2.96021 -19.4016 -24.3523 -25.5217 9.12183 -13.4221 -10.959 
-10.7725 10.6602 1.77441 -5.78857 -7.74316 -18.7815 -12.261 -2.70654 -5.00732 -16.0322 
-7.58154 -13.7283 4.60474 10.1563 -20.8206 -7.21045 -13.7222 -12.334 -2.82129 -22.4578 
-11.4746 -8.53467 -7.74902 -2.06689 -14.0537 -18.3752 -12.9839 -4.90112 -2.56079 7.69702 
-10.0283 11.1509 3.61499 -7.9668 -8.48267 -18.791 -10.6169 -5.63013 -4.02563 -17.802 
-9.83521 -5.79321 -2.23657 -1.55981 -25.9368 -29.7954 -21.0178 9.90015 -8.31738 -4.48022 
-4.57666 -11.2649 -7.58643 -18.272 -15.385 -4.42334 17.7219 -29.9829 0.0163574 -15.7065 
-1.96973 -3.11914 -7.7251 -6.20239 -16.0325 -7.17529 -5.59912 -13.0598 7.63965 -6.16504 
-13.9397 -10.136 -10.7156 -9.05811 11.4475 -14.092 -12.1738 -6.09888 -10.5364 -10.2888 
-16.2876 8.73486 6.61426 -4.10205 -6.71045 -27.7002 -12.6526 -6.89697 -3.54077 -28.0386 
-7.22485 -10.9487 -7.14307 -11.5083 8.42407 -8.21167 -5.89429 -5.73682 -9.66504 -12.5701 
-16.4124 -8.96826 3.27563 15.8777 -34.2976 -1.84106 -37.0479 -8.69141 -14.1392 -15.0381 
1.62964 -22.2737 -6.96582 -8.72241 -25.2612 -1.56177 8.61597 -34.1965 1.68872 -12.0232 
-17.8696 -14.8506 -7.73755 -2.698 -3.58228 -15.9072 -20.7434 -2.49268 -3.57642 9.08936 
-1.48535 -7.48315 -7.46631 -10.3848 -8.75391 -0.263428 7.12573 -21.0083 2.25244 -8.22729 
-16.2627 9.20068 1.81323 -5.9292 -5.44849 -23.8428 -11.6526 -5.94434 -1.91797 -26.0984 
-5.87036 -3.25928 -2.38184 -10.8271 7.25806 -12.125 -8.01953 -7.86914 -8.02954 -8.68506 
-17.7976 -6.16772 -11.2461 -10.595 12.8936 -14.7356 -11.8479 -3.66431 -8.52441 -7.48145 
-15.5303 -7.48218 -6.14941 -1.13428 -23.7144 -28.416 -27.5969 12.6003 -13.0928 -3.42969 
-5.61499 -17.5525 13.3083 5.22559 -21.1501 -12.9526 -14.4817 -11.1018 1.18896 -15.3489 
-13.3562 -13.0134 -9.97559 -10.8245 5.84448 -7.98511 -10.0996 -6.06421 -7.42139 -6.12061 
-8.75854 -5.02515 -1.26733 -8.61035 4.20923 -6.1355 0.298828 -11.7012 -6.7915 -7.84058 
16.3105 -16.5479 -3.91333 -18.9731 -16.196 -7.19971 -6.96069 -0.928223 -17.0171 -4.62085 
-8.13721 9.82983 -5.16211 -7.83374 -11.531 -15.1494 -6.15356 -9.10718 4.2832 -16.0171 
-5.44019 -9.75879 15.0103 1.77197 -33.313 -23.165 -24.0105 -3.98926 3.74609 -21.7349 
-9.00684 -18.6213 -3.94604 12.4746 -35.7871 -15.5693 -27.1807 -10.947 -5.72852 -6.61426 
-13.5256 -18.0007 -4.81836 -15.4626 11.0984 -22.1226 -10.7747 -6.28955 -8.23315 -4.37158 
-3.31494 -14.6089 -2.16333 0.157471 -10.5286 4.66431 -11.6895 -13.6621 -4.05542 -4.80518 
-7.77026 -15.5344 -4.4397 -15.6382 -2.8833 -7.18115 20.7935 -28.0125 -2.09473 -23.4231 
-14.1523 -4.83667 -3.09717 1.93164 -27.6892 -30.345 -25.0486 7.53491 -4.33813 -14.7532 
-11.1748 -18.6609 -16.3091 -10.6079 -6.79346 4.2002 -15.6826 -17.3418 10.9285 -6.17407 
-3.39111 -9.57031 -4.79736 -9.84253 -14.1782 -16.5168 -8.87427 -8.85718 3.64331 3.83643 
18.4399 -13.1228 1.61353 -13.0796 -38.0652 -0.834961 -14.554 -10.2529 -10.4351 -1.8335 
-4.71606 10.0696 -1.47095 -14.2769 -12.6062 -13.1802 -3.93555 -14.1458 1.86377 -11.2693 
-7.68677 -14.4797 18.2285 3.30054 -33.104 -21.7612 -21.0698 0.848633 6.03394 -24.8098 
-12.095 -12.6331 -12.9846 14.863 -29.5608 -5.88086 -35.1499 -13.7898 -13.3906 4.04321 
-8.4895 -25.4756 -4.46509 -9.37109 6.31934 -10.113 -8.29517 -7.75928 0.215088 -0.246094 
-8.73535 -14.9719 -14.3921 -3.43628 -7.78979 8.62939 -4.21655 -8.60718 0.690674 -11.1272 
-8.96802 -21.8167 -4.71606 -15.7708 -7.05518 -3.56665 20.4487 -31.9771 -0.46582 -21.0647 
-3.12085 -17.8801 -6.27075 -14.749 -10.4109 -11.2258 -9.26416 -10.3352 5.65723 3.82227 
17.2908 -23.9077 -0.723633 -13.9966 -14.114 -3.09033 -3.94067 -10.5801 -19.259 -10.0496 
-3.3689 9.76782 0.250977 -12.0356 -13.8159 -14.4189 -6.31128 -14.0176 1.95386 -13.3467 
-5.16089 -13.5718 12.1594 -9.40039 -13.6982 -5.63062 -15.7627 -0.656738 -8.40186 -22.8752 
-11.7634 -23.2966 -3.09326 11.3359 -18.9565 -3.21069 -17.6125 -20.3091 3.38184 -14.5146 
-5.4834 -25.9204 -3.97852 -12.1675 3.6499 -14.104 -5.46826 -7.59473 -5.59985 -11.7273 
-15.3979 -8.77856 -10.0574 1.36279 -21.7236 -22.4819 -26.3044 8.7771 -7.55835 -2.36548 
2.32373 -18.7446 -2.27319 -12.9316 -9.79565 0.649414 -2.38672 -13.595 8.61694 -17.5249 
-6.56201 10.7849 0.138916 -7.49146 -11.1265 -16.8474 -8.22485 -8.97778 0.243896 -17.6235 
-15.2727 -16.8169 -1.60376 15.8237 -37.7717 -11.1221 -33.0381 -14.8726 -7.54126 -8.76196 
-7.54614 -8.69458 -5.45166 3.59912 -25.0825 5.04614 -20.4231 -17.241 -13.4929 -2.14868 
-6.45898 10.1714 2.72852 -13.2627 -15.9001 -13.8652 -3.52173 -13.3147 -0.532227 -18.9758 
-11.333 -8.81396 -12.385 -7.30469 -8.8772 -3.06641 -19.5803 4.10059 0.515869 -5.21289 
-16.4912 1.03662 -1.02881 3.04858 -18.0461 -32.6245 -26.1743 8.08423 -14.4189 -7.59668 
-12.4087 -11.6067 16.5857 -1.41626 -17.5027 -8.35718 -10.9558 -6.71436 -6.74487 -26.6785 
-6.81909 13.1733 7.39844 -12.9592 -13.1323 -25.011 -9.7959 -12.29 0.40332 -26.4939 
-11.0852 -30.8252 -7.06958 -20.0576 6.3938 -15.0298 -5.30664 -11.6655 -3.66406 -10.2522 
-12.2136 -18.3374 -18.7327 -10.9124 -18.2559 6.13989 -19.9431 -9.45313 11.0771 -10.5906 
-16.8682 -16.71 -7.90527 16.7366 -36.4185 -5.13257 -33.5481 -26.1055 -9.95874 -1.75977 
-2.04321 -28.3835 -6.66138 -12.551 4.61963 -5.26758 -3.48218 -6.81616 -1.25488 -12.8433 
-7.22778 -18.2869 -10.2207 -15.6191 11.7725 -11.5955 -16.2068 -2.49048 -5.08154 -9.48901 
-12.1372 -16.1875 1.6416 10.7576 -32.8445 -20.2437 -20.1194 -5.12207 2.85864 -12.3054 
5.6709 -19.9531 -3.55005 -9.99634 -6.77466 -9.60742 -3.22949 -10.8237 -0.789063 5.98584 
-14.0681 -12.3811 -17.7578 -0.515625 -17.51 -11.7224 -25.1638 9.37988 -8.63843 0.257324 
-6.07349 -22.7981 -0.0541992 -16.2534 9.02271 -12.9612 -5.07275 -3.98413 -8.62891 -7.46704 
-8.94531 11.9421 6.89795 -3.94043 -12.2571 -30.1033 -14.9019 -4.05981 -4.83276 -23.095 
-7.79028 -13.6545 8.32422 -11.1321 -12.7874 -1.68823 -6.61719 -8.27246 4.36987 -24.6985 
-12.719 -9.50879 -7.0354 8.42969 -26.2542 1.77661 -28.6599 -25.7336 -4.4873 -0.536865 
-3.0166 -11.8042 -4.45776 -14.8889 -6.9895 8.63696 -7.52271 -4.54004 -6.95776 -8.1416 
-13.4951 -17.0557 -12.1172 -9.29321 -2.25708 -11.249 -16.3416 -5.32642 3.18408 7.82056 
-9.67236 10.4131 2.49292 -13.5332 -8.50562 -18.196 -4.58203 -13.2671 1.84937 -22.0974 
-2.80811 -14.616 -4.78564 -10.5181 -23.1917 3.26416 9.18481 -27.8069 2.80518 -8.59009 
14.293 -18.0044 -1.31079 -7.15356 -17.5073 -0.854004 -2.26685 -6.73633 -6.27588 -4.13647 
-8.8645 12.9365 6.27734 -7.67749 -8.80713 -25.23 -14.8391 -5.56909 -8.25122 -20.2595 
19.5242 -18.9854 5.25977 -9.27686 -31.8918 -6.61743 -9.86841 -10.7922 -10.3591 -4.3457 
17.2144 -24.9302 -7.6936 -17.5269 -5.04858 -3.68042 0.908691 -2.42627 -15.0806 -3.07275 
-16.9006 -5.3064 22.7427 -8.45825 -29.9839 -10.3247 -12.8096 2.57031 -3.49878 -37.9277 
-4.32983 -2.08276 -13.0635 -0.167236 -17.9434 -8.63257 -17.1235 -1.41577 5.7522 2.62329 
-10.0735 -5.41284 -10.8765 5.26196 -26.2651 -12.1821 -23.0313 6.71558 -1.90625 -1.4231 
-10.5503 12.1243 3.49365 -9.94678 -9.78833 -19.686 -8.65063 -11.4827 -1.9314 -21.8389 
-7.95435 13.377 8.88208 -7.57129 -11.6863 -26.1096 -13.2583 -9.29126 -3.26514 -23.9382 
-5.51001 -22.1946 -1.5625 -13.969 1.80908 -7.79224 -4.5498 -4.98022 -3.5918 -14.7405 
17.0664 -29.3984 -12.3042 -21.8101 0.96167 0.35791 -1.00269 -7.17529 -16.6836 -0.234863 
-0.100342 -30.5793 -5.78564 -15.6892 3.26392 -12.3828 -8.94702 -10.3682 0.020752 -1.74316 
-10.9019 -4.08325 1.54907 4.78394 -36.9058 -26.2739 -33.4189 10.1799 -0.230957 -11.3203 
-14.1494 -21.2737 -3.41333 13.7158 -25.8435 -5.86914 -25.3057 -23.9258 -1.84961 -14.3787 
-10.1543 -18.3757 -7.86938 -14.6487 -6.80225 -6.39282 17.4819 -32.1584 2.35864 -14.6147 
-0.404053 -18.1123 -5.9541 -9.90698 -5.90161 2.99902 1.14551 -17.3748 8.25708 -17.4507 
14.9958 -14.2607 3.35767 -6.32959 -30.8135 -3.67358 -4.28101 -10.9722 -2.66992 -3.43188 
-18.2559 -10.9968 -1.14014 17.0979 -29.0061 -9.93262 -32.6528 -14.011 -7.31934 -8.72339 
-12.708 -2.2417 0.440918 -0.158203 -26.8083 -25.2292 -22.8721 4.13184 0.17041 -18.8972 
-6.52344 -20.4365 -5.09351 -12.6836 -1.11499 -12.3547 -6.48413 -11.4402 7.28101 -5.8728 
23.5298 -23.6602 -2.32153 -16.0237 -29.5278 -2.58594 -6.18433 -12.75 -21.9717 -10.2524 
-1.43066 -20.6558 -2.47974 -4.1814 -1.66113 -8.99609 13.1428 -16.8823 -2.14014 -17.22 
-5.28613 -7.71948 -6.31299 -8.59985 -11.4766 -17.7224 -9.83423 -4.44873 3.08423 6.06006 
-7.50049 -16.53 19.7346 4.87231 -33.7603 -27.7544 -28.3877 -1.97461 7.07471 -30.6846 
1.9873 -24.2788 -3.3147 -14.2361 -4.84521 -6.52856 15.8027 -23.7463 -2.22876 -16.6038 
-19.4453 -7.77832 -7.61572 -3.1062 -13.2441 8.87744 -19.5659 -9.7063 1.98071 -5.58862 
-0.489258 -6.89087 -2.24976 -14.3718 -19.8855 -11.6001 0.902344 -25.1526 9.59424 -11.6099 
4.78369 -23.1462 2.52393 -7.12476 -25.5718 -8.11743 10.134 -35.3657 4.63232 -10.782 
-19.49 -14.376 -15.0886 -10.9763 -9.24292 -18.7532 -18.353 -5.03638 4.06396 11.3269 
15.6311 -13.3508 4.41553 -6.22241 -28.9622 -3.83447 -4.02979 -11.9675 0.280029 -10.4563 
-9.64282 -27.9077 -6.11133 -9.39111 5.02319 -7.89917 -10.7083 -6.39063 -0.881104 -7.86914 
18.0562 -27.4053 -2.07227 -12.9685 -15.7559 -9.25781 -7.4231 -12.3125 -15.0747 -3.9519 
0.787109 -16.2917 -5.51245 -7.63623 -21.3389 0.804199 6.97925 -23.853 -0.0334473 -3.67871 
-1.49561 3.73999 -3.85254 -10.5229 -16.5437 -4.17041 3.77515 -22.8083 3.3147 -14.2207 
-6.28931 -16.2124 -3.56616 -9.0686 -9.21216 -15.2627 -11.6768 -15.2444 4.66748 2.59814 
-7.72168 -23.5869 14 -11.814 -5.02808 1.90015 -16.6597 -3.22461 -10.5115 -23.5525 
15.4434 -12.5281 3.17383 -8.12622 -22.5105 -4.08179 -4.7373 -8.76855 -0.143555 -4.24658 
-13.5288 -4.05786 -14.9656 -11.3315 -4.50146 -10.5574 -13.4744 -2.9502 0.574219 7.70166 
-7.84082 -16.5957 -10.0205 -7.55029 -4.4751 7.59961 -6.32617 -8.42847 5.40088 -11.5144 
-9.55127 11.23 4.00732 -12.3196 -13.1587 -17.3013 -6.86719 -10.8726 -3.78125 -22.3516 
-11.4968 -18.7209 4.1665 12.7998 -27.5391 -12.8591 -17.7446 -14.9512 -0.62915 -21.5735 
-11.0613 -3.5127 -6.76758 -3.3562 -17.1716 -17.144 -16.1025 3.03345 -1.01685 -10.1064 
0.835205 -15.5432 -4.3606 -9.17969 -6.90918 -7.1084 11.7783 -21.6077 1.00122 -10.8411 
-12.3384 -7.5752 -12.7014 -9.12427 -1.34766 -7.5188 -9.65649 -7.9458 0.681885 6.38135 
-25.3359 -8.16211 -1.28931 20.9517 -34.7144 -4.0105 -41.4607 -11.1797 -11.0313 -15.3381 
11.5718 -12.5754 1.80542 -9.55933 -21.5735 -2.48193 -5.69824 -10.6821 -8.40332 -7.35645 
-5.75952 -17.0593 10.2327 -0.5354 -17.2109 2.86816 -17.4343 1.99341 -7.40967 -28.907 
-11.5696 -3.65698 15.386 3.8313 -33.3359 -17.2095 -24.1523 0.49585 6.64478 -24.7932 
17.5486 -20.7947 -3.68457 -13.8396 -35.4038 -6.08984 -9.9751 -1.88086 -11.1394 -7.40527 
-11.3887 9.37964 -12.644 -5.05444 -11.3997 -14.2102 -11.8494 -7.40942 2.02905 -10.0449 
-12.0381 2.50684 15.2495 3.15625 -40.5557 -6.80249 -15.4434 -24.7212 -0.193115 -34.2561 
-17.1108 -4.75195 -0.0932617 11.7964 -24.7351 0.563477 -28.9431 -16.7866 -10.6741 -14.0886 
-8.89014 -3.5415 -4.0249 -11.5085 9.18652 -10.5869 -14.9153 0.862305 -9.50586 -8.49512 
-24.1934 -16.1875 -5.88696 5.42773 -38.6738 16.2542 -22.6636 -32.876 -6.94775 -3.18335 
-17.875 -19.9478 0.991455 -14.9321 -7.20996 -9.11938 16.2102 -24.3184 2.10498 -17.5691 
-18.8152 -7.65527 -2.45898 -2.22534 -19.7373 -20.0403 -31.6667 13.6211 -18.4836 -1.96045 
-4.41821 -5.88281 3.21606 -1.73877 -18.158 -11.5012 -16.9944 -3.57031 6.84058 -7.54443 
-18.7979 -12.8889 -14.6143 -5.58447 2.04785 -12.8716 -23.4556 -1.80493 -1.73462 10.8342 
15.1089 -18.1106 -2.73364 -8.91406 -36.5767 -8.21069 -10.126 -3.75635 -6.35132 -1.69214 
-11.9932 7.10303 -9.24878 -7.60498 -1.83789 -11.6309 -11.3369 -3.29175 -3.29297 -0.456299 
-24.698 0.613525 20.3083 10.1028 -46.5959 -17.521 -20.5168 -21.0701 2.36548 -44.6641 
-12.4761 -5.25879 -2.95264 8.45386 -16.5249 -2.1311 -23.7024 -12.8425 -9.57617 -9.2688 
-16.0967 -10.3113 -6.87158 -9.01953 12.3682 -15.8318 -16.552 -5.9917 -9.62744 -4.52734 
-22.6211 -13.5027 -8.93628 -0.925537 -37.2029 9.07397 -11.6792 -40.2656 -13.3872 -4.80518 
-10.9294 -32.9536 1.80176 -15.3555 -6.95483 -11.988 22.8743 -22.4961 -8.24048 -22.072 
-27.8975 -6.42993 0.461914 -2.77612 -30.5161 -21.7517 -38.2854 22.1904 -28.8508 -15.2012 
1.21899 -9.52759 -0.528564 -2.11035 -20.2847 -11.0703 -13.3643 -11.4128 6.15674 -7.12524 
-19.8054 -17.1443 -13.3777 -8.07495 2.1731 -14.5095 -13.0696 -2.99414 0.883057 6.10718 
7.8645 -15.7004 -1.85889 -6.82324 -25.5569 -0.807129 -9.07202 -5.51465 -3.84644 -3.04419 
-10.302 8.50806 -10.0889 -6.79736 -9.84106 -14.8411 -8.06714 -7.66333 2.36304 -10.5061 
-18.5938 3.21509 20.0093 3.84497 -49.0032 -10.54 -18.8223 -16.8459 2.77881 -34.6807 
-14.9539 -3.89014 2.71875 11.0872 -25.9509 -0.427979 -30.4021 -17.9417 -7.12305 -14.3247 
-16.5474 -15.793 -3.97754 -11.2917 9.83984 -20.4209 -12.011 -0.0234375 -5.41113 -14.2263 
-20.9731 -11.9336 -14.1563 1.85474 -19.9001 11.3342 -10.999 -26.2659 -8.86206 -3.06323 
-12.4395 -15.2844 -0.804688 -15.4636 -2.45313 -7.52222 13.4504 -23.5005 -1.07983 -10.6768 
-19.7456 -2.25293 -5.11157 -0.472656 -19.1926 -21.5076 -30.5059 13.7866 -17.5642 -5.47241 
-2.17407 -13.7097 3.0813 -1.3501 -24.5886 -10.9807 -6.86743 -8.38818 8.28613 -10.188 
-9.98047 -7.86133 -7.0144 -4.67896 -0.979248 -3.53027 -17.2458 -4.1499 -2.16431 6.67725 
-18.2798 1.05371 23.3557 3.16382 -51.7366 -18.0894 -28.918 -21.0278 -13.9653 -33.1646 
-13.5525 8.64478 -13.3584 -5.6145 -6.41089 -13.8625 -9.40454 -3.80737 1.59668 -5.3186 
-17.8569 -11.4807 -3.94189 -4.90454 -20.0295 -14.6304 -28.9729 11.6545 -16.7651 -6.25537 
-14.5503 1.5813 20.1089 1.47241 -50.9365 -20.3765 -25.5859 -18.4761 -4.33276 -33.9036 
-18.9204 -12.0815 -9.70996 0.95752 -30.7888 9.86914 -16.3452 -17.0386 -9.60205 -3.26196 
17.5146 -28.0405 -7.36157 -15.6558 -31.3257 -9.2478 -10.9802 0.383789 -16.2324 -0.383301 
-7.95776 -13.1289 2.71118 -1.42065 -25.3298 -14.4385 -15.2964 -6.12573 8.27124 -9.27612 
16.23 -21.488 -6.09229 -16.3054 -18.9421 -8.66577 -9.49048 -0.107422 -19.1062 -2.79077 
-14.4753 0.981934 16.7058 1.50537 -24.1392 -11.9072 -11.3354 -20.5645 -2.70239 -38.2268 
-14.7083 -8.05103 -4.37622 -2.26416 -20.2546 -18.3923 -27.2717 10.7986 -13.991 -2.4624 
-1.802 -12.9275 2.76782 -2.26514 -27.7104 -9.0686 -11.6724 -9.7356 9.07349 -9.05249 
-4.39478 -8.34229 1.52734 -2.24561 -25.5527 -9.80371 -12.3574 -12.3816 7.00928 -13.5674 
-15.5144 -5.3125 1.41064 11.676 -25.2007 -3.08862 -25.8064 -17.2063 -8.31519 -18.7559 
12.2959 -22.5273 -4.01904 -14.5527 -25.9094 -12.6038 -9.45459 -2.47363 -13.6194 2.27466 
-13.0723 -8.71436 -1.18042 -13.7124 -9.18823 -7.80151 11.3442 -24.9268 -2.24194 -9.13452 
13.3171 -27.5752 -4.47998 -11.8 -23.0825 -5.0918 -8.34204 -8.76416 -7.82397 -2.63477 
-12.0632 -1.30762 18.1343 -0.440186 -47.043 -8.19312 -16.9624 -20.4329 -1.07593 -27.9622 
-15.2534 -11.7854 -0.887207 -1.66089 -23.1597 -15.9072 -33.1912 12.2029 -17.5537 -4.04492 
-14.8425 -19.1868 2.85864 -9.80371 -5.50415 -5.17334 15.333 -23.4246 -1.65405 -17.6006 
-12.4807 -23.429 1.52808 -15.7595 6.09814 -11.7612 6.26196 -11.4919 -6.14795 -8.3479 
-11.5969 8.40649 -10.2559 -5.27734 -5.61255 -12.5088 -8.88208 -7.58325 0.514404 -7.21216 
-21.0186 2.66382 23.7512 8.53979 -59.5339 -15.9277 -31.7485 -19.8345 -4.10962 -39.7666 
-6.62109 -20.7632 1.7959 -1.92603 -28.9485 -14.5767 -15.019 -13.676 11.1396 -4.79395 
-10.5505 0.948242 3.93433 -3.0271 -24.637 -13.0681 -13.1978 -11.8174 10.0049 -13.7139 
-16.8142 -4.61304 -1.6626 -2.53638 -14.2097 -16.8396 -26.3167 10.967 -16.9746 0.619629 
-7.46191 -5.31079 0.14209 -4.16797 -26.752 -15.1262 -26.8452 9.88745 -12.4133 -9.33252 
-21.3853 -6.11816 -19.2197 -9.31128 10.8877 -18.9958 -15.8623 1.10571 -4.81665 -1.32813 
0.84668 -21.2825 -8.82202 -5.95483 -16.3169 -2.62207 -22.853 12.3877 -18.9944 4.34033 
-15.7983 -2.177 -4.09863 -3.57813 -12.7852 -15.3408 -25.8811 12.3718 -20.3328 -4.65796 
-12.5273 -7.48169 -2.66797 10.9121 -25.8457 -6.06812 -24.6511 -11.8379 -10.6965 -9.03418 
-17.6553 -11.731 -5.61182 -1.66528 -22.7083 -14.6169 -35.4258 13.3088 -15.4138 1.61108 
-21.8699 -9.05225 -16.9836 -10.3064 13.2754 -18.531 -13.4473 -5.45459 -1.06567 1.91943 
-20.4653 -9.93799 -15.0142 0.873047 -33.324 11.1416 -19.2212 -17.4463 -13.3601 -0.530762 
-21.2722 -18.9116 -12.3606 -12.8394 12.4431 -25.634 -16.9827 -2.82446 -4.37012 -4.20459 
-14.5479 -7.54346 -0.755371 10.5483 -24.5405 -6.13501 -29.1211 -14.5798 -9.31592 -7.08374 
-14.5627 -5.20386 1.55884 10.9812 -30.1025 -6.08252 -32.582 -11.8052 -9.90479 -5.36182 
-1.89331 -11.2185 0.864502 -1.96289 -21.8242 -11.4607 -16.3896 -9.7041 7.39697 -3.49756 
-18.519 -13.7173 -9.18579 -7.21948 10.3066 -31.689 -17.7458 -0.594238 -14.4419 -4.65747 
-19.3899 -12.1074 -8.9209 2.2019 -37.3545 8.61157 -21.6741 -26.2944 -3.39648 -3.2666 
-16.5317 -1.46167 -14.8772 -13.5544 7.75439 -12.0435 -10.2612 -1.13257 -4.67065 0.72168 
-8.39722 8.5271 -6.09082 -7.4104 -12.7791 -13.8018 -6.99536 -9.67065 1.20898 -15.6096 
-11.6548 8.25391 -12.0254 -6.20044 -5.7312 -12.6721 -10.7126 -6.43799 -0.998779 -2.96118 
-16.3411 -26.6338 -7.41846 -11.749 -3.0769 -8.45801 -13.8577 -9.47876 2.0249 5.70557 
-15.8835 -10.9399 0.672119 -2.77759 -22.7524 -17.7844 -33.4331 12.844 -16.9167 -7.1084 
-2.64868 -8.36548 0.38916 -13.8118 5.52197 -7.53711 0.620361 -3.08252 -3.38574 -9.95459 
-15.2261 -6.6521 1.4646 10.4597 -26.479 -7.4856 -22.0908 -16.145 -9.14526 -9.44995 
-16.9573 -7.02979 -2.45605 -4.50073 -17.0779 -19.0557 -27.9773 14.168 -17.0017 -9.63794 
-18.3596 -6.94092 4.8894 11.4827 -33.0549 -15.1335 -32.2585 -21.5542 -5.72241 -11.6501 
-16.4253 -4.21997 5.68066 13.5125 -26.5068 -7.5415 -30.6133 -15.8987 -9.19995 -18.0703 
12.5356 -24.9189 -8.67383 -18.6428 -18.4949 -5.46045 -8.42334 -2.07251 -13.9224 1.52051 
-15.9636 -1.29175 19.6726 -4.49585 -35.5872 -6.88696 -3.875 -39.4238 -2.95435 -32.5227 
-20.6094 -9.57788 -9.33887 0.642578 -37.0618 10.1536 -22.8062 -24.3274 -10.7107 -0.422363 
-28.9233 -18.25 -12.5564 4.22803 -37.8188 9.05396 -30.7476 -21.2756 -16.4871 1.604 
-12.0605 -17.6912 1.95337 -9.48071 -9.06079 -9.47949 13.3018 -26.6584 0.509277 -17.26 
-13.0728 -4.66064 -4.10718 9.34937 -21.3599 -6.90894 -24.2908 -14.3035 -7.58716 -3.41211 
-18.8569 10.0615 0.547119 -3.29517 -8.58521 -6.97754 -0.177979 -25.614 4.28101 -21.0476 
-19.0117 -16.3057 -15.8386 -6.03564 -41.0645 11.2834 -15.1609 -24.9546 -9.5144 2.96826 
-19.2773 1.24243 19.3364 0.897217 -37.5417 -16.4548 -3.85669 -32.822 -0.0625 -40.6438 
-10.6353 -11.2158 -8.54712 0.513672 -27.9104 8.11743 -8.05957 -12.6448 0.244141 -4.16577 
-18.3289 -22.8999 -8.7688 -5.04736 -7.69141 -10.4402 -15.7561 -11.2908 5.16626 6.81226 
-21.2981 -9.94727 -12.1365 -9.23853 -0.0285645 -6.35205 -17.4099 -4.17847 -6.31836 10.6306 
-6.67041 -10.3528 0.208252 -3.32959 -20.5964 -14.7075 -8.88306 -8.1543 9.05591 -7.10376 
-20.3184 -15.2292 -10.6685 -10.8997 12.7134 -23.0181 -15.3787 -3.12524 -8.09985 -1.48608 
-11.627 8.52539 -14.4001 -5.92212 -4.05371 -8.63379 -8.41675 -7.93066 -1.14038 -3.87598 
14.0845 -24.2715 -4.9209 -13.9116 -27.905 -9.25854 -6.43457 -4.83228 -10.5327 0.154541 
-6.27002 -16.0916 1.65015 -7.96899 -8.84302 -3.53564 13.8777 -19.3928 0.366455 -20.051 
7.66089 -13.6631 -1.64624 -4.67505 -22.2559 -5.40527 -9.78931 -6.9519 0.676758 -5.08154 
-12.5867 -4.42188 -8.94385 -3.74146 -4.29492 -6.26733 -22.5012 -1.80225 -6.21509 8.97974 
-14.2903 -15.5662 1.62988 -11.3728 -2.46826 -12.2344 14.4756 -16.2717 -4.9729 -16.272 
-1.48242 -20.4849 3.78271 -5.13306 -28.8354 -11.6882 -9.98218 -8.99072 9.03418 -8.69019 
-6.43188 -10.1184 -2.19458 -5.23804 -17.7014 -9.12744 -12.293 -4.55469 5.63599 -3.02368 
-15.2842 -13.6304 -7.65991 -4.271 -16.1001 2.04614 -8.26978 -14.3577 -1.7063 -0.156738 
-13.3022 -14.6455 1.76831 -12.2686 -5.69775 -8.46753 13.2112 -23.3389 2.71191 -14.3794 
-11.9526 8.40918 -11.405 -3.54272 -7.14307 -13.4229 -10.751 -8.45581 1.91089 -7.36987 
-12.0112 7.81226 -11.6436 -6.49976 -4.01343 -9.57178 -8.85352 -4.0647 -2.48535 -2.46533 
-19.5999 -12.3562 -20.2966 -2.52075 -6.94189 -9.27173 -22.2974 -0.35498 -4.47925 12.2124 
-4.95508 -9.02539 3.0332 -2.7085 -23.583 -12.5833 -9.22339 -8.41309 9.38501 -10.5308 
-14.1685 -1.28467 -13.032 -9.83594 -4.62622 -5.15674 -8.8728 -10.5505 -3.51392 8.49951 
-10.6658 -16.4546 15.7974 -5.46143 -8.15601 -7.07202 0.55127 -21.7163 -3.2959 -40.0881 
-10.9028 -3.31909 3.87988 10.6584 -33.9116 -7.30493 -40.2415 -15.5095 -8.02148 -4.03418 
-28.2285 -21.1282 -17.0334 -8.06592 -30.8267 13.064 -18.8901 -18.4097 -16.7024 4.20239 
-24.3499 -23.6948 -20.6472 -7.05176 -28.5615 5.84351 -15.4651 -4.18237 -4.16895 1.07495 
-17.6658 -10.8445 -12.8149 -2.37744 -2.53101 -9.04712 -21.075 -7.82007 -0.722412 9.84131 
-15.6406 -9.59351 -6.61157 -15.9314 13.0427 -14.3906 -14.8311 2.40967 -13.8281 -6.57739 
-7.84399 -7.85303 14.4397 -0.790771 -15.4385 -10.5994 -3.94775 -4.46704 -0.858887 -29.8257 
-13.5518 9.08691 -12.8044 -6.39136 -9.17383 -11.3181 -7.91235 -4.59106 1.45874 -8.27148 
-16.135 -1.87329 -13.3398 -8.52612 -6.11084 -2.83057 -13.2407 -8.16235 -3.0874 9.19897 
-10.6377 -7.58984 -5.68652 -11.249 11.2649 -12.2356 -13.9312 -0.840332 -9.35205 -7.31689 
-19.6855 -16.7273 -7.65942 -5.54272 -4.47437 -15.7424 -23.6511 -6.37598 -5.67139 7.73071 
-14.3613 8.90454 -15.2224 -5.90796 -5.58472 -11.5178 -7.68433 -6.31494 1.07788 -6.30811 
-13.969 -3.97852 -0.312012 10.4321 -26.5063 -5.41675 -31.2544 -15.7839 -8.81274 -4.9519 
-11.6079 1.46924 -9.13867 -6.34619 -1.43262 -12.1467 -17.3994 -2.104 -3.4563 8.78955 
-12.6121 2.57031 17.9529 4.30273 -49.1277 -11.9441 -21.0784 -21.95 -8.36646 -31.2002 
13.4431 -21.2649 1.16528 -10.9263 -31.8342 -10.7622 -12.1892 -4.86548 -13.9629 2.76099 
-13.2532 -10.0168 -1.79346 -10.0461 -5.98706 -4.64429 12.8064 -19.9788 2.23608 -13.3005 
13.3496 -17.7759 3.20581 -13.1077 -22.3066 -12.4521 -9.08936 -4.01636 -5.43799 -2.84912 
-18.9353 -10.8147 -11.0454 -9.70361 8.78784 -11.7097 -8.11353 -6.57935 -3.98633 0.583252 
13.6448 -14.7844 0.524658 -14.6765 -26.1648 -6.61328 -8.92822 -4.17578 -3.99146 -7.31982 
-13.3579 -15.6106 -2.41211 -8.58252 1.2373 -7.28174 8.60156 -12.0186 -1.80493 -11.9666 
14.564 -13.0571 3.38721 -15.4978 -23.3101 -12.6228 -7.39893 -3.81812 -4.41235 -4.37158 
-7.13428 8.94751 -6.9375 -8.83813 -13.8376 -15.7021 -6.48755 -9.698 1.67383 -16.1489 
-23.3271 -4.38843 19.8269 -5.52759 -29.8115 -2.54785 -17.7463 -18.2319 -0.611572 -16.8086 
-10.9409 -10.3928 -3.58081 8.11865 -19.6123 -9.6311 -16.3525 -15.9375 -3.25122 -12.5073 
-19.0488 -5.59448 -13.6772 -11.927 10.0227 -15.4897 -13.0637 -2.75757 -9.42798 -4.14795 
-23.9966 -14.8 -21.2239 -3.38184 -34.4546 12.6099 -17.5791 -27.6423 -24.3745 -0.61377 
-17.7725 -16.5103 -1.56445 -14.8442 -4.38867 -8.98633 17.0715 -22.3594 -6.22729 -12.2644 
-10.8472 -11.3445 -11.2703 -7.93164 -14.427 -10.8325 -20.7927 10.5015 -15.5352 -1.80762 
-4.96094 -3.59717 1.42651 -1.9895 -26.2988 -10.2334 -11.9897 -12.4731 8.53589 -9.1062 
-19.1792 -22.3962 -7.83887 -10.6846 -7.93311 -11.9976 -14.0513 -6.09766 -0.984131 7.40039 
12.7136 -14.1804 2.80762 -3.75146 -24.0186 -7.68677 -9.21313 -8.82959 -12.1099 -6.22803 
-8.22534 8.80273 -8.30151 -6.66479 -9.23486 -15.7283 -8.69971 -7.00146 3.32495 -10.4902 
-7.56104 -3.59326 11.6226 -2.01807 -22.876 -7.64795 -11.1714 -18.5859 7.27661 -18.261 
-7.07373 -6.60449 -1.76782 9.66089 -15.0691 -1.08691 -12.6497 -15.7188 -3.39185 -18.988 
-28.7 -14.4375 -13.8237 -12.0586 11.4514 -14.9309 -15.6541 -9.06128 -4.40723 1.27661 
-25.4255 -16.0515 -30.3452 0.601807 -32.8008 14.9746 -11.3438 -22.6792 -10.7954 2.55688 
-0.52124 -15.9741 -3.08813 -12.572 -4.49951 -5.00098 15.2429 -19.0039 -3.54468 -17.9819 
-7.08081 -12.356 -12.5076 -5.11572 -19.6262 -5.17871 -21.7151 11.1248 -15.822 1.5813 
-15.2947 -21.6782 -18.2671 -9.17163 -9.25952 -2.1626 -26.3777 -4.96045 10.1423 0.128418 
-18.0076 -12.8789 -15.27 -5.66748 -3.56567 -11.937 -13.8882 -7.11084 -2.70386 10.3362 
20.4844 -27.2849 -8.46509 -17.2559 -26.2729 -9.96533 -12.6975 -4.51611 -28.1218 -0.613037 
-8.68237 9.7605 -6.96753 -9.04639 -13.3855 -14.3921 -4.38721 -10.6404 3.2002 -15.7974 
-9.63403 -8.39722 19.7964 3.3916 -36.6719 -26.292 -20.5383 -23.915 7.00903 -30.429 
-10.2844 -21.3057 -2.82446 13.1147 -25.124 -13.0161 -18.4485 -12.9495 0.691406 -14.9275 
-21.5342 -9.29956 -16.4519 -14.825 12.3413 -17.0125 -17.3506 -5.06543 -0.800537 -2.01172 
-9.61475 -23.4988 -16.6484 -1.70337 -14.325 13.55 -7.27124 -14.8208 2.96313 -10.9421 
-14.5598 -4.90063 -0.607422 -2.94897 -5.67871 -4.75537 12.168 -22.6279 -2.51025 -19.7695 
-8.47656 -6.75146 0.0280762 -2.06299 -20.0178 -17.6555 -22.9429 4.58203 -1.9646 -6.74194 
1.42651 -4.87598 -8.93652 -11.0222 -25.3118 -11.1038 -8.95215 -13.0144 9.85913 -5.11011 
-14.9697 -21.8916 -9.0686 -7.8396 -5.62891 -16.0122 -20.5205 0.318604 -3.44531 9.64478 
-18.5747 -11.9014 -3.09375 11.8977 -35.3174 -8.36499 -34.6799 -28.3862 1.02393 -8.63672 
-9.21094 -6.89111 -7.25635 -6.39673 -10.5132 -8.34741 -10.8186 -11.8257 9.37915 -8.3125 
12.2488 -11.4773 0.655518 -9.28833 -26.5181 -7.83765 -7.48218 -7.0188 -2.29883 -2.28638 
-18.6548 -9.90332 -9.08179 -1.78662 -22.6841 -19.5703 -29.3223 11.8357 -10.8142 -4.58203 
-11.3218 9.90649 -12.2424 -5.71191 -6.16797 -17.5352 -13.2683 -1.59253 3.47412 -7.27686 
8.77905 -10.7063 1.21216 -7.24097 -14.4172 -5.34912 -0.656982 -13.3716 0.252197 -7.42993 
-15.1465 -9.60156 -9.87158 -0.370117 -22.8237 -16.9146 -27.5989 10.1743 -11.8816 -1.99658 
-18.0229 -7.56055 -7.85205 5.60791 -25.7019 7.66406 -22.0066 -29.6094 -6.02319 -5.05981 
-17.7644 -13.5186 -27.8074 -7.62354 -40.0564 13.6545 -21.7866 -25.7449 -17.0007 4.48169 
-14.8943 -11.8562 -2.29492 -11.1099 -4.00928 -3.11987 15.2598 -24.9397 -1.90356 -21.6714 
-14.0002 -4.21899 -12.4199 -8.86743 -7.25439 -14.9297 -15.4387 -2.67578 0.450195 6.19775 
13.9312 -18.7791 4.33105 -5.92603 -22.5696 -6.78735 -5.29834 -13.1421 -3.9834 -2.97485 
-6.43921 7.87207 1.47852 -12.0676 -16.231 -11.4148 -2.16602 -14.8157 1.15283 -18.6924 
16.2361 -14.0896 0.618896 -5.80542 -22.7102 -12.6687 -3.80225 -10.1736 -0.584961 -4.34106 
12.4016 -12.49 6.02295 -12.417 -18.1599 -10.9597 -5.59644 -1.98364 -0.43457 -13.3044 
-4.28931 -18.5103 -0.535645 -4.69067 -26.2979 -16.4248 -13.5789 -9.69995 9.84204 -6.04004 
-12.0283 -4.79199 1.03687 11.3687 -23.6348 -4.64551 -30.7739 -18.9478 -7.2395 -10.3237 
-27.2356 -18.2759 -8.53467 -12.6804 10.1287 -16.0313 -11.0735 -15.4382 0.866943 1.9353 
-8.27734 -21.123 -2.0896 12.9644 -21.552 -7.07202 -14.7791 -23.7122 -0.183105 -14.2236 
-8.66992 9.74463 3.37646 -10.9302 -13.0723 -12.6084 -4.09009 -11.3853 0.0568848 -21.0071 
-16.8623 -16.7395 -20.8274 -0.118164 -34.8821 13.1606 -21.1604 -16.1658 -10.7402 1.3728 
13.939 -13.8958 1.15527 -12.0232 -14.9329 -12.5745 -6.12134 -10.3828 -1.38208 -3.76489 
12.3296 -17.0042 -0.863037 -18.4492 -19.1738 -3.16113 -8.19727 -4.31323 -10.7432 -5.89575 
-14.5234 -1.46973 -16.032 -8.86328 1.57959 -12.4019 -17.5557 -1.37183 -2.05566 9.38208 
-4.1228 -9.29175 -8.0603 -0.815674 -19.5337 5.62012 -3.33057 -19.0969 2.03809 -7.30078 
-11.4912 -4.78564 -12.4187 10.6982 -26.0776 -8.29175 -24.1975 -20.5916 -9.31445 -2.18726 
-18.3364 0.524414 -16.8499 -9.50684 10.7146 -16.554 -12.5449 -4.24927 -1.99854 -3.87378 
-15.5537 -1.93823 -9.57349 -4.82349 -3.09058 -15.5735 -14.2363 -2.17163 -7.61157 7.34082 
-17.6736 -16.6941 -3.20239 13.8818 -37.7769 -4.54639 -29.5034 -30.679 -4.09521 -3.43164 
-11.333 -4.15869 -1.29077 -5.69824 -9.4436 -17.5688 -21.8496 7.2915 -7.43091 -4.74805 
-15.0911 -8.72314 -0.353027 -12.5127 -0.137695 -5.71997 18.2725 -33.4998 -2.13477 -23.9016 
-19.4412 -8.177 -9.66431 -6.77734 -1.67358 -11.8757 -24.5679 -5.81665 0.778076 12.3093 
-4.34131 -13.7124 13.2136 4.02759 -20.5339 -13.354 -8.83301 -16.8826 1.4292 -21.5334 
-11.1895 -4.16455 -12.2661 -9.76538 8.24438 -12.9138 -13.604 -2.73389 0.185059 1.06006 
-22.2087 -16.7122 -24.4856 -2.67871 -27.8147 13.24 -6.62134 -26.9299 -13.8835 1.39673 
-7.8894 -8.85913 -14.0713 -3.85645 -23.5649 -12.1062 -21.1455 10.9932 -13.2231 -0.294189 
-13.3823 -17.8523 23.2764 3.02124 -24.4236 -21.2864 -16.6675 -24.3408 -0.71582 -36.1736 
0.27124 -8.26221 -1.75879 -0.301514 -8.07373 -2.41675 8.21484 -13.0916 1.1709 -19.5034 
-16.0508 -13.115 -18.5435 -14.0479 13.9709 -10.2988 -15.0884 -4.521 -5.67285 -7.36938 
-13.752 -4.4541 -6.09204 -6.95532 -5.29443 -13.8799 -12.4802 -3.01465 -4.76416 3.90991 
-13.866 -3.05518 -14.0171 -13.2729 9.1333 -12.3508 -14.7092 -4.98608 0.956299 1.02271 
-9.52856 -9.50073 -5.16724 -7.47754 -13.2273 -14.8784 -15.4224 -5.77344 -0.196289 6.20752 
-17.1079 -3.04224 -16.1133 -12.3821 10.261 -12.8184 -10.8828 -6.3186 -3.60791 -3.12256 
-9.24243 7.7771 -1.24219 -8.93628 -11.1843 -9.38599 -2.38159 -11.1487 2.53149 -19.5237 
-8.74683 -2.56665 6.31689 0.391357 -9.64478 -9.03467 -6.20337 -4.03833 2.34058 -12.9695 
-6.82275 -6.28516 11.2886 -0.597412 -23.6633 -16.9541 -11.7988 -17.1299 7.54395 -13.8052 
-9.80981 -6.64795 -13.7678 1.02124 -26.4595 5.91943 -11.072 -22.6963 -7.60742 -1.36987 
-5.23608 -6.59717 -3.43018 -0.619629 -25.4473 -4.80859 -12.427 -12.9319 9.00586 -5.82227 
-7.92065 8.95703 -2.94849 -6.88867 -10.2781 -13.0757 -7.66846 -7.81128 2.48413 -16.0793 
-14.8862 -9.47241 -2.80859 13.248 -31.5103 -10.6541 -27.8591 -19.8933 -4.14014 -9.54614 
-8.146 -11.9087 15.1411 2.9502 -17.1326 -20.5239 -13.7942 -18.6077 4.38916 -20.2791 
-16.9109 -23.3962 -3.45532 -5.36304 -6.44189 -14.4993 -17.2961 -5.56055 -0.880371 5.45313 
-16.709 -13.3735 -10.1108 -8.02246 5.99121 -13.5955 -14.6472 -8.10522 -5.13403 -1.70288 
-21.7117 -14.2202 -9.12695 13.2344 -38.2996 -14.8252 -31.1321 -7.85278 -1.86816 -5.48047 
-2.60181 -13.5833 0.768799 -8.44482 -20.7727 -11.6594 -13.3196 -9.12012 8.93481 -8.36035 
-4.79761 -13.7515 14.2498 3.07739 -22.1248 -19.699 -14.9771 -13.377 4.35303 -14.8557 
-6.16553 -6.7876 11.356 -1.34717 -21.0491 -15.1465 -12.1365 -22.0667 3.70044 -16.2834 
-7.45703 8.70654 -4.71802 -9.50317 -14.5405 -14.4304 -3.44238 -13.3816 2.14307 -17.449 
-14.4673 -14.0908 15.1123 4.35425 -12.0884 -11.657 -0.596436 -19.2979 -1.22632 -28.9041 
-0.797607 -6.01855 0.458496 -1.26953 -30.6106 -8.78467 -9.5625 -12.2935 8.48682 -7.60498 
-14.1926 -7.57617 -0.629883 -6.05859 -5.4353 -2.07446 11.2551 -18.0503 1.20239 -24.0803 
-19.8936 -7.44995 -8.60205 5.39185 -38.9023 7.79248 -24.3394 -28.9692 -9.15625 -1.51855 
-9.51416 8.40747 -10.7766 -7.03687 -7.45361 -15.6289 -10.4771 -7.74683 1.57886 -7.21948 
-20.1331 -4.85693 1.92432 -3.59595 -4.18262 -3.85278 13.9033 -23.22 -0.390625 -22.8638 
-11.5601 -2.06372 -4.05713 -5.81079 -20.5278 -23.313 -23.0593 8.14673 -5.50391 -2.53784 
-7.37573 -18.9636 22.0203 4.94385 -27.7639 -22.7688 -9.65161 -14.856 2.88574 -37.5513 
-10.2649 9.09692 -6.73779 -3.91943 -8.23755 -16.7583 -11.2937 -2.83252 3.03418 -8.89624 
-14.999 -6.13647 -6.32251 14.5208 -28.3208 -6.92847 -35.4399 -21.7207 -5.94922 -3.83008 
-16.0444 -13.3916 -10.6804 -8.47729 -10.0769 -14.8083 -14.9204 -5.27051 -0.335938 9.00684 
-13.8806 -7.83569 -0.786621 10.8408 -36.4941 -3.26733 -38.4043 -23.3857 -10.1377 -0.639404 
-4.09766 -9.65625 -6.91431 -6.96777 -21.0242 -9.60059 -11.4917 -15.6169 8.58423 -5.21362 
-11.5195 -9.21924 -5.62891 -4.27295 -14.9673 -8.40576 -25.0088 9.05298 -12.428 -0.145996 
-17.2473 -13.4524 -21.332 0.551514 -18.4001 11.0754 -7.00146 -21.6711 -1.46265 -2.62061 
-8.02295 1.55957 1.64868 -2.77393 -19.9141 -15.4539 -18.8494 1.58521 -4.6582 -6.45337 
12.0891 -6.32007 2.50635 -3.90381 -34.5559 -8.24512 -7.64941 -10.186 2.18774 -6.27344 
-13.135 -3.34229 -9.60474 -10.3035 -7.54932 -10.6191 -22.9651 9.79541 -14.8193 1.80078 
-13.6326 0.169189 -14.167 -10.9756 8.15649 -11.9158 -8.83081 -4.86157 -2.30884 -4.55713 
-8.31836 -6.7793 0.538574 -3.01172 -24.1704 -13.5347 -10.5847 -14.7524 11.8601 -12.1672 
3.08276 -2.88281 -0.074707 -5.62671 -13.7864 -6.86621 -7.82397 -11.7146 6.21167 -6.61035 
-22.5234 -25.7554 -17.9595 -14.377 -30.425 11.4294 -8.75732 -16.5652 -9.59131 2.49634 
12.7947 -6.2002 -0.750488 -9.32886 -15.7781 -8.9585 -3.67285 -6.64697 -6.75195 -11.0239 
-9.5498 -21.801 3.60767 -11.3022 -8.46265 -10.6375 16.2346 -23.7095 0.269775 -22.4902 
-11.0701 -12.5408 -2.15356 -7.00806 -7.31372 -5.84619 15.938 -27.2275 -2.39697 -19.8167 
-11.9473 -16.0059 -1.1897 11.5005 -26.2615 -4.66626 -26.0115 -32.2827 1.0127 -8.65479 
-5.77637 -4.43286 -0.851563 -1.1792 -21.3623 -18.1985 -19.6875 11.8289 -11.2043 -11.7017 
-5.99878 -16.3926 0.0910645 -12.509 -10.3833 -5.39233 17.3596 -31.6946 -1.37158 -21.5403 
-7.91528 -4.37256 -10.4346 -3.85083 -8.10986 -11.5911 -19.272 -0.0686035 -7.0542 7.11743 
-12.0405 -3.4458 -15.9832 -4.79175 -6.24194 -9.28467 -21.9189 -0.235596 -2.65308 11.647 
-16.8667 -8.34448 -10.9331 -13.2324 10.1038 -13.7957 -14.3657 -8.02173 -1.0603 -6.24854 
-1.46973 -2.4812 -8.26001 -8.23242 -19.6982 -10.5227 -11.2256 -13.1357 8.5769 -2.67798 
-21.5786 -9.46338 -17.3618 -13.0674 8.58813 -8.60669 -10.1729 -6.70679 -1.74536 -0.128418 
-7.25757 8.82764 3.79907 -11.7488 -13.79 -12.9248 -4.54126 -12.6543 -1.24072 -18.6104 
12.405 -14.7971 -3.10229 -8.12915 -9.34033 -4.23853 5.09644 -13.5447 0.36084 -9.35596 
3.16235 -10.3291 -3.104 -5.65991 -10.5217 -9.88452 10.6221 -22.9165 1.07373 -12.2004 
0.0834961 -10.8352 -4.30444 -10.1621 -8.26367 -9.25269 16.5515 -22.9109 0.201416 -22.9846 
17.5811 -10.9446 0.26416 -14.7856 -17.929 -12.6497 -2.82715 -8.32788 -5.21436 -10.7717 
-8.16772 9.30493 -8.5835 -10.2603 -13.0469 -15.1882 -3.46436 -7.49707 1.77954 -13.2708 
-13.2092 -1.38013 14.9546 -3.08179 -17.0847 -14.429 -17.8784 8.09619 -1.33618 -16.8042 
-16.604 -14.2444 -14.6772 11.6157 -39.3176 -6.29443 -28.1011 -7.95776 -0.294189 -4.49585 
-26.4795 -6.70996 -12.6223 -11.8992 11.9683 -20.2356 -17.679 -4.59448 -1.16138 0.886963 
-12.9414 -26.2954 -27.6438 -9.67773 -15.6309 16.4973 -22.7634 -6.46558 -0.533936 -0.122314 
-7.96362 -13.4287 -2.06519 -14.8005 -6.42944 -3.19922 12.5688 -15.0032 -8.84937 -19.3813 
-9.35229 -5.24683 -6.03613 0.360596 -27.6179 -24.012 -24.9397 12.0525 -10.0232 -3.89282 
-5.13916 -4.75122 -7.79248 -6.22998 -20.5876 -5.81836 -8.73071 -17.3098 8.18628 -3.15015 
-11.0457 -2.35156 -13.2795 -6.39258 -5.43628 -12.3335 -20.1438 0.929199 -0.203613 9.02417 
16.6492 -9.5752 1.30908 -18.9219 -26.8669 -3.53223 -1.83716 -12.9099 1.8689 -8.5188 
-9.90454 9.74341 -9.83252 -5.87354 -7.77295 -17.1814 -8.56079 -1.21875 3.74829 -10.5391 
-17.5288 0.340088 20.0571 -11.0669 -26.7961 -7.81323 -11.8542 -10.4939 -3.46924 -33.5393 
-12.6897 -4.80688 -7.28516 11.3362 -39.5291 -9.20337 -33.363 -12.1699 -5.46729 -1.81982 
-26.3181 -21.0552 -16.6855 -16.7561 13.8999 -15.395 -20.9136 -5.95654 3.4624 -3.52417 
-16.7161 -22.5208 -26.6362 -11.6042 -26.1836 11.998 -16.1843 -19.3262 -8.09448 3.03564 
-10.0835 -13.1799 -5.56226 -11.906 -5.47998 -10.0906 16.2871 -27.9194 0.732666 -12.126 
-7.06201 -8.31738 -8.17725 0.716309 -33.7905 -12.7786 -23.3906 9.71167 -3.28345 -0.288818 
-1.80054 -6.55835 -4.52344 -13.365 -22.0923 -6.46802 -4.88892 -9.42261 10.1855 -11.7957 
-13.1531 -12.7593 -14.6643 -5.53857 -5.30615 -6.80469 -19.7388 0.828369 -4.0918 8.04224 
14.0955 -19.522 -0.452393 -11.3608 -24.2207 -3.72681 -13.2935 -8.2002 -16.8154 1.55322 
-9.45068 9.37158 -9.69995 -5.85596 -8.84106 -16.8335 -11.0916 -7.06128 4.12354 -9.58301 
-10.1589 -6.42017 15.1506 3.49292 -28.8877 -15.6611 -20.1392 -0.121582 2.38525 -22.7827 
-16.2 -14.4958 -3.88623 16.4033 -45.1201 -1.99854 -34.769 -26.0823 -10.2385 -9.83105 
-20.7266 -15.5984 -14.1565 -18.281 11.5952 -15.7703 -16.0408 -1.38965 -5.57568 -3.71655 
-12.3921 -24.9546 -24.1555 -9.37866 -24.9951 13.2251 -18.1887 -10.9448 3.44116 2.65869 
-12.5442 -12.8027 -4.14868 -11.7249 -7.05908 -8.85205 14.0776 -21.4744 -7.88062 -12.7161 
-9.56494 -9.22729 -12.2539 1.7605 -34.8701 -13.9714 -26.5828 10.9478 -11.189 3.94043 
-5.49097 -4.71704 3.38062 -5.36255 -21.7883 -16.5884 -7.04175 -10.561 8.64502 -12.303 
-10.2695 -7.72095 -9.35815 -8.28223 -1.36011 -9.03247 -23.6177 3.61011 -5.59814 7.87305 
-14.9187 -8.38232 -8.7688 -0.286621 -21.8511 -14.5154 -29.7961 12.656 -12.1145 -6.71631 
-17.6536 -4.96362 -14.0488 -9.97266 10.3555 -14.814 -10.8303 -6.52637 -0.0773926 -0.330811 
11.2539 -8.29883 -0.929932 -8.88354 -9.02075 -1.74365 -0.386963 -5.65234 -1.24121 -10.426 
-22.4199 -13.4482 -13.6226 -11.2393 10.4902 -14.8699 -13.1782 -10.2771 0.710938 4.24121 
15.0439 -13.238 3.60425 -8.92017 -17.9592 -9.14502 -2.1084 -9.92139 -1.20093 -12.3306 
-7.49585 7.68384 -2.28857 -4.9668 -6.81201 -14.6743 -9.58667 -5.16553 3.03296 -11.6768 
-11.5063 -3.32397 -4.09888 1.48291 -27.2632 -24.0195 -31.2278 14.2688 -15.2493 -10.2266 
-14.4841 -9.34888 -16.6597 -5.0542 -3.48853 -4.06812 -19.803 1.13403 -6.91211 8.03174 
-12.2776 -11.8037 -23.9756 -11.0513 -25.95 6.479 -7.26099 -15.4194 -3.87158 -3.14893 
-7.57495 11.5486 3.43091 -8.80762 -12.9893 -17.3123 -7.73267 -10.0173 -0.841309 -21.9888 
-24.1902 -16.0696 -9.78906 -16.4646 11.3545 -12.5715 -15.8977 -3.57617 -0.977051 -4.41064 
-8.57275 -3.96997 12.6174 1.50928 -23.6768 -13.8398 -19.1687 0.999023 0.736816 -17.3467 
-15.6609 -12.9446 -10.9841 -6.82349 -20.521 -10.2627 -20.7146 -2.52002 7.65063 -0.430908 
-13.7966 -0.947266 -12.6118 -7.17822 -7.07056 -10.8123 -18.4353 -2.66846 -1.69653 7.22485 
-24.3066 -22.8054 -13.2922 -17.9932 13.1921 -14.6206 -16.4766 -4.94214 3.36328 -2.12427 
-11.5986 -11.0662 -2.3269 11.6482 -40.5149 -7.84546 -30.9341 -12.4609 -7.69824 -9.21387 
-10.5056 -7.78271 -14.949 2.13379 -31.5161 -12.1414 -27.6987 10.0574 -8.36719 4.39795 
-7.77808 1.36719 -5.93652 -4.01123 -24.1812 -4.21948 -6.77637 -10.8572 9.1521 -11.127 
-15.4697 -5.854 12.6255 -2.34106 -25.8335 0.466064 -13.1897 -3.5271 -0.762207 -25.6833 
-26.0244 -8.24536 -15.7317 -13.9736 11.3552 -15.0562 -14.3411 -4.96387 -4.97949 3.11914 
-16.9387 -8.86914 -12.5999 -10.8113 5.53516 -12.2244 -8.68506 -8.23096 2.07788 0.273682 
-18.1387 -14.3198 -12.2939 13.3694 -38.5564 -5.03564 -27.1089 -12.6938 -5.82324 -9.68213 
-19.2449 -18.74 -7.22705 9.98853 -31.3945 -9.87207 -20.6482 -10.6628 -3.97632 -9.95728 
-7.50635 -17.6323 -3.01929 -7.53076 -7.47144 -2.54907 15.3577 -25.3562 -4.08862 -19.9072 
-12.27 -2.4502 -15.249 -7.77734 -8.50024 -10.6702 -17.7947 -2.34766 -1.18408 10.3181 
-11.6792 -3.30762 -17.7051 -6.70776 -4.94019 -10.2778 -20.5208 1.08008 -2.01343 7.99341 
-22.105 -18.4661 -29.301 -8.16333 -23.6511 13.2632 -7.98486 -8.97681 -2.8269 0.343506 
-3.39819 -1.92822 -4.83789 -4.56714 -19.9221 -9.36841 -7.34326 -12.6914 8.77783 -12.323 
-11.3572 -12.0176 -3.67236 -8.76416 -10.7471 0.362549 18.0515 -27.748 -3.56445 -23.5359 
-10.0317 -5.11279 -5.32715 2.7981 -30.3818 -29.2368 -25.4651 14.793 -15.8733 -9.30103 
14.9094 -9.58496 2.93848 -8.56396 -23.5503 -8.9165 -8.25342 -7.86255 0.329346 -5.48047 
-8.79956 -14.356 -5.10547 -16.6729 -5.9563 -2.50635 15.3794 -23.9976 -5.42188 -20.9109 
-3.33008 -5.41528 1.26904 -4.18799 -21.6797 -13.553 -9.46313 -14.822 9.8606 -8.29761 
-13.0796 1.69165 15.8757 -5.76147 -22.9758 -6.65723 -14.3188 -2.82056 -4.35376 -24.7014 
-5.89917 -15.0535 -6.98218 -13.2756 -8.59424 -5.30151 13.9312 -23.3733 -3.75293 -11.0442 
-22.4719 -11.6399 -8.28833 23.8684 -55.843 -19.5427 -47.8684 1.82764 -12.5903 -12.3491 
-14.5713 -3.71436 -11.9453 -8.11792 -5.30225 -10.6353 -17.0862 1.3186 0.44751 8.87769 
-19.572 -11.7148 -11.2756 16.2639 -54.0227 -2.46411 -34.0774 -16.0723 -7.00854 -7.88257 
-12.8345 -3.09692 17.0083 1.48364 -28.5635 -14.3523 -21.2495 -2.30615 -0.312744 -23.3306 
-13.2319 -4.28711 -5.85986 -5.91187 -16.4175 -8.90552 -14.0576 -2.90991 3.59399 -4.75586 
-6.73682 -9.28491 -3.29932 -15.136 -1.95313 -10.0896 11.5422 -6.02734 -4.67456 -18.6025 
-5.06348 9.02075 -4.75806 -11.0647 -13.1521 -14.4287 -4.32056 -13.1917 1.35278 -15.835 
-11.895 -5.09326 -4.80469 2.72754 -25.3284 -27.7983 -24.0732 11.5754 -10.4829 -4.40356 
-19.9844 -13.2549 -10.7415 -15.0635 11.2676 -14.7771 -12.2644 -5.34619 -2.84546 0.776855 
-6.02295 -3.77173 -2.01904 -4.60425 -17.2041 -13.7705 -9.5791 -10.0337 8.40186 -7.57593 
-10.2581 -4.37549 -1.27759 -6.73462 -20.0269 -8.87476 -9.64551 -7.68384 8.78564 -13.7693 
-13.7649 -5.95166 -9.05737 -7.2356 -3.77588 -12.8005 -17.8394 -3.41968 -2.61353 8.22241 
17.5754 -12.1528 1.98022 -10.8533 -26.4849 -10.2524 -4.66748 -9.0061 0.320801 -6.58984 
-16.5276 -8.19531 -7.15601 8.07593 -34.1387 -16.2542 -24.6533 -3.31226 0.200684 -2.85815 
-16.4656 -13.2637 -15.4431 17.3667 -45.4797 -4.62598 -37.877 -9.66113 -8.70044 -2.93433 
-13.1399 -5.89063 -12.054 -4.22778 -11.0188 -10.3228 -20.2188 -0.644043 -6.2522 8.81396 
13.3167 -10.7341 -0.844971 -7.02612 -17.9771 -7.54053 -2.74536 -8.0542 -1.43066 -10.9309 
-12.6958 -18.3032 -22.3958 -6.7915 -25.6357 11.3491 -15.791 -15.1196 -10.9907 5.11865 
-9.8186 -0.5896 16.0542 -13.9724 -16.0068 -9.41064 -12.9858 5.95972 -10.9187 -28.4893 
-16.4399 -10.7202 -13.7537 -12.376 -8.19458 -13.6616 -20.6848 -2.57886 2.54297 9.70898 
-18.5959 -16.4719 -11.48 -12.574 9.67603 -13.7258 -12.2297 -7.9436 -2.15112 -2.75464 
-11.8469 11.0535 5.27637 -8.07544 -11.3687 -18.7751 -7.81738 -8.64063 -3.55371 -27.0295 
16.4084 -12.593 2.62109 -12.5918 -21.0337 -5.60791 -2.07397 -9.18774 2.11011 -7.44531 
-12.3508 -13.4812 -11.96 10.5618 -27.5964 -4.80542 -26.4397 -19.3252 -9.97144 -1.29932 
-15.6975 -4.3772 -10.8335 3.15942 -28.3726 -26.7434 -29.9026 12.7859 -10.677 -5.25928 
-22.248 -22.2625 -26.8992 -8.91162 -23.4878 13.644 -14.9043 -21.8477 -18.0852 2.25879 
-12.2686 -5.91943 -6.5791 -5.37671 -7.60254 -8.125 -9.32007 -7.54761 7.4021 -9.41187 
-11.1091 -8.42993 -9.58838 1.8584 -31.7041 -23.5581 -24.5156 13.9478 -14.0125 -5.53638 
-9.45947 -5.02344 -5.21704 2.24878 -33.4946 -29.2405 -27.2336 14.0022 -13.5894 -9.18555 
-9.20386 -4.6709 0.283936 -4.42139 -18.2654 -14.1047 -11.375 -10.3501 7.14868 -6.96997 
-1.50391 -10.4985 18.8638 -2.05884 -27.6348 -23.7859 -12.415 -2.55884 6.69727 -28.0093 
-14.5176 -7.53613 -7.35913 -5.98169 -13.9465 -16.5513 -17.4399 -3.72607 -2.29907 7.55249 
-11.3152 -0.692627 -3.20557 3.44092 -28.6699 -23.5723 -26.1584 9.40356 -8.17334 -9.75 
-8.72339 12.0664 4.62842 -8.78149 -12.7859 -18.7373 -9.69238 -9.3186 -2.71191 -20.6904 
-9.33789 -2.65259 17.5664 0.185547 -27.9976 -21.0361 -20.4817 -0.437012 4.43262 -33.5967 
-5.59302 -12.5715 -5.1355 -8.53467 -7.9165 -7.03491 12.1936 -26.9993 -1.45313 -10.3125 
-17.7695 -13.6204 -13.5947 -10.4294 6.99121 -11.6035 -20.9829 -0.116455 -1.28369 4.52026 
-3.45435 -5.0686 13.0645 2.30566 -31.4924 -15.8655 -23.5586 4.19116 -1.34326 -22.4165 
-11.0798 -27.4255 -22.9998 -7.62817 -14.5508 13.0503 -12.8831 -9.31689 1.36694 -2.12549 
-9.93262 -9.18091 13.1514 -0.466797 -31.376 -9.88477 -24.0227 4.19165 1.84302 -18.4641 
-10.5066 -8.21924 -5.14429 8.80103 -33.5337 -12.8621 -25.7185 -8.85864 -1.53735 -4.05615 
-5.08496 -13.5537 -0.250488 -16.0264 -1.21582 -5.6394 16.9841 -23.2009 -5.92676 -26.9556 
-11.2644 -14.0725 -4.47339 -12.3992 -4.49976 -4.12964 15.344 -20.7361 -4.04492 -18.2253 
-11.6387 -23.3723 -23.6836 -12.946 -16.3325 9.30566 -8.97144 -12.1238 -0.976074 2.44873 
16.0281 -14.4102 -0.419189 -12.4949 -14.6677 -7.60571 0.883789 -9.65137 -0.0297852 -6.75806 
13.4087 -7.26514 0.58667 -9.67407 -16.3652 -4.97876 -1.87695 -5.68213 0.344727 -10.4199 
-5.30249 -8.68604 18.4873 -3.85303 -34.0317 -16.7017 -15.4475 5.64014 1.70874 -29.5081 
-5.20605 -8.61987 -4.52954 -8.19824 -16.011 -9.26099 -11.4558 -10.1775 7.53125 -6.23096 
-8.43823 11.9407 3.84668 -9.18384 -12.4568 -19.2029 -9.69556 -8.72583 -3.61304 -20.7449 
-6.74829 -17.8882 -4.2937 -11.9646 -2.6626 -5.97217 18.145 -27.1982 -2.02417 -20.4348 
-6.59814 8.08862 1.93604 -12.6475 -13.6797 -11.7593 -2.71069 -12.614 0.558105 -17.4197 
18.4744 -14.2808 0.945801 -12.9226 -27.688 -4.90283 0.803467 -14.9783 0.477295 -9.81738 
-18.4734 -12.6924 -18.0679 -13.9414 11.2537 -12.3972 -20.7673 -0.191895 -1.01807 -1.53662 
-9.39966 -11.3301 -11.4207 13.1333 -42.8367 -18.6506 -35.2603 -5.24048 -7.03931 1.09692 
-4.56396 9.78589 0.341309 -12.2683 -15.8472 -14.5654 -5.55518 -14.2383 2.46069 -15.9695 
-2.11108 -20.342 -0.0693359 -8.92676 -5.16382 -8.70215 14.6624 -24.9595 -3.34863 -18.7046 
-11.5969 12.7153 6.2998 -8.55396 -10.814 -22.4229 -9.23682 -9.84155 -2.93921 -26.7026 
-12.5188 -5.979 -11.6741 -10.4907 -4.50269 -15.3276 -18.3586 -1.36353 -0.153564 8.56738 
17.1445 -19.4094 -9.47803 -16.2671 -22.1851 -1.24487 -9.40723 -4.05737 -19.1702 -4.104 
-11.7532 8.89893 -5.41455 -6.38037 -12.0911 -11.9338 -6.75464 -6.67236 0.969971 -15.4282 
-16.8655 -4.77905 -10.4822 -6.64453 9.26538 -13.2415 -9.9707 -3.90747 -1.24658 -6.5625 
-10.8503 -16.3633 -10.2649 -4.53101 -13.7891 6.92676 -1.65186 -7.01147 -1.19434 -6.56592 
-2.19873 -3.14844 -3.07495 -8.70679 -18.564 2.59497 7.18701 -23.6116 -0.496582 -15.2512 
-15.9451 -3.75977 -7.87744 -6.52026 -10.9578 -20.3069 -23.3804 11.2664 -20.0986 -5.28662 
-10.4998 -8.12085 1.9895 3.8562 -25.5542 -11.8547 -13.573 -14.553 11.7251 -8.42383 
-12.4614 -17.6746 -4.34302 -1.92212 -11.928 -20.324 -22.1687 -0.674072 -12.8032 6.04956 
-8.45923 7.92822 -3.29517 -4.36401 -9.20825 -12.9656 -9.9209 -4.92554 2.13354 -13.7478 
-9.77368 -16.936 14.5806 6.46118 -20.9954 -9.73267 -11.436 0.570313 3.31299 -23.554 
-4.89453 -11.6514 2.93433 9.53125 -41.2893 -10.1152 -33.635 -7.82544 -4.71411 -2.31055 
-15.4009 -7.63403 -9.91187 -8.78149 3.88599 -8.09546 -13.8945 -3.99976 -2.49731 3.61523 
-14.6821 -23.2922 -11.8223 3.17432 -17.4526 12.3459 -11.458 -9.91455 2.89453 -14.1143 
-9.46631 -7.47314 -9.80884 -20.9419 -9.03564 1.99756 18.6008 -27.8398 0.430664 -17.7646 
-14.1523 -4.60742 -8.76245 -1.13745 -17.8984 -18.9001 -18.5789 9.29883 -12.052 -3.55859 
13.8181 -19.2485 -0.632568 -11.1274 -3.62378 -2.08057 -5.26587 -1.87036 -15.9788 -7.05151 
-6.63013 7.48047 2.51416 -6.8313 -6.46143 -15.7964 -9.2605 -4.53149 -6.68335 -13.9143 
-12.0244 -22.0911 19.8547 6.80762 -32.1033 -16.7822 -13.8882 -13.5032 3.77393 -32.2507 
-11.6169 -10.5601 4.13257 13.3948 -30.3328 -14.8142 -41.0928 -25.917 -9.50293 -6.66895 
-11.4963 -7.35791 -9.09961 -6.57495 5.47095 -8.30737 -10.4006 -3.979 -4.93774 -5.85571 
-3.86084 -14.6128 -5.39917 0.095459 -10.3591 7.3894 -4.09937 -3.22559 -3.79492 -9.06934 
-13.3816 -21.5427 -8.97437 -18.2898 -10.2539 -1.03052 20.4436 -28.2048 3.90796 -18.386 
-5.85229 -11.1169 -12.6042 -5.27954 -16.4583 -12.0754 -14.9126 12.4771 -17.1436 2.53198 
-0.646484 -5.37524 1.00952 2.71362 -22.481 -14.1343 -9.07324 -4.2229 5.79907 -3.05469 
-18.2197 -15.4773 -15.3162 -7.14771 -9.22925 -14.2332 -16.8535 -2.86987 -4.58594 10.9653 
-3.63257 -2.35938 2.59375 -1.27612 -22.6702 -16.7339 -8.99805 -6.66528 7.88013 -7.40063 
-17.656 -11.9602 -13.1438 -10.3831 9.90503 -8.39136 -14.0317 -4.09912 -4.94604 -4.40552 
17.5806 -15.833 -4.8186 -14.5149 -16.6621 -3.00537 -14.3066 -4.68994 -30.0605 -9.70215 
13.9858 -12.0168 0.788574 -8.87646 -25.5225 -5.22778 -7.85425 -8.88892 -2.42969 -1.11084 
-7.71289 -5.62109 -0.0102539 -5.49854 -16.1042 -21.5181 -22.5068 10.2544 -4.3208 -5.84741 
-11.9187 -13.9343 16.6372 0.487549 -29.5962 -15.3284 -16.0908 -4.6604 6.66602 -26.2195 
-12.5908 -19.8083 -10.5322 -7.99316 8.53345 -9.41504 -12.6973 -5.87842 -5.91382 -6.66431 
-19.2698 -14.2109 4.02539 20.1968 -37.4075 -11.96 -40.5522 -19.1917 -13.4458 -9.39844 
0.581787 -5.33862 0.898682 0.725098 -28.7241 -13.1665 -14.3872 -4.12671 7.13599 -5.90869 
-7.1853 -9.11694 -8.89014 -14.0266 -14.3022 0.675049 11.8223 -24.6038 3.7522 -14.8496 
-2.19897 -4.92236 -7.823 -12.5435 -16.7256 -1.17554 6.58447 -21.9353 5.63354 -10.2332 
-17.1555 -11.0095 -9.36938 13.2981 -20.2529 -0.149658 -27.4312 -18.6047 -12.9419 -7.16626 
-8.56299 -16.3245 13.2322 -9.86011 -6.36694 -0.245605 -18.2759 -3.4585 -11.6692 -14.4194 
-8.19897 -13.3069 -3.23901 -9.91382 -2.0835 -6.56689 12.0327 -15.4631 -2.8999 -14.8474 
-8.93457 -12.364 4.90796 17.3606 -51.334 -13.6448 -39.4468 -15.2305 -10.6563 -7.26733 
-16.6013 -12.043 0.0495605 15.3833 -49.4565 -4.24951 -38.9321 -16.6616 -11.5835 -3.33813 
2.33887 -2.63257 -1.19287 -0.284912 -4.64209 -3.64868 -0.946777 -3.25513 -1.05811 -10.4646 
-5.91479 9.57031 1.9895 -6.42163 -4.43384 -19.4929 -11.4993 0.30835 -10.4807 -12.3416 
-17.5935 -13.1567 -9.65503 -11.5286 8.95483 -15.4038 -17.5969 0.137695 -2.75684 -5.76563 
-8.54736 -8.69409 -12.2336 -8.47632 -13.2778 -8.75098 -22.4443 9.77734 -17.3074 2.64941 
-7.07178 -5.09131 -2.36279 5.85645 -35.3945 -15.0762 -15.5962 -11.3926 9.99146 -8.00415 
15.7036 -11.2092 1.04736 -10.8362 -23.6072 -6.27466 -15.5332 -6.76294 -19.5881 -1.55688 
-16.6104 -15.1396 -2.24585 13.6245 -36.0752 -10.3931 -31.8921 -15.7761 -6.17944 -3.87598 
-9.94043 10.0022 0.765381 -5.63647 -5.49487 -14.8467 -10.5613 -2.8667 -6.74365 -14.7222 
-12.9387 -11.2666 -12.2537 -4.81128 -16.8584 -25.0669 -17.4011 1.59277 -9.94556 5.83203 
12.5898 -18.2756 -10.0125 -15.7358 -18.4048 -1.88257 -4.73999 -1.49951 -20.103 0.280518 
-8.79126 9.98145 1.7395 -6.54736 -4.0144 -20.1072 -10.5095 -2.06104 -8.26318 -14.4207 
-12.5552 -3.31519 -7.72974 -5.25415 -4.58911 -14.6125 -16.9771 -4.70215 -6.96777 5.73486 
-7.21509 7.04614 4.7334 -10.4087 -10.967 -11.8713 -5.95435 -9.21997 -3.01929 -17.2832 
-13.3357 -14.5754 16.5576 -6.27466 -16.6277 -6.00513 -5.85791 -9.5564 -4.55322 -22.2085 
-9.92212 -3.6355 -6.25269 -4.34888 -17.9871 -18.448 -16.21 7.59619 -7.77002 -8.37378 
12.6948 -6.64819 1.12671 -9.03271 -26.2979 -5.23364 -4.74927 -8.56885 0.132813 -2.17505 
-7.70532 8.09375 -0.625244 -7.4668 -10.438 -9.14575 -3.55957 -8.42627 0.198242 -17.6458 
-13.7258 -6.53638 1.92139 8.94141 -22.7195 -8.78174 -26.5986 -4.44556 2.72705 -12.7122 
-8.42749 -6.32935 -2.42285 -5.65356 -23.8433 -7.66528 -11.8362 -17.1287 11.5879 -12.5015 
-15.5598 -22.2207 18.1575 3.66064 -14.9753 -11.679 -13.7593 -9.83276 -8.03784 -23.7229 
-5.82422 -14.3521 -3.34424 -5.67114 -14.1074 -23.4011 -15.1804 -1.89795 -3.52173 7.78662 
-10.7383 -14.2253 13.1045 3.72046 -17.4001 -10.2131 -6.89258 -0.174805 0.977783 -21.1279 
-7.50806 -0.00317383 -3.66504 -5.17725 -10.3899 -11.385 -10.3384 2.15723 -6.30371 -11.3167 
0.952637 -18.4194 -0.23291 -15.7271 -7.84619 -3.83008 14.2041 -25.3972 1.43311 -22.5986 
-10.5659 -14.7583 -12.9048 -1.28271 -4.40967 7.81689 -2.20068 -9.4541 1.37988 -9.88623 
-9.16626 -10.395 -10.1877 -4.53223 -10.5757 10.8665 -4.96582 -5.16162 -4.44873 -8.7373 
-15.3372 -17.9158 -7.19995 -6.4585 -6.72144 -24.522 -15.6667 -1.66748 -9.16797 9.53345 
-15.071 -10.8049 -5.95752 -0.191895 -14.0649 -26.4182 -19.8127 -1.41089 -6.09277 6.54565 
-5.79907 -12.7695 -1.8147 -0.979736 -23.0913 -10.822 -13.0457 -18.925 10.7957 -6.49902 
-5.38501 -17.2498 15.8062 -1.86987 -25.1328 -13.04 -10.78 1.49805 0.853516 -23.0781 
-15.8008 -11.1179 -11.0857 -2.80859 -8.16602 -11.3838 -15.5674 -4.44897 -7.04614 7.4436 
-8.36816 8.70483 4.53491 -7.65527 -10.0654 -17.8301 -9.20117 -8.00562 -4.5752 -23.436 
-11.7498 -11.3298 -0.942383 7.03711 -15.3547 1.66577 -12.8364 -9.82275 3.37354 -16.6052 
-0.311035 -20.5281 7.40405 -8.31226 -10.261 -1.02661 -7.8501 -3.28052 -3.42993 -12.0774 
-10.4546 -4.76904 -0.467041 12.9309 -39.9343 -5.84155 -33.9175 -19.4443 -9.72461 -0.122314 
-18.1345 -21.8931 -4.17676 -11.1086 11.1816 -14.6567 -15.0469 -5.79883 -5.23755 -16.384 
-5.30518 -10.0979 7.13281 9.97607 -37.082 -5.38306 -35.1013 -13.9917 -5.57983 -5.65039 
-10.5195 12.8694 7.59399 -10.6655 -6.33325 -25.8567 -9.55151 -5.70435 -7.85449 -23.4465 
-13.8018 -15.1008 -9.57446 -2.56763 -15.8018 -26.094 -24.2708 -1.80981 -3.79565 11.5471 
12.9326 -10.5862 4.1333 -7.20386 -23.0815 -6.57153 -10.0083 -7.67798 -5.18091 0.0332031 
-18.7144 -6.78345 -9.65625 -1.16772 -17.5444 -21.9216 -20.5398 -2.19434 -3.7771 7.8042 
-14.447 -11.6777 1.4873 13.4539 -33.6284 -7.24048 -40.1011 -24.2983 -8.96216 -3.7832 
-9.68896 -6.96045 -9.86841 -8.94287 -16.9185 2.66504 7.9248 -22.0024 5.29028 -11.2966 
0.980225 -6.60742 -1.021 -2.70313 -32.9514 -11.8438 -15.6731 -3.07983 10.4932 -9.91016 
-10.0742 -9.19287 -9.43799 -5.09399 -14.8772 -19.3809 -17.7253 6.64868 -7.43896 1.14087 
14.2434 -12.6162 4.82886 -6.77271 -21.4893 -3.17554 -6.68042 -13.6816 -10.9099 -4.49438 
-9.7981 10.2803 6.7854 -8.84644 -11.0757 -25.1499 -9.15869 -8.93335 1.23584 -28.8325 
11.3555 -9.6106 2.83301 -2.78882 -19.4636 -8.42871 -3.73193 -10.1912 2.28027 -7.27881 
-14.3469 -25.8364 -10.8496 1.77002 -19.5076 11.2998 -15.7837 -8.22852 2.60864 -11.448 
-4.92676 -7.29907 1.76221 6.14111 -33.2988 -13.3833 -18.116 -14.8328 11.408 -9.91455 
-8.57129 -22.1982 18.5713 0.969482 -28.9521 -13.7246 -13.7134 0.713867 4.0332 -25.5576 
-6.08228 -8.10864 -5.97559 -7.99072 -14.1553 -9.33179 -13.4836 7.49487 -16.1572 -3.84839 
-10.9182 1.8457 -4.37402 -5.32861 -0.588623 -13.7773 -13.0515 1.60498 -4.75928 -4.67065 
13.8333 -6.78247 0.870605 -11.9111 -25.9634 -10.0222 -5.75342 -9.10718 1.49609 -8.83569 
-11.8821 7.70874 -10.1843 -7.09595 -10.6621 -11.5354 -6.6106 -7.90503 1.28906 -9.01416 
-6.39966 -8.1001 10.0684 4.72827 -31.0117 -12.1611 -19.5825 -8.60596 2.26733 -13.3296 
-14.1948 -6.35864 -5.79175 8.31226 -36.8723 -6.37427 -32.5022 -14.2568 -3.05469 1.62231 
-23.7944 -8.21191 -12.4922 -10.4163 12.7676 -14.2378 -11.8318 -3.68506 -1.48657 -3.70996 
-13.3262 -11.5142 -17.3752 -4.70166 -25.1047 9.00928 -13.6497 -23.7305 -9.28564 2.52832 
-10.4783 -4.32202 -0.700928 -13.1106 -10.4661 -4.87866 17.1587 -32.0442 0.0825195 -25.4871 
-9.94141 -4.74658 -3.27197 -5.7417 -17.2813 -19.8821 -22.7104 9.67969 -6.85522 -5.56567 
-4.80835 -1.96582 1.89526 -2.00806 -19.6328 -9.71265 -12.45 -17.0046 8.34399 -11.6997 
-13.1619 -10.0364 -8.08887 -8.05273 -3.44897 -12.0405 -18.667 -4.63135 0.487549 10.0579 
13.9287 -13.5493 6.01172 -7.6709 -40.1091 -8.90771 -13.239 -9.83301 -3.92993 -9.52393 
-10.3889 8.31616 -11.3354 -4.48413 -5.40283 -13.5779 -9.7688 -6.95972 -0.247559 -6.21436 
-8.67163 -7.29883 15.8318 2.90381 -24.7048 -23.405 -14.0054 -26.3142 1.79443 -23.3586 
-9.05249 -12.9343 -2.20532 7.45776 -25.8779 -8.32007 -19.7302 -20.7539 0.874268 -7.56958 
-12.0022 -8.09644 -1.60913 -11.6411 7.79663 -11.7634 -2.0791 -8.13525 -1.81982 -10.0972 
-12.6113 -13.3115 -16.2842 -7.96948 -38.9773 9.84521 -14.136 -18.1741 -5.11353 2.36646 
-8.73608 -14.8052 -4.0354 -7.85986 -8.32715 -0.708984 17.3804 -25.9744 -4.98706 -23.5569 
-13.7263 -9.52246 -12.4333 -10.2559 -10.72 -12.6316 -29.1458 12.0535 -15.1169 2.69922 
2.48633 -7.57642 3.62573 -3.4126 -30.7612 -19.4565 -13.8716 -17.0439 12.0757 -10.6404 
-20.0632 -7.81958 -11.6333 -7.2771 4.04004 -8.82202 -19.094 -7.40186 -0.223389 10.1658 
17.4539 -19.3616 -0.795166 -11.1921 -26.4895 -7.05566 -10.0344 -3.41797 -12.7205 -2.11328 
-9.51685 9.53198 -10.2603 -5.80884 -9.08154 -17.2173 -9.896 -7.41846 3.43164 -10.6426 
-8.15625 -5.14331 8.59277 -0.731934 -25.9543 -6.58252 -17.2998 -14.3821 0.80957 -14.7805 
-9.54297 -6.05151 -8.28735 8.96289 -24.3169 -5.9021 -26.4165 -15.4355 -5.70532 -4.4812 
-20.1572 -12.7175 -8.79492 -11.4697 12.2903 -8.04883 -15.0256 -3.70386 -4.33423 0.202881 
-12.3877 -6.30518 -18.6448 -1.69141 -26.0598 8.92163 -7.41699 -30.3428 -9.24536 1.76514 
-19.6423 -18.0776 1.20605 -16.8835 -0.839111 -8.44287 16.2542 -25.9736 -0.123047 -19.1216 
-11.6433 -10.3494 -11.95 -7.91211 -15.5583 -11.3008 -26.8486 12.0383 -14.9482 1.08691 
0.00537109 -1.77075 -0.237793 -4.99951 -25.5166 -14.3923 -9.99976 -14.7322 9.66455 -6.66821 
-13.6528 -7.30225 -9.70264 -9.26685 -0.304199 -12.4226 -14.8735 -5.04028 -1.32153 9.6626 
-8.01367 9.53418 -6.66284 -5.82764 -9.31494 -16.9199 -11.5618 -6.4812 3.51318 -12.3611 
-11.9011 -10.687 -11.7898 -6.78882 -19.9282 -8.09521 -30.1387 11.8777 -19.0164 2.67114 
-15.2439 -7.13062 -5.23145 -9.36206 7.2124 -10.1479 -2.95654 -8.94189 -4.23315 -8.27759 
-1.88281 -2.24023 1.83667 -4.09595 -20.8721 -10.9866 -6.4812 -20.7361 7.7063 -8.8335 
-9.34814 9.05859 -9.94775 -4.47168 -10.011 -16.0564 -10.6902 -8.38062 3.00415 -10.4495 
-12.5513 -3.93604 -11.4983 2.97021 -30.0581 8.77686 -14.6855 -25.7563 -10.3291 -0.825928 
-14.7883 -21.8738 -0.753418 -17.6174 -8.03979 -7.57544 18.7864 -26.665 -2.9585 -15.4348 
-13.5068 -15.2537 -16.5532 -7.75439 -25.2397 9.28394 -12.7095 -27.6802 -6.98291 2.86523 
-10.0037 -5.19604 -7.25879 -2.47876 -17.8779 -12.4026 -26.2048 7.25293 -9.02393 -1.04224 
-7.53149 -13.9163 20.6174 8.27026 -48.1409 -22.8821 -22.9504 -20.323 -0.0986328 -29.1975 
10.2959 -14.3284 2.56738 -2.91528 -28.7927 -14.8 -13.6416 -8.27759 8.36865 -4.50049 
-8.78589 -18.2456 -2.20703 -10.7725 -3.93408 -8.80859 20.0625 -27.9001 -5.85083 -28.0032 
-11.3862 -14.1711 1.41138 10.5825 -32.9656 -11.468 -23.7529 -20.6509 -0.754395 -11.0237 
-12.4546 -12.5471 0.4729 12.9688 -43.248 -9.88306 -31.0496 -11.1899 -8.05127 -10.2166 
-2.59229 -15.5957 -0.989258 -4.15967 -32.2639 -11.9468 -15.6321 -11.2715 11.5498 -6.90454 
-14.3784 -20.4658 -2.31787 -18.0439 -4.10571 -7.7168 17.7009 -19.947 -3.86865 -19.1423 
-14.3794 -7.94434 -14.6165 -2.76929 -26.5762 8.82104 -14.5415 -16.801 -13.7473 4.73755 
-17.7576 -11.9187 -9.23755 -9.76758 11.4075 -15.6067 -12.9998 -1.96631 -1.96777 -8.427 
13.3445 -16.6758 0.193359 -6.32886 -17.3538 0.372559 -6.17578 -7.99927 -4.54126 -2.28467 
-19.8071 -20.2563 -9.06665 -8.16504 -4.42969 -16.7605 -18.6526 -5.1438 -1.80615 8.43506 
-6.64844 8.94946 -9.01465 -5.45093 -15.1221 -14.9688 -6.92017 -10.7986 5.3291 -12.875 
-13.6924 -9.9729 -15.8586 -14.5144 -13.1511 -11.4216 -20.9648 12.4956 -14.25 5.46753 
-13.6995 -1.81616 16.7747 4.40503 -46.5071 -12.094 -24.4539 -13.4424 9.17529 -26.917 
-17.8716 -15.3267 -9.21436 -5.90259 -1.58276 -12.5662 -17.6113 -4.5271 -2.03491 6.71118 
-12.6001 9.04492 -10.7146 -7.54297 -7.5874 -14.4922 -9.10352 -7.87402 1.01978 -6.2312 
-15.7842 -8.6853 -13.5947 -0.358154 -33.0193 10.2434 -17.7664 -19.4465 -14.0303 3.5752 
-5.23608 4.92432 -6.47607 -8.1709 -10.9927 -12.2822 0.55249 -11.6338 1.09448 -13.6912 
-20.3977 -13.396 1.12354 16.2605 -46.1582 -9.27417 -40.8616 -29.8586 0.308594 -5.60693 
-16.0471 -7.12378 21.1323 9.17261 -46.5601 -23.1018 -26.9644 -20.0022 2.3064 -30.4272 
-14.3345 -5.8501 13.2349 1.79199 -26.6138 -17.4749 -11.9236 -20.158 4.40063 -13.856 
-6.69727 -14.2458 -0.616699 10.6963 -38.3425 -8.06543 -24.8423 -20.792 -3.01001 -7.48657 
15.9329 -16.8823 2.92334 -9.5188 -18.3442 -4.50269 -5.06104 -7.19067 -1.23389 -2.3186 
-9.52686 -13.8186 -2.73242 -6.01221 -4.3457 -4.65479 15.5566 -26.7976 0.350586 -22.3496 
-12.6704 -3.5188 -7.45557 -6.96729 8.03857 -7.61475 -6.68213 -7.46387 -1.11426 -7.77197 
-9.72363 -4.81006 -0.304443 5.84668 -29.8401 -10.6018 -23.6956 -12.8447 0.348633 -3.14233 
-5.06738 -5.38525 2.23169 -2.19214 -23.3625 -21.6287 -22.8381 9.43481 -6.76221 -9.90088 
-11.4858 -11.8967 -4.56665 -5.88989 -3.60693 -5.60864 15.8787 -21.4631 -6.89526 -20.511 
-22.8508 -13.4604 -12.6406 -3.07886 -1.82397 -14.8049 -22.4717 -7.67969 -7.21167 10.8743 
11.9382 -9.40454 -0.0678711 -3.4458 -22.428 -6.03027 -4.74072 -14.0969 1.96313 -4.09497 
-5.75708 -5.01611 -5.47021 -10.2126 -3.59033 -11.5112 -2.26245 -6.1958 -0.731934 -4.96338 
-3.29224 -4.35034 -2.11694 -2.13159 -16.3501 -8.65845 -7.48071 -11.6262 6.95972 -6.53296 
-11.0815 9.25415 -8.30713 -9.07397 -12.418 -13.9207 -7.0603 -4.45435 1.44116 -12.1509 
-20.3076 -11.6941 -9.95459 -14.0801 11.8486 -20.5388 -10.6304 -0.0244141 -4.73804 -6.59863 
15.958 -14.145 2.59448 -15.1062 -28.103 -6.63867 -6.30249 -8.97314 -0.00805664 -8.05469 
-7.47241 -9.87988 -2.59229 -19.2698 -8.35742 -2.02588 18.4639 -28.4626 -2.30957 -27.6873 
-10.5688 9.67334 -12.0801 -6.49561 -10.4607 -16.2095 -9.78467 -1.84058 3.98486 -7.72412 
-8.71973 -1.88208 11.0571 2.93652 -28.6221 -17.406 -17.6277 -8.6604 -1.00684 -19.7092 
-19.4392 -14.3279 -0.0739746 -14.1943 -3.36865 -6.68799 17.0776 -27.0398 -2.35034 -20.6785 
-17.3008 -22.6255 -7.94751 -10.4624 -10.322 -17.5586 -17.1768 -5.71265 1.9873 8.90796 
-11.1226 -2.10132 14.4548 5.71167 -37.2559 -14.4409 -22.6531 -7.58862 2.92261 -19.7024 
-6.49463 1.16724 11.1616 1.20166 -28.448 -9.37354 -15.6113 -11.9485 4.71069 -19.4622 
-16.0413 -5.19653 -8.69922 7.86377 -27.936 -8.86011 -24.6638 -12.3396 -4.37476 -2.30054 
-15.1123 -8.90308 -16.7261 -0.978027 -23.2273 10.6575 -11.5737 -25.5193 -11.9436 2.8938 
-12.0596 -9.22559 -18.1719 -2.80151 -20.4795 9.08789 -10.4705 -21.9326 -9.23438 4.44556 
-8.30298 10.0452 -4.83252 -8.02148 -12.3721 -14.0496 -6.86279 -9.11133 1.86646 -17.667 
5.89624 -6.52124 -0.245117 -1.61011 -10.3662 -0.581055 -0.463867 -10.1465 -3.21191 -6.31274 
-14.7266 -9.83301 -16.3328 -7.57568 -18.2632 -19.6016 -26.2209 14.8062 -16.9944 -3.40454 
-7.1814 -8.61523 -0.483154 -3.98877 -19.0374 -21.0554 -22.6545 5.67676 -5.46191 -4.71362 
-13.45 -7.53076 -14.0583 -6.9873 -11.8171 -11.4749 -16.2739 -3.39648 -0.783936 9.83594 
-8.54712 -18.1997 -3.93359 -15.3647 -7.94263 -6.32495 20.8257 -31.6375 -1.36108 -19.03 
-14.3704 -3.1814 17.1877 9.34985 -34.5234 -21.4368 -24.0649 -16.3071 -1.46704 -32.072 
-28.4006 -12.0508 -17.7034 -3.92017 -5.78247 -17.3025 -22.2654 -4.3772 -6.65088 12.8491 
-13.9336 -6.35083 -10.3052 -13.3372 9.3186 -12.3945 -11.0271 -3.93018 2.10498 -3.64819 
-13.9058 -7.396 -8.23462 -2.10742 -16.8616 -21.9768 -25.3521 11.6577 -10.2581 -0.497803 
14.03 -14.6477 1.67896 -7.71826 -11.4902 -5.54224 0.0661621 -8.90698 -2.04297 -10.6965 
-17.1997 -2.83594 17.6189 4.38672 -25.1616 -15.9629 -17.3491 -19.8301 0.456055 -26.2834 
-11.1956 -20.5115 -3.77417 12.1418 -33.9707 -17.251 -25.3455 -10.8081 -1.61841 -7.85522 
-20.9355 -7.86865 -19.6306 -13.3701 11.5476 -18.3386 -15.1863 -3.99609 -0.739746 -0.544189 
14.7683 -10.9653 1.89917 -10.9138 -20.1826 -3.88428 -3.30859 -7.52075 -0.868652 -8.30957 
14.9946 -13.3188 3.48145 -10.7708 -23.1975 -5.82666 -5.79956 -12.2224 0.768311 -6.16577 
0.0927734 -12.2549 1.91138 -7.85962 -24.5684 -12.7869 -10.3313 -17.9785 10.3333 -7.86841 
4.63257 -4.65576 -0.976807 -5.30737 -25.7759 -6.24927 -6.09546 -9.34766 6.86255 -5.91821 
4.2959 -14.7747 2.1106 -5.56445 -29.7695 -12.3623 -16.2532 -10.9153 9.66992 -3.09277 
-13.3953 -10.8635 -12.5996 -0.518066 -20.1125 6.78149 -13.7256 -27.3052 1.21826 0.798828 
-5.43457 6.39526 -6.23438 -6.67944 -10.9097 -13.6519 -7.07227 -11.6147 1.2334 -9.56934 
-13.5925 -9.33276 -9.81812 13.5164 -35.1523 -5.66406 -26.0303 -18.0005 -5.46338 -6.27124 
-5.92651 -0.307373 1.91895 -1.89038 -17.6077 -22.2849 -20.781 6.56909 -6.26978 -8.17407 
-10.0042 -14.1016 -7.32422 -11.5461 7.45923 -12.0417 -6.08765 -9.43628 0.859863 -7.1604 
-12.7517 -4.2168 -13.8945 -9.58154 -6.03223 -11.075 -19.9565 0.281738 0.184326 10.4922 
2.1228 -10.3115 3.08228 -2.98193 -30.2886 -15.5947 -12.292 -14.6265 10.53 -8.29224 
-5.64258 -5.45654 -0.974854 1.21338 -17.7446 -8.32983 -12.3 -11.623 9.01636 -5.98169 
-17.718 -2.13696 -12.8613 -8.41821 0.0231934 -11.4443 -10.4744 -6.03442 -1.7998 7.66235 
12.5295 -7.10522 0.547119 -6.76392 -23.7234 -8.52393 -6.7312 -15.3813 3.47314 -6.60938 
-15.5249 -7.42432 -12.843 -8.28223 0.0476074 -12.7327 -17.4268 -2.89746 0.575684 9.52734 
0.833984 -8.71338 5.35791 -5.40186 -27.3901 -13.564 -11.8672 -16.9758 10.0537 -6.21069 
-14.5376 1.19434 -9.53809 -8.37671 -2.55176 -14.5564 -14.4348 -1.88232 -0.693359 8.50537 
17.9744 -17.9153 2.69507 -9.98901 -25.8455 -6.25708 -1.92456 -12.3394 -1.34351 -3.74463 
-11.5161 -2.47461 11.1958 0.433105 -24.2788 -15.2439 -9.99951 -16.3486 4.80566 -14.269 
-4.40576 -13.2981 -5.60864 -9.08765 -4.65649 -7.54639 12.8047 -16.8455 -5.19067 -19.2756 
-14.5715 -8.06201 -10.738 0.926758 -23.3862 9.77026 -16.1296 -25.7253 -12.9829 -1.80249 
-15.2778 -15.9382 -3.28711 -14.3975 -0.14209 -7.96021 17.6294 -18.8845 -5.50391 -22.5034 
-5.72559 -4.16235 2.83813 -3.69531 -18.7007 -20.6196 -18.0566 5.14014 -7.11865 -5.35425 
-17.9353 -7.52856 -15.4031 -7.89038 4.57153 -10.6292 -12.8882 -5.83252 -1.43555 3.57324 
-9.25049 -6.40771 -4.34131 -5.19482 -16.5007 -16.5376 -19.4993 5.14258 -5.02271 -6.32495 
-21.2332 -15.1387 -12.5339 1.96216 -27.4302 10.3811 -17.8145 -33.7646 -3.71094 -0.496826 
-10.0947 -2.46191 -9.64087 -11.1104 4.43555 -5.67578 -8.12183 -3.46069 -3.42529 -3.93823 
-3.43237 9.65601 1.42456 -13.0437 -13.0071 -13.3267 -3.06348 -15.7842 0.185791 -17.783 
-15.2207 -5.95483 -13.1121 11.7017 -32.9089 -6.44653 -28.7947 -18.0452 -5.38428 -0.73877 
-18.8267 -15.5098 -15.1772 -5.43433 -26.7039 10.877 -12.8228 -28.7966 -10.9407 3.97681 
-9.37842 -12.1213 -2.80225 8.89624 -17.8323 -7.96143 -24.3682 -20.9951 3.33423 -3.25732 
-6.56372 10.7305 2.02148 -8.81494 -13.7598 -15.8818 -9.29492 -9.59912 -0.060791 -17.999 
-12.7271 -19.9866 15.8867 -3.03491 -5.65527 -18.2461 -12.2029 -10.1511 -4.43896 -22.8335 
-1.44507 -4.50879 4.04004 7.71875 -46.1729 -3.88135 -33.657 -12.9187 -10.8328 -2.22632 
-15.9353 -11.0823 -9.76392 -12.1694 8.34424 -12.3113 -9.28345 -9.5293 4.9082 -11.406 
-15.2192 -5.92993 -10.5278 2.29175 -23.2266 6.89404 -17.7759 -15.1914 -6.94629 -0.360352 
-0.788086 -7.74414 -5.15649 -14.1853 -4.48633 -8.3667 14.374 -14.1206 -1.07446 -20.7371 
-8.94067 8.90112 0.817383 -13.4268 -7.729 -14.2529 -4.31665 -14.5876 2.2439 -17.5574 
2.30542 -21.0874 8.26416 4.7207 -15.491 -17.0923 -9.50244 -9.70093 3.27686 -8.99585 
-11.218 -6.61108 -5.53052 8.82202 -15.1165 -8.06812 -27.4934 -7.25562 -15.3647 -0.685791 
-8.479 -9.80933 -11.0947 -11.5298 5.73193 -6.18042 -1.39307 -9.03125 -1.10864 -8.53271 
2.66968 -23.2527 -1.02881 -15.2063 -10.1743 -0.935791 16.0994 -28.9646 -1.50879 -23.1287 
10.6719 -12.0564 1.41577 -9.32349 -8.28174 -1.10596 -6.42139 -0.0996094 -13.4097 -5.90479 
-9.44019 9.37744 -1.13135 -8.16943 -7.25415 -17.3311 -8.92505 -7.44263 -3.71069 -14.3757 
-6.62646 -28.8328 19.9001 3.97729 -9.85571 -27.4724 -10.2903 -27.6001 -0.279297 -29.9058 
-4.13159 -11.6277 -10.0508 -13.3154 6.59424 -9.7312 2.34497 -9.24292 -0.0161133 -12.333 
-13.1157 -18.6118 -16.0886 -5.96411 -10.5896 13.8137 -15.1113 -8.42651 0.33374 -8.6416 
1.9248 -17.3311 -5.39331 -17.9658 -7.1814 -3.91602 17.092 -20.0608 -4.99976 -19.4104 
-1.25293 -3.50635 3.06421 1.40308 -25.3948 -21.5889 -20.6731 7.84106 -5.18359 -9.13257 
-13.6975 -16.1052 -14.9722 -8.9646 -7.50317 -3.91724 -12.2156 -9.69653 9.75732 -10.3479 
-10.5588 10.261 2.69824 -11.0742 -13.9192 -14.5247 -6.02612 -11.2673 -3.28687 -23.665 
-5.80225 -3.22827 3.60254 1.71216 -23.2485 -19.7505 -21.2517 5.51123 -7.19995 -5.5686 
-9.44434 -14.7268 9.89502 0.275391 -11.8167 -13.6699 -10.4067 -11.3457 3.3877 -11.7998 
-11.0562 -6.16309 -12.0942 -9.9165 8.08545 -10.8354 -7.06104 -9.34424 -4.18213 -12.2896 
-12.6167 9.83936 3.2085 -7.35645 -4.14697 -22.792 -11.5972 -4.58887 -6.12646 -21.6174 
-16.158 -8.06152 -11.218 -9.3562 8.20459 -10.2478 -10.6582 -5.59253 1.73535 -1.50342 
-6.2561 9.49854 4.56592 -12.3982 -14.4346 -14.3015 -6.22681 -11.4138 -4.49512 -18.4312 
-19.3293 -11.9087 -15.875 -12.8604 10.6375 -13.887 -12.1902 -4.27466 0.354004 -3.68604 
-15.2957 -9.33276 -11.3962 -11.1533 -2.01318 -2.95532 -3.58691 -8.99854 -0.715088 5.5271 
-0.907471 -17.1646 -1.09937 -10.5725 -4.21802 -8.80981 13.561 -14.6006 -4.37354 -17.2366 
-3.57593 -3.1582 0.0620117 -9.28784 -23.6841 -5.06226 -6.58057 -19.2043 11.292 -13.761 
-10.0762 -18.8533 -8.73193 -6.79736 6.28345 -6.27954 -7.63184 -5.50122 0.268799 -3.06104 
-3.84082 -9.28491 -8.70923 3.23853 -13.6267 7.37183 -2.44727 -17.7715 -6.0083 -9.45093 
-10.7053 -7.12427 -6.2876 9.7915 -16.6721 -7.98877 -25.5144 -9.94458 -12.8157 -3.81274 
-8.45166 1.05371 3.27661 1.66602 -12.052 -22.135 -16.9946 -1.79663 -4.57324 -9.98657 
-12.394 -8.53394 -7.36768 0.790283 -23.1045 -4.53442 -9.07544 -13.5352 11.167 -12.7817 
-6.08472 -5.51343 -10.0234 -10.0068 -1.65015 -6.73828 -4.82593 -6.08203 4.95239 -5.52026 
-25.4045 -9.93921 -11.3152 19.9199 -44.0605 -3.38135 -38.7683 -15.7888 -13.314 -5.41309 
-15.7192 -10.1892 -2.58057 10.3137 -36.7368 -11.5425 -24.0376 -5.55176 2.21606 -8.98828 
-10.4656 -16.3955 -18.7837 -8.25122 -1.01807 9.75024 -19.8452 -6.45923 -1.10718 -6.05981 
1.70313 -20.541 -4.10962 -9.68921 -0.511719 -4.79102 12.333 -13.5613 -4.98413 -17.27 
-1.89136 -5.1814 2.95093 -0.857666 -24.54 -20.4497 -20.2961 7.23608 -6.8689 -5.91235 
15.5515 -12.4324 1.37476 -10.5771 -15.7456 -10.2568 -1.83984 -5.44116 0.69165 -10.5164 
-2.35571 -21.1526 -5.29199 -11.3843 4.41113 -6.90698 9.61108 -11.1829 -10.2815 -11.8484 
-9.31274 11.4109 4.5144 -10.3582 -12.1448 -19.0293 -9.46899 -8.75562 -5.09253 -23.301 
-5.47925 -20.1804 -4.3623 -11.1785 -6.4812 -3.1626 15.4883 -20.9839 -5.29712 -13.4824 
-15.7236 -16.0173 -14.6577 -10.1062 -4.17676 1.36035 -6.573 -13.8604 8.41064 -13.1602 
-2.56396 -2.64893 5.22217 2.23364 -22.8555 -22.3633 -17.0085 6.8877 -3.20142 -7.11987 
12.9109 -22.5925 1.47461 -2.67847 -14.4141 -8.13599 -5.33301 -10.1362 -11.8987 -11.9041 
-15.5808 6.42334 -2.32178 -8.34106 -0.0415039 -17.2 -11.0813 -5.27441 -3.14697 -20.7798 
-18.231 -16.447 -5.94092 2.29395 -28.3997 11.9478 -16.6812 -21.6279 -5.68311 -1.28027 
18.3677 -19.7161 2.49072 -14.2898 -16.9788 -5.25708 -4.08862 -8.44556 1.44238 -10.553 
-19.3066 -11.9426 -14.9661 -9.82983 -21.7715 4.28833 -14.7219 -16.469 12.2944 -11.0242 
-4.05322 -8.81787 -1.08716 -7.58643 -5.12915 2.55835 1.05493 -10.301 1.84521 -7.02295 
12.9597 -21.5002 -2.86377 -12.0208 -4.09253 1.39453 -2.77588 -5.19165 -9.96509 -6.02197 
-6.07178 8.43823 2.15649 -10.2676 -12.2678 -13.54 -5.48535 -9.65112 -2.5249 -16.0417 
-17.4063 -10.7668 -10.8008 -7.00098 -7.35889 8.78394 -12.8569 -12.644 -1.76123 -1.84766 
-6.43115 -1.23145 -6.68359 -3.57666 -16.7876 -1.43311 -4.16284 -13.1843 8.26636 -10.9968 
-10.5972 -9.66016 -10.9561 -9.49609 6.31494 -9.74585 -2.98267 -7.08374 -2.72852 -7.01807 
0.793457 -13.9993 11.6755 1.61743 -27.2808 -15.8274 -18.3279 1.70142 2.31885 -12.314 
-11.4458 -7.28711 -7.4707 10.4077 -18.5376 -11.7698 -24.4646 -9.7688 -7.48315 -4.90015 
-17.2378 -10.1858 -15.9075 -13.592 -12.7009 -4.64038 -5.83911 -8.37524 2.20776 7.3855 
-5.16333 -3.84204 3.77881 -1.6438 -24.3687 -23.2292 -18.9922 9.96582 -9.31982 -8.04395 
-2.32568 -14.7764 -1.06494 -9.94751 -4.19434 -0.94751 10.4404 -17.6575 -6.7854 -23.291 
-15.0784 -12.063 -13.0125 -4.21069 -8.17505 -9.99487 -16.2568 -4.22852 -2.3252 7.62915 
-14.1577 9.47998 1.80713 -8.20898 -1.03076 -20.0122 -10.2642 -5.76831 -4.10767 -19.8608 
-19.1084 -11.9927 -12.3665 -9.02319 -7.15845 -8.33228 -12.4673 -9.18604 -1.64331 8.01514 
10.8096 -19.2339 0.101318 -6.73071 -5.49951 -4.57568 -1.29102 -8.66064 -3.45557 -9.37573 
1.97974 -16.4556 -1.79248 -11.6301 -8.82983 -2.61353 13.0842 -25.8213 0.807861 -19.2585 
-7.49854 -6.21313 -4.24121 0.188965 -27.8723 -26.5291 -20.6257 10.6257 -6.79126 -6.04321 
-13.1985 10.2676 3.54199 -9.42017 -8.42188 -17.7222 -9.0437 -8.78003 -2.12085 -28.2356 
-3.64648 -18.614 14.2275 0.218994 -6.39893 -8.22778 -5.81152 -9.55493 -6.65625 -17.1367 
-17.7612 -20.6504 -6.97754 16.6008 -28.8655 -8.57007 -39.3491 -19.4434 -13.6104 -3.37769 
-8.3374 -6.38086 -6.79053 -5.51758 -9.07739 -8.52393 -6.7439 -3.19312 -2.06616 3.03467 
-9.14185 -21.6067 12.4893 2.48486 -13.9744 -22.8582 -11.5181 -4.26538 -13.366 -11.8804 
-3.63647 -0.928223 -11.4863 -14.3181 2.09912 -2.53296 -5.85693 -3.17871 -4.08325 -8.15479 
-16.448 -22.8267 -16.7588 -4.01318 -8.55859 14.3545 -16.5305 -14.3025 3.35059 -10.3398 
-18.6563 -12.5537 -18.9067 -3.8772 -22.6653 10.9558 -12.8406 -23.9426 -12.5137 5.07935 
-3.30298 -13.584 2.37939 5.47925 -23.5576 -3.69727 -27.3062 -7.47314 -0.897705 -6.08374 
-4.4978 -9.82373 2.3457 -4.24707 -27.0828 -23.387 -26.4856 10.1128 -10.0173 -7.29443 
-13.7183 -12.3469 -6.69263 0.997803 -18.696 8.9104 -16.5625 -16.113 -3.39868 -2.16772 
-9.13623 -3.74414 -9.04688 8.70068 -18.5498 -6.70117 -21.5168 -13.561 -7.13452 -2.99194 
-5.60938 8.2644 0.0529785 -12.6543 -15.5208 -12.9814 -2.146 -15.4192 -0.148438 -17.9817 
-9.5 -3.12329 -14.4102 -8.51245 -16.5103 0.074707 -4.13477 -9.66309 6.52905 -5.83057 
0.419922 -13.3081 9.38428 -0.571045 -28.3889 -24.6062 -15.4236 -7.55566 10.0869 -20.9348 
-3.05933 -10.6101 12.5459 -1.90674 -21.7813 -10.9727 -16.0884 -2.18481 -6.31616 -23.874 
-15.345 -4.89844 -7.60913 12.7827 -38.1079 -3.26904 -31.0647 -12.5403 -11.8491 -4.36865 
15.5129 -13.6133 2.79395 -8.5979 -21.5632 -11.2446 -4.46191 -8.65088 -2.88623 -9.16309 
-6.55933 -13.656 11.041 5.39087 -23.447 -17.0789 -15.4338 -5.52808 5.99072 -10.7227 
-15.2527 -11.7151 -8.39014 -7.37622 -0.874268 -10.7925 -10.4102 -9.97217 3.47559 6.82349 
-11.1528 -16.9756 -9.50269 -8.20825 5.29492 -10.5295 -7.60962 -7.95874 -2.427 -4.89404 
-12.3374 -6.91309 -6.43359 -7.46191 -2.92065 -9.93652 -11.3933 -5.0896 -1.08276 7.10107 
-5.43018 -6.48853 -1.83936 3.66333 -24.332 -28.415 -25.1106 10.9446 -13.9792 -2.18115 
12.0869 -18.4138 -0.355225 -4.38062 -11.5391 -1.01831 -2.05566 -5.47412 0.352783 -9.14063 
-0.874756 -7.99512 8.98438 -2.51489 -22.5747 -10.0825 -17.0972 1.55591 -0.644287 -11.3318 
-6.04443 -2.01636 0.911133 1.0061 -22.9407 -20.7007 -22.4897 8.04468 -9.06665 -6.1416 
4.39331 -10.8149 -10.7144 -10.7148 9.48315 -10.4365 -0.536865 -6.6814 -6.6626 -11.7725 
-7.64893 -1.5979 -10.123 -9.00439 -9.15283 -9.76733 -17.0518 -3.38989 0.208008 9.27734 
-12.823 -4.79224 -9.97656 -11.481 1.06299 -7.97559 -10.7019 -5.87622 -4.20386 8.92993 
-9.77148 -0.163818 14.8433 -2.4856 -18.8423 -14.6416 -16.0427 -4.9436 -0.37793 -25.6052 
-14.1646 -11.1619 -10.4158 3.80664 -24.5872 13.093 -13.7786 -19.4194 -10.7539 -9.65454 
-11.7664 -5.26538 -8.53833 -7.45532 -1.73438 -11.5598 -15.5291 -0.460693 -2.80347 8.51172 
-6.95166 -1.20923 -5.79199 -7.19946 -21.3889 -3.29102 -6.35571 -9.90771 8.90161 -12.6768 
-14.4465 -15.4009 -8.92041 12.1667 -27.1667 -5.58838 -28.5061 -24.4519 -4.70996 -4.88452 
-9.86475 -5.74927 -6.99023 -5.34082 -17.811 -2.99341 -11.8008 -12.8203 10.3047 -10.04 
-0.671875 -7.84985 -6.29004 -5.52075 -10.9331 -2.6189 4.62939 -18.3484 -8.19141 -17.155 
-2.89233 -4.52002 3.88428 1.61694 -24.0317 -25.7893 -19.946 9.3811 -7.94287 -4.97021 
10.7161 -20.4204 -3.30103 -11.8445 -2.44409 -7.63354 4.33569 -12.4937 -0.0808105 -8.35913 
15.947 -11.6333 2.64307 -12.5762 -24.0945 -6.94556 -3.25635 -9.76587 0.26123 -8.95874 
-8.09155 8.28101 0.722168 -7.24634 -10.2749 -11.627 -4.1748 -11.0645 1.8418 -17.3726 
-13.5596 -2.10352 20.7859 4.72534 -40.5283 -14.752 -15.5945 -33.8557 3.55664 -31.8687 
-13.9458 -9.9707 -6.84375 13.2349 -32.8167 -6.26685 -25.0149 -18.647 -6.92456 -6.8894 
-18.4124 -9.72778 -7.09521 -9.24634 11.2363 -18.6311 -11.3311 -7.51758 -1.13965 -10.9282 
-7.50415 -8.93726 -1.07178 3.55518 -13.7866 4.83521 -19.4905 -8.58447 -1.94849 -8.896 
-8.92114 -6.396 -5.21118 -13.9648 -11.7847 -8.74146 17.5801 -25.7336 -0.010498 -24.26 
-12.8101 -9.09644 -10.6987 -7.23633 -15.2229 -7.19238 -17.9417 9.02563 -9.49756 0.916992 
3.93457 -11.3298 3.34912 -0.250977 -23.2314 -10.7393 -7.4729 -16.939 5.47046 -5.91113 
-15.3052 -11.1689 -11.1885 -3.89136 -7.6626 -15.989 -19.751 -1.9397 -7.99146 8.70313 
16.9785 -16.1338 4.26709 -9.02515 -24.7593 -7.19604 -3.21704 -11.0232 1.11182 -7.58398 
-6.8811 10.1243 1.16797 -11.3979 -17.5173 -13.5781 -4.03271 -14.0603 -0.152832 -20.0298 
-12.99 -3.17188 19.0947 3.32397 -58.0205 -18.8923 -19.8716 -31.1277 6.96777 -36.3701 
-9.45361 -17.8992 -6.87134 11.7864 -27.2397 -2.66577 -17.0054 -22.7144 -3.14111 -9.34326 
-22.9639 -21.3767 -4.11499 -10.9895 10.1208 -19.1362 -10.7595 -13.4875 -6.73022 -8.83618 
-14.2329 -18.1497 -11.4399 -5.26929 -13.6375 10.6333 -3.33789 -13.8577 0.246582 -9.85474 
-5.76392 -17.7278 -3.53833 -10.5303 -4.65991 -7.71704 16.8816 -22.3501 -0.0690918 -25.4275 
-14.9805 0.762939 -3.83008 -4.75 -9.20972 -20.3733 -25.9121 5.85742 -6.60376 -6.6001 
-1.74463 -10.2502 2.56641 -1.84229 -22.875 -14.5676 -9.28198 -21.0315 9.56274 -5.21265 
-9.94263 -3.66309 -10.1365 -8.23047 -6.27661 -10.8274 -20.7095 -0.0998535 -4.75415 10.5884 
17.9456 -14.3091 3.09277 -11.4517 -25.2007 -8.28809 -2.38013 -10.5537 2.46948 -8.24854 
-5.92847 9.90942 -4.81836 -9.38257 -16.5425 -12.6521 0.269531 -17.0002 3.85938 -20.9504 
-16.1294 -3.21997 15.6648 0.780518 -50.7551 -9.646 -16.4907 -22.0464 5.74512 -27.1199 
-8.69189 -13.8594 -8.63281 8.34985 -27.4778 0.711914 -22.0293 -26.5024 -9.93701 0.610596 
-8.3252 -13.4619 -1.45898 -12.6418 7.13647 -9.63501 -4.13306 -12.9421 -4.97632 -14.1895 
-9.5813 -16.8301 -11.3542 1.40747 -16.8118 11.6418 -8.06396 -11.0073 -0.211426 -12.7031 
-3.87524 -13.2781 -9.38892 -15.687 -2.70068 -7.52686 19.4211 -15.8704 -2.82593 -18.6743 
-14.4063 -3.93848 -15.8281 -5.21289 -18.2751 -12.3074 -25.353 11.1045 -12.4963 0.309814 
2.52319 -4.95068 0.0476074 -3.32104 -21.425 -11.3855 -3.74463 -16.0757 6.67383 -7.54492 
-10.624 -5.53345 -9.80322 -7.82373 -5.63867 -16.3386 -15.5173 -2.97729 -0.228271 9.77637 
16.3708 -9.03418 1.65161 -12.8679 -26.5635 -8.19751 -6.49731 -7.15991 1.31543 -7.45679 
17.2073 -11.8308 3.94629 -12.5459 -36.4944 -8.17969 -4.48267 -16.3789 4.76465 -10.6125 
-7.07349 2.4707 -5.88501 -4.51953 -10.4634 -11.5071 -20.365 4.70728 -9.65503 -4.59106 
-8.39941 -0.34668 10.4746 0.866943 -23.2026 -16.3035 -9.31592 -14.5811 4.86792 -17.1472 
3.68481 -15.6392 -0.675293 -5.76758 -5.44604 -6.84009 9.5896 -20.1299 0.570068 -15.4963 
-10.9031 -9.91577 -8.10229 -2.76172 -11.2241 8.43677 -5.55444 -10.9915 -2.38477 -9.70142 
-15.6497 -11.6843 -8.81396 -2.47412 -13.9258 9.78369 -4.59375 -11.7568 -0.131348 -8.44263 
-19.6223 -19.6951 -1.51538 17.5989 -26.8142 -16.7151 -28.3992 -18.3477 -10.1917 -13.4609 
-10.4792 2.49121 -4.69653 -2.36719 -14.812 -17.9023 -19.675 4.83447 -4.51147 -8.79077 
-2.49414 -8.20654 2.38086 -0.18335 -18.6541 -6.67114 -8.26245 -17.2732 4.95923 -3.1665 
-2.4646 -9.94531 -3.7771 -12.8733 -2.23975 -5.07568 14.9534 -19.5964 -2.75439 -22.2666 
-5.07544 -6.55444 -6.35913 -17.241 -5.93604 -4.44507 17.927 -22.3779 -1.48535 -22.4011 
0.23584 -13.3093 -3.53149 -3.32544 -1.91968 -3.24048 10.394 -15.7185 -2.84106 -16.4844 
-5.24316 -10.5862 -1.18506 -12.9644 -6.62183 -8.41821 16.9187 -21.363 -2.19214 -25.158 
-11.511 -12.4326 -6.05811 -11.5432 8.92236 -16.2498 -5.95142 -9.37695 -4.05347 -12.6301 
-8.23071 -11.9993 -1.50659 10.8987 -29.3745 -2.9541 -21.8193 -26.4031 -3.18286 -12.8638 
-2.72266 -3.01074 -7.57471 -8.18774 -12.9722 -5.75171 -7.93555 -9.22095 5.06299 -2.23315 
-2.32715 -0.970459 -3.5542 -2.44116 -16.5759 -9.15771 -5.64648 -15.8376 6.74927 -4.85889 
-14.4001 -12.9707 -9.68286 10.0955 -24.4954 0.598633 -30.668 -26.1497 -8.68457 -1.77954 
13.9978 -12.8521 2.79614 -6.22388 -16.8665 -6.81128 -2.53613 -7.43188 -1.8269 -6.37646 
-5.92261 11.156 6.59863 -10.6274 -14.5947 -16.9788 -9.1582 -11.8286 -2.35278 -20.7937 
-13.3083 -4.54907 -10.8862 -3.63843 -10.157 -17.6299 -19.8701 -1.05444 -8.09717 8.64502 
10.3579 -14.0945 2.09253 -1.12964 -7.0686 -11.8015 -1.73169 -10.5784 0.120361 -11.4929 
-22.1775 -10.1538 -2.13184 7.63721 -39.5818 14.7905 -29.5388 -28.1108 -11.2136 -4.89697 
-15.1316 -3.80688 -13.1418 -12.7229 12.1653 -15.6948 -7.20508 -5.65308 -1.88794 -9.35571 
-4.50781 8.55249 -3.36719 -12.2327 -12.7808 -12.7153 -3.88745 -14.7476 2.10596 -10.9143 
-14.5366 -6.77954 -13.2368 -9.85425 -5.2583 -13.6489 -11.6714 -4.42212 -1.31958 10.4265 
-7.11841 11.72 7.54932 -11.1199 -16.2161 -22.5767 -10.2202 -10.6785 -2.25977 -25.7969 
-14.1606 0.634766 13.4434 0.85498 -23.8743 -12.3342 -17.1475 -7.52856 3.62695 -19.8103 
-10.3008 -11.1096 -11.1704 -11.2876 -3.93115 -9.65259 -23.6868 9.38403 -10.8467 -3.62085 
14.0376 -15.3186 3.16211 -4.81104 -21.0935 -4.44604 -2.9248 -10.958 -2.63281 -5.66675 
-8.55981 11.7908 7.36255 -7.79346 -8.60718 -22.8718 -12.3643 -5.68604 -5.68481 -20.6885 
-16.3374 -17.6694 0.252441 12.5564 -26.8833 -17.8599 -25.6409 -19.949 -4.10571 -7.77197 
0.543701 -16.0315 -2.23828 -5.3147 -20.9141 -6.69629 -12.1558 -14.1824 7.04053 -2.54614 
-11.4622 3.98413 16.0833 -3.79346 -27.8091 -8.23511 -18.4832 -18.1382 3.50464 -21.9106 
-12.2725 -18.0862 -7.73633 -8.50439 -6.61963 -12.6411 -16.4968 -6.33057 -3.29419 9.69775 
-15.1794 -2.26514 10.8555 0.875244 -18.8027 -9.28809 -14.8669 -5.6272 4.65039 -20.1125 
-12.4675 -3.771 -8.05396 0.00415039 -22.8015 -14.0996 -22.5686 5.98413 -7.70898 -0.789551 
-12.105 -5.24072 -4.06274 -8.05762 5.90308 -14.5513 -2.51538 -11.1931 0.40625 -15.821 
-7.81934 1.48315 17.1458 2.04858 -43.4651 -15.2766 -16.9404 -15.7942 1.77148 -25.1567 
-3.93408 -11.093 -6.17993 -14.7791 -8.45996 -1.81714 18.78 -28.417 -0.21875 -27.3513 
-10.6179 -25.7598 -13.5703 -1.23169 -12.5732 13.2354 -4.56836 -13.8572 0.770508 -14.958 
-5.33081 -16.0168 -11.7947 -0.450684 -13.324 10.7039 -3.00317 -9.86328 -2.55005 -11.1511 
-13.2275 -5.79932 -4.59741 -3.61401 -6.61621 -14.864 -12.6553 -11.5652 -0.196045 5.82373 
-4.51904 -8.34863 -6.80737 -7.98218 -3.9375 -12.5344 -12.3977 -3.39014 -6.25146 3.76465 
-9.28564 12.8328 6.12158 -7.96313 -12.4041 -23.5122 -12.8381 -7.88281 -4.27563 -22.302 
-11.335 12.6365 3.92163 -5.5437 -6.25513 -22.1875 -12.7258 -3.56299 -5.45728 -17.8965 
-11.3765 -10.5674 -12.7524 -1.28003 -8.83765 9.91016 -9.12769 -12.4707 -3.23657 -3.88574 
-10.0635 -2.21802 -9.66895 -6.91968 -12.7256 -12.7942 -23.4001 6.7146 -11.8826 -3.28467 
-10.2798 -11.5056 -3.26318 -10.9585 -3.93286 -5.95728 17.8467 -24.5679 -4.02319 -23.2959 
0.587402 -16.5374 0.710693 -8.56372 -22.5068 -14.8574 -10.0459 -15.6743 8.18799 -4.21069 
-11.3591 6.47949 15.5635 0.196533 -46.8674 -14.4602 -15.2068 -19.5232 2.15845 -32.1238 
-12.936 -2.052 -11.4277 -9.30347 -1.68677 -11.0229 -17.4531 -3.46509 -2.83276 11.6335 
-17.3206 -14.783 1.09155 -10.6455 9.10278 -15.9243 -6.99829 -17.324 -5.4021 -4.63184 
-17.7068 -7.61646 -8.7002 15.3367 -33.0398 -2.29688 -32.0105 -23.458 -8.89771 -3.29541 
-6.84741 10.937 -3.08252 -8.64014 -13.7988 -14.929 -6.13037 -9.80444 2.70532 -19.0925 
-8.72241 -5.30005 -3.50952 -4.61353 -8.5835 -15.1438 -15.1138 -4.58643 -7.51611 6.78369 
14.2102 -14.0095 3.60059 -10.1589 -16.9148 -7.45483 -8.26807 -12.7629 -12.0654 -9.4834 
-13.4001 -9.13892 -14.8076 -3.68481 -7.88086 -12.4216 -16.9543 -1.61621 -4.08423 9.60522 
-9.625 -2.0752 -0.918213 2.60986 -27.9526 -9.12476 -13.1602 -12.6919 4.40576 -7.25488 
-9.42896 -7.16748 -5.91284 -9.22266 -2.6272 -4.24976 16.3953 -19.939 -7.70679 -22.7666 
-0.476318 -10.248 3.53418 -1.28516 -24.1519 -7.96436 -12.5769 -12.9094 6.43457 -5.15967 
-13.6807 -8.7793 -14.3955 -0.810791 -23.3999 -18.4966 -22.2134 11.1499 -10.5095 -1.17603 
14.49 -11.7222 2.17017 -7.25439 -19.9063 -10.4624 -2.37183 -7.52026 0.296875 -11.8337 
-11.2556 13.4155 5.56616 -8.73779 -11.7947 -22.395 -11.8037 -8.93872 -4.4939 -24.3103 
15.4277 -14.3933 3.72681 -7.72144 -21.5073 -8.23853 -6.27271 -11.1445 -7.89673 -3.20679 
-2.45361 -13.595 -9.03149 0.458008 -6.31836 6.36426 -3.90845 -11.625 -5.16504 -6.42676 
-2.17383 -4.07886 1.02246 -0.826904 -23.833 -8.0564 -6.08496 -21.342 7.3833 -6.00635 
-10.2646 0.282227 18.8623 2.1438 -56.7693 -15.418 -20.2935 -15.4397 0.907471 -34.3926 
-12.2869 -5.35791 -11.1096 -2.12622 -17.5249 -14.1599 -26.5496 7.31128 -6.15698 3.19556 
-15.3191 -1.33618 -7.46509 0.0429688 -16.1084 -18.5681 -24.3635 6.0332 -6.37085 -3.46045 
13.8921 -18.7324 -3.11035 -15.7715 -30.2847 -7.68359 -6.98486 -1.88672 -7.36768 -3.94531 
-24.5415 12.6494 -8.74536 -5.20557 -5.24146 -5.24634 -8.69189 -19.5159 3.32617 -10.741 
-6.24194 -16.3577 16.5659 2.58765 -35.7134 -18.2788 -8.28613 -12.8833 3.53027 -26.7695 
-12.0591 -2.08936 -2.31738 7.78149 -12.7275 -4.12891 -18.2405 -6.35449 -10.5557 -6.94116 
-7.29541 -12.5491 -3.06177 -13.8232 8.84448 -21.0916 -12.3069 -3.78271 -11.3652 -7.7749 
-14.8555 -15.751 -8.76563 -3.89258 -9.42407 5.5376 -10.4802 -12.8032 -5.29541 -2.13354 
-1.11914 -19.2922 -7.96655 -11.5999 -9.60547 -7.90405 9.00537 -19.5266 -3.11646 -5.89624 
-28.2881 -10.8018 -4.40015 -1.67041 -24.77 -21.0212 -36.5369 16.459 -16.2173 -6.86768 
-6.30249 -14.3298 -5.29272 -3.41382 -24.9868 -6.13086 -11.2 -12.5437 9.39917 -6.92358 
-10.5518 -9.86157 -5.47119 -3.90796 -4.78394 -14.0894 -18.8474 -3.86719 -5.79443 6.60718 
16.6384 -22.4114 -1.33374 -8.93799 -36.4094 -4.98706 -13.1187 -7.96362 -11.1338 -4.59351 
-16.8333 10.469 -15.1311 -5.07373 -8.0415 -5.11377 -6.99292 -11.1182 1.32153 -7.13208 
-7.02539 -9.90381 10.7825 1.45898 -25.7686 -13.7183 -17.7715 1.91675 -6.04053 -33.2114 
-10.26 -11.0981 -8.10425 3.71216 -22.1753 -4.16455 -23.0444 -5.1228 -4.85986 3.7041 
-9.7312 -6.03027 -0.812744 -10.3328 4.29199 -19.8508 -8.94043 -7.23242 -9.1853 -5.65991 
-15.5002 -15.9187 -9.94873 -0.186035 -17.8579 8.14624 -13.175 -14.0005 -6.26416 -0.226318 
-5.17554 -8.07666 3.56104 -3.5957 -26.7063 -7.90527 -9.62256 -19.5171 9.22412 -9.95947 
-4.6167 -18.8757 -7.44507 -7.59448 -9.28809 -14.083 -16.1409 -2.65747 -5.62988 6.08545 
17.8567 -24.5254 -4.54297 -16.2214 -27.4226 -9.32617 -6.34668 -4.03906 -8.98438 -4.14355 
-15.6167 9.77295 -13.1252 -5.15137 -8.07031 -10.5095 -7.9895 -10.054 1.85352 -9.39478 
-8.5791 -18.5667 16.2561 3.79053 -26.6582 -20.4927 -8.8418 -14.1831 -4.95435 -35.2788 
-13.8982 -7.43555 -3.41479 6.31567 -12.8613 -7.83569 -23.6787 -4.12378 -2.73242 -2.63184 
-5.93091 -10.6084 -3.98047 -12.7249 6.60181 -21.7698 -10.9504 -1.4021 -12.4614 -4.05176 
-12.2788 -21.1467 -12.2148 -3.34131 -11.6965 6.94482 -8.0791 -10.8503 -3.44019 -2.93262 
-8.17554 -7.35059 -4.69092 -7.69434 -5.92603 -0.190674 9.15039 -16.2209 1.21655 -16.1531 
-18.3677 -6.41699 -6.03564 -4.2937 -15.7935 -17.2004 -27.9424 14.8047 -18.469 -6.21118 
-8.52979 -4.1228 -1.35669 -3.82593 -22.4153 -7.47314 -9.70435 -22.4463 11.5906 -6.93384 
-13.2395 -12.4229 -2.88867 -7.62769 -5.51318 -10.5852 -13.5803 -4.07983 -1.28223 5.81592 
-7.59058 -16.1345 18.7664 8.17261 -22.0535 -17.762 -12.7539 -15.0918 2.28833 -32.573 
-13.5977 8.58008 -14.9463 -6.4707 -3.41406 -6.10229 -4.20654 -3.66235 -0.265869 -3.4668 
-2.82446 -9.37524 9.03784 4.61035 -22.1057 -15.4854 -11.7722 -6.82642 -1.98486 -23.8179 
-18.6504 11.1267 -14.894 -4.40942 -5.05054 -3.7793 -8.22241 -13.7295 1.2644 -6.9043 
-13.6084 -11.9041 -2.51392 6.58984 -23.6287 -3.51343 -25.8792 -8.46558 -9.16211 -1.84204 
-13.1689 -12.823 -3.74561 -8.36694 -2.29297 -5.53125 -14.4844 -6.57373 0.0810547 7.93042 
-7.62598 -9.64941 -5.19556 -6.17334 -9.23755 -9.18311 -10.4041 -6.64185 0.716797 4.93799 
-12.3279 0.438477 -3.38745 -3.46997 -21.0818 -3.30566 -10.0232 -12.6182 9.26318 -13.6614 
-14.3643 -11.2844 -7.53955 -2.27295 -15.6677 6.60571 -16.8262 -14.1951 -17.4846 -11.8955 
-9.73877 -8.46313 -6.24121 5.04468 -19.4521 -3.9375 -20.9741 -8.33643 -9.48462 0.104492 
-14.0667 -12.2043 -0.181885 -9.79956 -15.4197 -8.67603 -15.157 12.9299 -8.78833 -4.48706 
14.4988 -7.771 3.25391 -13.1453 -26.125 -12.657 -6.25806 -7.27197 -1.02124 -12.3342 
-11.2822 -11.0112 -6.28149 0.208252 -23.1262 -23.676 -24.0857 11.4802 -8.83325 -5.58057 
-4.85059 -7.82935 -0.306885 -1.12524 -15.8171 -21.7966 -17.7656 7.75977 -6.49585 -9.34009 
-7.56689 -15.2671 -9.84595 -3.34131 -11.3447 7.27954 -0.699219 -11.9341 -2.17114 -5.58618 
-16.9465 -2.50903 -4.66357 -2.35938 -20.1443 -20.5103 -26.1399 13.4968 -17.7803 -7.07349 
-11.1943 -3.97119 -4.98364 -4.59253 -2.82397 -11.374 -14.762 -6.15503 0.714844 6.87402 
-6.87134 -6.46021 -1.18213 -4.98511 -8.68774 -17.0427 -13.3621 -4.69678 -5.11084 5.40454 
-3.15161 -11.124 -8.72559 -12.0481 8.08081 -11.3083 -6.83105 -3.50415 -10.4136 -1.74072 
-9.64819 -4.71436 -4.53442 -2.69629 -18.6345 -16.3655 -17.5105 10.5103 -10.2039 -9.0437 
16.3506 -11.9421 1.89038 -14.896 -39.9102 -6.22168 -9.00562 -7.13452 0.916016 -4.75195 
-12.4473 -9.28442 -4.97876 5.73169 -13.0559 -4.67188 -15.2161 -8.49097 -4.06128 -3.37549 
-7.16211 -6.92773 -4.96802 -9.73682 8.66528 -11.9634 -9.2998 -5.71899 -10.5322 -5.77856 
-16.032 9.9895 -11.5571 -3.32983 -11.554 -7.69971 -5.66553 -12.5608 2.65137 -11.8394 
-15.3831 -24.4321 -13.5476 -0.372803 -36.071 8.48169 -18.1633 -14.6465 -13.3359 0.774658 
-6.146 -6.73608 -1.84961 -4.21997 -21.927 -6.60352 -12.1853 -18.1555 11.2827 -8.02002 
-10.4834 6.71313 -10.0544 -6.98242 -12.979 -11.991 -6.38794 -9.24072 2.77344 -9.65479 
-18.5361 -9.71143 -9.88379 -10.8054 11.9617 -25.3232 -17.4675 -4.74292 -7.47339 -4.20581 
-3.64624 -5.4585 -4.88892 -3.64893 -18.2139 -5.59448 -11.9265 -15.5107 8.27295 -2.83789 
-10.2581 -15.6353 -3.96338 -8.77515 4.68188 -22.3689 -8.11157 -3.1582 -9.55005 -2.42725 
-11.218 8.60034 -11.9529 -6.65161 -5.64136 -16.6853 -11.3418 -0.416748 1.91504 -4.82397 
-0.955566 -13.3469 -2.18848 -5.604 -23.3516 -11.9802 -6.59204 -10.9377 9.10034 -7.52515 
-3.30176 -14.1648 -4.63354 -14.8499 -12.8313 -3.55371 13.5657 -19.4934 -7.21924 -15.666 
-11.3977 -14.0913 2.36841 -17.2974 -2.08252 -4.40869 12.4438 -24.5361 -3.54492 -20.5073 
-13.7361 -18.4861 -10.9592 -13.7954 12.582 -18.1169 -14.2776 -3.74854 -8.64795 -3.17358 
-15.0974 -11.24 -3.09912 -11.6611 -5.75122 -7.07227 16.4705 -19.6838 -1.07056 -19.5303 
8.07129 -21.0664 -7.39355 -10.1074 -16.5713 -0.996338 -5.91504 -4.28906 -7.3186 -1.62354 
-11.0386 -25.6628 -8.4502 -5.63013 -15.1411 5.14844 -9.62817 -18.1501 -1.76318 0.917725 
-10.4954 -23.7319 -9.35791 -9.85669 -15.7957 0.640137 -4.15723 -11.7036 -2.17993 0.845947 
-15.2756 -11.6775 -7.44824 11.2217 -23.199 -9.46655 -26.2363 -9.17896 -9.16016 -6.44141 
-13.2151 -9.83228 -13.9358 6.96973 -14.8396 -6.30249 -18.251 -8.76489 -3.13867 0.160156 
-12.0259 -14.4917 -12.7898 -3.854 -19.4343 6.73682 -6.99292 -15.9238 -3.40112 0.996582 
-10.7002 -8.31641 -2.1604 -2.71899 -24.5461 -15.5449 -25.1907 12.0002 -13.2231 -9.34692 
-7.09937 -6.0957 14.7532 6.17651 -28.5977 -15.094 -15.8391 -24.2085 0.863281 -19.5916 
-6.0061 -16.7332 -10.4006 -9.35913 -8.36182 3.38794 -7.52905 -1.35718 -10.1812 -2.77124 
-7.37671 -11.9587 -2.16943 -6.81396 -6.60962 -12.6487 -14.1086 -2.02759 -1.53564 3.45508 
-6.91016 -18.0894 -0.481689 -11.8318 -16.3083 -9.94214 11.9592 -28.4604 3.47095 -14.8079 
-17.0605 -6.80542 -8.76196 -9.44702 -5.25732 -12.5361 -9.31421 -7.83423 -4.04785 8.10864 
0.0551758 -13.2866 11.0007 3.25171 -29.8689 -16.6965 -18.9336 -5.03394 1.95117 -10.3306 
-7.99048 -12.2102 -2.29346 -17.6687 -4.99341 -8.70435 16.1799 -26.6851 -6.93799 -11.6641 
-4.65601 -11.769 15.1633 2.10425 -27.6035 -21.1804 -11.5017 -21.937 -0.371094 -21.3992 
-14.5964 8.98779 -13.8884 -6.39478 -5.50708 -11.3215 -7.55615 -3.74683 1.02979 -5.02515 
1.38062 -16.5789 12.5476 3.84692 -31.4771 -16.439 -18.1135 -5.81982 -0.00756836 -10.7554 
16.2288 -21.8293 -4.66528 -15.6809 -27.074 -7.70239 -6.91699 -2.25293 -14.0513 -2.38428 
-0.269287 -2.83887 -3.24658 -3.82495 -8.67236 -3.03467 -5.58447 -6.6875 4.65869 -4.7019 
-12.9377 -12.3201 -5.64307 6.72729 -18.3203 -7.23145 -20.6147 -5.7981 -4.6521 -4.14087 
-14.0667 -8.99976 -1.44336 0.854736 -14.4973 -3.62842 -13.4348 -15.1006 7.7478 -2.03052 
-8.65308 -8.3501 -10.2576 5.17529 -16.4336 -1.82007 -17.6382 -10.3513 -10.1279 -1.31006 
16.0161 -19.1536 -4.47144 -11.7573 -29.5286 -6.56763 -9.83887 -1.46533 -18.4622 0.141602 
-3.76587 -16.7651 -3.55176 -4.93481 -12.7021 0.320557 -4.38623 -16.8171 7.3313 -3.06641 
-20.6995 -15.3508 -0.771484 0.298096 -25.0571 -14.2866 -49.7388 21.1313 -33.3508 -5.20215 
-13.9685 -10.6978 -7.62378 -8.42603 6.06201 -20.4243 -14.5144 -4.59619 -7.05493 -4.89624 
-13.4382 -7.22803 -4.71753 -8.448 0.772217 -11.8381 -9.79907 -3.3252 -3.06763 5.28027 
-6.43237 -18.9731 -8.69824 -3.88696 -17.8254 8.31177 -14.1655 -4.79688 -10.7202 -0.258789 
14.5149 -21.9939 -3.85889 -9.98486 -31.5349 -8.38647 -10.1597 -4.36499 -13.7139 -0.743896 
-10.8689 -16.896 -2.7168 -9.52515 -9.06519 -10.5293 -11.3921 -4.54102 0.499268 6.31079 
-8.0083 -5.81909 -1.85718 -4.12915 -12.0618 -12.6909 -19.0562 9.98438 -13.4319 -9.32129 
11.8843 -17.3655 -5.57007 -14.1917 -23.425 -2.32446 -5.92822 -1.45288 -11.2336 -4.05469 
16.0376 -21.2419 -2.67725 -19.9797 -22.9453 -11.7327 -6.96313 -2.27295 -7.05859 -3.10107 
-8.52344 -9.92993 -5.78369 -11.3081 9.09277 -13.8613 -9.73926 -2.99536 -6.00049 -5.22339 
-6.92139 -18.1843 -1.80957 -11.8982 -13.5613 -8.448 16.0752 -22.6924 -1.48608 -25.9895 
16.1633 -11.6838 0.957764 -18.666 -37.8467 -7.1377 -7.50586 -4.28174 1.81177 -9.86157 
-16.918 -10.1973 -9.18579 -9.37744 -0.462158 -11.7512 -13.5847 -3.92432 -4.20972 7.50073 
-8.93335 10.1382 -1.69189 -5.96533 -7.57861 -16.5491 -9.9563 -4.39551 -0.0429688 -11.4111 
-10.0986 -19.543 3.28784 -16.8477 -22.2942 -6.17554 20.7786 -32.8223 -3.76636 -33.9055 
-5.4458 -15.9734 15.6399 3.00684 -28.6287 -16.929 -11.5393 -9.99438 2.88843 -22.9817 
-16.6218 -15.8889 -8.13208 -1.22754 -17.0581 -2.75122 -14.9792 10.3464 -7.41064 -11.1753 
-8.1748 -15.2012 4.30981 -14.9756 -15.6956 -3.38989 15.4268 -28.6538 -0.0222168 -20.8545 
-0.781738 -16.2275 -5.83569 -6.6582 -26.9946 0.0336914 -4.21997 -10.7656 8.4751 -5.81592 
-9.09521 -15.3992 -1.88721 6.21387 -24.1404 -7.63818 -23.4512 -6.41992 -6.27466 -1.83252 
-15.1289 -18.2283 -10.7629 -2.85596 -23.5149 9.58276 -14.5869 -15.2441 -10.6602 2.54883 
-11.427 -6.93628 16.7605 7.2998 -31.6155 -19.1135 -14.0793 -20.9941 3.18604 -29.7925 
-12.2407 8.29321 -13.9626 -4.38501 -11.6465 -9.44214 -7.35913 -10.9131 2.58252 -9.56738 
0.406006 -7.95703 -7.03784 -7.57617 -25.3354 -1.03296 -4.59033 -9.27759 7.65601 -5.0144 
-13.196 -9.17236 -0.504883 7.80225 -21.3782 -9.67163 -28.9082 -8.92236 -7.27637 -2.22729 
-4.98877 -5.53589 -3.56567 -2.17236 -15.4761 0.244385 -8.26831 -13.9045 6.72583 -2.74194 
1.38257 -22.271 -0.538086 -10.8933 -9.68604 -2.61206 10.1323 -29.7256 0.155273 -14.2915 
-10.7869 10.3103 -6.08545 -10.5081 -12.6973 -14.3337 -6.77197 -7.31787 3.22412 -15.5789 
18.1599 -23.6057 -5.26172 -13.0051 -29.1553 -5.47461 -9.20532 -8.21973 -13.3687 -7.38379 
-6.85107 -9.37622 13.3494 5.08813 -25.7952 -15.1477 -14.0784 -19.3682 -5.26465 -21.2024 
-13.3625 8.19897 -10.1589 -5.90063 -8.64893 -13.177 -9.29443 -6.02271 0.790771 -8.10352 
-5.25684 -4.89087 -5.59058 -12.3855 10.8022 -20.1328 -8.76514 -2.36255 -11.0669 -5.84033 
16.4661 -13.0747 3.19995 -10.9963 -26.2375 -7.47314 -5.52026 -10.2512 0.502686 -4.27075 
-5.14795 9.23706 -6.46558 -6.13135 -12.6748 -14.5085 -9.83496 -5.43262 4.52393 -10.0322 
-4.72583 -11.3977 11.3733 5.95947 -31.4597 -19.0461 -10.1646 -22.7397 7.16504 -12.9436 
-14.2979 -12.0481 0.0510254 12.6587 -38.5479 -1.81299 -34.8223 -20.7771 5.46704 -6.7771 
-15.1968 -7.61743 -14.3022 -12.8398 8.16089 -17.1152 -20.0581 -1.31885 0.837158 0.0529785 
-14.6377 -16.4888 -6.12427 -5.02051 -32.5894 3.98145 -5.99951 -18.5706 9.18677 -15.8613 
-11.9614 -11.2034 -1.18799 -1.95532 -1.35938 -7.6438 9.22437 -25.6426 -0.80249 -12.4888 
-15.5447 -8.32886 -18.1763 0.820557 -18.0056 -18.5496 -22.1011 8.7417 -6.81226 6.37061 
0.724854 -0.241943 1.54199 -0.219482 -16.9385 -6.77588 -3.29712 -19.8906 6.51807 -6.2334 
-10.9631 2.90576 -1.29028 -12.4727 -3.65869 -10.1907 -24.2246 -3.32837 -6.43848 9.08154 
18.2266 -28.2839 -0.822266 -10.1438 -23.3296 -4.69507 -7.72217 -11.0828 -11.0203 -3.448 
-3.22778 8.90234 -1.65161 -5.14209 -10.1248 -17.385 -6.72314 -10.8518 2.52051 -11.5339 
-12.665 -9.34595 16.7288 6.78247 -33.1792 -19.5107 -21.7039 -6.82129 5.65503 -22.1335 
-15.6636 -9.52808 -8.6062 15.4895 -37.8503 -4.97095 -38.4543 -16.7012 -7.8147 -1.73145 
-23.3635 -18.7605 -12.0205 -15.2329 10.8171 -20.4587 -22.249 0.861572 -4.61304 2.27344 
-17.4321 -10.9319 -12.2144 -5.26904 -31.5759 10.5093 -4.12842 -33.8323 4.76831 -14.2551 
-9.42578 -14.7327 1.83325 -6.94727 -8.43774 -6.66431 14.0103 -34.3169 -1.15137 -18.9338 
-15.8325 -5.39966 1.89551 -3.09448 -24.7324 -23.7966 -29.0493 11.0325 -12.3474 -10.7163 
-6.39478 -4.72485 3.19897 -1.59839 -26.887 -9.57373 -6.37427 -18.2925 8.96631 -10.1062 
-18.5234 -11.521 -10.0146 -8.01099 -11.3574 -16.4124 -19.4492 -3.99951 1.62402 11.1108 
18.25 -28.0115 -1.95068 -12.9177 -11.4246 0.13208 -0.69751 -7.43408 -7.729 -7.89233 
-4.13916 8.39111 0.15332 -4.82324 -9.15161 -16.499 -11.0493 -7.70239 0.800781 -10.4858 
-9.93188 -18.3743 18.4639 7.19141 -35.1482 -23.5503 -16.8 -17.6865 6.72656 -21.2117 
-15.0239 -18.2207 4.54541 15.79 -34.7278 -11.9807 -36.2915 -25.9326 1.53174 -15.7048 
-14.021 -22.9233 -11.6111 -20.2156 13.312 -18.6838 -19.4929 -1.5918 -4.40503 -10.9873 
-15.4585 -19.5798 -10.1057 -3.06885 -26.0122 10.5505 -5.66528 -16.5391 5.81738 -17.7427 
-9.89478 -20.0447 2.3916 -7.58008 -13.4431 -4.91187 16.5388 -35.1768 0.694824 -20.2229 
-14.9766 -4.59595 -9.89868 -1.03955 -18.9131 -29.5881 -24.3992 10.8904 -19.0605 -1.86426 
-4.53076 -0.80542 5.75781 -0.801514 -29.0388 -11.2307 -6.2561 -24.2695 9.46997 -15.6438 
-4.60791 0.577393 -9.29614 -4.66333 -12.8477 -17.9751 -16.425 -1.14868 -1.23486 7.79517 
-15.6851 -0.17627 -4.00928 -5.96387 -16.1726 -10.3645 -20.6606 4.65601 -8.54297 -2.6665 
-15.7344 -22.9277 -0.0217285 -7.08496 -10.8718 -3.62842 18.3616 -29.333 -0.854736 -19.0571 
-15.2395 -10.2109 -10.7146 -12.5256 11.4336 -20.9417 -13.5203 -2.68774 -2.32544 -6.20581 
-15.5315 -7.52271 -18.0364 -2.96533 -17.6169 -16.325 -25.1831 10.282 -10.0273 6.38647 
-1.74609 -20.2 1.9502 -13.2549 -10.2371 -4.92651 19.353 -35.3755 -5.32959 -24.6753 
-11.3906 -20.9304 22.6626 9.77393 -26.5796 -36.5815 -22.0962 -33.5789 2.17114 -26.8823 
-7.67041 -6.19678 -10.6338 11.8086 -31.5676 -4.82446 -35.0176 -14.2383 -9.17334 4.07935 
-14.6929 -11.8677 -12.1689 -12.1277 7.58594 -19.4607 -20.0906 0.765381 -4.3457 1.01147 
-5.74243 -6.13916 2.21851 -4.83447 -22.8586 -14.5012 -8.32959 -13.9021 9.55811 -8.74048 
-9.57886 -11.1746 -16.2297 -6.98486 -15.2397 -15.95 -21.1929 13.4517 -14.574 3.35791 
-5.59424 -7.40576 4.23608 -1.33154 -27.8684 -10.9443 -12.0962 -23.1863 10.1448 -15.6694 
-14.8352 -9.12964 1.16919 -10.6519 -5.48755 -7.00708 17.5845 -34.1262 -1.48999 -20.0747 
-18.5137 -13.5691 -18.0293 -7.73462 -13.3101 -20.1453 -24.5386 -2.29956 0.791016 13.3667 
-0.810059 -0.947998 6.12183 -2.79248 -33.04 -9.5293 -8.03174 -25.9224 8.2688 -14.7393 
-8.02637 -13.5247 -0.507568 10.1013 -31.8289 -8.04419 -25.0879 -18.8687 2.95703 -9.13965 
-10.0527 -16.094 21.302 8.81958 -29.7273 -24.0754 -18.3579 -19.373 2.42676 -37.2424 
-14.7505 -5.22803 15.8584 4.45581 -38.407 -15.4971 -20.8433 -10.7993 8.11938 -23.6904 
-17.1426 -17.9651 -3.86206 -3.84033 -11.9395 -6.72192 -14.7947 -13.063 11.793 -9.41504 
-10.6665 -12.0156 -6.71533 -20.7651 8.42358 -19.8572 -17.6484 2.13916 -12.7876 -3.97729 
-7.36475 -9.11133 0.696045 -0.687256 -26.8582 -9.39746 -12.7136 -19.8479 11.3186 -8.44556 
-7.81299 -9.66748 1.24561 0.505371 -39.0635 3.05615 -18.9585 -18.1917 3.29956 -9.93872 
-0.911865 -15.019 1.69751 -9.4187 -11.7241 -5.62158 17.0674 -31.5371 -0.217285 -24.2368 
-9.62915 -10.1887 -4.10352 -6.76416 -7.29443 2.68506 -8.29272 -9.44336 1.99829 -5.38013 
15.0767 -22.4221 -3.75977 -10.0352 -12.6851 -3.2229 -6.27148 -5.05322 -10.4771 -2.19849 
-17.0894 -10.6899 18.7935 8.08057 -30.873 -15.49 -14.1069 -16.0825 -0.132324 -31.1443 
13.6484 -24.8804 -8.43799 -12.6462 -6.89478 0.459229 -4.71704 -3.31299 -14.0659 -0.698242 
-3.6687 6.46411 -3.75806 -6.30396 -15.2896 -11.7966 -11.0974 -8.76855 3.0769 -2.39038 
-4.7019 10.1074 0.856934 -4.54492 -8.06592 -20.7131 -13.8237 -4.48242 -3.00903 -10.8203 
-14.8301 -12.6086 18.4331 8.06323 -36.8074 -17.834 -18.2363 -9.1167 1.98608 -30.0579 
-20.6235 -17.5596 -19.3147 -3.25269 -12.9558 -8.60522 -25.5605 3.89282 -6.72681 11.4741 
-8.48828 -25.0261 5.55859 -16.0051 -4.7915 -8.44629 19.6277 -37.5701 -3.58984 -23.8777 
-7.17212 -3.84229 5.70947 -3.09058 -27.8628 -9.03003 -4.44043 -19.8545 8.81885 -13.3428 
-16.4861 -16.1396 18.4919 4.9834 -37.9829 -21.6033 -24.8489 -13.0994 2.57153 -19.7212 
-3.7876 7.03516 -4.64673 -8.90869 -11.6184 -13.0442 -9.22729 -11.4624 2.38013 -2.97241 
18.1379 -27.8921 -1.96802 -13.5623 -9.06104 -1.20142 -1.9126 -6.32227 -9.90674 -5.59424 
-7.94019 -26.644 2.06641 -20.7122 -15.0627 -3.47852 21.1697 -39.7974 0.263184 -21.998 
-20.2424 -17.2905 -11.2678 -4.5022 -33.0266 8.08936 -5.68701 -19.6487 8.02539 -13.3052 
-6.88208 -16.24 17.8523 1.40063 -20.2688 -15.823 -10.8459 -13.5083 0.435303 -28.552 
-12.8645 -7.44019 -7.78296 -6.72949 -0.871826 -17.3958 -15.5818 -1.32544 -9.00513 8.4978 
-17.4685 -5.71069 -17.2637 -2.46631 -24.3845 -24.9387 -24.8687 11.2441 -12.127 -0.615967 
-16.3716 -6.62939 -0.607178 -0.534668 -9.97241 2.03857 -1.75342 -22.8362 6.48364 -16.6821 
-6.50488 -14.4246 3.65649 12.8691 -40.0422 -8.92847 -30.2781 -26.7078 3.01807 -10.6748 
-14.8027 -10.0469 -16.1558 -8.97314 -10.8296 -19.4172 -21.554 1.95923 1.81323 11.3787 
-6.56909 -15.2542 9.22583 6.39478 -34.9514 -8.65137 -25.729 -22.6277 0.868164 -19.021 
-14.2959 -12.6948 -9.8396 -7.3103 -15.3298 -17.1577 -26.4854 14.095 -21.4099 4.41357 
-1.36646 9.67798 -1.88525 -9.4729 -13.7749 -15.7712 -8.12866 -13.0359 2.71631 -9.698 
1.83447 -8.34033 7.4668 1.91675 -30.7124 -10.7629 -9.81348 -20.8708 9.15039 -12.7722 
-6.19287 -9.54004 5.93384 8.66821 -37.0403 -7.91821 -32.158 -13.8809 1.7395 -6.73657 
-9.73242 -12.2349 -4.16211 -4.30273 -19.0916 -2.55298 -7.84351 -14.0669 9.78369 -12.4326 
-2.01685 10.6025 0.220703 -9.91772 -16.3218 -16.394 -8.59155 -14.2358 4.28638 -14.8677 
-15.729 -14.1912 -15.0916 -7.09937 -13.5679 -19.6597 -23.9812 -2.99243 4.17383 11.3081 
-11.5762 -18.8677 -16.0283 -5.86206 -18.5588 12.1006 -9.948 -11.7869 2.15723 -9.20313 
-14.1831 -18.8831 -16.144 -8.85669 -16.811 10.502 -1.64722 -18.9353 2.55615 -8.3064 
16.2583 -19.7261 1.03613 -9.99048 -19.3738 -4.90723 -4.86963 -11.8394 -1.94751 -6.09521 
-4.79785 9.27344 -3.89502 -4.6731 -12.7634 -17.7988 -7.51367 -5.98218 4.37305 -13.3645 
-2.51904 5.74585 -6.8894 -7.48413 -12.6392 -13.3674 -10.6165 -9.18335 3.14624 0.418457 
-10.3669 -13.8958 -15.7639 -7.41748 -10.5125 -19.5845 -22.5959 -0.263184 2.13574 10.5571 
-2.21655 -14.6116 4.20215 -3.9519 -35.0549 -12.5156 -11.6353 -18.4678 11.106 -9.53833 
-13.0396 -14.6775 22.1416 4.62402 -37.7219 -21.8293 -24.9741 -13.198 6.08569 -29.0701 
-2.52393 -20.5564 3.05933 -11.6287 -12.8464 -1.78003 18.291 -37.1897 0.013916 -22.3752 
16.4136 -21.6643 -3.62207 -12.521 -11.2654 0.105713 -1.26758 -6.78442 -7.07007 -7.17896 
-18.5168 -19.6001 -8.41895 -16.6516 13.2441 -21.8091 -16.1716 -2.85107 -7.88184 -15.718 
-19.4058 -25.4397 -15.4663 -2.68677 -21.4307 16.7957 -11.9888 -18.1318 10.3933 -23.4905 
16.0029 -22.5752 -0.890381 -11.5042 -8.64917 -0.947754 -0.871338 -8.29785 -5.29541 -5.62891 
-7.75415 -16.0405 12.7432 6.92871 -31.5183 -15.739 -31.6641 -18.7268 -0.0490723 -22.6233 
-1.9668 11.1421 5.7312 -12.2734 -17.0359 -13.9626 -5.87939 -16.8633 1.64819 -10.5505 
-2.82422 -8.0835 7.77173 0.599365 -34.8772 -7.40967 -14.135 -14.0842 7.65186 -18.5754 
-6.93018 -33.9192 4.95874 -14.8965 -16.9573 -2.28491 19.2815 -44.0583 3.80029 -13.6833 
-19.3811 -3.10742 -2.50977 -0.658691 -24.3777 -27.1797 -24.8557 10.4148 -7.30298 -9.1228 
-14.8308 -11.7766 -15.9258 -1.51514 -13.9233 15.1841 -7.00757 -11.314 3.05566 -17.5737 
-25.7444 -21.2859 -18.9875 -6.33789 -2.37207 -25.9495 -25.3477 -1.47461 -11.9036 13.7483 
-15.3235 -5.18115 -7.4707 -7.41064 -4.86304 -20.5676 -16.8853 -1.1748 -6.62402 8.99219 
-12.5198 -12.0437 5.08252 12.7009 -40.134 -10.7349 -31.032 -21.7974 6.03149 -10.8589 
16.7986 -24.072 -9.15063 -18.0649 -6.32397 -1.37549 -5.26904 -5 -13.3914 -6.51392 
-10.9277 -14.5325 5.68164 10.4824 -41.8098 -6.96362 -38.6646 -22.5374 1.95459 -5.92456 
-6.00391 10.9248 -0.401611 -7.92676 -14.9912 -16.6753 -8.64331 -13.5967 1.47534 -15.8345 
-20.98 -10.4275 -9.16919 -12.656 11.8911 -20.5564 -11.2654 -7.0166 -4.81958 -3.60693 
-21.9585 -5.20532 -19.7581 -13.2605 10.7598 -19.5552 -14.1943 -0.389648 -3.30225 -0.845215 
14.1116 -22.6204 -1.09058 -6.5603 -14.4792 -3.03613 -5.64038 -8.30835 -8.07251 -1.8374 
-12.979 -10.4216 -8.38257 -10.9692 12.5981 -21.6047 -8.56714 -7.00269 -9.03735 -12.9617 
-12.7732 -5.00806 -13.1265 -8.10962 -5.92725 -14.7363 -20.3894 -0.264893 0.428955 10.5608 
13.4873 -14.6252 1.43384 -10.3511 -16.2793 -7.08862 -3.98438 -6.18823 -4.09253 -1.92529 
1.08716 8.7002 -1.05591 -14.1079 -10.7842 -15.0049 -4.67236 -12.4053 1.60815 -3.59473 
-7.271 -13.3081 14.0322 3.19116 -17.8115 -5.74292 -7.00073 -16.053 -0.977783 -20.1794 
-13.6506 -13.4365 3.15186 6.85181 -31.6243 -1.28125 -34.5237 -16.8816 6.6167 -1.47095 
-0.616455 -13.0093 -4.42383 -0.657227 -12.9619 4.71631 -1.66748 -12.0833 4.49609 -18.2991 
3.98413 -20.6882 1.63599 -9.2146 0.139404 -9.00366 12.7632 -21.7937 -3.60449 -17.5466 
-11.3254 -11.6855 -10.1877 -11.5398 -13.46 -17.8958 -20.7395 11.1809 -10.1506 6.42432 
-1.60083 -9.87866 -2.50537 -4.34448 -14.2026 -3.8894 -16.0393 -5.85059 8.41479 -2.74561 
17.4517 -18.2979 3.52515 -8.50391 -25.7146 -2.80981 -3.63525 -12.8105 0.209717 -4.42993 
3.47729 8.16992 3.37134 -9.1084 -14.2454 -18.165 -6.46655 -12.384 4.04541 -13.4956 
-4.80298 -18.8606 10.3425 -1.79736 -8.15918 -10.6597 -9.65552 -18.8701 -6.06128 -2.6958 
-8.52759 -15.3035 5.13623 5.1377 -13.9165 -4.67212 -8.14453 -12.8755 -1.87207 -18.4302 
-5.24829 -9.44727 2.43384 2.38257 -15.9949 5.22827 1.73755 -12.8542 2.55103 -20.3394 
-3.28271 -15.5688 -0.231689 -3.77856 -17.3379 -3.66113 2.6499 -23.6575 0.303467 -10.4497 
-14.4404 -8.7605 -12.9177 1.71851 -21.6096 -19.3574 -21.6929 9.14673 -8.87915 2.17944 
-0.903076 -6.41553 -2.46021 -3.41626 -21.2139 -7.02979 -11.8674 -10.7764 6.2854 1.69116 
-8.59155 -10.5989 -7.31543 -8.66504 -9.50586 -15.186 -13.2761 -4.69312 1.84912 7.95972 
16.3411 -18.814 -0.807617 -12.4851 -23.7124 3.07324 -6.50952 -7.18506 -4.91455 -4.31592 
1.85083 6.75757 3.82715 -7.90186 -13.2874 -17.3362 -6.27051 -11.1746 4.20972 -14.1208 
-18.4377 -14.5903 16.2627 3.55347 -13.4612 -16.2007 -12.0181 -23.6375 -2.22827 -17.2485 
-14.5112 -15.832 10.7207 11.0598 -25.1226 -11.1741 -18.0239 -16.5112 5.78613 -22.7749 
-5.21777 -9.70947 -4.25464 -5.79907 -10.4094 7.75806 2.62939 -7.17407 -0.0766602 -13.2803 
-3.25024 -18.2725 1.20874 -1.12036 -16.1443 -5.64258 5.03882 -29.5984 1.08545 -12.1343 
-15.5659 -3.14404 -5.5708 -3.84375 -11.314 -19.1816 -18.562 5.21118 0.942627 -5.42261 
4.89063 -9.34204 2.02466 -0.493896 -22.1685 -11.4993 -11.1196 -13.6731 8.23828 -4.92969 
-13.1313 -6.71899 -13.7004 -9.38623 -6.2793 -9.32715 -14.4963 -2.9834 2.04395 7.41138 
-14.0728 -9.76318 -6.86035 -6.8252 -4.92627 -20.6438 -14.7075 -2.03271 -6.47119 7.10181 
-17.791 -8.16187 -16.8542 -6.3645 -17.8496 -16.1877 -21.4438 9.94409 -8.64282 3.77368 
13.6599 -20.6055 -0.567627 -7.28516 -7.20288 -11.0962 -5.69849 -7.24487 -7.38525 0.133789 
-14.0405 -12.9211 -7.76074 -6.94824 -9.30371 -18.1597 -18.0581 -4.39233 0.0383301 9.06665 
12.9453 -12.1448 2.89917 -5.78711 -27.3389 0.885986 -8.15723 -9.5769 -1.23828 -1.77368 
-3.84692 11.7095 4.19385 -8.37573 -14.0408 -22.519 -9.34448 -10.8936 3.10425 -23.4548 
-12.5684 -14.5229 -9.70874 -6.05127 -17.0964 10.0244 -17.2292 -6.91528 -3.19238 -5.66187 
-2.03638 -4.6687 7.63208 0.998291 -34.7952 -7.37109 -10.0134 -19.4626 9.73096 -13.7073 
0.811035 -6.0293 2.55127 -0.82251 -24.3123 -12.0437 -5.84497 -20.2063 9.24438 -5.51709 
17.0696 -16.0833 -1.88745 -15.748 -17.0251 -2.04248 -2.62769 -7.43408 -3.79272 -2.26807 
-4.82715 -14.4119 -7.37134 -7.74854 -12.7141 -16.3875 -14.2292 -8.1521 -0.773438 5.79614 
-11.8206 -15.3018 -3.36475 11.8828 -23.1755 -2.50977 -10.656 -18.8147 3.46533 -18.9109 
-11.373 -12.1287 12.3777 -5.62671 -3.74268 -3.04663 -8.07471 -14.9468 -10.2944 -9.21387 
-10.583 0.692139 -6.7312 -5.71753 -11.2856 -20.5261 -18.9902 4.90869 -4.63916 -6.18823 
-1.16528 -11.519 2.79663 -0.742676 -28.2324 -12.0754 -16.1165 -11.6836 9.9729 -6.5769 
-18.1516 -19.4609 -7.53589 -15.1353 11.4722 -19.2866 -15.4524 -11.3057 -6.45459 -11.2822 
-10.9636 -18.4333 -1.76245 -9.31934 -2.69995 -10.2207 16.8228 -23.5188 -3.07349 -18.2649 
-8.84497 13.3943 3.45386 -9.33374 -10.04 -21.25 -9.77686 -9.93188 -2.35547 -20.1895 
16.731 -16.8984 5.59814 -7.59082 -27.5613 -7.21899 -5.72168 -12.7507 -1.24658 -6.01367 
-10.9634 -11.9456 -2.80396 -10.7986 12.4424 -18.1519 -8.87305 -5.03687 -12.251 -20.6951 
-13.405 -10.0757 -4.54736 -5.03613 -14.6255 -22.1958 -18.1956 -6.08203 2.68774 8.79907 
-12.2124 -21.8574 2.55103 -11.4541 7.80591 -19.646 -13.6082 -15.5503 -15.8857 -10.1042 
-11.5415 -21.8752 12.6714 -6.11279 2.16406 -3.96655 -9.13452 -17.7236 -14.5884 -6.22412 
13.6992 -17.3647 -3.22998 -11.9314 -10.4294 -1.34863 -1.78979 -7.94287 -2.82666 -2.28784 
-10.2419 -11.9104 -5.71411 -8.6853 -9.3042 9.70386 -22.4829 -5.69312 -6.36108 -5.12354 
15.0225 -23.0239 -3.95264 -11.5681 -14.9624 2.88257 -1.69482 -8.7771 -5.98975 -5.20776 
-3.68286 11.1431 0.568115 -6.93799 -8.68823 -20.2637 -10.1494 -6.51807 -3.3374 -11.947 
1.33936 -22.8816 4.83691 -3.77588 -11.417 -10.5232 9.45947 -23.6267 1.55957 -14.0386 
-17.5681 -3.22876 -18.0288 -6.76343 -7.32104 -10.365 -19.1904 -3.53271 -2.41528 10.415 
-7.27734 -16.0154 -6.15308 9.19702 -23.9207 -0.255859 -15.2954 -26.8638 7.14282 -5.77417 
-12.1416 -20.9978 21.1746 -2.08423 -22.8281 -10.345 -9.94141 -12.9312 -3.85718 -27.6575 
-7.99219 -9.47192 -6.25903 -5.95459 -10.1833 -14.6062 -13.2339 -4.1377 -1.54541 7.64404 
-2.39478 7.94189 -1.01611 -5.2417 -9.06299 -18.3826 -5.59473 -9.59058 1.67041 -10.0767 
-9.58325 -8.08398 1.67407 -1.60718 -8.66943 -6.91309 6.89209 -26.6499 3.21216 -10.8635 
10.7183 -14.4119 -0.667969 -6.23364 -8.31445 -2.04248 -2.59717 -8.00806 -1.3894 -2.67383 
0.380859 6.6499 -3.573 -8.28027 -9.8103 -15.1743 -3.64917 -6.99536 3.54419 -6.27026 
-0.24707 8.91138 1.92993 -9.11035 -13.2148 -20.7065 -4.23853 -11.6777 4.75952 -17.0791 
-5.04736 -11.0559 -9.10767 -9.57837 -22.3 -3.1875 -9.63672 -13.2507 10.8479 0.923096 
-8.44604 -5.96167 -11.5845 -5.69849 -13.7019 -16.9741 -22.8643 3.93066 1.26904 3.43774 
-13.2756 -4.49609 -6.18433 -4.4729 -20.7825 -19.9629 -21.3977 5.36646 1.39771 -7.93994 
-2.84741 -21.0591 1.64844 -4.64697 -15.1233 -7.32227 12.7502 -37.1997 4.08618 -17.4063 
-7.82715 -3.21948 9.44824 8.375 -21.7949 -10.5862 -13.2173 -8.64185 7.37695 -12.3066 
-11.0132 -12.2229 2.40137 -4.26074 -10.6418 -4.44751 11.1099 -24.4949 2.20313 -15.7969 
12.9253 -20.4438 -2.65283 -8.39502 -11.9094 -0.719482 -3.10913 -5.91235 -10.2175 -0.202393 
-15.2727 -8.4082 -18.0803 -2.32886 -20.833 -24.8955 -24.4595 11.0044 -10.5691 -1.9353 
-8.43115 -10.2341 6.83618 -0.346191 -8.25806 -10.1807 -8.14258 -21.0793 5.72046 -0.47998 
-10.585 -15.5439 -5.22485 -12.9902 8.22876 -23.8818 -9.28711 -13.0947 -5.23804 -12.5483 
-4.35034 10.1572 4.17725 -11.3862 -8.22339 -24.658 -8.19385 -9.20557 0.446777 -20.2727 
-14.761 -2.6543 -10.678 -5.21289 -13.8223 -16.0549 -21.8457 4.04834 2.39258 -2.02319 
16.3052 -16.9954 2.01636 -8.79321 -25.2214 -6.47168 -3.06152 -10.0447 -3.37598 -2.08252 
-4.68286 -16.5103 1.74341 -0.898926 -11.5081 -7.0105 6.51489 -28.3462 2.23804 -10.6313 
-11.5029 -7.87866 -12.5559 -8.47217 -10.1057 -11.6877 -19.0195 3.6311 3.46924 -0.0625 
0.182861 10.126 3.73657 -10.3733 -12.2786 -18.2161 -6.03833 -12.3828 3.51782 -17.106 
0.99585 -36.6057 14.1951 -3.01123 -9.48804 -12.1816 -2.80493 -20.0278 -9.21997 -3.24512 
-3.45752 -11.9507 -4.77783 -4.44678 -13.6921 7.60767 4.52539 -7.70117 -0.611816 -16.2568 
3.53857 -9.81665 0.995361 -3.42578 -23.2651 -6.12207 -9.86157 -10.1506 8.13086 -4.53271 
0.123535 10.4583 4.9917 -9.9812 -14.1292 -20.5618 -7.54932 -10.6653 3.85571 -20.2161 
-1.71021 3.34888 -2.08691 -4.9834 -9.39453 -6.1084 0.75708 -18.6465 2.61646 -13.6064 
-2.46509 -24.4004 12.6726 -3.19165 -3.59351 -4.69238 -4.43628 -15.8843 -7.20679 -14.1331 
-4.88037 -5.11841 -0.428467 -2.43042 -19.6255 -5.03052 -9.92017 -13.311 10.0476 -9.92749 
-10.9084 -3.80713 -11.0645 -6.5647 -10.989 -13.8318 -19.1096 5.34521 0.0090332 -0.713135 
-3.28345 -15.9009 1.28589 0.187744 -6.39893 -6.0271 7.38257 -25.7053 1.01074 -9.85522 
-2.92456 -7.57788 -2.3457 -5.4082 -22.2966 -3.87256 -13.8049 -12.8467 8.94434 -3.38843 
-9.99194 3.24194 -4.60864 -3.02563 -13.8997 -18.3279 -14.3889 2.00586 -1.83228 -3.38379 
2.69409 4.38428 1.30396 -8.69214 -13.0125 -18.2205 -3.3833 -9.7644 3.44116 -15.9192 
-6.92773 -24.0774 2.46753 -1.70215 2.17334 -7.12158 11.1384 -24.408 -0.793701 -11.9211 
-14.7771 -2.36768 13.9353 -3.15259 -9.21191 -5.54932 -10.3596 -25.6355 -3.23657 -13.2629 
-23.0537 -6.51514 -15.6909 -8.03345 -7.42847 -13.5056 -21.3313 -3.45288 -2.72876 10.9604 
-22.5762 -19.1423 1.13037 15.5464 -27.0144 -3.01294 -38.7905 -33.48 -7.44556 -8.67798 
20.3569 -25.4192 -0.97998 -14.3892 -15.946 -11.0891 -14.3726 -7.79248 -27.6255 -5.46582 
-8.21851 8.05273 -11.8247 -9.75732 -12.8035 -10.7651 -4.98096 -6.4834 4.06445 -6.49536 
-14.02 -5.88623 20.7107 -0.762695 -30.1008 -14.8076 -11.5703 3.82739 1.13696 -36.6245 
-8.71997 -10.8745 -5.8103 8.38037 -26.2874 -9.22705 -25.7651 -12.3533 -5.73267 -1.80054 
-15.2537 -8.48608 -6.24292 -9.07935 10.5371 -19.6714 -8.55933 -7.2583 -2.30029 -12.8215 
-17.561 -21.5396 -16.6138 -10.6572 -26.7695 10.095 1.37842 -29.2964 -7.23877 -5.91846 
-18.4106 -21.4941 4.48267 -15.9487 -4.31128 -5.85425 17.426 -35.6272 2.13159 -15.0891 
-7.79517 -8.5354 -4.88818 -2.75 -21.4473 -18.6418 -27.2998 11.4714 -13.1064 -3.2627 
0.696777 -11.3552 0.343994 -9.62988 -25.3091 -17.2905 -8.19775 -16.126 9.96997 -7.07056 
-21.2676 -8.54297 -19.4983 -7.52417 -6.71851 -10.3113 -16.3276 -5.3728 1.44727 10.6821 
18.0291 -20.6724 -8.99463 -17.532 -13.3359 -3.84375 -5.46094 -3.92017 -16.0205 -5.59375 
-2.60254 10.0657 -0.0383301 -14.8613 -13.4607 -14.2222 -5.6626 -12.7866 1.03027 -12.0552 
-5.49146 -22.3213 13.4319 0.226807 -13.5212 -17.2131 -4.2832 -18.2668 -2.47998 -24.4763 
-15.7251 -10.2419 6.15552 8.29517 -30.6458 -16.4539 -37.3501 -13.0559 1.92773 -6.59448 
-14.0254 -6.91406 -8.49316 -11.3086 12.5823 -22.1182 -6.00928 -6.56445 -5.89429 -11.946 
-7.04224 -14.8306 -1.7627 -5.24097 -48.5425 7.09351 -9.94434 -15.7847 -1.61621 -11.3989 
-18.3064 -8.55542 0.341064 -5.7395 -3.51782 -4.29932 12.1338 -23.4651 -2.98755 -13.2639 
-11.0608 -7.17114 -0.918701 -2.35254 -18.9822 -21.5959 -21.4417 12.2742 -7.34082 -9.83838 
-4.66797 -9.48999 -0.677734 -6.63452 -14.2603 -12.2361 -5.99951 -9.88574 6.06128 -4.1167 
-16.9861 -4.20947 -12.6819 -4.84863 -1.44238 -12.2068 -20.6238 -0.806152 -4.93481 10.8555 
21.9041 -23.9553 -11.3938 -20.1367 -24.2793 -2.39551 -3.84277 -9.90942 -25.5818 -8.07666 
-4.3689 9.67749 -2.302 -8.95459 -11.3525 -15.6729 -8.32129 -11.1689 2.92383 -10.0696 
-8.36768 -11.6064 12.8411 1.08325 -8.53833 -11.519 -3.18652 -4.62036 -2.77612 -24.3103 
-21.489 -8.0896 5.50415 15.6211 -33.802 -8.00952 -40.5732 -23.3728 -12.7434 -18.9695 
-15.0042 -5.34351 -14.1389 -12.2207 10.5713 -17.3335 -16.1658 -0.197266 -2.30835 -7.50659 
-20.6021 -23.7434 -11.4231 5.38599 -20.4985 12.2097 -17.4148 -13.6963 -0.541992 -11.8359 
-5.84253 -26.1934 -1.55566 -13.5208 -11.4033 -2.45728 16.1738 -31.1167 -2.07227 -14.8474 
-7.24365 -11.2825 -5.27417 1.40942 -31.7778 -26.3491 -25.0291 12.6697 -7.80322 -7.84155 
-2.86279 -5.927 0.529541 -4.83716 -25.3828 -12.3101 -9.38452 -10.4817 9.46924 -8.31128 
-27.748 -15.7285 -14.1848 -10.3784 1.21655 -15.6907 -17.8032 -4.20239 -2.27661 11.79 
-0.253174 -16.2712 -0.795898 -7.76294 -24.656 -13.1196 -9.79175 -10.2502 7.99219 -3.27124 
-14.1021 -5.20117 -7.82373 -7.81299 -6.08765 -12.2168 -13.2429 -4.12207 3.0752 6.16113 
-28.7861 -24.5776 -20.9082 -5.44727 -39.6489 12.9614 -25.79 -23.0325 -16.2437 9.23901 
-6.82007 -8.7666 0.830322 -0.279297 -33.6733 -27.3037 -28.1536 12.8169 -7.23804 -11.866 
19.0618 -28.4077 -0.206299 -11.9255 -22.4617 -5.4436 -6.97363 -13.0916 -10.7671 -3.71606 
-20.5144 -10.7871 4.02881 17.8757 -48.4878 -10.8972 -38.2073 -24.9365 -12.0906 -13.7017 
-6.50415 9.13623 -1.75659 -8.69751 -13.498 -9.99463 -3.73071 -13.2058 2.19727 -17.2078 
-13.875 -5.49023 -5.68774 -17.6301 -9.78052 -3.26074 18.4263 -33.501 1.15576 -16.707 
-1.36597 -11.3945 -3.39355 -11.9177 -25.5969 -20.6475 -16.8433 -6.68188 9.65771 -2.99976 
-21.1614 -3.59131 -10.4939 -10.5872 11.2446 -26.6968 -10.9331 -6.67041 -3.98022 -8.07397 
-6.38428 11.4575 3.52588 -6.39526 -13.2358 -18.7131 -11.6633 -10.4141 0.23877 -20.5688 
-11.9072 -27.6895 -18.6985 -3.4126 -16.3345 13.4124 -15.7461 -10.2346 -0.77832 -4.37964 
-5.94043 -14.8472 -0.146729 -2.91504 -6.18066 -0.338135 7.28491 -23.1594 2.18164 -12.177 
-11.3279 -16.6323 -2.2417 -11.7092 9.20313 -21.5979 -10.1877 -17.342 -10.8784 -9.67651 
-25.3711 -2.02344 25.8484 0.123047 -34.5767 -16.0747 -17.5898 -3.26294 -3.66748 -44.1545 
-3.67896 -7.01831 6.68774 1.23608 -26.1167 -17.7646 -20.0339 7.01465 -2.8335 -18.2397 
0.0319824 -17.7754 1.59253 -6.77197 -27.071 -13.9402 -14.6763 -12.8237 10.5793 -2.44287 
-5.12744 8.29102 -5.03223 -8.3103 -13.4443 -15.865 -7.48291 -10.5371 1.36279 -13.0945 
-21.4329 -8.28979 5.63354 13.6558 -35.5708 -3.57178 -41.5764 -22.7544 -6.47583 -11.1038 
-12.6326 -0.0498047 -10.8049 -11.0212 6.6311 -14.8948 -7.83521 -3.50146 1.91675 -4.28394 
-20.6108 -3.14819 2.30371 10.8667 -36.864 -1.80029 -48.0955 -19.0461 -14.4514 1.70605 
-9.36548 -7.26685 -10.915 -15.0137 8.20215 -12.738 -11.0723 -5.36084 -5.53149 -4.70776 
-5.23145 -6.01416 0.871826 0.134277 -26.251 -18.7246 -20.9373 3.37329 1.06909 -8.27393 
-0.970947 -16.342 13.2661 -1.23535 -27.156 -17.7378 -0.571533 -14.5354 1.66138 -29.2612 
14.6792 -16.5864 2.1936 -7.25391 -17.9165 -6.65918 -5.15576 -9.91406 -1.77441 -3.63135 
-9.87744 -32.0447 -12.0449 -5.54785 -16.9058 10.6003 -0.705322 -14.1997 1.14087 -7.08301 
14.897 -24.7939 -4.46362 -13.5137 -4.4397 -6.95825 -5.46265 -4.34204 -13.9956 -1.60693 
-1.85669 7.36719 -5.31226 -10.3621 -14.5776 -12.0884 -3.69678 -9.44092 4.11597 -6.88232 
-12.8828 -6.12866 -16.4414 -10.2031 -0.982422 -15.7664 -15.3843 -0.647461 1.09497 7.59375 
-24.8103 -1.52319 22.3472 -2.37988 -24.0447 -12.1077 -12.751 -7.64478 -5.13086 -36.5759 
-14.6099 -6.97412 1.70117 9.56152 -33.9558 -3.56982 -40.8167 -11.7444 -13.4983 -1.03833 
-5.29468 -21.1738 14.7485 3.67969 -22.0254 -6.69873 -4.64795 -8.58374 -6.31567 -24.9758 
-19.9001 -7.63818 -1.96411 12.3411 -32.4041 -8.09912 -45.897 -23.0608 -12.1658 -5.05444 
-2.69263 -21.564 -8.86084 -6.32642 -9.62988 9.2937 -2.4812 -9.96362 2.69043 -13.4722 
-19.2065 -16.7808 -20.8508 1.96631 -29.02 16.2954 -20.3242 -21.1643 1.38379 -8.66699 
-13.123 -10.0823 -1.01904 1.35962 -26.9216 -19.1672 -25.1326 11.9685 -8.52563 -10.8005 
-2.89453 -27.8027 -1.79761 -16.251 -16.165 -5.64355 -13.0625 -11.5454 11.3503 -10.7021 
-6.8208 -14.1582 0.641357 -11.9038 8.31348 -22.25 -8.35596 -14.3413 -20.8743 -14.3691 
-23.0862 -14.114 -13.675 -3.44067 -8.12476 -20.4153 -23.9595 -5.32886 -4.10718 10.8015 
-16.7456 -8.1936 -21.1699 -2.88281 -11.1699 -7.89355 -20.7568 -3.71558 -1.24268 10.4644 
-7.15137 -1.7146 -1.13843 0.387207 -26.2661 -24.821 -23.3311 5.2395 -3.62915 -8.48315 
-0.104248 8.94434 -0.110107 -15.8391 -13.7439 -8.38354 2.88062 -12.9688 2.29004 -14.9832 
-9.39038 10.1958 0.450439 -6.80347 -9.28809 -15.2051 -8.80005 -6.66675 1.17383 -16.5266 
-20.6187 -14.4133 -23.687 -3.52319 -5.44531 -7.79639 -19.9641 -0.592285 -2.64185 12.2332 
17.4429 -23.8286 -0.027832 -11.9324 -15.637 -5.19507 -1.01221 -15.7607 -2.13184 -4.56104 
-2.29492 -4.49243 4.80981 2.87915 -31.2783 -23.2302 -24.5093 7.70264 -1.92773 -10.8596 
3.49585 -22.1309 4.34131 -8.73242 -35.335 -17.1787 -14.9368 -13.3325 10.6377 -4.86206 
-6.52759 -14.7964 7.77222 8.4231 -34.0071 -12.635 -24.8557 -10.782 4.22656 -12.9858 
-8.76343 -7.97412 -7.52539 -10.4348 7.34644 -13.4514 -6.99609 -2.10205 -4.78296 -10.9346 
-4.5918 -5.87549 -3.38135 -5.12378 -10.5698 -7.64844 -2.49658 -14.6233 6.38354 -12.3496 
-4.97534 -27.2146 0.244141 -19.8943 -14.0894 -0.413818 21.9172 -33.2803 -2.01123 -28.9856 
-12.0264 -11.9116 3.08008 8.02881 -28.0576 -9.37646 -36.1218 -14.7488 -2.30176 -8.82422 
-2.03369 -29.7126 -0.43457 -7.92676 -21.9487 -2.96484 -17.6384 -15.908 13.6853 -2.83765 
15.0295 -23.199 1.27661 -11.8293 -11.5632 -7.71387 -5.60889 -8.24243 -8.75977 -2.35693 
-27.1328 -18.3381 -18.8125 -4.33472 -1.95972 -16.2227 -22.9358 -2.52588 -6.6228 13.4802 
-11.6189 -19.3467 -2.21704 -11.1584 -3.94409 -7.91138 15.2578 -24.384 -7.03784 -12.8687 
-5.73877 -9.4541 11.8652 3.27905 -16.5005 -12.9187 -6.87842 -4.27954 -0.894043 -27.5317 
-9.646 5.31665 -5.99902 -6.93237 -10.6804 -0.170898 -6.6189 -13.0542 4.24487 -13.0784 
15.885 -25.0962 -7.90552 -14.0007 -6.42847 -2.8335 -2.06494 -5.06592 -12.1973 -0.957764 
-1.17749 9.57837 -2.79956 -11.7085 -14.4817 -13.0564 -4.68701 -14.865 1.88306 -9.03979 
14.1006 -19.0232 3.58374 -7.13599 -17.7639 -4.67505 -5.02441 -10.4082 -3.97559 0.240723 
-13.833 -14.4692 1.23877 -11.0376 -6.21167 -4.58228 14.2483 -32.021 -2.22192 -17.6516 
-14.3982 -30.0781 24.5437 -3.27466 -11.9021 -18.9119 0.895752 -20.1836 -6.26514 -48.6692 
-24.6663 -18.7886 5.37598 16.0059 -44.9104 -10.9749 -45.9749 -30.5181 -1.12109 -13.2551 
-1.93066 -19.1755 2.65479 -4.44312 -32.7075 -16.9165 -14.0388 -11.7131 10.9678 -4.63916 
-17.2852 -2.48706 -15.4138 -8.72339 2.82886 -12.5317 -13.1714 -4.00195 -0.263184 8.84277 
14.5562 -19.2378 3.17603 -8.81104 -10.1931 -4.90845 -2.1001 -13.8953 -0.86792 -1.99487 
-2.66113 -5.59814 4.47119 0.862305 -18.8396 -12.5391 -15.5442 7.05371 -3.87866 -8.94507 
-18.7173 -6.55566 19.5454 -2.5979 -20.051 -3.49951 -10.4109 -1.63721 -8.2146 -31.8701 
-12.1802 -12.5647 -1.63281 9.63867 -35.7407 -3.03711 -36.7131 -14.5745 -13.5542 2.10522 
-19.4878 -5.84302 -7.24707 -11.8416 11.5803 -16.5234 -10.7092 -8.66479 -2.18042 -3.02051 
-16.4248 -14.1187 -9.25049 1.73022 -35.7231 7.89673 -24.3328 -20.2671 -10.1362 2.27905 
-19.0967 -18.4573 -13.1523 1.52344 -36.2559 9.75806 -20.3333 -24.5652 -3.57813 -3.92285 
-18.7429 -11.7842 23.2087 -1.57349 -19.8879 -10.3506 -6.93945 -13.6104 -10.1147 -37.4622 
0.761475 -15.1189 -0.165283 -3.95654 -26.1519 -16.3159 -13.3357 -11.1809 9.43652 -2.37769 
-14.5977 -27.2944 -12.1782 -6.83594 -31.6584 11.2327 -8.98486 -14.9229 3.60669 -11.2651 
-17.176 -15.8105 -11.3655 -13.116 10.0881 -15.0413 -13.6177 -9.28979 -2.8855 -3.05127 
-16.4165 -22.0493 3.65308 -12.4163 -5.47949 -9.052 16.7146 -34.4109 0.705566 -24.01 
-15.0806 -16.0427 -0.303223 -5.05493 -5.40356 -2.55615 14.4138 -22.8259 -1.63501 -18.582 
-13.5876 -11.1865 0.818359 -6.90796 -2.0354 -4.97485 14.0154 -26.9893 -4.06763 -17.2402 
-1.23535 -11.3472 4.01489 1.04126 -31.3882 -27.6484 -23.7957 7.05029 1.20337 -11.5481 
-10.9656 0.642822 -10.9829 -6.49194 -6.18945 -10.7549 -15.95 -1.49438 -1.26636 7.04736 
-4.2373 10.5435 4.6853 -9.19312 -14.8218 -16.6331 -7.50098 -12.4033 1.48657 -19.8455 
-3.87183 -7.78394 -4.50342 -9.85645 -28.8066 -15.3801 -10.7341 -8.71606 11.2292 -7.77344 
-1.91504 -16.7212 9.3584 0.0222168 -14.7407 -4.76611 0.743408 -9.19556 -2.0957 -22.0552 
-7.68994 6.97852 -8.98267 -8.21606 -11.9443 -12.8315 -8.02588 -12.5115 1.81128 -6.87109 
-13.1963 -22.1387 -14.1753 -9.99756 -25.8899 4.17188 -1.10669 -17.7295 0.491943 -8.98608 
-8.87451 -10.583 9.57251 12.3066 -31.3191 -12.4792 -31.4727 -20.4189 -0.197266 -20.6897 
-18.4104 -11.1343 -8.91626 -11.9963 13.1035 -21.835 -10.7129 -0.357422 -6.64038 -10.4319 
-10.8074 -8.65649 -4.33179 4.40674 -29.9792 -24.9563 -26.5105 11.3398 -9.53735 -2.45752 
-29.5503 -20.3218 -18.6399 -5.71997 -6.71899 -18.5378 -25.8489 -3.18945 -5.01099 13.8923 
-18.4333 -13.5422 -7.37402 -13.6274 11.4529 -24.9526 -8.33203 -11.0896 -5.99805 -7.41846 
13.4275 -14.0012 2.74829 -4.56152 -21.9868 -5.24512 -4.32471 -10.7634 -3.2146 -2.40869 
17.4785 -26.5425 -5.35864 -14.1272 -23.8376 -4.23389 -12.1162 -5.77319 -17.5256 -0.0539551 
18.2908 -30.6934 -5.93823 -16.9585 -19.1421 -13.4668 -12.1497 -2.40723 -19.8455 1.90015 
-9.72192 7.23389 -10.7771 -5.82104 -9.68164 -13.938 -8.32104 -10.78 4.15381 -5.21338 
-9.6853 7.46582 12.5574 0.419189 -33.5122 -11.9868 -10.6057 -24.8752 6.33203 -18.5903 
-11.9617 -4.25854 -6.93579 9.45532 -32.0569 -4.8335 -33.095 -21.0337 -3.59766 0.709229 
-11.7256 0.681885 -2.59521 -3.60254 1.67065 -10.5037 -8.729 -6.37573 -0.104492 -1.50879 
-3.28516 -9.68555 -12.5691 -14.9902 -29.8638 1.75513 -2.45239 -23.3567 7.18188 -8.02124 
-5.13501 -2.35571 -0.388916 -9.84253 -8.96143 -3.66699 12.9036 -24.7004 3.00464 -24.0266 
-9.49683 -2.6604 -7.52515 3.16235 -31.0417 -18.5007 -25.3657 5.80371 2.64502 -3.04932 
-0.51001 2.23975 -4.8479 -8.48486 -12.2578 -9.61914 -7.0874 -9.19043 3.69751 -3.88159 
-13.8794 1.08032 -18.7852 -6.00171 -5.80054 -8.71606 -19.4709 -2.73755 -0.658447 8.92212 
16.46 -14.6094 4.479 -10.2615 -35.1628 -5.24585 -11.1343 -10.0645 1.83057 -7.26025 
-10.6953 8.11255 -12.106 -5.20386 -10.3062 -15.9292 -9.38647 -3.9895 5.22681 -6.28638 
-12.9141 5.45605 14.8496 4.30005 -38.4875 -13.4558 -19.0681 -18.4661 1.29224 -20.9365 
-14.5696 -9.52319 -5.18921 11.4993 -28.8149 -6.45361 -35.0208 -21.1785 -10.342 -2.97266 
-8.64453 -0.358887 -4.51074 -4.79004 4.26929 -12.0659 -9.41699 -4.38403 -3.31592 1.6521 
-22.418 -7.04565 -26.0229 6.87012 -42.3022 11.3794 -32.4087 -17.2917 -19.6387 10.4814 
-5.6123 -5.36646 -6.00903 -2.11572 -5.83765 1.80054 10.4478 -14.7654 0.167236 -26.5659 
-13.9976 -7.75195 -15.6238 -0.462402 -21.9744 -12.4919 -25.3435 7.57788 -4.60645 4.01855 
-0.712646 2.12744 -7.1394 -5.93921 -19.2112 -5.91846 -4.32983 -12.9932 6.45093 -5.70337 
-17.1335 -1.96558 -12.7642 -8.35815 1.19092 -14.843 -20.7871 -1.52661 -2.05518 10.4082 
15.1433 -16.9136 3.77368 -12.7793 -24.9495 -10.8911 -10.3748 -11.0486 -1.98584 -2.40454 
-11.0049 7.13745 -9.69312 -2.91626 -12.4307 -14.4846 -11.8391 -9.90771 5.50562 -4.52515 
-15.8062 8.5564 19.8499 4.91797 -48.5754 -15.4087 -21.0693 -29.4949 2.85596 -28.7014 
-13.1597 -6.69482 -1.33057 10.4646 -30.6531 -11.3772 -29.6379 -15.3997 -7.13257 -10.105 
-7.47241 -4.2666 4.64746 -1.78857 3.10181 -9.51782 -1.69287 -11.7744 -1.44946 -5.62744 
-15.0371 -12.8762 -13.9968 -1.61035 -28.0862 7.90918 -21.5234 -17.25 -11.9482 5.39575 
-13.8369 -10.7883 1.63989 -12.1782 -7.0835 -4.89746 17.658 -33.5156 0.28418 -23.1938 
-18.7126 -10.5623 -10.1843 -6.50781 -0.10083 -12.3945 -13.3188 -4.57544 -1.58472 7.43555 
15.7061 -14.2283 3.67236 -10.4768 -23.4063 -7.23242 -4.92383 -7.61157 -2.64258 -5.06152 
-10.8701 8.67529 -12.4954 -5.26685 -7.91748 -17.1079 -10.7336 -3.17383 4.00146 -6.33032 
-11.1641 -7.2019 -4.84009 12.3464 -35.8115 -6.32715 -30.5874 -15.6265 -4.88843 -5.82275 
-10.2024 8.57349 -11.2893 -6.91211 -11.824 -14.2329 -11.3782 -4.75391 3.47729 -6.01782 
-25.6472 -27.1133 -31.0437 -12.3 -25.9314 14.6033 -15.3118 -20.0872 -7.84302 1.62988 
-7.00806 7.85986 -8.88306 -8.71826 -9.16724 -13.8721 -3.05298 -12.9094 2.2793 -9.71338 
-4.15137 1.55103 9.82544 -0.564209 -33.6965 -5.96582 -8.71802 -22.6462 7.65698 -17.5356 
-8.22583 -1.57422 -5.20239 -5.43506 3.34595 -10.7341 -6.48291 -8.6897 -3.8938 -3.8811 
-16.0327 0.14502 -14.5801 -8.99146 1.16626 -11.8025 -15.5269 -2.65503 -0.365234 8.05811 
-5.86426 2.22705 5.43213 -2.20313 -27.2795 -10.7395 -11.3933 -14.3372 7.68457 -12.3669 
-4.21704 2.18384 -3.49707 -6.18701 1.20483 -9.01538 1.46338 -13.6448 0.0661621 -6.75586 
-5.03027 -11.0735 -1.27954 -4.3457 -4.99634 -8.61353 13.6909 -18.2769 -1.24219 -19.8994 
4.88232 -12.74 3.65015 -4.21851 -27.6399 -10.8958 -9.99219 -17.7078 7.78467 -6.17993 
15.322 -28.7769 -5.43896 -15.5806 -5.90991 5.52051 2.95117 -12.0164 -12.5667 -12.3762 
-8.68848 8.55127 -5.91895 -8.67676 -6.65454 -14.0098 -10.7839 -6.40527 -0.727783 -9.23779 
-6.77612 9.146 -11.5112 -7.26074 -10.7927 -14.9426 -6.87207 -10.8638 4.51025 -9.78955 
-18.2842 -3.69653 -9.32764 -7.18677 1.79126 -11.0552 -14.9624 -3.7627 -1.64697 6.16772 
-7.53271 3.95288 13.6262 2.06592 -44.3225 -10.9683 -12.5747 -20.3672 7.38086 -25.0232 
-8.18359 -6.06787 -1.76904 -9.3291 -7.24854 -11.6406 14.7764 -21.5605 0.941162 -18.9541 
-1.97314 -6.56348 -3.39014 -9.34375 -11.4431 -5.03613 10.2729 -27.0022 3.61279 -15.7822 
-0.470703 2.37891 -5.45044 -5.13916 -12.74 -7.01001 -1.93604 -10.9688 4.6333 -4.50757 
-9.43701 0.391846 -3.74243 -4.05054 -20.7671 -15.2976 -21.9387 2.94336 -0.0759277 -1.18237 
-7.15039 -6.91992 -1.94873 -3.88135 -0.216309 -8.77686 -5.65234 -6.68945 -3.43799 -0.535645 
-12.9885 2.47437 14.0764 -0.428223 -19.9771 -13.2695 -15.7241 -14.1091 3.78906 -16.4517 
-18.0217 -0.342041 -14.8032 -9.84668 -1.04468 -14.4358 -19.6018 -3.02563 -2.41919 11.2842 
-15.2556 -2.68994 -8.55273 -4.56372 -17.9883 -12.4004 -24.7461 4.17041 -0.772705 1.24316 
15.7996 -22.3577 -1.37354 -9.7439 -20.1792 -8.60742 -8.37549 -10.4202 -9.79565 -1.32666 
-3.85156 -4.19067 12.1375 0.272461 -35.6628 -9.66479 -9.38306 -11.0881 6.59766 -20.7031 
-10.9165 9.75879 -11.8552 -7.29126 -9.52026 -16.7222 -8.66064 -3.92651 3.89795 -9.51025 
11.7217 -20.5825 -1.10059 -8.08276 -11.6145 -0.80127 -4.47681 -10.2363 -6.58398 -4.72192 
-3.51489 -8.87769 -0.649658 3.34082 -22.5945 0.756836 -17.3599 -11.2617 -0.635498 2.42163 
-2.74976 -23.2195 -4.62183 -11.3987 -6.45313 0.480469 13.7271 -31.3364 -2.42871 -9.34399 
20.6145 -16.9565 -10.6841 -16.2214 -26.9431 0.144775 -3.43091 -10.1211 -26.2385 -13.7234 
-6.17969 10.2375 2.69897 -12.0542 -18.6438 -16.7703 -7.13965 -15.4004 0.0268555 -18.5134 
-13.9695 -9.90063 19.4182 -8.04248 -7.60571 -8.97705 -10.9739 -11.1313 -12.4758 -29.9497 
-13.9873 -17.1677 -7.09644 13.3301 -40.1816 -18.1907 -32.0454 -6.28271 0.554443 -6.17139 
-16.0801 -11.3879 -7.22388 -9.51416 12.5935 -11.0896 -10.0518 -8.37354 -8.34692 -14.0295 
-14.6323 -26.4063 -20.3423 -11.531 -9.77808 13.7739 -8.25635 -14.585 7.85767 -8.27075 
-9.38477 -23.178 -5.17212 -15.4695 -10.2964 -6.61719 16.6162 -33.8655 -1.82935 -11.1526 
-13.2861 -11.9968 -7.70093 -1.34692 -25.7051 -27.4949 -27.6609 12.8892 -11.7959 -0.0615234 
-7.11475 -18.1086 0.157715 -8.75562 -25.4053 -7.86938 -11.9971 -13.4343 10.522 -13.5129 
-22.2542 -21.5317 -11.8066 -8.3103 -7.50122 -17.1882 -19.2527 -4.60669 -6.20264 9.18701 
21.479 -26.4021 -6.56104 -18.5994 -24.7058 -4.29834 -7.26953 -7.35474 -20.3179 0.147461 
-5.43188 5.97729 -1.81665 -12.2256 -15.9744 -9.96704 4.38135 -22.2183 3.75195 -19.9819 
-21.781 -8.59985 23.3503 0.555664 -24.8413 -12.2263 -12.9473 -12.3223 -4.36548 -39.4678 
-14.2993 -6.45825 -6.81616 11.595 -21.3352 -6.18188 -29.6069 -15.4133 -11.0696 -4.00903 
-21.4983 -15.6509 -12.4863 -12.978 10.5464 -15.0259 -13.9128 -3.47729 -5.35254 -3.14966 
-4.27588 -20.293 -6.79663 -5.67725 -11.2109 9.93433 -2.0813 -10.0911 2.43066 -14.2131 
-10.7046 -18.5984 -5.90942 -14.3635 -16.9258 -1.31567 18.2712 -34.9844 0.0583496 -14.2749 
-15.7725 -9.43335 -4.80664 -0.419434 -25.4492 -20.9438 -24.7878 13.2517 -8.27881 -8.08691 
-10.4766 -16.4443 -0.118896 -7.97803 -18.3091 -14.3069 -8.94653 -20.3694 11.3242 -12.6436 
-19.4758 -20.6443 -11.3264 -9.58765 -6.19287 -23.0374 -22.8494 1.44116 -5.68042 11.3464 
16.375 -15.834 0.137695 -11.9768 -22.728 -7.52588 -12.7856 -6.66113 -18.3657 -1.39478 
-9.51978 12.3303 3.91577 -10.2637 -17.4622 -21.3735 -8.09985 -9.59985 -0.734619 -25.3289 
-18.4602 -8.98218 17.6892 -0.376953 -27.7979 -15.7346 -16.1362 -7.49683 1.50073 -24.7368 
-20.5977 -15.4856 -1.20068 17.7449 -42.0154 -7.73999 -38.0833 -26.3022 -10.4958 -2.94604 
-17.4358 -16.7317 -13.4893 -11.5557 10.2915 -9.76929 -10.1604 -3.91846 -5.54297 -7.46997 
-5.07446 -30.2468 -11.3345 -7.95337 -9.22583 10.4888 -1.42261 -13.3931 -0.624756 -4.03589 
-8.77173 -9.93213 -2.62354 -6.59082 1.37744 2.55981 6.39185 -24.5071 -3.16504 -10.5564 
-3.36621 -3.25415 1.4209 0.412354 -23.2217 -26.0056 -22.2227 7.00098 -3.76758 -3.57446 
-5.8208 -6.19312 -1.36133 -2.23096 -21.8892 -11.208 -9.65088 -17.3896 7.82813 -11.8047 
-12.2776 -4.84888 -8.0459 -5.26294 -11.0054 -13.6643 -14.6418 -3.98657 -2.83301 9.05688 
-7.83398 -7.2334 -2.97046 -6.74951 -16.0498 -10.1567 -9.10083 -13.6809 8.45874 -9.48242 
-9.79541 -14.7012 -6.26929 -11.5168 -13.5452 -0.198486 13.6863 -31.3352 -2.76294 -9.97754 
-24.2722 -29.1699 -21.5593 -9.37256 -18.9128 12.0598 -21.3169 -9.52539 -4.73901 4.03003 
-23.2227 -13.9531 -18.2991 -4.61719 -7.96362 -14.5586 -23.7195 -4.23071 -3.2085 11.4707 
-6.51001 -0.250977 3.77563 0.455566 -21.4553 -17.4077 -20.8433 6.92871 -8.33789 -9.32031 
19.9883 -29.2942 -5.02515 -16.6201 -16.5542 -5.61353 -9.28467 -6.1123 -28.2163 -6.46436 
-23.4343 -3.26074 14.3545 0.108887 -20.4302 -4.5835 -16.2896 -7.39014 -7.27563 -25.5718 
-11.8577 -13.4717 -3.35718 7.87256 -24.6968 -6.60889 -30.7725 -14.8403 -5.96606 1.08643 
-15.6509 -9.55908 -11.9355 -12.5874 9.91138 -12.4319 -12.7505 0.368164 -9.91626 -7.2229 
-13.3174 -20.2732 -7.19092 11.7637 -45.1763 -8.47217 -38.8054 -13.7485 -7.48511 0.203613 
-13.2751 -24.3018 -10.4939 -9.3772 -18.3799 -2.65942 -20.0408 -14.3418 13.1724 -14.5823 
-7.26318 -26.1199 -13.6597 -3.77319 -12.8447 11.6411 -0.96167 -15.1167 2.98096 -11.6477 
-8.16406 10.5647 4.23975 -7.82959 -5.91748 -20.7849 -12.1143 -4.68872 -4.72705 -15.5906 
-3.2771 -14.748 -10.8699 2.34521 -9.27588 8.63623 -5.53125 -12.6606 -1.74268 -10.449 
-11.9329 -14.0515 18.0881 -2.18481 -15.9324 -16.5867 -9.41333 -13.4395 -2.93335 -24.8318 
-25.0725 -10.918 2.34229 16.8982 -41.8528 -11.1775 -31.4983 -13.946 -7.38354 -17.9761 
16.3345 -27.2461 -3.89624 -15.7744 0.212891 -3.92969 -4.12012 -3.18286 -15.3057 -4.59033 
-10.1824 13.2986 7.39673 -5.04346 -9.42261 -28.8877 -16.2825 -4.02588 -9.23511 -24.0847 
-12.2607 -5.57568 8.15503 -3.46289 -3.78979 -9.21338 -8.09497 -7.87134 -5.23096 -8.4707 
-7.50317 10.1116 2.41675 -12.3203 -19.6958 -14.5979 -4.71851 -15.2 -0.338867 -21.3137 
-15.8726 -15.2412 -10.416 15.7842 -39.3589 -10.2405 -32.4119 -13.3057 -11.5598 -5.77124 
-21.2954 -5.93311 20.4473 -5.72729 -26.8848 -11.9075 -14.374 -12.0171 -2.7395 -32.2512 
2.24878 -23.3562 -6.51465 -15.0469 -19.5281 -0.875 17.3555 -35.4409 -3.13354 -17.3899 
-6.89917 -18.5288 -16.5139 -12.6685 -7.93115 12.4321 -7.50269 -4.15674 0.937988 -10.3508 
-12.6157 -7.09839 -5.74829 9.31885 -29.1675 -1.71533 -29.4141 -19.5701 -12.7717 2.6438 
17.4905 -20.4172 -8.67432 -19.9128 -8.04053 0.199463 -1.69727 -3.7666 -19.8098 -4.69507 
-15.4324 2.82227 -3.68262 1.11035 -13.4905 -22.8557 -25.6016 7.80078 -7.40527 -12.6392 
-15.2427 -12.0151 15.7595 3.06665 -19.4412 -12.073 -16.7224 -13.5679 1.42212 -29.7405 
-12.8931 -10.4087 -6.13696 1.73535 -20.0081 -26.5115 -26.417 6.66821 -8.20557 -0.874023 
-18.8589 -15.2207 -13.2703 -15.2332 14.0979 -19.3621 -17.1399 -2.24561 -5.65991 -6.91016 
-5.39282 -15.197 -10.2271 -13.676 -14.0413 -5.23853 16.0969 -32.0383 -5.54712 -9.77466 
-11.1023 -15.5435 -4.23438 -4.5896 6.04834 -11.9553 -2.66748 -1.396 -3.03418 -7.25635 
20.2432 -21.0227 -9.42725 -18.0813 -15.5901 -1.6875 -2.0896 -5.7583 -22.5142 -9.25879 
-11.1973 -37.3806 -18.52 -13.8188 -8.50024 14.8416 -7.81128 -17.3025 -2.21606 -2.21826 
-14.9587 -26.5378 -14.8169 -11.5049 -7.32397 -5.56836 -14.7344 -5.06714 4.052 6.58569 
1.47656 -17.6318 -3.81274 -9.33691 -8.72095 -11.7681 -12.2031 -5.2959 0.171387 3.47729 
-6.21118 -17.8281 -11.0708 -5.77417 -1.573 4.73779 -6.22559 -17.3979 7.89404 -9.15601 
-15.6816 -8.82227 -9.23438 -8.03882 -4.33203 -21.9739 -19.4941 -3.75781 -0.0939941 8.14673 
-18.8564 -3.33203 -8.85059 1.20996 -29.9402 8.53687 -20.6941 -26.8716 -8.8562 -4.18115 
-14.0051 -17.1785 -4.71558 14.2378 -46.4531 -9.47534 -37.8384 -10.4426 -9.26563 -8.02979 
-8.8064 11.7898 6.03027 -6.99878 -7.94702 -26.1096 -13.8525 -5.58618 -6.1001 -18.6792 
-9.10034 -7.10718 -8.34058 -1.51953 -23.4463 -23.2134 -19.7485 9.36279 -14.8469 0.628906 
-13.3918 -19.4995 -7.08301 -15.3147 12.3262 -21.1646 -12.4163 -6.12134 -10.2566 -8.55762 
-7.4187 -1.93896 2.36255 2.61621 -26.835 -30.665 -27.4229 12.1965 -12.9167 -11.3591 
-10.6499 -9.40405 -9.35791 -10.5061 -11.5452 2.09082 12.2744 -29.7539 -1.9541 -12.7124 
-14.7573 -20.4539 -7.65942 -3.52515 -10.5327 5.23022 -6.68652 -20.1255 -1.44556 -2.67773 
-6.76147 -21.0303 -5.55054 -10.2668 6.41943 -10.2891 -9.76025 -8.34741 -9.54517 -7.62427 
12.7822 -17.3831 4.68652 -9.49683 -14.0369 -3.91333 0.0153809 -12.6479 -1.1897 -17.6208 
18.9587 -18.6099 -11.2471 -15.0647 -15.688 -3.79297 -4.83838 -4.93994 -21.9602 -6.10278 
5.89551 -16.0715 -14.8511 -12.7996 -21.3389 1.27051 7.23218 -19.5908 -7.8103 -6.73853 
4.20483 -22.5759 -10.5779 -9.22266 -21.4338 -1.58496 9.24438 -34.5164 0.443848 -15.3198 
-11.2803 -9.08521 11.427 -8.85986 -0.428711 -7.75635 -16.957 -5.11475 -16.708 -13.2817 
17.5317 -22.978 3.40015 -12.157 -12.3867 -1.19214 -4.51855 -10.8906 -7.64502 -8.45459 
-2.96729 -18.4307 -6.76685 -12.0691 -16.4541 3.35547 14.729 -39.1558 2.20581 -15.771 
-14.0476 -10.6589 -9.4978 13.5681 -28.6118 -8.49194 -29.0361 -21.5525 -9.37988 1.26953 
-10.811 -4.85156 -3.85181 -4.42383 -17.6492 -17.353 -14.3225 3.93677 -3.85449 -2.82568 
-5.2605 -9.65356 -7.33301 -2.30688 -21.718 -9.98999 -16.6204 6.30737 -10.2117 2.52979 
-3.59009 -10.9563 0.383789 -6.72754 8.07153 -15.2922 -3.80347 -0.204346 -10.5759 -17.6526 
-7.63159 -10.7864 -2.15527 -11.0415 7.39502 -17.4736 -12.5229 -3.03711 -18.8208 -4.69287 
-21.0508 -20.7026 -6.1416 18.6687 -37.1804 -12.0156 -42.5227 -26.6357 -9.88232 -5.06152 
-20.1267 -18.1995 -11.8728 -10.1409 -6.88135 -7.60376 -14.0286 -8.0354 -3.89844 8.58179 
-11.8467 -9.64697 13.4912 2.95264 -18.9507 -16.2495 -19.5613 -6.73633 1.80298 -20.5408 
-7.49243 1.20947 0.329834 -7.2688 -19.3208 -12.4558 -6.60327 -23.428 10.593 -16.3579 
-3.60352 -13.4634 -3.48267 -5.32275 -7.87476 -11.5586 -10.6174 -7.56445 -8.573 4.60522 
-6.94556 -17.7415 -6.00684 -12.8811 -13.1418 -2.15845 15.6902 -34.7524 -2.52661 -11.7773 
15.3057 -26.7039 -4.1709 -15.0938 -0.304199 -5.72852 -2.26758 -4.26587 -19.8259 -11.5278 
-0.155273 -16.3848 -4.2229 -9.00098 -10.614 -10.1372 -10.1411 -7.76416 -5.93774 4.52759 
-19.0845 -25.7285 -13.7729 -10.6921 -16.0078 11.8418 -9.05054 -17.2129 -9.63281 2.50879 
-21.9048 -17.8811 -14.7739 10.4814 -29.4197 -6.05566 -31.4333 -19.0286 -6.41797 2.56372 
-5.9082 -10.5815 5.62695 -3.70923 -28.6414 -13.8535 -9.55664 -22.8218 10.3828 -15.6995 
-8.36157 -17.0083 1.74683 -0.959229 -24.1394 -9.50439 -13.0073 -10.3774 10.282 -5.68555 
-7.70947 -5.30469 -0.378418 -4.35425 -16.6152 -22.5425 -21.9585 7.51611 -7.29517 -0.240723 
-9.00293 12.281 3.42334 -12.2363 -17.6736 -17.614 -6.5332 -10.9136 -1.30493 -22.4473 
-15.0696 -14.4236 -10.8071 -13.011 11.458 -10.8931 -14.5161 -3.20337 -8.9978 -8.89233 
19.0208 -21.2266 -3.60938 -12.6484 -19.6414 -6.78687 -8.375 -9.34595 -25.0515 -9.21948 
-19.3552 -15.179 -10.4668 -9.86987 12.8542 -14.9033 -16.499 -5.16968 -9.94971 -7.31299 
-1.84033 -13.0796 5.24878 -3.6604 -25.7083 -13.1948 -6.20654 -21.8018 9.47729 -15.2371 
-21.1353 -24.5229 -19.6174 -9.56323 -21.2373 13.8145 -10.0635 -19.4558 -4.00952 -0.854248 
-16.6775 -6.23071 16.7095 0.0761719 -21.9958 -12.8726 -16.4685 -13.1445 -7.77051 -15.8179 
-3.91064 -19.8091 3.39746 6.5166 -32.6775 -11.3357 -15.3743 -12.0618 3.60303 -6.97119 
-16.2229 -16.3518 -11.4419 -4.80225 -6.87256 -15.5732 -23.873 -0.330078 -6.51782 8.84497 
11.3401 -23.1304 3.46558 -9.20972 -3.41113 -2.01831 0.29248 -9.97266 -8.90088 -6.46899 
-5.04468 7.73779 4.65918 -10.7302 -7.69678 -19.4023 -6.54053 -9.05103 0.788574 -22.3687 
-12.1006 -18.8152 -5.52344 -3.40479 -9.14404 -23.1445 -21.7112 -1.41992 -3.21362 10.2703 
-9.94971 9.60815 7.93506 -7.22852 -12.3169 -24.4099 -11.2471 -8.21289 -1.78198 -27.3232 
-11.7095 -23.5923 -19.4907 -2.33569 -12.4324 13.999 -8.40112 -12.9719 0.275879 -10.7498 
-6.16626 9.97998 3.57349 -11.6309 -6.11304 -22.2195 -8.4707 -7.81348 -1.12646 -19.1758 
-15.1724 -3.53247 -6.92236 -1.42212 -14.8423 -28.8015 -24.0657 9.67505 -13.4348 -3.41626 
-8.50806 -20.1653 -1.69238 -12.3611 6.34692 -18.458 -8.36841 -9.18311 -4.00122 -4.84937 
-5.5332 -14.1589 -4.47656 -13.2153 -7.47949 -4.01733 -2.51465 -17.8826 7.45776 -19.1885 
-3.6394 -18.689 -7.53198 -16.5503 -20.2356 -3.19287 16.573 -34.8713 -0.174316 -11.2078 
-3.5459 -15.575 14.2341 -2.40601 -16.2532 -8.36597 -10.1389 -5.57544 -6.02441 -16.2229 
-9.24194 9.66235 1.32446 -9.02856 -19.5579 -17.2698 -4.73291 -13.0298 -0.250244 -25.8625 
-7.61157 -9.15454 -6.82178 -12.5061 -18.5444 -4.75195 11.3359 -28.1035 3.63916 -13.5222 
3.0625 -2.80884 -1.42603 -13.6848 -19.8574 -8.6106 -4.27124 -15.3916 7.89087 -10.6116 
-2.87622 -13.1252 -6.15479 -16.8435 -16.5481 -3.29126 -9.38867 -19.1155 12.7253 -19.1899 
7.05249 -14.3301 -2.36597 -5.54248 -4.78882 1.54468 -1.99292 -6.3147 -6.11475 -4.63696 
-15.6829 9.26782 8.11108 -3.85864 -12.9438 -15.28 -6.38696 -7.76196 3.06299 -31.7949 
-6.48364 -10.8135 6.5564 -1.20654 -11.0989 0.309326 -15.282 -0.690918 -3.17773 -14.6458 
-21.5161 -20.6367 -8.14331 5.47729 -14.7942 -4.52466 -29.7979 -8.34521 2.45728 6.87842 
-22.9509 -30.3877 -8.56323 -8.94971 11.3254 -16.6514 -13.6084 -9.23633 -2.03271 -5.43579 
-12.0483 -7.27881 -5.49731 2.97266 -30.8188 -20.0488 -23.7327 10.1797 -6.88916 -7.99561 
-3.57056 -17.2061 -0.85498 -8.55151 -29.9951 -6.55176 -15.1824 -14.3208 13.1753 -11.0657 
-13.0979 -15.2771 -6.67529 -5.65845 -9.15088 -14.4683 -22.261 -5.22412 -6.34668 8.55469 
14.5432 -14.5957 -3.49487 -5.72656 -23.6406 -2.22803 -6.48169 -8.04443 -12.812 -1.9917 
-10.1267 12.7444 4.81079 -5.79614 -4.64844 -23.2415 -13.7749 -4.32056 -6.47803 -15.3005 
-7.42114 -14.2349 14.3914 -4.8186 -9.54175 -9.09424 -21.2405 -5.29077 -13.0471 -12.6208 
-25.6494 -8.61499 -3.73071 15.3279 -34.3186 -5.1084 -47.6638 -17.4548 -7.82007 2.35693 
-6.85693 -22.6169 -2.95801 -7.29346 -0.372559 -6.6748 -7.06372 -3.35181 -1.54688 -10.1387 
-12.9478 -27.5559 -5.83569 -14.6038 -2.54761 -4.72192 19.1902 -31.4521 -2.08667 -17.0442 
-7.45996 -9.02246 -1.72412 1.427 -31.9026 -24.7017 -21.7036 8.06299 -2.40283 -13.2458 
-17.4448 -19.6033 -8.06274 -6.3584 -9.98145 -3.01245 -12.2297 -10.8826 9.00366 -15.2817 
-11.3069 -26.3657 -9.12207 -16.4336 -16.2322 -3.92114 -18.5981 -8.19678 -3.68311 11.4211 
12.9424 -18.3818 -3.06787 -6.75439 -12.1284 0.876953 -4.59619 -2.02271 -10.4927 -5.04639 
-10.0168 11.2827 5.23022 -9.02563 -14.3232 -22.0657 -10.4514 -10.2898 -4.67383 -24.825 
-9.28296 -3.60376 9.73535 -8.96802 -5.67749 -6.9939 -14.7209 -7.33423 -5.13037 -15.2244 
-14.8149 -8.77881 -3.38672 10.4905 -31.0369 -8.38184 -33.0144 -15.0776 -10.0632 2.87842 
-13.4585 -20.8713 -5.90283 -8.5957 6.32007 -13.9858 -12.209 -6.36523 -6.81152 -6.36133 
-8.08179 -4.14917 -1.40967 -7.43701 -12.1692 -9.35693 -16.9314 9.3501 -12.9495 -7.4519 
-11.1902 -20.0679 -3.20996 -1.48779 -30.0195 -4.45142 -25.4521 -15.8499 12.3723 -3.84082 
-14.6414 -24.991 -8.16113 -11.479 -7.0686 -8.63599 -23.1082 -4.77905 -2.34692 9.45874 
-14.9661 10.9792 5.49268 -7.2124 -6.40356 -27.8198 -15.3784 -5.11572 -7.17993 -28.1228 
-10.593 -13.9763 -8.77515 -8.97803 6.7334 -12.4065 -12.5215 -5.23267 -2.86353 -8.13306 
-11.3516 -33.6926 -16.6511 -10.9817 -12.7581 13.4966 -15.3096 -7.85474 7.2959 -10.8389 
-15.8579 -5.71753 -14.0964 15.9312 -39.3625 -1.00146 -40.7913 -15.2344 -15.5735 1.20776 
-15.2922 -10.2393 -1.12354 4.64722 -32.6792 0.771729 -31.2021 -11.9014 -1.8584 -0.217529 
10.9785 -23.2288 -0.919922 -7.61572 -19.439 -3.06592 -8.50366 0.138184 -8.40625 -3.36255 
-23.5586 -15.6719 -12.7705 -6.85327 -8.45752 -18.1089 -22.0703 -0.968506 -2.22119 11.2085 
-8.83374 -22.4104 -15.9417 -7.22754 -10.677 10.947 -8.64844 -6.8562 5.48657 -5.56567 
0.6521 -5.46167 -4.02002 -12.0894 2.53198 -5.18823 -1.62451 -4.43579 -4.92603 -11.9614 
-15.5537 -6.72607 -3.93652 5.90894 -19.1355 -1.61621 -25.3069 -15.2332 -1.55737 1.56689 
9.83667 -21.5916 3.64233 -13.8843 -7.87378 1.10474 -12.6594 -0.925293 -10.3176 -3.27344 
-10.9585 -33.2947 -6.60083 -10.9644 -0.766113 -0.0517578 -12.0347 -12.0642 5.68799 -12.4429 
-16.908 -12.0825 -13.2844 -8.69116 9.13501 -10.5388 -7.63525 -12.6204 0.481445 -12.1924 
-3.20898 -8.54688 -5.9978 -13.1025 -21.7703 -2.521 14.2375 -25.1509 1.4187 -22.2517 
-3.1814 -6.25903 2.18311 2.76001 -30.4871 -24.2058 -21.4768 9.19604 -4.83911 -15.6731 
12.8022 -24.0107 5.08374 -5.70068 -9.6543 1.08838 -3.53198 -8.3938 -8.63403 -7.229 
-14.3237 -6.35693 1.08325 -6.02612 -23.0916 -10.2344 -26.532 17.0127 -21.887 -13.8191 
-11.0178 -5.03613 -4.39478 4.45581 -27.6526 -33.2546 -24.6423 10.1899 -11.9475 -7.14233 
-8.71582 8.15283 -1.79126 -4.59106 -8.42285 -22.7988 -13.7712 0.578857 -7.05542 -13.3821 
-5.25171 -5.05005 -1.74219 -6.79932 -0.776855 -0.588379 10.5818 -18.8638 0.0742188 -20.6917 
-6.07056 -19.6265 -3.36328 -15.6079 -4.02368 -10.5735 -9.99414 -10.7781 -4.98315 6.90137 
-7.1792 10.7827 3.41992 -6.24512 -8.11011 -20.907 -11.9709 -2.78418 -7.43945 -13.6323 
-7.54541 -8.2312 3.33984 7.3186 -39.4573 1.74219 -30.9731 -14.3909 -6.27856 1.31714 
-9.7395 -4.44141 -7.60547 -12.0952 -7.84253 2.23462 12.2988 -25.2825 -1.71387 -14.4951 
-0.42627 -5.41553 8.89331 -1.25635 -19.8032 -11.4338 -13.5249 -2.16919 4.68799 -18.9561 
-10.9446 -13.124 -3.24194 6.36328 -23.9138 -2.74146 -27.0859 -12.9546 -5.65308 4.62964 
-13.7954 -22.9312 -8.83618 -5.0791 -11.6902 -4.96558 -18.3958 -7.46582 3.91162 -1.89038 
-1.40234 -10.0386 12.6755 -0.647705 -22.1733 -16.7507 -11.8833 -2.34277 3.6875 -20.9746 
-10.5295 -9.96387 -0.639893 6.79517 -25.457 -5.94751 -24.0723 -14.9871 0.914795 -1.2959 
-8.12354 -10.7578 0.382813 -6.2019 -21.3569 -7.47876 -9.96582 -7.93579 6.47388 -5.61816 
-14.906 -17.1948 -11.9263 -10.2917 -9.90186 -7.31201 -10.0808 -7.28564 -2.62622 4.19702 
-4.03784 -25.209 -8.83301 -5.65356 -7.77832 10.3562 -16.0103 -9.99902 3.47925 -10.0298 
-12.8262 -25.9104 -6.31763 -3.32593 -28.3845 -5.89697 -18.7334 -11.939 13.5852 -6.26831 
-13.1606 -16.666 -9.34546 -7.65527 -15.4739 -6.32983 -14.0244 -20.1804 10.0078 -7.34985 
-4.95215 -13.2864 1.96973 -4.73169 -22.8997 -15.4868 -21.9197 14.5278 -13.0276 -17.8359 
-8.78955 10.9924 3.85815 -8.6062 -11.2329 -19.1887 -10.7664 -9.51807 1.07837 -23.7524 
-3.67212 -7.38208 1.31787 2.2666 -34.0371 -11.2729 -25.8486 8.86865 -17.3933 -16.8716 
-11.8242 12.7666 7.13965 -8.04688 -11.5354 -20.9368 -9.69165 -8.12988 -2.38745 -30.9604 
-10.7856 12.0654 6.00073 -8.85254 -12.8711 -23.4829 -9.57153 -7.80273 -4.74072 -26.4321 
22.332 -20.7026 -4.55469 -12.9231 -25.7839 -7.08716 -10.3977 -10.7354 -30.125 -10.1965 
-14.7029 -13.5959 -3.72632 7.18042 -26.7446 2.21729 -34.3435 -14.8059 -5.47388 5.84473 
-19.7717 -13.2476 -13.6938 -8.70825 6.84473 -10.3611 -14.0857 -9.2998 0.227295 -5.44629 
-12.7224 -4.55542 12.3579 -5.59082 -6.91797 -8.03394 -12.77 -14.5146 -1.06982 -17.2573 
-2.07593 -28.0149 -2.93408 -9.79761 2.52075 -4.26563 7.68262 -9.06689 -15.9712 -11.8359 
-22.2163 -15.0183 -8.27783 -10.073 11.1228 -12.5732 -14.4814 -9.42261 -0.190674 -3.88892 
-4.80298 -7.33179 -0.564941 -3.32935 -23.2065 -22.5737 -23.155 12.0137 -11.2732 -11.0378 
-10.7881 -8.19946 -11.4951 -12.5735 6.53906 -11.1379 -8.43018 -0.92627 -7.90332 -8.68115 
-2.30078 -16.387 10.0747 -1.50488 -17.7864 -7.39014 -10.2993 -6.5415 -0.560303 -23.6753 
-3.48438 -7.85059 5.89233 1.12134 -31.8337 -19.4402 -19.532 8.58325 -7.06323 -17.1177 
-13.9343 -21.1523 -6.50952 -9.9624 4.53613 -10.7771 -14.0833 -6.12329 -3.58569 -2.89404 
5.43555 -12.4431 6.33813 -1.9856 -16.8918 -11.938 -13.0928 -3.3313 4.18848 -11.8157 
-6.13086 -12.2036 -7.82813 -8.29175 -14.7107 -9.99878 -9.12207 -9.8186 -4.05566 3.56689 
-0.108643 -2.34204 13.1541 -6.37158 -21.2146 -16.3655 -10.7852 -0.803467 -1.35278 -28.4763 
-8.13086 -12.1016 -2.19604 4.92383 -36.4043 -12.1543 -34.9976 15.2813 -25.4404 -17.3384 
-3.34668 -18.7656 -4.98999 -15.5129 -6.25781 -12.4404 -2.45361 -5.80054 -3.48315 2.052 
3.18408 -21.0037 10.4045 1.36523 -24.6584 -19.1272 -10.2844 -8.16333 2.90088 -10.9353 
-15.593 11.7556 6.6731 -7.72534 -6.021 -24.9216 -13.4338 -5.26953 -5.58228 -29.9163 
2.76172 -7.59424 -4.83423 -5.62891 -8.55298 0.425293 10.2158 -12.0515 -3.66382 -19.1458 
-9.40576 -19.8098 2.15283 -3.1543 -5.33081 -6.04736 7.73291 -21.6897 -0.11377 -16.9873 
-18.4795 -13.6924 -8.68579 1.41016 -15.7236 10.6487 -19.7974 -9.5769 4.41357 -15.1304 
-21.2266 -13.0012 5.32959 12.6089 -42.0801 -6.90918 -47.0493 -23.4971 -8.10522 -4.85693 
1.75806 -13.552 -8.04736 -12.739 1.87256 -2.66431 -5.55859 -7.35278 -4.68359 -6.58496 
-5.29028 -10.5125 1.64282 -2.51074 -22.2913 -3.20386 -13.9192 -10.5 7.81299 -6.15112 
-9.14185 -29.1006 -13.8647 -10.1047 -9.17432 13.9009 -10.2241 -11.9692 5.62671 -11.2974 
-18.1384 -22.7244 -9.34448 -2.67285 -12.0098 -3.37549 -28.9636 2.10083 -12.2236 10.916 
-3.22729 -20.6909 -10.3274 -18.9133 -4.33887 -4.51904 14.196 -20.0168 -14.9558 -11.9565 
-15.0427 -16.5615 -8.21606 -11.2109 -8.22363 -11.3591 -13.4231 -9.20337 1.94897 9.30493 
11.3271 -12.7566 -2.66772 -7.59277 -7.42529 -9.47656 -9.02856 -9.8916 -20.5796 -12.8679 
-0.864258 -21.2112 -10.8914 -18.26 -10.8516 -0.0952148 18.9114 -30.5627 -7.96582 -13.7937 
-15.949 -13.386 0.142578 8.87744 -28.3867 -0.492676 -42.0071 -11.9871 -4.45044 5.21021 
19.2043 -17.8123 -6.30518 -15.4072 -21.5886 -3.14502 -6.64893 -8.99951 -30.3149 -13.1487 
-6.45752 -19.417 1.17041 -12.5657 -3.72339 0.979248 -4.75269 -21.155 5.08325 -10.5969 
-8.49658 12.7454 1.79004 -9.82617 -14.0146 -16.3667 -7.45361 -11.4448 -0.907715 -22.5652 
0.692139 -19.4902 -1.44971 -10.6921 -12.96 -1.57202 13.0632 -26.5811 -2.38232 -18.6355 
13.5049 -20.8738 2.69067 -8.19067 -7.15918 -2.5376 -0.374268 -11.3362 -6.2229 -4.72339 
12.8098 -15.135 4.86792 -6.95337 -26.3899 -2.36621 -5.99634 -16.1177 -5.85889 -4.58032 
-4.76489 9.57495 -1.03198 -6.58594 -13.5066 -14.0525 -9.56592 -11.4495 3.46777 -15.1304 
-17.4854 -3.5564 16.8994 -4.84985 -15.8867 -9.7373 -9.51221 -11.1958 -1.82739 -23.9221 
-10.6299 -8.31055 -6.97852 5.97437 -20.7944 -6.68872 -30.895 -13.5115 -9.85034 1.88062 
-14.4131 -12.3057 -4.39063 -6.44751 12.1514 -17.231 -16.3362 -5.96338 -11.5137 -4.82471 
-12.8796 -29.0144 -15.0542 -10.5796 -14.5542 7.6731 -2.1001 -17.9438 -0.208008 -1.78467 
-5.0188 -32.0906 -0.306396 -14.9143 -1.1814 -8.31592 15.1914 -19.3843 -6.42139 -18.3918 
-13.3909 -4.82837 -11.8892 -6.99609 -17.0452 -19.2922 -22.0344 10.4197 -12.5452 -0.322754 
13.781 -22.72 -1.54224 -14.3386 -2.41284 0.345703 -3.15576 -3.83008 -14.8813 -5.62769 
-6.71777 9.58789 -6.21191 -7.5293 -11.9805 -13.1504 -7.29321 -7.43042 4.1665 -11.6799 
-12.8276 -6.47852 13.3076 -2.96875 -0.501953 -11.3203 -7.39868 -15.3906 -7.48535 -16.104 
-9.77075 -10.0112 -1.28076 8.16626 -38.0898 1.59521 -35.4502 -12.4958 -12.5347 3.29395 
-24.7417 -10.9719 -10.1409 -12.9712 13.053 -25.5039 -13.177 -12.1829 -2.11548 -5.24927 
-15.1816 -9.24805 -12.4993 -5.3269 -18.907 -24.3403 -22.9612 15.0112 -21.8296 -0.709717 
-10.2661 -6.95923 -10.6003 -8.23511 -21.1592 1.13306 -13.9763 -21.2598 10.9622 -5.38037 
-19.5161 -9.52637 -20.5283 -4.66968 -10.2334 -8.14673 -20.4353 1.1145 -4.40747 10.5652 
13.3115 -21.5652 0.484619 -10.8042 -6.63037 -2.81152 -3.16479 -8.02026 -7.61694 -1.92261 
-7.31177 11.3911 1.12354 -8.7959 -14.843 -16.1218 -6.92603 -11.5498 -0.792725 -19.47 
-5.84131 -7.76172 12.7251 -3.34766 -10.6724 -2.29736 -10.7737 -7.36719 -13.1628 -14.1367 
-11.8328 -11.9807 -0.763672 6.90283 -31.6101 1.7229 -31.0535 -20.2424 -10.0923 -2.3374 
-18.9377 -23.8113 -9.96777 -12.7566 11.7705 -22.6353 -18.0596 -5.8252 -5.99146 -3.04614 
-12.4021 -7.4314 -6.11206 2.78882 -33.7078 -31.1982 -28.6055 14.3618 -10.8933 -6.54639 
-13.9463 -10.2363 16.7634 6.13916 -25.8762 -18.1189 -11.1028 -26.2961 2.91431 -24.6941 
-22.6509 -16.3127 -12.0938 -1.99219 -33.6213 8.78784 -16.7771 -16.8313 -11.3005 4.72778 
-8.71191 9.01392 4.08203 -10.5408 -15.9736 -11.7024 -3.21997 -12.1138 1.09814 -23.0254 
-10.9424 -18.7629 -6.49365 -18.8713 -5.44678 -2.13354 20.1289 -29.2815 -3.00684 -20.469 
-17.322 -9.7019 -10.3193 -10.4297 10.9951 -15.022 -12.4858 -3.4165 -2.5708 -2.37573 
-21.6262 -14.6436 0.328857 12.3635 -36.2903 -4.75732 -42.5161 -29.5513 -5.05786 -1.26147 
-13.4641 -14.7568 -8.79028 -8.12695 -10.2756 -11.6926 -19.3972 -7.09253 -2.15527 10.0981 
-15.8657 -17.9302 -14.0845 -2.38696 -14.8962 -9.0022 -19.8435 -0.0412598 -3.75952 9.84448 
13.344 -22.4944 4.12891 -6.81274 -10.0464 0.493408 -0.496582 -9.9729 -6.16431 -8.65161 
-7.19189 -19.4443 -4.70483 -9.50806 -10.8215 -9.00879 -14.3174 -8.06494 -1.96558 7.35474 
-14.1187 0.609619 -12.9114 -9.29565 -4.9397 -10.1221 -17.5405 5.26318 -5.47852 3.55518 
-11.3245 4.68579 -10.4763 -9.03735 -5.37036 -15.1438 -6.31836 -8.57397 -1.36499 -4.99316 
-6.14844 -16.4868 -0.694824 -9.38916 -5.72778 -4.02808 15.6807 -29.4517 -1.68921 -21.9426 
-22.6335 -9.4209 -11.2402 -14.5598 9.42822 -21.7585 -16.4124 -5.1001 -1.40283 -0.0224609 
-8.98706 -14.3062 -0.804932 8.03418 -26.1699 -6.67285 -18.0344 -8.78198 2.125 -12.3752 
-10.2134 -22.7234 -1.44897 -10.5261 -4.28931 -9.73193 18.6318 -23.7104 -7.40112 -17.0056 
-16.5269 -5.82764 13.3425 -2.27319 -7.98169 -8.81104 -13.8616 -8.29297 -6.57983 -16.1411 
6.02295 -19.3113 6.24097 1.1001 -10.6565 1.41431 -2.62646 -6.11768 -2.41968 -18.0955 
-14.6543 -19.1013 -9.62134 -12.9011 -17.0916 -6.29102 -15.4717 -10.5559 3.51758 4.48779 
-16.2056 -14.073 -13.6584 -7.3916 -29.7954 -7.37964 -15.9719 -22.4065 14.9795 -8.82324 
-8.70923 -22.3452 -0.682861 -8.56567 -1.26172 -2.62378 16.8 -27.6333 -4.23657 -25.967 
-23.9807 -20.627 -19.55 -11.4351 -17.6011 9.60474 -2.90234 -17.5273 -2.03906 -1.25 
-14.8416 -6.48828 -13.5244 -6.15527 -18.585 -16.1821 -22.5691 9.26929 -13.3464 -9.48096 
10.3723 -19.7559 2.12378 -8.38184 -4.38208 -2.99854 -3.34326 -7.53394 -4.83594 -1.64722 
11.4539 -19.0015 -0.113037 -8.99146 -6.30542 2.03003 0.821533 -11.2419 -2.6333 -5.13477 
-8.91016 9.98169 -2.20166 -5.03467 -6.03296 -16.4661 -11.6504 -5.01904 -3.82544 -12.0132 
-5.04932 -7.96167 -4.48218 -8.75 -13.1431 -3.62256 -17.9116 8.79443 -6.34497 -2.03076 
-22.7046 -11.1177 -5.50317 -12.6116 6.36914 -20.4529 -8.7561 -10.8079 -1.5022 -7.14355 
-6.83618 -8.84595 -2.84668 11.3672 -23.3489 -14.1248 -23.3772 -12.6047 -4.12207 -14.0911 
-8.98145 -7.99365 10.7808 -1.35693 -16.5774 -12.7146 -14.0344 -2.94458 1.84912 -15.3525 
-15.7273 -12.8877 -9.53638 -10.7551 12.45 -19.636 -12.0718 -3.78101 -13.2869 -1.89453 
-8.46948 9.33911 -0.591797 -7.82739 -17.5 -12.5674 -5.177 -11.4351 2.20313 -19.075 
-7.96484 -15.6101 3.22388 5.9978 -42.8911 -0.065918 -41.1975 -17.2207 -8.18921 4.09619 
-17.458 -6.51929 -9.54517 0.667969 -26.1584 -22.0334 -26.783 11.4109 -10.5364 -7.15186 
-7.77856 -13.8398 -3.96143 -14.0188 -6.45386 -4.88892 20.2429 -28.752 -2.30713 -26.6833 
-25.4873 -16.675 -8.90479 -11.7876 9.64478 -15.1821 -15.4106 -14.3569 -1.37183 -3.65942 
-20.6362 -6.38403 -1.32056 -3.44629 -26.366 -14.5815 -30.2419 13.5073 -19.3535 -8.10425 
-4.82666 -4.76172 -7.15161 -4.89014 -14.4712 -10.2722 -16.9963 8.73267 -12.5769 -4.65796 
-9.59448 -7.80908 -10.605 -8.02002 -21.5195 -8.6582 -18.5283 12.1003 -13.4177 -1.57715 
-11.8064 -15.7327 -14.842 -5.06689 -9.32373 -8.59448 -20.2437 5.56934 -8.47241 10.4458 
-12.0024 -17.6355 -14.5286 -9.89404 -21.865 4.18481 -18.6785 -11.759 13.9409 -5.4126 
-20.4644 -21.7136 -9.77124 -9.63599 6.53247 -19.8215 -17.063 -6.25293 0.13623 4.42529 
-16.8809 -18.9556 -1.18066 9.4668 -34.3113 -2.80273 -37.1948 -21.1838 -4.698 3.48389 
-3.05103 -10.8545 -2.1333 -13.0691 -7.01123 3.04443 1.34766 -11.1982 2.43384 -10.7129 
-16.2729 -4.10889 12.3142 -0.137695 -17.8284 -11.9082 -24.5698 -6.63159 -3.64575 -12.2969 
-10.1421 -6.59839 -0.589355 -5.92993 -18.594 -2.28149 4.61938 -29.7258 9.52295 -18.219 
-9.17212 -11.3787 -2.31665 11.6995 -31.4958 -11.9426 -26.9741 -15.0076 -5.6001 -11.8394 
-4.70459 -21.2085 -8.19556 1.7998 -8.80273 8.10059 -5.03418 -9.14844 -0.321533 -12.5708 
-9.87378 -14.4399 -11.9932 -7.82178 -10.0139 4.93823 -14.2075 -10.5605 8.02808 -9.98218 
15.884 -23.3152 -3.51367 -17.9204 -1.69751 2.07886 1.80151 -12.4534 -4.62964 -10.0066 
-12.8794 -24.7397 -12.7534 -2.9082 -12.4072 11.2332 -4.88794 -16.0491 0.157715 -6.09326 
-14.354 -2.99927 -4.83667 -2.66602 4.44971 -9.84375 -9.6543 -5.43237 0.775391 -3.83521 
-10.4609 -23.5293 -11.4299 -6.72559 -17.8037 -7.46191 -24.6235 14.334 -14.7595 2.03467 
-6.88208 9.2439 -3.97949 -5.646 -14.6323 -12.5134 -6.14795 -12.1675 4.59497 -18.4673 
-16.6636 -14.7478 -4.0625 3.73926 -20.0674 -1.53784 -33.9363 -10.4678 -5.57056 8.52393 
-7.1189 9.86377 -5.29907 -10.949 -13.302 -13.6199 -1.6167 -12.4067 2.56738 -19.0442 
-21.7095 -9.83008 -2.47119 -3.97534 -31.3816 -22.7634 -34.5786 16.854 -20.8516 -11.9851 
-25.6001 -15.699 -20.3052 -9.32813 -12.5225 -19.1296 -19.709 -2.72095 -8.58472 14.1196 
-2.95801 -20.1768 -2.3811 -8.80591 -3.64575 -1.38916 13.5701 -18.3464 -5.16821 -19.4421 
-9.57544 -14.3096 19.6855 5.25269 -27.3765 -20.9587 -18.5884 -32.2957 -3.29663 -19.0581 
13.2788 -11.7776 -0.531006 -10.1238 -7.02002 -2.56348 -1.82129 -8.15259 -8.64673 -8.9917 
6.51392 -27.1794 -5.02979 -15.7261 -4.93091 -9.38428 -7.30444 -2.66943 -9.58594 8.03149 
-8.82373 10.1675 -1.76904 -9.7124 -14.9534 -10.5261 -0.791504 -12.7334 2.43066 -21.0698 
-8.42578 -7.34668 -14.2053 -8.73877 -17.4436 -12.2056 -20.2751 11.6287 -14.7803 -5.24048 
-17.4949 -11.0798 -12.6399 10.0171 -21.9966 -1.77417 -27.7634 -16.595 -7.74268 4.64282 
-15.3958 -21.8103 -4.52197 11.9539 -34.7869 -3.30054 -29.05 -21.082 -4.13403 -1.18677 
-19.7397 -22.0059 -15.155 -12.5735 -4.65918 -9.69556 -23.1155 -0.826904 -8.8064 12.2363 
-7.00195 10.7085 1.73779 -10.1309 -14.6753 -15.0903 -5.26245 -12.7771 -0.804688 -21.7739 
-4.25928 -19.6819 -3.55444 -10.9041 -1.80396 -4.93066 16.4968 -25.7676 -8.21313 -22.698 
-16.647 -19.7244 -4.8291 -14.2417 11.123 -21.2031 -15.9507 -10.0005 -12.354 -4.00293 
-10.2769 -11.5083 0.807617 6.64746 -7.06104 -3.29688 -17.4316 -13.4644 1.19751 -11.7839 
-14.6189 -17.8284 -9.32227 -6.71069 -12.6143 -17.2896 -23.0046 -4.73682 -0.940918 10.1594 
0.837158 -12.1274 0.5625 -12.6223 -25.625 -11.155 -8.47388 -18.9063 10.146 -4.63184 
-12.2058 -16.3235 15.4639 1.6875 -22.1636 -3.80591 -7.66577 -10.6663 -6.06958 -20.2976 
-7.99976 7.52783 -4.71191 -4.68774 -7.50317 -14.2878 -10.2422 -5.54175 3.05469 -10.1934 
-13.709 -15.7107 -4.11011 -6.91675 -23.5483 -3.25903 -19.4375 -10.2283 12.2446 -9.32007 
-7.9436 -17.6829 -4.56982 -17.8848 -2.14258 -8.63501 19.073 -13.978 -10.8669 -22.9001 
-6.43579 -6.09326 -3.71436 -11.8745 8.71436 -20.2954 -5.20996 -4.38525 -10.7595 -7.24219 
-9.10645 11.1921 -2.70068 -9.3877 -17.5771 -13.3242 -2.76587 -10.7087 3.55322 -23.1477 
-10.1333 -16.9546 -8.13623 -2.44629 -7.31006 5.1626 -4.33765 -7.82764 1.33936 -4.53931 
-17.2083 -34.6116 -14.0046 -2.54004 -11.1179 12.6243 -14.447 -10.5142 5.30176 -12.1138 
-3.20166 -13.5693 -3.41309 -13.427 -13.3496 -4.51709 15.9714 -37.7595 -0.0393066 -15.1807 
-29.5083 -22.3853 -23.45 0.353271 -31.8982 15.8022 -35.084 -15.3396 -7.27563 -2.93774 
17.4358 -26.7656 -4.58496 -13.7012 -26.1519 -11.8086 -8.62256 -2.71729 -8.19189 -4.15747 
-16.2808 9.93066 -15.3464 -5.85718 -7.86279 -5.47485 -6.19971 -12.1631 2.34033 -9.31494 
-15.2537 -5.08765 14.5732 2.17749 -20.917 -12.7935 -15.1111 -8.67676 -0.582764 -24.2605 
-13.343 -5.50903 -1.48218 8.83472 -20.7776 -8.71069 -27.9958 -14.074 -6.22754 -5.91284 
-9.1001 -3.31348 -7.80127 -16.9519 12.9797 -17.4424 -12.9363 6.46899 -11.907 -7.60156 
-6.56519 -9.65503 -9.42798 -0.750732 -12.9878 4.20264 0.2854 -22.5239 4.22144 -5.60962 
-3.23901 -23.5488 -2.67969 -22.5486 -8.28955 -6.7478 18.8784 -33.3484 -5.87598 -20.6252 
-23.7034 -16.7534 -1.20386 -3.06201 -20.4622 -34.4641 -40.2529 19.6387 -16.4988 -17.585 
8.03833 -19.0862 2.85767 -3.43701 -21.3135 -14.854 -6.99414 -14.3481 7.68188 -13.3684 
-14.7036 -22.835 -17.595 -3.67285 -9.26831 -24.0762 -31.4482 -3.64526 -15.2278 14.738 
18.4297 -25.2131 -12.5381 -16.7417 -20.8342 -1.80859 -5.97607 -6.18726 -16.9417 -4.3064 
-12.4849 7.99048 -10.8774 -6.57251 -5.75879 -13.6167 -8.92603 -4.48535 3.1792 -3.40356 
-13.9194 -17.6008 15.647 5.52979 -27.7285 -12.9324 -10.1597 -20.7742 1.90601 -26.1123 
-12.2837 -9.57983 -2.8916 10.4346 -33.5564 -11.2388 -38.6309 -16.2112 -5.0376 -5.33936 
-20.7937 -10.6831 -16.5452 -9.9436 12.6208 -12.8672 -17.2903 -3.78467 1.16626 -4.8584 
-15.2046 -20.6387 -10.8088 5.07446 -23.7341 8.1145 -16.4055 -9.22021 2.04028 -13.1531 
-3.2063 -23.9084 -2.5498 -15.1118 -11.2412 -2 16.9084 -22.6448 -6.18945 -22.1338 
-18.1929 -7.71558 -1.0708 -1.00952 -16.5171 -15.73 -28.3936 8.40747 -3.87061 -7.81763 
-2.77051 -20.3733 1.20532 -0.368896 -23.9351 -10.2163 -8.64624 -18.7678 10.3613 -2.57861 
-19.4182 -20.4556 -11.8201 -2.86206 -4.07373 -17.5845 -23.7764 -2.62988 -13.0698 10.3347 
19.9829 -25.7046 -11.1877 -18.2153 -17.4561 -7.32275 -2.28467 -4.60181 -17.9844 -3.01904 
-17.1467 9.50244 -6.40405 -2.2002 -9.6665 -12.1523 -13.019 -15.6104 4.62891 -4.58032 
-23.1809 -5.78979 24.301 2.82129 -24.1926 -16.8875 -13.8186 -30.3713 -7.75366 -32.6819 
-20.7358 -10.4788 -4.54517 11.4204 -32.2002 -13.2722 -37.7517 -19.292 -5.5061 -4.4187 
-13.4998 -4.50757 -4.00122 -8.68604 6.67798 -13.3552 -12.9851 -5.26367 -3.02148 -3.05933 
-16.9287 -18.3142 -19.1311 1.03687 -21.7563 11.3323 -15.7004 -20.3845 -5.17212 -2.41919 
-16.3411 -26.4478 2.39087 -10.0916 -8.96436 -9.98218 20.71 -29.7158 -2.14502 -19.1079 
-24.1438 -12.3313 -5.79346 -2.02783 -28.5496 -26.6357 -30.9429 14.9792 -11.042 -3.38892 
-7.65381 -11.3135 4.92236 -3.30151 -30.3601 -6.2793 -6.1394 -21.0596 11.2803 -10.1038 
-19.4895 -17.4636 -15.7551 -1.2688 -15.4436 -23.9055 -30.4507 -3.62329 -11.458 12.0225 
-12.552 -13.5845 -1.37329 -9.85693 -5.46216 -0.972656 15.6646 -27.7507 2.42407 -24.6992 
-15.5085 -20.3584 -8.20337 -7.84717 -5.19043 -10.8984 -19.1377 -4.88428 0.794189 8.01099 
-20.7053 -12.0303 -8.52881 -2.44995 -29.45 -20.8896 -34.603 15.8479 -13.9473 -2.30664 
17.8809 -26.2737 -6.98608 -16.595 -30.0808 -5.40649 -14.4199 -0.640869 -13.8276 -2.14624 
-12.3013 -14.4448 19.2493 5.37769 -33.8901 -21.1785 -13.5835 -21.8967 -3.85986 -32.2432 
-19.657 -11.0671 2.64136 11.2317 -31.2451 -15.0479 -39.6204 -16.8401 1.16406 -11.3433 
-16.7412 -10.3989 -7.98633 -11.1445 11.7429 -15.5515 -14.1616 -2.16626 -2.27954 -8.98022 
-3.427 -11.5486 -0.19751 5.16284 -27.6252 -10.0654 -21.6606 -9.34937 4.89111 -6.7019 
2.39697 -14.0881 6.61597 -1.38013 -31.1682 -8.99902 -13.011 -16.6326 10.0083 -5.08838 
-18.6936 -22.6584 -16.7361 -3.27612 -13.7083 9.18359 -10.4531 -7.62671 1.97461 -8.27979 
-6.31958 7.41162 -6.41187 -8.32617 -13.427 -14.7024 -3.70142 -13.2817 3.18188 -11.7439 
-10.4729 -6.63892 1.34277 6.95459 -28.0017 -11.4114 -31.8411 -11.2192 -0.418457 -5.39185 
13.5852 -24.9973 -9.0376 -11.4966 -6.00928 -3.38037 -6.33984 -2.11743 -14.585 -1.62842 
-13.3689 8.79419 -10.7888 -4.68994 -8.19849 -13.0891 -9.19507 -11.9475 3.85962 -4.88672 
-11.678 -8.9729 20.1646 -3.54883 -19.377 -7.99585 -10.2058 0.348389 -1.93164 -33.115 
-10.2646 7.59253 -8.52026 -6.69409 -7.27466 -12.157 -8.06714 -13.7363 3.95068 -4.47217 
-9.22656 -2.38696 -6.25537 7.07788 -19.8904 -4.81836 -25.2173 -14.1604 -7.44751 2.30298 
-13.8411 -1.67188 17.5493 6.19531 -42.6062 -17.2537 -17.9414 -26.2493 0.890869 -28.3049 
18.0198 -29.8752 -10.22 -15.2102 -11.4683 -12.3279 -9.11816 -2.23828 -18.7368 0.291748 
-14.0569 -0.994873 -2.03735 -0.604248 -29.3208 -18.7595 -20.8887 6.66455 2.42651 -8.36719 
-20.9248 -0.665771 20.96 7.99243 -47.5925 -22.3633 -29.2344 -18.28 3.53174 -33.3984 
-8.45581 -28.2153 1.59863 -12.1201 -0.570557 -8.00659 15.4856 -26.3015 -0.565186 -19.2649 
-19.769 -17.021 -9.32642 -10.3574 14.3977 -19.5288 -17.6394 -1.38135 -0.506836 -6.45996 
14.5906 -16.4688 -7.46729 -10.6294 -22.9065 -9.63306 -8.15088 -8.20386 -9.10742 -5.39233 
-13.3047 -9.79785 -5.76953 3.41406 -26.9365 2.87573 -24.0122 -8.84033 -1.34766 -1.04419 
-16.4495 -16.1707 -8.31836 -10.6003 -6.18823 -7.29272 -13.3042 -3.6333 -5.6687 8.03613 
-13.6873 -17.9124 -8.65283 -9.25757 -15.5505 0.12915 -12.2468 -5.91138 -3.08691 6.41333 
1.93115 -9.28394 0.691895 -8.86646 -33.1643 -10.0769 -8.77026 -14.9143 10.4485 -8.448 
-13.4072 -8.44287 -8.31787 -6.61108 0.201172 -9.46777 -15.0437 -4.68799 -0.171875 8.26709 
-10.9043 -21.7266 -24.6052 -8.52759 -16.6274 14.8623 -11.3162 -13.0906 8.86475 -7.16821 
-3.61841 -8.05811 4.03687 3.97681 -29.1726 -6.07544 -25.3948 -11.6267 1.43994 -13.3237 
-10.5559 7.66187 -8.05347 -3.54468 -8.00903 -13.1455 -9.53149 -14.384 4.96753 -5.76636 
-11.5906 -0.39502 -1.03198 -1.28174 -21.5027 -19.1086 -19.7107 7.17969 1.30493 -4.68848 
-14.7615 -6.41895 -7.25024 -12.4133 10.1497 -17.6467 -11.6965 -1.98975 -6.85205 -6.78735 
-12.6621 -5.21851 1.14014 -1.87207 -31.9275 -26.1775 -22.7588 9.72412 -0.621338 -11.1013 
15.5557 -28.5366 -14.1467 -15.7454 -10.0698 1.23389 -3.18848 -3.03979 -14.8733 -2.90723 
17.0229 -27.614 -9.11597 -15.8901 -16.3079 -6.71753 -11.7119 -3.4856 -14.5869 3.88525 
-5.37061 -20.9507 3.48975 -7.11304 -4.57642 -4.82715 11.7039 -31.7576 -0.966553 -20.2947 
-2.43945 -27.1462 0.967285 -10.1311 -1.9978 -7.96436 15.6956 -23.1736 1.60645 -23.5991 
-4.98364 -27.5378 2.94165 -11.7402 -1.10254 -8.13257 17.584 -23.8201 2.87549 -29.5769 
-20.3494 -9.76709 1.11646 12.5298 -34.511 -8.62451 -42.1516 -19.4907 -6.49951 -13.4355 
-12.6738 -4.85767 -3.35571 0.981201 -24.3557 -14.5916 -28.0847 3.3645 3.87915 -4.78052 
-13.271 -9.29077 -9.5166 -9.66211 3.79077 -10.6335 -14.4258 -2.5625 2.26953 5.64478 
-9.16162 0.526855 11.1365 -4.04028 -13.8582 -18.353 -9.92212 -17.979 -2.23804 -5.00708 
-1.31543 -17.8271 4.66431 -13.9963 -22.4531 -2.4436 0.846924 -21.9807 6.61841 -15.3438 
-16.5769 -19.0322 -10.2566 -8.37939 -3.05396 -5.65161 -10.7578 -5.72778 -0.360107 6.65723 
-0.720215 -4.53516 2.01465 -3.46631 -27.4241 -15.1165 -6.04858 -22.2686 9.73193 -7.29614 
-14.4785 -0.102539 -3.80957 -0.619385 -18.8049 -20.2283 -20.8062 7.83545 -0.560059 -4.61694 
-18.4592 9.22192 -10.8982 -5.13379 -6.42383 -12.1619 -10.1836 -9.88306 4.16113 -5.67432 
-7.83447 -8.03564 -2.12305 -4.31714 0.395996 -3.41797 -9.96191 -5.12134 -1.82178 0.370361 
20.9443 -23.5112 -9.70435 -22.7959 -23.2961 -2.88403 -5.08545 -0.321289 -16.4382 -14.2615 
-17.2827 -14.866 -8.21826 -11.5791 13.47 -16.1377 -9.24219 -4.80298 -7.98999 -13.9927 
3.11401 -15.3115 2.52344 -3.72607 -10.7341 -2.13818 -4.67505 -10.178 6.52734 -5.54395 
-20.6956 -8.74536 -8.71558 6.8208 -35.2761 8.43018 -24.4387 -29.5527 -5.37109 -2.86572 
-14.4226 -0.866699 15.9944 -1.60718 -23.5857 -14.4138 -9.14722 -24.9348 -0.905029 -25.5144 
-14.3716 -10.3652 2.75146 9.66455 -32.0457 -13.4114 -31.8054 -16.8472 4.72363 -7.45898 
-5.14502 -11.3525 -2.03101 -5.74731 -6.22388 -13.7395 -14.7307 -7.07959 -8.97632 5.28296 
22.7393 -21.7329 -7.6709 -12.6018 -35.5881 -5.88306 -8.52686 -7.73608 -22.9075 -8.13525 
-20.9998 11.0535 -11.9084 -4.31104 -7.8562 -6.54224 -12.0864 -10.8835 2.60327 -3.32397 
-11.9395 -9.70117 -4.06689 -3.06714 -1.51587 -8.57227 -22.2183 -3.18164 -4.03394 7.28906 
-21.6848 9.97314 -9.33081 -3.89429 -10.0405 -12.6021 -13.3918 -11.1125 5.31787 -6.72974 
-1.573 -6.3252 -4.55029 -0.0461426 -22.6301 5.71436 -8.32471 -14.8162 -3.36572 -6.27979 
-19.5952 11.4463 -11.7468 -4.86035 -6.68213 -9.25269 -8.68848 -13.0803 3.8208 -7.82935 
-17.9922 -4.53149 0.597656 0.874512 -14.7322 -18.6277 -26.5637 7.14478 -2.76489 -3.42822 
-11.8289 -3.93384 -4.07666 -6.60083 -3.56714 -4.85986 11.396 -21.0803 0.978516 -19.707 
-21.5374 10.8879 -12.8743 -4.22949 -9.82813 -7.7959 -11.7268 -10.7842 4.20923 -5.07617 
2.72217 -33.1765 18.3892 4.92969 -23.3625 -19.3413 -11.3225 -22.5728 -3.55225 -22.6904 
-20.9387 10.9238 -10.2102 -3.62891 -10.001 -8.63086 -12.5608 -11.9851 2.36841 -3.95142 
-12.8291 -4.99316 0.386719 -7.33179 -3.44629 -7.37915 11.293 -19.106 -0.47168 -16.9822 
0.222168 -23.5234 0.373535 -6.11084 -29.8833 -4.40039 -15.7261 -17.2739 11.21 -3.09375 
20.6814 -25.1628 -6.93799 -15.0625 -31.7139 -5.03979 -7.92505 -6.70874 -16.6343 -6.3811 
-15.1089 9.17114 -11.4934 -5.39111 -11.155 -11.8469 -6.24927 -11.8721 4.61182 -9.2793 
-21.0134 -5.81494 21.1816 0.817627 -33.562 -14.5583 -25.7766 4.19702 -10.3108 -30.7573 
-22.9158 -8.11572 1.26563 11.5164 -31.6702 -5.08862 -44.0105 -16.5085 -9.51465 -8.29175 
-15.0122 -18.1042 -8.25562 -11.5313 11.8308 -15.4189 -11.937 -0.616455 -6.62988 -13.9412 
-15.5396 -23.7295 -8.57056 1.57202 -38.7058 10.95 -29.9558 -17.4458 -10.7146 -6.89551 
-2.38623 -11.272 -9.396 -24.6941 -8.55688 -7.3457 17.2288 -3.86157 -15.9509 -16.0725 
-25.9661 -11.0674 -5.99365 -0.403564 -30.5776 -21.2983 -44.0369 20.0911 -28.2141 -5.27783 
-7.76245 -14.6011 -7.78125 -2.96729 -20.0693 -9.15918 -14.6797 -11.0642 9.20337 -2.90234 
-13.9011 -19.8059 -12.7065 -6.43652 -7.80371 -20.2307 -22.0181 -2.80811 -12.8381 9.94092 
16.1497 -20.324 -2.99487 -15.5352 -24.7747 -5.84497 -1.62793 -6.79126 -3.50122 -11.5669 
-8.93433 8.22192 -8.53369 -8.82056 -12.2092 -12.28 -3.36719 -10.1812 2.60107 -13.8542 
-3.90063 -17.9502 18.3464 6.48999 -27.3596 -30.3264 -21.1274 -21.7905 4.53491 -28.3176 
-22.7795 -8.77808 -4.59521 9.96997 -19.1509 -0.465576 -23.864 -14.5679 -13.1213 -5.3728 
-9.29468 -9.81689 -7.13501 -15.6775 15.1331 -15.0525 -8.51807 2.85474 -17.0081 -10.5959 
-14.1951 -17.1514 -19.312 -6.30127 -21.7468 9.23169 -21.1763 -4.87451 -20.4714 -1.49731 
-2.35449 -13.3799 -10.2285 -13.8171 -4.16357 -4.04883 10.9641 -8.87964 -5.7583 -13.3491 
-7.53979 -0.616211 -2.76172 -3.47021 -17.0181 -18.9182 -19.1675 7.98608 -5.05981 -2.86694 
-8.81616 -17.208 -8.69824 -0.526855 -19.3457 -9.55884 -17.5234 -12.2515 9.46606 0.299072 
15.354 -21.5105 -3.26636 -9.46436 -22.8267 -5.16895 -9.39502 -5.38208 -9.31372 -0.381836 
-15.8323 9.61035 -14.7275 -5.56812 -9.49048 -8.80396 -7.40869 -8.90576 2.30908 -8.07788 
-6.16406 -19.8464 16.3618 4.00806 -24.6272 -8.3689 -9.55029 -5.41235 2.13013 -27.9739 
-20.6445 -16.5115 -1.36548 8.87231 -21.613 -6.53198 -37.6604 -14.1287 -1.40942 -0.990723 
-13.0676 -12.8755 -10.1384 -3.43335 -34.9036 9.54443 -12.7598 -16.2429 -5.38501 -5.02954 
0.257568 -21.5923 -3.22852 -15.7368 -5.78271 -6.21069 12.4075 -23.2883 -9.02124 -17.0391 
-26.2935 -19.3547 -10.5974 -5.01172 -34.3452 -28.0547 -48.8667 32.7278 -39.4587 -12.5784 
-11.1843 -16.3506 -6.65405 -1.75171 -24.344 -6.91724 -14.6963 -9.02905 9.99023 -4.86401 
-11.7017 8.7937 -7.53369 -5.73486 -9.72949 -16.5989 -13.9658 -6.17261 -0.800537 -5.85034 
12.6921 -19.7859 -5.75537 -15.1499 -27.3701 -5.30322 -6.50195 -1.96606 -12.0903 -4.51636 
-16.8325 -6.2876 -3.97681 -11.4719 12.8188 -11.0093 -9.77124 -4.97437 -6.53442 -6.69385 
-9.75146 -16.5254 -11.3184 -5.96021 -22.071 8.61011 -7.71021 -8.46069 -7.75952 -4.1416 
-0.147705 -17.3816 -6.52856 -18.7551 -3.36084 -9.76611 12.1978 -6.62207 -12.4021 -12.6458 
-7.06445 -14.1611 2.98804 -15.7959 -6.72974 -13.6885 13.8542 -22.5667 -1.68945 -25.9209 
-10.834 -11.6792 1.72241 4.97119 -23.2773 -12.9729 -32.9551 -11.7109 0.950928 1.09937 
-18.1648 -12.5615 -9.82935 -12.7383 14.2834 -12.3481 -13.1919 -2.21362 -7.83594 -6.89819 
-7.77246 -13.9348 -4.46265 -10.5803 10.1558 -13.8066 -12.4004 -2.31104 -13.5046 -5.27417 
-1.23022 -22.8152 12.8301 3.90771 -25.9529 -13.5103 -20.4563 -17.793 -11.3333 -13.4666 
-7.63501 -11.0432 -6.74365 -1.60889 -19.9136 -7.88037 -11.2063 -12.4619 9.14453 -5.61743 
-9.46509 9.99927 -9.90063 -8.36035 -7.7478 -17.2734 -10.4285 -5.948 3.2229 -9.80762 
18.0493 -17.5718 -4.37598 -15.4226 -21.9314 -9.67896 -2.34985 -2.90625 -14.3135 -10.1646 
2.00317 -20.6592 -6.07275 -16.9241 -5.63135 -3.98926 13.894 -18.5535 -9.44653 -16.7603 
-15.5898 -12.4146 -7.4812 -11.2527 12.6274 -10.3806 -10.1492 -2.89429 -6.55762 -7.10596 
-12.2764 -20.3577 -4.42871 -6.97607 -7.89844 -16.2317 -20.2056 -0.218018 -8.44531 7.2019 
-15.2383 -2.80005 -4.14819 -1.05591 -19.0437 -17.5464 -23.3728 11.5491 -12.856 -6.80591 
-4.40186 -12.8789 14.7026 2.51831 -23.3579 -18.7959 -17.7317 -15.0852 4.44995 -17.0293 
-2.25952 -5.38721 -0.657227 -6.63623 -6.87891 -12.1475 -13.1399 -4.02124 -8.38379 5.04565 
-14.8896 -5.01465 13.9578 2.42749 -14.9541 -15.0554 -8.70142 -7.49536 2.04175 -23.3438 
18.0679 -23.3489 -11.6396 -18.1326 -21.7891 -3.71191 -4.37891 -0.995117 -19.0486 -3.02539 
-4.50269 -10.7666 -5.57031 -8.32397 -6.82837 -14.0483 -14.1055 -0.215088 -9.21069 5.92456 
-5.46826 -16.5381 1.54688 7.78442 -28.2395 -10.9197 -21.4453 -11.1375 1.77246 -7.85205 
-8.9563 -14.7683 0.800781 7.26221 -21.9175 -15.1414 -24.8193 -10.4238 3.26123 -11.1594 
-12.8892 -21.6675 -6.89624 -7.15454 -6.82153 -15.8923 -15.0999 -4.96362 -1.01538 6.8877 
-9.47778 8.59961 -6.85352 -6.34741 -12.1802 -13.3381 -7.63354 -9.14063 1.28662 -14.6155 
-6.73779 -12.6084 -7.37866 -3.4082 -28.7783 6.13525 -13.5039 -7.44897 -6.45215 -0.221436 
-6.0376 -8.5896 14.3813 0.443604 -37.9004 -15.8086 -24.9131 -2.21802 1.35718 -16.1299 
-12.9285 -9.47119 3.59668 7.34814 -19.6057 -9.98047 -25.6975 -11.1084 4.87378 -14.208 
-9.45923 7.86182 -6.86646 -5.17651 -8.01953 -14.4888 -11.3992 -6.46997 1.73682 -9.03906 
-3.2666 -8.67896 -4.84741 -10.2 -6.73364 -5.33301 8.16602 -11.0413 -3.32129 -14.8428 
-10.0193 -0.513672 -2.07056 -3.8125 -9.43628 -18.5288 -17.7551 8.34009 -4.9043 -3.80103 
-1.97607 -13.5549 -0.30835 3.0166 -21.605 -5.4541 -23.4968 -9.20483 0.601074 -0.760254 
-15.187 -9.07739 2.35083 -3.77466 -17.4917 -19.8137 -35.3594 11.5256 -19.6069 -2.70313 
-4.69824 -13.2986 -4.04517 -4.88721 -15.9651 -9.77466 -12.1924 -13.1606 7.96167 -2.0564 
-13.1699 -16.1089 -8.17407 -12.3928 7.94189 -17.0811 -13.9402 -2.70605 -3.41772 2.50757 
14.2844 -6.60449 1.50928 -12.9763 -34.0295 -4.65625 -7.83691 -2.3894 2.14844 -10.738 
-9.41943 -10.5547 17.4075 1.5 -19.5474 -12.0061 -12.531 -10.4243 -4.88379 -20.7537 
-12.4414 -18.801 -10.0588 -11.252 7.22485 -12.175 -11.896 2.20044 -9.05347 -5.05811 
14.781 -6.10718 2.01514 -12.5593 -30.239 -7.37915 -3.51709 -11.2507 0.378418 -11.9121 
-5.79541 -6.48193 11.4524 4.68896 -25.9546 -12.8965 -11.731 -4.81885 3.06641 -14.7656 
-9.31494 -4.19385 -5.48438 -9.26392 11.3657 -12.4507 -14.4724 -6.45605 -12.9551 -1.84644 
-11.2327 -11.8088 -7.68652 -6.94849 -13.0205 -17.791 -21.1064 9.14673 -17.0291 -0.78833 
-5.70215 -6.63916 -4.9248 -1.62402 -21.2429 -6.18555 -10.1514 -12.6921 9.07983 -6.5957 
20.0544 -25.1394 -9.0813 -17.2659 -25.5049 -3.21997 -6.95264 -6.11694 -22.5139 -2.07593 
-22.5232 -7.65723 -4.6106 -5.69019 -10.76 -19.468 -29.4685 13.9565 -22.4189 -5.38892 
12.7744 -12.844 -1.22656 -8.9502 -27.8242 -4.34521 -8.77246 -2.12329 -7.64111 -4.69116 
-7.16333 -4.87695 -2.90186 -17.8364 -5.53735 -10.3262 11.7888 -12.9827 -4.79297 -20.0647 
-12.2271 -17.1826 -6.52686 -9.58203 -3.67993 -10.3911 -15.4954 -1.93604 -5.99268 6.24585 
-11.2585 -9.48633 6.01147 9.45142 -36.052 -8.16138 -38.2888 -12.4431 -2.69141 -9.40698 
-11.6365 -13.8542 16.5881 8.98364 -21.7551 -21.1306 -15.4773 -22.8206 1.02417 -20.781 
-14.3992 -7.05786 -3.59546 -13.771 13.5769 -13.4805 -9.79004 -1.28369 -10.5012 -11.291 
-4.86401 -10.4463 -2.21362 -2.2251 -14.5898 -8.67236 -12.8369 -6.74927 6.32544 -4.26318 
-5.49023 -5.60522 -1.8291 -14.1826 -12.1812 -9.13647 7.90674 -12.0032 0.198975 -17.7361 
16.3289 -13.3762 -1.53394 -9.91553 -17.3196 -10.2292 -3.12769 -13.8782 -12.5876 -15.5222 
-15.8115 -11.3765 -13.626 -2.40649 -31.3389 11.4297 -14.7026 -15.8589 -14.7813 -3.79468 
-13.8521 -16.1829 -1.33813 -5.3208 -22.2927 -16.8289 -31.9077 11.2163 -23.7529 -0.34668 
-25.9995 -19.4324 -10.9534 2.60986 -36.0759 14.094 -24.6646 -21.6338 -13.4849 -9.70093 
-12.8345 8.54346 -10.606 -6.79858 -10.7661 -17.9856 -11.1379 -0.990479 2.57275 -5.54761 
12.7368 -9.68726 1.04468 -14.5625 -33.6035 -7.31299 -4.75073 -7.30688 -0.679443 -15.8711 
-5.21802 -9.89795 -2.17871 0.126709 -21.4031 -6.39185 -14.7063 -7.35254 7.8999 -4.63843 
-14.146 8.49609 -9.9707 -6.57275 -11.2874 -13.7627 -6.23535 -10.2747 3.87817 -8.1084 
-2.05444 -23.1084 -1.65088 -18.0771 -4.32446 -9.90234 15.4409 -9.20435 -7.28687 -23.3811 
-17.6653 -13.0059 -6.12939 -6.18823 -17.9531 -19.9973 -26.2656 13.3872 -19.7559 -5.54053 
2.60449 -22.7676 13.7424 2.06079 -30.147 -19.6851 -17.4363 -6.63257 2.13916 -9.58838 
-13.8958 -12.6816 -7.0437 -7.85425 -4.12573 -8.95508 -11.8398 -3.46191 -2.66772 6.27881 
-16.3245 -4.84058 -2.80957 -2.10645 -19.876 -19.9514 -26.2183 12.6372 -16.1316 -12.3254 
-11.6106 -15.804 -5.21533 -7.0769 -8.56812 -24.5068 -16.2905 -2.09595 -8.63696 7.81323 
-10.7283 -11.5059 -9.70996 -2.21313 -32.2949 8.67334 -17.999 -12.1436 -13.5762 2.1853 
-4.1626 -8.33228 -5.82324 -13.2476 -4.38013 -5.50879 11.1221 -10.1404 -3.13159 -15.4297 
-6.66187 -18.8687 -7.32813 -5.11963 -23.3306 6.85107 -10.2258 -9.45605 -6.56909 -7.2229 
-9.99292 -5.69409 13.6646 2.69336 -24.6704 -21.0334 -16.5774 -16.9221 -0.479492 -20.5537 
-6.80249 -12.5542 -2.42773 -9.14453 -5.23169 -6.4563 7.83667 -12.3804 -0.882324 -16.2419 
-6.09106 -12.5825 14.7629 2.2981 -23.375 -20.3237 -19.5837 -6.07056 4.40479 -18.6689 
-6.45068 -11.4946 -5.68848 -1.92944 -15.0227 -4.48413 -6.88452 -13.1243 8.0686 -5.56274 
-9.39111 9.62378 -4.4458 -5.73438 -10.7451 -15.019 -10.2847 -5.92383 3.24658 -15.4907 
-15.0195 -9.36304 -4.52954 -7.92822 -10.9631 -23.5952 -20.5989 10.9861 -19.0662 -4.93115 
-9.99512 -7.53125 -6.21948 -0.584229 -25.3418 9.49927 -12.4136 -11.5874 -9.71729 -1.64478 
-14.6616 -13.8621 -5.30273 -0.0900879 -29.2756 6.90771 -19.374 -7.76318 -6.21899 -6.25244 
-10.9087 -6.80176 -4.61182 -3.9187 -14.5784 -15.4678 -22.3572 8.2168 -13.3025 -3.91724 
-15.1558 -9.01904 2.86475 8.58618 -28.2893 -8.68896 -35.186 -8.9978 1.14917 -11.5698 
-11.2239 -12.8254 -8.02393 -2.10718 -27.9028 9.71069 -17.1616 -11.6553 -9.9353 -1.19629 
21.2253 -19.6238 -5.14795 -15.8999 -29.1094 -2.13867 -9.4248 -3.83496 -19.6982 -9.81323 
-9.39819 9.55664 -9.396 -7.4209 -11.0142 -15.2507 -6.48218 -9.7395 4.33057 -14.4568 
-11.7297 9.44922 -12.1338 -5.88501 -9.18604 -14.9404 -10.7463 -9.62378 2.09766 -8.26099 
-13.3774 -17.9807 1.49365 13.8127 -40.5671 -7.64624 -38.0178 -14.5034 -6.14771 -7.24097 
-13.158 -14.1826 -4.51367 -1.80225 -19.1992 -11.926 -12.7041 -9.83496 11.3599 -5.05151 
-11.4548 -21.0415 -9.13403 -16.425 12.259 -13.5393 -14.679 -6.59595 -11.2102 -6.49829 
-21.3538 -19.0151 -9.21387 -9.16138 -4.04663 -19.696 -13.033 -7.55225 -4.46851 7.83276 
-10.7134 -22.8096 -3.68408 -14.5942 10.9792 -16.9111 -15.1157 -6.21338 -10.6021 -7.86206 
-12.9607 -16.3755 -9.25293 -5.51538 -29.6279 6.45093 -19.5818 -14.0635 -15.2542 1.37964 
-10.717 8.49731 -12.2859 -2.82031 -6.4375 -16.3892 -11.6199 -0.381836 1.57178 -6.75708 
-1.59473 -5.45972 -2.57617 -1.82959 -18.9177 -3.31445 -4.36572 -13.21 7.21484 -6.23169 
0.560059 -18.4438 -5.41382 -12.7393 -5.44043 -11.2817 11.7048 -17.625 -2.8916 -10.5129 
-3.63135 -18.2944 -1.87158 -2.97974 -21.937 -7.29077 -10.9092 -8.24243 5.84375 -1.56104 
-15.6377 -16.1104 -9.125 -9.88525 -11.2395 -22.1133 -17.6985 -0.611572 -5.85767 8.56982 
19.7046 -18.2375 0.515381 -9.11816 -36.3022 -8.67139 -15.6038 -11.9099 -21.4736 -7.51147 
-6.19775 9.51147 -2.73022 -11.7061 -12.8564 -13.2068 -4.4646 -13.2256 1.9541 -17.7678 
-8.42188 -4.85913 14.6714 -1.08154 -29.4016 -13.356 -15.467 -11.3118 3.57324 -23.0166 
-4.83838 -11.0835 -0.856201 5.58398 -23.8584 -8.07495 -23.1323 -16.2776 0.936768 -4.90088 
-22.762 -16.6187 -11.1096 -11.5701 13.6326 -24.127 -11.875 -2.93335 -8.65942 -4.04443 
-10.396 -16.8364 -11.572 -6.86255 -40.5718 8.56714 -13.7837 -29.145 -10.2839 -1.04541 
-11.1423 -13.6113 -3.02417 -9.04492 -5.50293 -4.97583 14.7297 -24.8098 -7.47046 -18.05 
-12.0474 -9.2605 -10.7947 -2.22827 -25.9248 -8.16699 -20.8635 7.19312 -3.30811 -3.50757 
-7.9751 -6.8042 -9.30762 -4.37695 -24.9739 -3.02148 -7.4021 -6.94556 7.28638 -2.87549 
-25.6555 -15.8997 -17.6323 -6.3894 -4.80225 -11.8347 -26.3003 -0.943848 -6.83716 13.583 
12.8674 -19.03 2.56421 -5.77393 -16.3926 -7.61768 -3.54443 -11.6711 -6.40552 -0.745117 
-9.37012 8.79053 -3.48926 -6.49878 -6.82324 -14.8164 -9.59131 -6.84961 2.6814 -11.9351 
-12.1501 -1.61841 16.2578 0.886475 -31.448 -17.0002 -14.0991 -15.7163 6.26514 -27.7266 
-10.0195 -11.3145 2.98193 11.916 -38.1067 -14.0034 -18.1638 -26.061 5.37427 -14.9353 
-20.3381 -11.2644 -6.83545 -12.6221 15.3057 -21.6653 -13.4446 -2.21411 -8.23804 -9.55493 
-15.1604 -13.991 -13.5183 -5.62061 -34.9563 9.6626 -17.0632 -28.6365 -12.6152 0.193848 
-9.2998 -18.5598 -3.54175 -14.6079 -3.87207 -3.08179 15.7734 -26.0388 -3.25122 -16.8486 
-9.45313 -2.85352 -3.2312 -5.22437 -23.199 -20.2686 -22.9797 11.4656 -8.43848 -7.62891 
-4.96582 -12.5728 -4.09814 -6.21338 -26.2158 -8.47852 -9.04834 -14.2634 10.1494 -6.13623 
-18.7188 -9.14893 -13.9602 -9.61328 -0.103516 -8.75928 -14.1953 -8.58691 -0.911133 9.45605 
12.5435 -9.99048 0.529541 -7.03076 -23.0186 -1.83276 -10.1155 -5.92993 -11.7048 1.30176 
-8.76758 9.99756 -5.50732 -8.45166 -13.0122 -12.8484 -5.15552 -10.7888 3.54346 -15.6636 
-2.66846 -16.4163 15.6775 1.41724 -17.7407 -19.729 -12.8604 -11.6448 2.98779 -19.7246 
-12.4851 -8.37036 -2.59937 10.4412 -35.6118 -4.60742 -36.2024 -20.7117 -5.46924 -3.91821 
-15.2532 -9.85327 -10.0447 -8.05688 11.0107 -22.7681 -14.823 -1.62915 -9.64307 -4.72681 
-16.7029 -29.3298 -19.3889 -9.70337 -20.5435 13.5911 -14.1492 -10.1497 8.32349 -14.6882 
-11.7573 -15.2542 -4.1228 -8.46069 -10.0564 -1.48218 14.9722 -23.4436 -2.2124 -17.1204 
-12.2622 -4.8291 -11.875 -4.56909 -23.8213 -11.4648 -19.3965 9.75171 -10.3242 -0.140625 
-6.21606 -8.54248 -8.04834 -9.97974 -19.5964 -5.73779 -8.80615 -12.4182 10.0378 -8.34521 
-20.4502 -10.28 -17.5913 -6.93457 -4.08838 -8.47559 -19.6782 -5.198 -1.05957 11.1724 
-10.8601 -11.3608 -1.65869 11.186 -28.4702 -10.5261 -28.0139 -19.9431 -6.01807 -12.9678 
-13.3809 -12.9097 -10.2053 -11.0579 -31.9653 7.18213 -9.53394 -25.769 -3.94678 -3.03442 
-11.6648 -12.634 3.9751 7.60132 -32.4795 -11.6257 -35.0681 -17.0706 3.896 -7.24463 
-15.0132 -6.12109 17.3801 3.18115 -36.387 -16.1936 -25.9126 -6.59155 -3.10156 -28.9592 
-23.9749 -14.9207 -12.7498 -5.55786 -6.74414 -12.479 -21.0906 -6.06177 -7.17529 11.2336 
-12.7598 -10.2832 -1.25952 7.21802 -31.03 -11.2441 -24.9963 -18.5427 -3.73584 -8.88232 
-8.9126 -13.4175 15.2471 2.10864 -18.5645 -11.2415 -3.81519 -10.9988 0.440186 -27.4436 
-6.7124 10.6169 -2.83105 -8.29736 -16.5 -12.9465 -6.94922 -11.4294 4.05225 -16.448 
-20.8118 -18.6738 -14.9963 -14.8525 12.075 -22.9026 -15.2637 -2.81592 -2.69336 -4.21313 
-10.6812 -15.1094 -12.8813 -8.58081 -30.3738 6.05127 -10.7263 -28.8782 -7.66992 -0.69043 
-19.8618 -3.28906 -9.37378 -2.16992 -28.7793 8.40649 -15.0925 -24.9548 -6.62451 -5.82861 
-12.761 -11.5896 23.5691 3.56616 -44.3855 -23.8201 -26.3247 -23.1108 8.01294 -39.8682 
-10.0923 -8.70581 -1.5354 8.06543 -22.2615 -5.61963 -22.5464 -13.511 -6.10571 -5.44995 
-17.9292 -4.29224 19.6946 0.483398 -30.5278 -14.5808 -15.7988 -18.3057 0.344482 -24.8757 
-5.06592 8.35083 -6.4165 -10.2319 -15.8047 -15.3523 -2.08862 -15.0396 2.89624 -14.9053 
-15.4714 -11.6912 -2.18994 12.0256 -31.2451 -5.63501 -36.1394 -28.3928 -6.25488 -7.6377 
-23.9536 -17.509 -13.0046 -10.9675 -0.825928 -8.03418 -14.8582 -11.1472 -1.43359 11.123 
-14.3267 -2.41357 -3.29443 0.845459 -17.7383 -25.0896 -26.4075 9.36597 -6.73682 -8.76953 
-18.9421 -5.14233 18.4678 0.688477 -23.4805 -10.9736 -17.1709 -13.2979 -1.74097 -28.0745 
-9.42773 10.6836 -3.61255 -8.99365 -14.8462 -10.2749 -2.76733 -13.0027 2.44019 -20.2441 
-14.3879 -10.3862 16.8567 2.45264 -23.6958 -15.9338 -23.0269 -6.51636 -0.905518 -27.5464 
-6.79102 -7.51489 -6.79297 -5.05737 -24.8267 -1.68677 -5.35791 -11.4363 8.64307 -7.4812 
-17.7241 -7.71631 -10.7493 -8.60718 -3.88965 -14.0085 -15.2107 -5.88672 0.0686035 9.7002 
-8.85718 10.2903 -3.50781 -7.04028 -11.6245 -13.0344 -7.76123 -8.76855 2.70532 -17.5518 
-7.23071 -11.7622 -4.25464 -3.22217 -17.6826 -9.6792 -10.4685 -10.5754 9.77881 -7.2998 
-9.8606 -15.104 -6.55957 -5.12012 -18.2996 -5.43994 -9.24365 -7.43579 9.07544 -6.93872 
-15.6155 -3.87378 -8.56226 -0.778564 -18.7 -16.6621 -22.1621 7.59814 -9.99609 -6.62695 
-15.6587 -15.7695 -9.16626 -2.99658 -22.5188 -3.47266 -12.7981 -5.76904 10.2776 -6.24805 
-7.16455 10.6213 -0.152344 -10.2693 -18.6631 -14.0957 -4.1438 -15.2305 1.7251 -19.4028 
16.7888 -17.2068 -2.15259 -12.2412 -26.9778 -11.3823 -11.3472 -4.79907 -16.2039 -3.05933 
16.0144 -15.7842 1.89478 -10.3721 -27.9568 -8.82104 -11.9045 -8.81323 -11.0344 -4.55835 
-10.8743 -20.6138 -5.11694 -25.1331 0.835205 -8.59595 16.2134 -13.6787 -7.84595 -14.8516 
-14.9063 -1.29419 -3.60864 -6.16724 -14.4563 -23.2688 -19.9546 8.98853 -11.6477 -9.32446 
-22.6335 -7.16113 -2.2605 -4.00757 -27.9126 -21.9163 -41.156 19.0811 -24.7849 -10.1777 
-13.8101 -12.6116 -10.3845 -4.04761 -22.8928 -11.0769 -16.6458 -5.22241 9.75732 -1.78516 
-10.0811 -12.1006 -16.3623 -0.729004 -24.2534 -10.5706 -26.0317 7.78809 -6.15308 6.10645 
-17.0662 -10.21 -18.4648 -6.48877 -37.208 13.7075 -13.4971 -32.1677 -14.6096 0.0336914 
8.96045 -13.0901 2.14014 -3.00513 -14.4578 -7.85327 -1.96313 -12.7192 -3.76904 -2.29834 
-12.8447 -8.2561 -4.80762 -15.8643 -13.6753 -10.5093 14.6882 -27.0835 -4.15332 -10.1897 
-9.47778 10.1199 -6.71021 -9.60181 -12.8599 -14.7295 -5.70166 -9.94751 2.46387 -16.6165 
-14.6033 -3.20654 -12.333 -3.88379 -36.8374 10.8948 -15.9087 -29.9187 -15.4749 -0.980469 
-14.0649 -0.543457 -1.33521 -4.46265 -22.801 -15.1792 -23.2451 5.39893 -5.57397 -12.3845 
-21.7578 -18.2634 -9.6228 -13.1228 9.60449 -15.3638 -17.3367 -4.17261 0.265869 -0.218262 
-5.56567 -11.25 -5.39966 -1.50098 -8.37964 4.80469 11.1809 -16.802 1.49976 -22.6021 
-7.05566 10.5005 -0.981689 -12.2576 -16.082 -12.571 -2.27637 -13.4456 3.09668 -19.1357 
-6.84155 -15.1475 17.0225 4.97656 -19.8594 -21.3015 -12.8977 -16.4922 3.2063 -23.7271 
-18.2214 -19.3401 -9.28809 -5.88965 -31.5017 7.18896 -16.7239 -28.6406 -11.0989 -0.494629 
14.896 -12.3538 2.74341 -6.12964 -27.2212 -5.93726 -5.48462 -11.6951 0.989258 -5.58618 
-16.8625 -4.86353 -9.18335 -1.76025 -17.1125 -20.8835 -25.531 8.6355 -9.9729 -3.56128 
-14.3467 -18.6345 -5.42676 -7.79932 -8.73486 -15.5879 -18.262 -6.22314 2.49243 9.18921 
-21.7607 -16.1616 -16.4939 -7.3125 -8.61938 -14.0513 -23.1091 -8.18945 -0.0996094 11.9937 
15.1697 -9.89624 0.675537 -9.6106 -21.2048 -3.31396 -4.22876 -7.22925 -1.11353 -7.61108 
-14.3369 -10.3464 -3.94653 11.8997 -29.2185 -5.18579 -33.1423 -23.7478 1.52344 -6.03271 
-19.6187 -16.2502 -4.51245 -11.6765 11.6499 -20.9412 -14.0334 -8.45093 -10.4229 -4.03979 
-18.3535 -18.8215 -9.66357 -13.031 8.49121 -17.8535 -11.6074 -3.57764 0.64502 -1.72144 
-10.2412 -2.69141 0.571045 -3.81152 -15.7271 -12.2966 -9.45288 -5.31421 6.50757 -3.61792 
-27.1333 -19.3057 -8.54248 -16.6497 16.4324 -17.5554 -11.1279 -3.64819 -4.94019 -6.87329 
-6.16577 9.43726 -1.20654 -10.5151 -17.0872 -12.1497 -2.9668 -14.6445 3.552 -18.1018 
-3.70728 -6.75049 -1.4292 -3.25903 -17.8062 -4.42188 -8.99707 -6.14941 6.22217 -5.95166 
-6.76733 -13.6665 -3.02026 -6.2627 -6.44775 -6.65381 8.77563 -20.667 0.0305176 -6.81982 
-11.2703 -17.6082 -18.9958 -9.97803 -34.3025 13.0764 -8.80591 -25.2197 -9.18555 -1.35034 
-16.0991 -10.2083 -13.9802 -7.61768 -9.88965 -14.7566 -21.3328 -2.69751 0.677002 11.3606 
15.7954 -19.2908 3.28784 -8.91479 -23.7886 -13.5525 -8.59326 -7.30396 -8.96167 -3.64868 
14.7349 -18.3623 3.13232 -5.88525 -18.9521 -9.94702 -6.83032 -9.53369 -6.62256 -1.19458 
16.6509 -18.1064 2.83179 -7.73364 -22.3308 -8.06665 -8.1394 -4.68164 -8.22656 -4.75928 
-15.8828 -8.60889 6.28442 16.9551 -29.9326 -3.2605 -35.9702 -25.3586 -10.1221 -24.7544 
-12.636 -10.981 -10.9443 -3.09473 -26.6228 -8.53833 -27.2024 13.9436 -18.1262 -1.56079 
-6.95923 8.2395 2.50244 -12.8162 -14.6772 -12.8059 -3.44751 -14.9026 0.757324 -18.6511 
-7.08398 -19.312 -1.94189 -13.8813 -3.80566 -5.33423 16.0002 -20.937 -9.58765 -19.5811 
-18.8687 -12.978 -6.82397 -10.2307 10.6606 -17.0715 -14.3628 -6.33496 -8.84692 -4.11523 
-7.85645 -12.4407 -2.62109 -4.51538 -7.87549 -2.56519 13.7568 -24.573 -2.31763 -23.1006 
14.5574 -13.4666 3.00146 -7.81885 -24.625 -9.25195 -7.28076 -10.5593 -6.49341 -0.616211 
-22.5962 -7.3269 -9.21851 -13.6582 11.6963 -20.9707 -12.5457 -3.24023 -3.13086 -7.7019 
-23.1372 -21.1602 -22.5476 -7.10889 -22.0513 14.5039 -11.4807 -27.6455 -2.47119 -2.13477 
-26.8179 -14.5454 -10.5886 -13.6865 14.0901 -25.6843 -15.9648 -9.36768 -1.07813 -4.18457 
-6.67505 9.16626 0.232178 -6.7644 -13.9106 -13.2676 -4.44434 -12.0857 2.70776 -20.5386 
-15.3494 -12.7185 -4.51099 13.7825 -37.1809 -11.4832 -35.1641 -15.0786 -10.771 -5.39453 
-7.04956 -13.7954 -0.979004 -2.63086 -24.1814 -8.44531 -11.3511 -8.89722 9.85376 -8.24512 
-18.1958 -16.4502 1.67676 -13.0457 -3.98291 -7.96021 17.5618 -25.4734 -6.90454 -15.9709 
-19.7473 -8.29468 0.0241699 12.0002 -35.676 -8.49463 -43.0022 -11.1882 -12.0952 -5.13428 
-12.6956 -16.551 -6.96558 -7.59204 -11.4126 -13.386 -18.3228 -9.30225 2.67944 7.25269 
-15.5173 -18.8076 -8.83569 -10.2917 -13.9807 -14.0178 -17.9822 -7.28345 4.4519 9.38916 
-19.8879 -19.5991 -19.8572 -8.63257 -33.4099 14.5825 -17.7517 -14.0657 -9.03638 -1.88428 
-18.3174 -14.5706 -14.24 -7.95361 -1.79053 -7.62109 -17.8955 -6.85352 1.51709 9.51855 
-7.03833 -6.78564 1.61963 11.2471 -15.3167 -1.60474 -18.446 -15.7266 -0.649658 -16.8247 
-22.5264 -13.5676 -7.14355 -0.744873 -34.5596 -19.8445 -40.7031 18.6963 -20.2131 -2.27124 
-8.0896 -5.03467 -4.99585 -2.76855 -15.5901 -11.6309 -11.1443 -9.06519 9.04443 -5.02563 
-10.9487 -3.27979 -8.35449 4.1333 -26.6567 4.88354 -16.167 -19.4031 -6.00854 -4.12793 
-9.69482 -11.1887 -5.35767 -7.03149 -7.31201 -6.4895 10.6287 -23.189 -4.57031 -12.1191 
-18.5344 -16.6709 -8.46118 -11.3513 14.7954 -26.3416 -15.5798 -8.0481 -7.50024 -6.86475 
-12.2483 -10.1414 -10.7568 3.00854 -34.6536 -18.9409 -32.1416 12.4441 -12.887 -3.7605 
-6.48975 -23.4294 -1.72705 -4.91992 -6.87769 -7.75464 11.2751 -22.6384 -1.54736 -11.9565 
-5.24463 -14.1519 20.7395 0.333984 -35.5027 -18.678 -18.7795 -8.24707 4.22168 -30.02 
-15.033 -6.03711 19.145 0.783936 -38.6895 -13.5042 -24.197 -5.13062 1.28076 -31.3457 
11.9739 -15.3848 4.19946 -5.29468 -18.7393 -10.7705 -6.8457 -10.5374 -9.64722 -5.71436 
-21.9397 -21.103 -9.40845 -10.512 -3.09766 -10.2107 -17.7649 -8.51294 -0.541748 8.69141 
-18.5085 -9.14526 -7.63232 -10.29 13.4829 -20.8921 -7.60034 -8.86694 -6.3606 -8.8501 
17.5654 -24.1416 -0.89502 -13.3633 -29.1426 -13.0217 -17.4451 -5.63745 -18.1938 1.61011 
-7.9519 10.8345 -3.3208 -9.44434 -18.6655 -12.2478 -3.3811 -14.0059 2.90723 -20.6616 
-10.6768 -17.6772 19.7461 6.84839 -25.5535 -24.7942 -16.3118 -23.2881 4.44507 -26.5737 
-21.2527 -7.21533 -7.2522 14.3892 -32.8396 -5.24219 -41.0259 -25.2622 -7.78394 -1.46313 
-4.26514 -14.8953 -2.87158 -17.8577 9.97852 -17.1943 -8.83472 -2.61597 -8.08569 -7.27881 
-18.5054 -26.9016 -25.2793 -15.0403 -22.592 13.019 -8.79736 -18.6675 -3.59277 -3.02368 
-3.41187 -9.9519 -4.65649 -8.64307 0.674805 -7.91431 13.448 -13.6111 -5.87402 -18.6541 
-12.7502 -3.6311 -2.84229 3.77954 -23.1375 -25.0796 -24.2998 11.5129 -13.9402 -6.35278 
-10.3745 -4.53784 -13.5293 -8.83154 -12.667 -6.30249 -8.58862 -10.1948 8.6814 -7.85571 
-16.3816 -18.9468 -9.84766 -8.19385 -8.79785 -7.63135 -16.4402 -8.56152 -5.77905 9.81958 
16.2612 -14.2302 -1.57446 -17.7776 -16.2913 -4.95264 -10.4819 -6.45532 -18.4158 -1.84546 
-10.4475 11.2598 3.50903 -6.66748 -5.87939 -23.9856 -13.3877 -3.34961 -7.17041 -16.2063 
-20.468 -5.22485 18.605 1.33862 -29.6191 -11.7468 -20.9563 -12.6787 -3.24072 -23.1196 
-17.8896 -7.62256 -2.59692 11.759 -28.1057 -7.56152 -34.8464 -24.0286 -6.21606 -9.07983 
-18.7742 -10.1611 -3.73218 -9.97192 8.40308 -22.1506 -13.1147 -8.77515 -9.94019 -0.996826 
-23.325 -18.9324 -25.2725 -6.41455 -23.7415 14.781 -10.5779 -20.2839 -9.198 -1.49121 
-2.37109 -13.6045 -4.02026 -6.69141 -0.510498 -4.9209 14.0266 -20.1912 -3.72192 -21.0305 
-7.27783 -8.41455 -5.02173 -0.65918 -25.7849 -23.8281 -23.5901 11.1914 -11.5007 -4.99487 
-2.74072 2.90527 0.0141602 -8.29785 -21.2253 -15.4663 -5.4563 -15.2153 7.55322 -15.0696 
-15.4075 -15.3762 -13.4258 -11.7581 -12.2332 -9.75146 -10.0789 -7.79492 0.246582 8.82397 
18.0527 -15.3706 3.50781 -9.85352 -21.6775 -10.3455 -10.9314 -7.23584 -19.814 -9.82129 
-11.1941 9.10449 1.33472 -6.95068 -0.532959 -20.6768 -11.4807 -0.69043 -8.52612 -13.5425 
-14.1748 -23.1709 22.3928 5.40356 -30.4429 -21.6165 -16.1013 -15.6223 1.99023 -32.3342 
-15.9768 -5.01099 2.03564 11.3916 -36.6948 -0.834961 -39.0437 -20.6304 -13.8442 -1.06274 
-16.9084 -20.6143 -9.84497 -14.7314 9.84814 -21.5012 -13.374 -7.6001 -2.38647 -4.13525 
-17.7788 -23.7817 -14.218 -9.83569 -14.1592 13.7314 -6.81006 -10.2068 9.47412 -17.4951 
-7.51318 -17.0879 -7.87964 -11.3491 -2.11719 -8.56201 15.4812 -21.3306 -1.70483 -10.2803 
-13.4709 -0.52832 -2.63721 1.88159 -22.1785 -27.1812 -27.2224 11.1772 -16.2925 -8.40674 
3.16309 -12.6768 -0.366455 -12.0771 -19.8379 -18.209 -8.4502 -16.8948 9.81738 -5.59302 
-20.1868 -12.8206 -13.7034 -12.3687 -8.5835 -9.59766 -15.4753 -6.29224 -1.48169 10.7041 
-13.9438 -9.96411 -4.73779 -13.6001 -6.95068 -3.32666 17.0513 -27.3127 -0.20752 -18.8762 
-21.1196 -20.7361 -7.45068 -13.2417 9.92285 -17.7131 -13.3569 -4.3728 -4.2002 -4.12183 
-10.5771 -15.668 21.1389 11.8538 -30.8076 -23.8459 -18.1643 -25.2559 -0.515869 -30.8381 
-4.64063 -12.9033 -5.06982 -4.57861 0.770508 -6.12939 11.9138 -20.0271 -5.2019 -16.1074 
-11.1753 -7.71094 -9.57324 -15.9414 16.4578 -27.563 -9.14111 -2.92627 -13.2971 -10.5562 
-10.6284 -5.32007 -10.9397 -2.46631 -18.2505 -16.1162 -16.0408 7.79639 -11.5686 -1.19507 
-18.6897 -18.3181 -19.0925 -7.32617 -26.9697 14.093 -8.76953 -23.2908 -1.85547 -4.61621 
-19.9834 -13.9968 -12.7078 -4.26758 -25.9829 8.76685 -8.66162 -27.5112 -1.28149 -5.39185 
-12.8535 -5.4021 -9.30103 -11.1121 14.2791 -21.603 -7.4397 -3.81152 -8.1499 -11.5364 
-10.0388 -6.98877 -7.10522 -5.94409 -22.377 -19.9705 -20.6021 8.12891 -8.50757 -1.80249 
-16.6545 -14.6135 24.6836 8.18384 -25.8367 -29.2661 -18.7383 -35.7466 -1.8186 -34.7871 
-12.2424 -11.0256 -8.53613 -9.2688 -6.48535 -9.60571 -17.4324 -2.03516 -1.67529 8.18701 
-17.5105 -12.8716 -7.37939 14.9531 -36.8706 -8.60986 -31.376 -20.8472 -5.96094 -10.0232 
-23.2185 -17.8247 -15.092 -10.4666 -9.34961 -13.5347 -17.4604 -5.97949 -4.59131 13.6624 
-15.2209 -9.07373 -1.31348 11.0188 -32.0793 -3.34814 -36.7188 -23.1641 -7.90088 -2.82349 
-0.936768 -9.23682 -8.70166 -18.2312 -17.8733 -4.15283 -5.96191 -16.6379 10.4683 -9.56152 
-1.51636 -25.1506 18.3708 6.8042 -20.0593 -25.9988 -14.4778 -25.6746 -3.89893 -18.259 
14.7671 -13.282 4.61523 -9.95142 -23.9602 -13.0618 -7.59302 -8.47388 -3.51953 -5.59155 
-16.2876 -8.51929 -10.1426 -7.57422 1.87988 -12.4492 -12.4753 -1.66748 -2.91675 7.73779 
-2.31519 -17.364 -13.0054 -6.72266 -9.60791 6.84741 -0.472168 -11.0103 -2.06567 -4.53174 
-13.572 -18.6414 -3.39648 -11.6902 -1.55737 -9.64404 18.5029 -23.5696 -7.73389 -17.345 
14.4626 -11.7529 -0.608154 -13.939 -13.5347 -9.79688 -5.90894 -2.37451 -5.64551 -4.29907 
-7.25122 8.7019 -5.70801 -9.38916 -13.8835 -14.7666 -4.52393 -10.4287 0.876465 -16.4048 
16.6663 -17.1204 3.69824 -9.02124 -19.8396 -11.2695 -7.07959 -7.88623 -5.77539 -3.66797 
-10.751 -12.0249 -3.45435 -10.6853 -4.65234 -4.19507 17.2229 -28.8875 -2.42358 -23.8628 
-15.3474 -35.4402 -18.4832 -9.41577 -25.3552 14.4578 -1.95996 -15.1589 9.96118 -17.1284 
-20.012 -5.77173 2.89893 12.4021 -37.0586 -5.5166 -40.2515 -23.3843 -7.83496 -7.12793 
-24.1252 -28.5293 -21.4553 -10.7766 -21.3718 13.3596 -13.3513 -18.6956 -8.96655 -2.78394 
-19.4248 -7.29224 1.54102 11.6626 -37.3799 -5.10083 -44.2441 -20.7629 -10.0044 -4.89624 
-0.822021 -0.052002 -2.74634 -12.2415 -18.7288 -11.5942 -5.10791 -15.6443 7.89233 -8.42188 
15.752 -15.3586 3.62915 -8.00439 -25.0886 -11.708 -11.791 -10.3843 -9.66577 -3.20386 
11.4976 -18.2566 1.66504 -6.27808 -11.1072 -9.58081 -6.20215 -6.09253 -4.41528 -1.07153 
-14.9148 -5.28003 -1.21118 10.6245 -27.7446 -8.61621 -39.0405 -21.6182 -6.62842 -5.36108 
-13.8064 -12.9988 -5.98706 -11.2688 11.408 -21.8044 -10.8208 -11.1716 -11.1072 -7.69629 
-6.6084 10.262 0.512695 -10.2917 -15.061 -15.0288 -7.5791 -12.2158 1.30811 -18.166 
-8.39185 -12.1489 -6.74854 -11.7063 -27.613 6.17261 8.35327 -33.8865 2.85815 -16.5122 
-11.2441 -5.31714 -0.45752 9.18115 -27.511 -4.67944 -32.9431 -16.6501 -10.7881 -3.34033 
12.092 -15.8792 -0.264648 -12.1941 -21.7688 -6.70239 -11.3889 -3.22339 -13.4336 3.85376 
-6.51147 -0.147949 -6.84448 -6.50903 -15.457 -10.9434 -14.2993 -11.9343 7.98975 -6.74292 
-12.6484 -9.00806 4.55151 9.61328 -24.2708 -7.04468 -31.8103 -14.9482 0.25708 -16.9336 
14.9565 -24.3037 -1.28784 -17.634 -17.6289 -13.8601 -6.99268 -5.61206 -10.772 -2.91479 
0.00170898 -16.8508 -4.01685 -3.32471 -9.71753 -1.45508 7.9939 -13.4875 -1.40039 -13.2249 
-11.0276 -9.48486 14.2053 4.52051 -20.3193 -16.8757 -10.8284 -24.979 -1.05518 -13.8513 
-13.5898 -8.91846 -3.11792 -3.0542 -25.4548 -23.1362 -26.8789 13.1123 -16.925 -2.35986 
-5.13599 -1.09863 -1.76538 -6.73779 -28.613 -12.1528 -10.376 -19.635 10.752 -16.0083 
-6.9248 8.5835 -0.960938 -10.2683 -12.6621 -12.449 -5.52197 -12.4001 0.726074 -16.7874 
-10.9558 -7.84741 -2.78394 -0.84082 -26.5432 -19.6294 -28.3965 11.7563 -15.1621 -5.15356 
-4.62256 8.31909 0.73877 -13.4863 -15.2197 -12.3557 -3.54272 -15.019 0.150879 -15.9001 
-12.2708 -6.88232 -8.95776 8.81519 -21.1709 -3.51172 -25.1804 -23.3601 -4.97607 -6.71069 
-5.58374 2.21948 -5.9043 -8.07837 -19.3127 -12.5706 -11.3372 -11.9082 9.09619 -9.79712 
-14.8882 -25.4668 -18.8704 -7.88696 -13.123 11.3308 -11.5789 -18.5469 -3.0564 -2.6731 
-21.0239 -11.5557 -10.4341 -13.1599 14.6519 -20.8936 -15.8381 -5.75977 -10.8496 -3.72559 
-10.7688 -12.7798 16.0361 6.63696 -22.6394 -19.8042 -10.8699 -22.1848 0.0297852 -18.4265 
16.8618 -12.3879 3.26196 -12.4497 -20.4368 -16.0427 -6.1084 -4.79443 -5.35059 -9.52246 
-15.908 -7.52979 -5.15576 -5.74951 -1.5752 -17.3333 -13.2302 -6.65698 -4.53589 5.26074 
-21.459 -6.85547 -12.1497 -2.15039 -23.3835 -17.6567 -32.3198 14.718 -10.8831 -5.31421 
-9.73071 -19.8376 -4.06055 -10.3779 -8.50806 -5.99487 14.7734 -18.6707 -1.97534 -18.6616 
-2.99927 -4.92285 4.39258 3.19897 -29.0376 -23.5066 -26.1538 8.47412 -7.5144 -10.4497 
-10.8374 -15.0415 -10.5618 -10.7349 9.75928 -18.3718 -11.98 -6.21411 -6.27026 -4.25732 
-9.2124 10.3767 3.64746 -5.59253 -2.21606 -25.0598 -14.1191 0.944092 -11.3665 -11.6448 
-3.22949 -14.0916 -4.11597 -9.58276 -5.19995 -4.62622 17.3538 -26.2852 -3.46094 -23.4934 
-0.0883789 -23.8726 13.2593 1.34253 -15.061 -14.0222 -10.9167 -12.9944 -1.43579 -11.5359 
-0.838135 -15.4802 -2.03271 -5.03711 -9.3606 -5.33618 12.6558 -19.4614 -2.79834 -21.7034 
-10.1707 -4.59668 -3.01196 1.26099 -23.6606 -29.968 -28.4292 14.6414 -16.3042 -9.9624 
-7.83813 10.8137 5.14429 -5.53271 -9.88721 -18.2976 -11.8726 -6.49512 -1.4585 -18.3066 
-19.2288 -15.3362 -12.1213 -6.15894 -9.41846 -20.605 -21.5989 -6.31909 -1.17847 12.4458 
-2.09644 -4.53735 -5.27661 -10.4788 -21.2544 -10.8284 -10.1721 -12.9077 9.75317 -6.48682 
16.1069 -10.6829 4.00342 -11.6101 -24.2644 -8.18408 -6.4978 -6.73462 -4.01807 -3.59595 
-1.9729 -17.7395 -5.04785 -6.25073 0.0507813 -6.98486 14.1389 -19.5405 -3.58691 -19.5493 
-13.2402 -20.4961 -11.6843 -8.3374 -13.4648 -19.8384 -22.4321 -1.46533 6.01831 10.9878 
-22.2612 -17.8105 -12.7002 -15.6672 12.5405 -21.5779 -19.2932 -3.47314 -3.08936 -0.226074 
-21.9775 -14.7954 -18.1597 -6.68164 -6.83008 -15.0195 -20.2571 -3.63428 -6.84253 12.2898 
-18.2542 -9.46826 -11.2017 -11.9968 -6.91821 -13.9031 -11.375 -7.64111 0.926025 9.70825 
1.09326 -8.17456 -4.59082 -4.26416 -11.6438 -5.98145 8.85645 -17.481 1.6521 -11.8787 
-10.5952 -1.53662 11.5747 0.576172 -28.0557 -12.4019 -14.0632 -14.9556 4.83179 -17.627 
-15.1677 -5.17578 2.40503 9.71436 -29.4255 -7.47632 -40.8386 -16.5073 -10.9873 -3.31226 
-2.84985 -8.93896 -11.4009 -3.48804 -21.4604 -12.0339 -18.6135 11.1145 -21.855 0.99585 
-7.73975 11.0945 -0.373291 -5.86987 -3.55566 -19.2952 -12.9736 -4.00098 -4.04614 -11.9368 
-14.6973 -13.009 -13.6479 -14.0862 -8.40112 -11.5417 -11.7188 -5.89185 3.87573 9.28516 
-5.45142 -21.1277 21.8994 3.65381 -31.542 -27.2239 -22.0645 -15.7437 6.66357 -28.9397 
-6.67871 -13.0649 8.02441 -1.71851 -8.37891 -10.1504 -5.51392 -16.7527 2.3938 -10.2114 
-17.8242 -19.5605 -16.3533 -3.48706 -19.989 10.7246 -13.6631 -17.8813 -3.50342 -1.85303 
-14.4617 -9.47705 -6.03052 8.31714 -27.2126 -7.4126 -30.7156 -20.9238 -6.68481 -1.85449 
-5.04346 -8.82983 -3.11328 -0.278564 -26.3516 -24.9958 -24.3389 10.6641 -5.20728 -8.48145 
-3.68262 3.31543 0.380371 -3.30225 -28.0518 -12.9824 -6.37085 -9.8208 7.84155 -12.4082 
9.76001 -4.42725 1.11963 -3.90576 -18.7275 -5.66479 -3.02783 -7.74512 -3.90674 -11.114 
-8.42847 11.9841 2.53369 -10.843 -17.5898 -14.6951 -5.79224 -12.7949 -2.14941 -22.4705 
-10.0706 -14.3855 18.0598 4.18066 -21.6655 -21.6841 -17.2419 -19.7766 4.26538 -25.8433 
-12.2312 -10.2981 -2.57031 14.6763 -34.4146 -12.3325 -33.4871 -11.4944 -6.83252 -6.35693 
-21.2249 -14.8391 -14.1797 -12.3853 11.1877 -13.1255 -18.8894 -1.09399 -8.63428 -2.86719 
-8.92261 -8.26587 -14.9734 -2.802 -17.3254 -10.127 -20.4543 10.0308 -11.0652 4.05566 
-6.50195 -8.7395 0.319824 -5.46777 -24.9165 -13.3716 -11.4172 -13.4714 10.9788 -9.87183 
-13.6484 -12.4736 -6.60107 -3.23682 -16.7583 -29.1968 -17.5601 -3.54517 -7.00391 9.42041 
15.1448 -10.4756 4.92896 -6.19702 -22.0745 -7.42163 -4.94897 -10.2695 -5.5957 -8.28271 
-9.68896 12.6997 6.44653 -11.3459 -10.8069 -20.3303 -7.16919 -9.1582 -3.62524 -27.9561 
-11.4983 -18.2244 14.3835 4.77905 -18.2471 -15.5586 -15.5747 -12.1868 2.40308 -16.8628 
-15.3711 -8.97021 -3.65723 12.5386 -34.9216 -6.35571 -28.6011 -15.8694 -7.67236 -4.95166 
-10.7175 -14.6226 -6.85693 -13.2014 12.9067 -13.4592 -9.11279 -6.67651 -10.0554 -14.4946 
-13.7551 -6.23853 -8.23096 -4.29102 -16.2107 -18.384 -29.5222 11.0005 -14.1895 -5.30225 
-5.16064 -10.7393 -2.39355 -6.96216 -22.5608 -12.4153 -10.5703 -16.043 10.093 -6.65112 
-6.95654 -11.5864 -9.15796 -13.4253 -12.4663 -12.4958 -17.0183 -3.68774 -3.34253 6.35889 
18.2373 -12.1184 2.73413 -13.573 -27.3303 -1.11719 -2.55981 -9.0625 -1.61816 -7.948 
-11.0583 10.6614 3.46729 -9.73145 -6.42017 -19.6333 -9.91162 -6.12109 -5.1665 -22.241 
-8.28979 -8.91797 -8.78735 -6.61182 -12.6692 -2.51001 -23.1545 10.4287 -14.345 -2.59009 
-3.5874 -11.0078 0.984131 -6.56567 -25.6931 -13.8181 -10.9763 -15.9846 11.0876 -12.1006 
-14.4851 -16.5076 -7.98047 -7.7688 -11.4792 -17.5674 -25.4985 -2.02881 -2.94507 10.3499 
-6.1189 -3.15088 -4.45947 -5.76611 -16.2603 -12.75 -8.6936 -11.8694 8.19824 -5.64941 
-19.6665 -13.5381 -12.3628 -2.05249 -6.63257 -15.7432 -17.21 -6.04004 -8.55029 9.06934 
-9.51929 -14.8428 16.7749 3.91528 -21.853 -17.6875 -13.8962 -18.0857 2.91382 -21.4414 
-6.11938 -6.82007 -6.85278 -17.7273 -6.39038 -3.87598 14.5398 -27.7332 -4.16235 -16.7629 
-9.72998 11.2185 3.9043 -7.89453 -8.02783 -18.1924 -10.7432 -4.6582 -5.40991 -17.676 
-14.4214 -12.4331 -7.229 12.593 -34.0701 -5.30444 -27.6965 -17.7168 -5.88745 -3.24487 
-17.9995 -23.2466 -24.9236 -5.68652 -19.5327 11.8093 -12.5835 -18.0505 -8.47949 4.94019 
-12.3491 -12.095 -2.03003 -8.68262 4.05933 -7.73999 -9.71069 -5.63696 -8.95776 -2.83398 
-3.32471 -8.69116 -0.759766 -5.09619 -16.8853 -11.0488 -9.28467 -12.1274 6.36914 -2.79028 
-10.8118 -5.90039 17.5818 5.73828 -36.1875 -17.9629 -28.0007 -17.1526 3.59546 -30.2822 
-4.04932 -5.8335 -6.65283 -15.6499 -16.103 -1.17529 10.5667 -29.6226 2.9729 -12.4985 
-20.292 -19.252 -13.1179 -9.91602 14.5583 -10.2146 -15.5183 -7.03247 -8.38843 -9.54907 
-13.8018 -6.60449 -1.5437 15.8164 -34.6311 -4.63232 -37.2634 -21.5408 -15.0142 -1.78882 
-18.2344 -23.4028 -7.65649 -11.1121 9.60767 -14.3147 -13.8879 -6.30762 -5.37061 -4.60962 
-11.3071 -12.0745 -14.8474 -5.73364 -6.86206 8.99878 -6.95117 -6.28198 0.85498 -10.4766 
-14.2612 -16.7874 -10.9211 -4.07861 -16.8677 -19.2939 -21.6409 -1.24731 -4.4165 10.6157 
-11.0051 -8.90991 12.6328 3.44946 -15.1487 -23.7922 -22.1235 -20.7507 2.40381 -19.7473 
13.782 -8.3186 2.96606 -5.62329 -29.9316 -4.27759 -4.47461 -8.41284 1.35229 -8.29517 
-13.5728 -4.6355 -7.69727 5.00928 -19.4697 -9.99585 -24.3904 -11.1208 -1.6394 2.68457 
-17.2302 -19.7917 -11.3945 -7.64697 -12.7124 -19.3152 -20.3213 -5.23901 1.98901 11.926 
-14.2083 -11.7275 -7.54858 -8.0249 5.24561 -9.52271 -7.2124 -1.02197 -5.9165 -5.06445 
-21.304 -17.0049 -20.3914 -4.18628 -13.0117 -12.0049 -23.3875 -4.33545 -4.22705 12.7883 
-12.9744 2.18042 -5.19263 -3.34473 -10.1589 -20.6025 -19.1353 4.72363 -7.09448 -5.10693 
-16.1731 -8.23804 -2.30151 19.5896 -32.094 -12.8523 -34.3357 -22.9172 -11.9248 -13.8726 
-10.814 -8.01196 -11.1108 0.53125 -22.5515 -5.2334 -25.3208 -10.2852 10.7815 -1.40137 
-17.9661 -4.36548 -12.5698 -3.30615 -15.0786 -24.2156 -25.1018 11.0894 -14.0256 -1.53638 
-12.0085 -18.3738 -5.85767 -12.5378 11.1794 -11.8708 -10.5256 -4.3374 -10.6509 -5.51636 
-15.7327 -20.812 -9.04199 -10.0623 9.16113 -11.646 -12.9939 -4.55933 -6.36768 -6.83984 
-17.0315 -14.2527 -10.9595 -6.38672 -8.74438 -18.0244 -19.9988 -5.55566 1.67114 11.8513 
-7.19238 -7.03784 -5.20239 -4.28369 -15.9209 -9.70801 -10.6631 -12.573 7.08521 1.04248 
-18.1794 -22.7927 -18.3411 -5.8833 -13.1768 11.908 -15.1809 -16.0649 -2.41626 0.743896 
-2.46045 -9.82349 -0.5979 -7.26489 -25.7278 -11.978 -12.7327 -18.469 11.4031 -9.31934 
-16.2117 -10.3633 19.7659 5.50562 -20.5706 -32.2979 -23.9746 -37.3152 1.65405 -25.9868 
-9.6123 -6.06396 -6.55469 -13.3677 -18.1504 -1.38306 13.0388 -28.6487 3.9541 -14.7856 
-7.18921 -13.5376 -2.67578 -14.9485 -11.9382 -6.10571 16.7852 -33.3474 -1.25342 -18.5486 
-5.8728 -20.8228 13.2095 4.6875 -11.3882 -15.0632 -10.2507 -12.9182 -4.56445 -20.7048 
-19.239 -13.4399 -1.85474 20.5896 -43.4365 -11.7722 -40.1777 -18.9119 -6.43311 -8.77661 
-11.7766 12.113 4.85571 -7.28198 -7.73608 -20.9604 -9.53174 -6.01782 -4.02783 -23.4878 
-15.9929 -14.3225 0.456299 17.2258 -28.9512 -17.7729 -32.6318 -22.8647 -7.2876 -10.9478 
-9.64478 -11.9148 18.6875 1.82935 -32.3662 -21.2092 -17.0559 -19.8613 2.79053 -32.0701 
-6.8833 -7.89722 -9.52271 -5.21069 -12.2454 1.8562 -19.2883 9.44434 -15.675 0.452393 
-17.4712 -11.0068 -3.26636 11.304 -27.5615 -10.6716 -27.5723 -20.3076 -8.69507 -2.3313 
-13.0388 10.6765 3.89819 -9.1814 -8.50488 -17.9084 -8.72363 -8.96558 -2.20898 -24.1187 
-18.0188 -17.7373 -11.8589 -5.7417 -13.0342 -22.562 -24.8464 -4.38013 -2.61768 12.6394 
19.1409 -26.4768 -3.41724 -17.0569 -8.91187 -3.21997 -7.35278 -5.24829 -19.0903 -1.99707 
-12.2075 9.38672 1.61206 -8.56494 -2.86743 -17.8118 -9.18921 -8.37134 -3.64893 -23.5847 
-9.15527 11.1809 6.41235 -6.71265 -9.08887 -24.8252 -13.6667 -2.61377 -6.87988 -21.7664 
-13.6313 -17.6194 0.119629 15.0828 -21.8418 -10.9009 -22.2078 -18.127 -4.04956 -11.4158 
-7.15527 -14.8921 -10.1528 -2.02856 -9.4668 9.63745 -7.90942 -8.93872 -0.920166 -9.75732 
14.9312 -22.0706 -0.993652 -12.792 -6.91431 2.3335 -0.884033 -6.91919 -6.78613 -5.61548 
-7.76709 -1.91553 -2.62329 -4.28296 -5.87573 -9.95093 -13.4688 4.37964 -8.36572 -2.93896 
-4.93115 -11.1284 -2.85229 -2.48804 -26.0977 -12.5562 -16.6509 -19.342 12.0115 -7.35327 
-9.48633 10.3599 3.55151 -6.97681 -5.06299 -21.0327 -10.4783 -2.24634 -7.54639 -16.8752 
-20.4583 -18.6072 -18.4292 -2.50244 -16.6902 11.9978 -13.9705 -18.5713 -6.62939 -4.0791 
-10.3047 11.4729 3.75879 -9.8606 -9.56299 -20.49 -8.44727 -9.16479 -4.19019 -19.9065 
-16.2744 -24.4133 -9.57788 -11.2849 12.2498 -12.3125 -11.5842 -7.91504 -5.86133 -9.77271 
-7.4082 -11.3137 -3.59717 -11.8315 -14.7185 -2.10303 14.7029 -35.2271 -0.499268 -13.3772 
18.2012 -20.1528 -3.95581 -13.1597 -29.3452 -4.16431 -10.1191 -9.53101 -22.0361 -5.60205 
19.7949 -25.0278 -1.98193 -15.1296 -12.6921 -7.26367 -10.1807 -7.98364 -24.134 -6.38135 
-12.522 -15.3828 -10.3311 -10.7471 10.3142 -13.1553 -12.3203 -6.71655 -6.77148 -7.09229 
-16.0127 -15.7908 -11.0503 -2.91333 -13.3083 -20.4133 -22.0347 -3.24854 -9.23218 9.62231 
-12.8052 11.0745 4.03979 -8.30859 -1.89917 -24.2993 -11.6548 -2.0564 -8.3252 -21.0298 
7.90308 -10.875 -3.59985 -14.6133 -14.8245 -3.36206 13.7712 -32.8223 -1.14038 -21.5559 
-5.9397 -9.99805 -7.14258 -15.4541 -11.6589 -2.66382 15.4023 -29.5674 -3.30786 -12.7622 
-20.6365 -10.8174 -12.2603 -4.50708 -3.76611 -14.021 -21.1099 -3.33569 -3.19434 7.26807 
17.1624 -15.397 1.83179 -11.2961 -13.0276 -2.7605 -0.98999 -8.22705 -4.09326 -8.60229 
-17.5967 -5.8855 -12.5393 2.14307 -23.1746 -18.3652 -32.2158 13.1533 -12.6106 -3.93433 
2.41406 -24.0349 -6.50684 -16.749 -13.8345 -2.43774 15.958 -32.7715 -5.823 -12.0452 
-10.6101 11.8257 6.0022 -6.17261 -9.87085 -21.73 -11.9077 -7.0415 -4.34595 -25.157 
-12.1084 10.9827 7.22974 -6.97314 -11.2329 -22.9973 -11.6892 -6.35669 -2.20264 -26.9004 
17.6599 -24.218 0.205811 -16.4895 -12.7427 1.15015 -3.77173 -9.37988 3.62354 -6.60425 
-7.63623 9.08228 2.07202 -9.78516 -6.30298 -21.2839 -8.28149 -6.37524 0.635254 -17.0918 
-4.72339 -3.22314 16.6377 4.44214 -49.5862 -15.999 -22.5303 -12.9622 3.84961 -28.1238 
-21.761 -6.1416 -4.68018 14.584 -47.6138 -8.47217 -29.9797 -7.10107 5.31128 -19.1116 
1.50171 -18.2087 -4.15479 -5.73486 1.31689 -10.5513 -1.15332 -5.17456 0.355469 -4.20483 
-15.6428 -4.16577 10.8308 2.45483 -24.3423 -12.3508 -21.8857 1.15479 2.00195 -18.3901 
-4.50732 -3.50806 14.2507 2.89697 -50.4175 -16.8804 -20.2583 -8.8877 4.31299 -29.3806 
-25.5591 -10.6396 -9.60815 13.2402 -32.7422 -7.85425 -23.8145 -19.2036 -10.1794 -12.6123 
-5.49683 -17.2637 -4.91699 -8.86377 0.161865 -6.88525 -5.45898 -13.406 -7.04517 -7.74414 
-8.05176 -14.8906 -7.71704 -8.32056 -14.9688 14.1196 -3.59473 -5.28955 -3.05371 -14.8835 
1.70239 -16.1816 1.29248 -3.97925 -5.92358 2.26953 7.30884 -20.0229 0.13501 -12.9622 
-15.0593 -3.70239 14.2126 -4.06396 -12.9133 -6.06909 -10.77 -5.06641 -4.93359 -26.1846 
8.21631 -25.4722 -2.61304 -10.1382 -7.75171 7.11816 -3.48022 -11.51 0.108398 -9.59985 
-15.9978 10.8896 -1.16333 -7.40894 -7.84546 -21.8269 -13.3796 -4.46582 -2.91113 -24.342 
-15.3433 -3.73462 14.0225 2.97559 -21.1365 -10.4182 -13.5701 -2.08911 2.96313 -26.6013 
-11.8035 -4.35596 10.8572 -1.23804 -15.0081 -9.17798 -15.1477 6.19922 -2.00464 -21.8108 
-10.666 -10.7273 -7.3667 -3.97339 -19.8511 -5.91821 -11.6924 -14.2046 9.8374 -6.45703 
-0.747559 -28.1094 -1.5437 -17.0383 -7.5791 -4.88477 22.5034 -27.124 -8.26587 -25.2148 
-24.5076 -8.85815 4.18262 5.89673 -20.3679 -10.0269 -19.6016 -20.0151 5.84741 -22.4695 
-1.97681 -16.3757 -6.729 -10.4302 -11.7832 -10.3413 -12.3552 -1.84839 -4.40186 8.74365 
-9.27393 -9.28394 11.4285 5.24121 -26.1191 -15.6428 -20.5039 -2.04419 1.95654 -18.4126 
-8.34375 6.802 -2.44727 -10.4036 -8.54688 -13.5413 -6.11816 -8.75903 -0.299561 -17.959 
-1.87451 -16.4399 -1.14404 -12.7068 -8.39209 -12.0212 -12.0625 -8.04688 -2.90942 6.72217 
-20.1807 -9.36011 -12.5195 16.9119 -37.3855 -3.00488 -33.0894 -16.6233 -9.03882 -8.05811 
-20.4189 -14.2451 -21.356 -5.35278 -15.9456 -10.6724 -19.1636 -0.864014 -7.34521 10.7939 
0.480225 -25.4585 0.896973 -7.60938 -5.02832 -8.30737 15.2249 -23.9006 -0.0400391 -19.4685 
-8.16919 11.6821 3.68994 -7.50684 -7.57104 -21.3608 -12.189 -3.94653 -5.6521 -15.988 
-13.1006 -4.58667 5.85742 -0.570313 -16.573 -14.6069 -21.3591 7.30127 -1.24292 -14.2603 
-14.396 -5.90283 19.4966 5.82788 -50.8264 -21.5325 -25.0955 -20.1433 6.41089 -40.929 
-27.5046 -16.729 -15.5439 -16.5806 13.0352 -27.1521 -18.9878 -3.14282 -0.108643 2.73389 
-17.8977 -12.3545 -13.6057 -15.3865 11.3687 -23.4343 -14.2893 -3.58789 -1.13989 -3.69946 
-14.0286 -21.5825 -16.8784 -12.8235 -3.49951 10.8215 -20.5503 -7.25562 3.35229 -6.31079 
-18.655 -3.52075 1.9187 0.987305 -30.5342 -11.8245 -20.6096 8.09619 0.0932617 -16.9092 
16.5784 -24.4929 0.62207 -13.2585 -8.62598 0.306641 -0.726807 -10.9824 -4.29468 -5.37988 
16.2476 -30.1035 0.0268555 -9.24561 -11.5281 4.8042 -0.629395 -4.80542 -12.6089 -13.8044 
-4.59326 9.6875 2.61304 -10.0273 -6.56763 -20.5957 -8.48926 -6.09424 -0.682373 -16.5239 
-14.6902 -23.3921 -11.3279 -14.8772 -11.4094 -2.12061 21.062 -30.5933 3.28442 -15.7847 
-0.914063 -20.4895 -2.59985 -11.8557 -6.59692 -7.90991 14.7544 -25.613 0.98584 -16.9053 
-10.3203 -12.9841 -4.90576 -10.3901 -17.1211 -9.62793 -12.8416 -16.2495 12.1738 -11.3052 
-9.7793 -7.83203 19.2559 6.05005 -58.6484 -19.9641 -28.7434 -18.6106 2.16748 -34.5496 
-12.5559 -3.22119 8.97778 -3.31763 -16.7012 -16.3025 -16.0771 7.21802 -2.49683 -21.9473 
-9.80884 -10.5352 9.19409 -2.60498 -20.2136 -16.9856 -24.2319 6.43726 0.387207 -11.1118 
-3.02954 -2.46753 15.3606 4.90503 -44.1785 -19.6055 -22.0251 -6.31641 1.09204 -29.6128 
-14.5464 -12.5476 -7.80884 -11.9133 7.85693 -21.0989 -9.6543 -6.18335 -6.06323 -0.998047 
-19.7383 1.75928 24.8757 1.88696 -37.6221 -17.2688 -17.116 -10.2314 -0.396973 -41.3586 
-9.85718 10.8877 6.37988 -7.11475 -5.2373 -22.6895 -12.6045 -3.87793 -4.7793 -17.6643 
-11.8394 -11.9895 -9.62769 -12.0405 -8.80981 -0.999512 14.8179 -22.9329 -0.355713 -17.5669 
-1.5835 7.43481 -2.89551 -9.67944 -9.92358 -11.8474 -7.12402 -12.6223 1.01782 -7.87915 
13.5269 -19.116 -3.12354 -8.71704 -13.5974 0.592285 -7.1499 -6.31152 -5.66748 -4.21753 
-9.66895 -19.0483 -3.36084 -14.2915 -6.86841 -3.95117 17.6108 -35.4509 -2.54419 -19.9124 
-10.3359 -6.95947 -12.2249 -7.04199 -2.06763 -7.84375 -15.9072 2.97339 -4.87939 7.58154 
-13.0784 -10.9519 -3.84204 -0.20752 -26.7747 -5.30273 -19.5491 -19.4072 13.5881 -6.87451 
-18.1582 -9.79443 -5.36572 12.5071 -37.1616 -0.775391 -31.7244 -30.6951 -6.99414 -6.50488 
-17.3145 -21.7678 -12.6787 -1.55908 -20.7119 -8.05322 -22.3213 -9.9834 -5.43555 8.30737 
-7.90063 -19.7993 -6.78467 -14.7883 -3.67822 -6.04395 19.3401 -29.2864 -1.54834 -17.5903 
-19.6582 -10.6487 -11.2607 13.729 -37.936 -0.610596 -31.8933 -16.0012 -13.4607 -1.02637 
23.5254 -23.4519 -5.29858 -14.106 -39.1526 -3.521 -12.8154 -6.53394 -24.106 -8.6189 
-14.4971 8.57373 -8.07568 -4.47314 -11.0898 -12.5073 -8.73975 -14.3811 4.99854 -7.81372 
-6.94336 -5.20117 13.4636 -5.75366 -30.5225 -12.198 -13.1169 -24.3171 2.90234 -14.6445 
-26.937 -0.479004 1.94873 12.3247 -29.4028 -11.3601 -38.1941 -5.47705 -1.94434 -11.4434 
-10.8892 -8.84473 -8.92969 -14.8081 12.0994 -18.688 -12.6887 1.43262 -7.82104 -7.74463 
-26.8311 -23.8311 -18.2688 -1.04297 -41.6169 12.2639 -20.5747 -21.5837 -12.175 0.327637 
-6.17212 -26.499 3.14038 -14.9055 -11.2778 -1.45874 19.3281 -29.0908 1.89966 -29.6433 
-4.83618 -9.31665 -10.2537 -13.8145 -0.587891 -17.2661 -16.7051 13.0916 -18.6194 -2.29639 
-12.3372 -14.4473 -0.377197 -3.89355 -22.8076 -13.7366 -13.8582 -10.425 9.6626 -1.69141 
-16.5493 -17.2109 -4.25781 -9.19385 -1.74561 -5.1521 -16.1563 -5.2583 2.99756 7.0625 
18.0273 -26.0481 -11.9343 -25.4241 -3.19385 -3.60791 -2.52124 -2.30347 -16.6819 -1.66772 
-6.22852 4.44751 -3.85571 -5.7041 -7.33496 -10.2771 -5.74219 -8.86743 3.38257 -0.702393 
-12.5825 -0.883301 19.2161 6.87939 -47.5352 -15.8218 -24.74 -12.2803 1.80469 -25.7078 
-10.2053 -7.56543 3.31567 2.72388 -4.86792 -10.4434 -10.01 -2.68457 -1.32202 -11.4451 
-7.06079 -5.06348 -5.41333 -14.5952 12.4714 -12.676 -13.3655 2.08984 -9.96021 -11.8064 
-21.8716 -23.4834 -19.0693 -3.40356 -39.4966 12.3508 -24.5542 -11.1853 -19.4639 1.39453 
4.0791 -23.2144 2.17407 -7.5061 -14.7913 -5.19653 11.1538 -30.9207 0.568359 -15.5972 
-18.9016 -14.8342 0.812744 -10.1567 -19.071 -22.5708 -31.9631 14.5503 -13.3965 -12.5076 
-4.18848 -9.80371 -6.04492 -3.98462 -20.3992 -2.68213 -2.71265 -15.2495 8.28101 -6.27661 
-13.0676 -23.4529 -6.31323 -6.8147 -6.34766 -9.11719 -16.6685 -16.7705 -5.80273 7.00684 
19.1243 -24.1902 -3.35962 -19.0125 -16.002 1.68115 -7.00464 -9.13818 -10.2217 -2.83521 
-9.94629 7.27563 -9.12915 -5.90796 -11.2012 -13.363 -6.83911 -2.36792 3.46558 -7.1189 
-7.00879 0.306885 15.6946 2.26636 -49.6772 -17.6726 -17.3848 -23.7905 5.66699 -25.4465 
-28.03 -0.141602 1.87378 17.9136 -22.6377 -12.207 -40.5386 -15.9419 -17.5544 -15.3413 
-3.4624 -5.39355 -5.448 -11.9973 9.31152 -9.10498 -7.83594 -1.2395 -7.39185 -4.17163 
-4.34351 -19.9377 -13.5171 -9.32178 -22.7097 4.05225 -10.4277 -2.21167 -7.01074 3.62842 
-3.20947 -33.5093 2.75073 -17.1365 -16.5803 -1.86011 20.4773 -38.9829 1.75806 -28.9297 
-23.7834 -13.7124 -2.77441 -7.38721 -12.9741 -30.0752 -32.7119 15.5686 -12.4365 -11.8196 
-6.71167 -9.79517 0.339844 -4.48315 -21.7366 -1.79932 -5.67993 -12.7361 7.31934 -6.24854 
-13.4353 -15.1831 -5.22168 -9.56372 -1.23193 -5.45874 -14.7695 -7.05322 -0.306641 8.15527 
-12.522 8.51172 -11.5852 -5.28345 -7.18579 -13.4585 -8.07373 -4.64404 1.72607 -4.65405 
-8.73462 -18.886 -1.07446 -8.85303 -5.32983 -4.51514 12.8904 -26.7097 1.2666 -15.04 
-6.46826 -12.8081 4.90918 -3.02417 -21.9551 -11.2717 -8.1189 -7.48462 9.76929 -12.7842 
-7.56445 -10.3831 -3.854 -4.04639 -2.50146 -7.52905 -13.4976 -2.53857 -5.15405 3.92554 
-15.5249 -10.8652 -4.69946 -5.28442 -0.15332 -9.41333 -18.9556 -8.70044 -1.72705 6.75 
20.6387 -25.2026 -13.2788 -18.7375 -17.251 -1.67725 -7.91919 -2.17212 -25.9099 -9.2627 
-12.0667 10.0254 -10.375 -8.073 -11.8999 -11.8958 -5.26831 -9.66895 3.71582 -14.2014 
-12.0664 2.46606 19.2698 -0.7771 -37.8953 -14.8164 -14.1558 -28.6572 5.67847 -33.4065 
-7.71313 -3.7561 -5.75073 -16.5557 16.6421 -18.874 -13.3389 6.71436 -13.4338 -16.0435 
-5.06494 -6.23071 -8.14575 -13.7415 12.3909 -15.8896 -8.39819 2.87769 -12.4648 -9.24609 
-16.1689 -6.55322 -2.19263 10.7527 -31.6453 -10.7822 -34.3518 -9.17334 -8.35718 -4.53418 
-17.4653 -6.09741 -7.51855 -4.46338 -23.2754 -23.8726 -27.3025 15.4463 -14.7192 -6.63403 
-9.56104 -10.9795 -9.79517 -11.5076 11.0129 -16.4917 -9.7627 -2.0249 -5.57031 -10.1211 
-6.70068 -2.39795 -2.02295 -6.42236 5.38721 -12.2175 0.752441 -0.811279 0.785889 -7.27881 
-8.25562 -7.05566 -6.66553 -12.6538 8.39038 -14.8035 -11.4167 -0.264404 -6.50732 -2.05493 
17.136 -23.3594 -13.6514 -23.2825 -6.44165 -2.79712 -3.43701 0.948242 -18.5933 0.109375 
-35.1052 -0.3479 7.74219 17.4875 -34.5737 -12.5723 -52.6523 -17.2998 -11.3284 -22.4575 
-9.81836 -7.53931 -0.384277 -1.84253 -17.9556 -5.15479 -6.12695 -8.62402 8.07568 -16.1597 
-6.58618 -28.7087 -8.97485 -15.4553 -12.8911 -9.61865 -20.7732 16.3174 -13.969 -3.55396 
-25.3171 -20.5344 -20.7246 -7.33716 -37.1704 12.9031 -20.4739 -14.9077 -18.7258 -2.69385 
-13.3323 -5.38037 1.3689 -0.731934 -25.1096 1.3645 -17.6531 -25.6687 8.78564 -4.03296 
-20.5623 -2.32178 22.2061 7.28223 -45.0176 -21.0281 -18.8621 -16.1272 6.08252 -39.4646 
-12.9219 7.34961 -6.73071 -6.03198 -10.8169 -11.1426 -7.90283 -15.7654 4.38281 -3.96509 
-10.2742 -14.1296 -6.97583 -9.9458 -12.3577 -13.9709 -19.7563 12.4917 -14.3083 2.23779 
-15.7742 -25.1824 -17.8035 -11.1719 -39.2957 10.8943 -9.05371 -14.1013 -10.3621 -5.89648 
-25.4609 -12.4314 4.54102 10.9102 -28.9253 -9.39917 -41.9363 -10.3425 3.30029 -13.2749 
-3.27026 -24.1946 -0.675293 -9.92725 -25.3726 -18.0547 -11.2434 -13.9731 10.5999 -2.35205 
-0.401367 -9.38403 -16.0928 -3.36865 -19.5598 9.10303 -8.46997 -11.9414 -4.39624 -2.01514 
-2.27832 0.276611 19.7046 -3.45483 -53.4854 -21.595 -19.5813 -17.4709 -3.00781 -29.0452 
-19.3833 -21.0139 -18.6563 -8.61621 -26.5413 6.63257 -5.50293 -3.89648 -0.603271 -3.74121 
-8.09595 7.82129 -8.83398 -8.1731 -12.7002 -11.925 -4.37402 -11.6816 1.41919 -11.6169 
-7.06665 8.17651 -6.64355 -10.1912 -12.7336 -14.3352 -2.57446 -11.6189 1.37549 -14.5403 
-9.07446 -17.9353 0.952148 -11.7178 -9.98901 -3.67114 16.3601 -30.0256 0.507324 -26.2695 
-12.8611 -11.6428 14.8486 8.24731 -49.3052 -22.5215 -25.8635 -11.3418 3.82227 -33.4172 
-11.6917 7.28369 -8.99243 -7.64697 -11.6023 -11.8848 -6.27856 -7.8396 1.88159 -9.73462 
-33.196 -1.03906 7.00732 17.9912 -32.9038 -14.1099 -53.2317 -21.1621 -8.71826 -17.27 
-8.41431 -10.4417 0.411377 -6.15161 -21.3767 -3.88306 -3.65332 -21.2019 8.6228 -9.4812 
-15.6409 -13.7878 3.7627 -12.9097 -4.05029 -7.09668 19.5369 -30.6748 -3.55347 -29.0046 
-6.54395 -3.05762 -2.48315 -10.8574 5.97754 -13.1663 -6.5127 2.5813 -3.73926 -9.40479 
-14.4187 -5.09863 19.1299 8.71802 -61.3232 -17.4836 -22.7566 -13.0933 6.86475 -31.8208 
-5.84375 -19.689 -5.75024 -6.87231 -14.884 -8.93091 7.69604 -16.7463 -1.53906 -6.80615 
-10.8193 -2.13159 21.9653 2.16406 -58.5481 -12.957 -21.9482 -15.2439 -4.33911 -32.8054 
-17.5891 -15.2776 -10.874 -1.33813 -38.1912 6.30249 -15.7017 -19.6074 -8.47754 -0.118164 
-15.0579 -19.075 -15.1995 -8.08057 -40.1758 5.49658 -13.1753 -8.21289 -1.72656 -11.5859 
16.6614 -16.564 -2.25098 -12.8103 -14.2502 -3.34644 -6.95068 -1.64404 -14.8083 -6.49756 
-24.0337 1.18555 27.4856 10.8223 -63.0488 -17.4836 -33.5337 -27.271 0.581787 -50.1201 
-13.3872 -12.2275 -5.79419 -2.36035 -17.481 -7.79224 -12.1926 -11.0522 8.40332 -0.059082 
15.8372 -18.2595 -0.716553 -13.0806 -30.2048 -6.36841 -12.5649 -3.46216 -14.0669 -0.834229 
-11.2869 -25.2017 2.48779 -11.3359 -12.9773 -2.27734 18.5186 -26.6399 1.46167 -26.7942 
-13.2075 -11.4907 -3.67871 -2.87329 -12.9932 -8.29663 -7.17798 -12.6331 9.22656 -9.55078 
-10.427 9.63745 -11.9871 -6.12061 -8.57495 -16.7373 -11.0225 -7.80493 2.72852 -7.64111 
-13.991 -11.7866 -22.2942 -11.3291 -4.65259 -13.156 -17.906 11.1746 -15.8665 6.71704 
-21.8743 -7.31372 -6.16162 -5.76245 3.02881 -18.4883 -18.656 -5.61035 -4.3064 9.71045 
-11.9392 10.2644 -13.1541 -7.32056 -8.22778 -16.9683 -8.81079 -0.661377 3.08276 -10.1028 
-13.2991 -17.7261 -3.1145 -5.4231 -6.13013 -12.825 -18.4753 -6.28394 -3.0061 5.87134 
-7.30249 0.623291 20.5984 3.29785 -52.1272 -17.8728 -20.5063 -28.0176 2.63403 -32.7764 
-5.31421 -14.8955 -2.94214 -1.98657 -8.26733 1.49414 7.53906 -19.7744 1.68262 -15.9136 
-11.8862 -9.61694 -16.1091 -10.5234 -16.478 -12.9026 -23.3069 15.4688 -17.6404 4.35913 
-2.58105 -11.5386 -2.26367 -15.6282 -11.3962 -1.49585 15.0461 -25.1433 2.021 -25.4653 
-6.79834 -4.86084 -4.93726 -15.9956 -10.8467 -4.33081 15.5569 -27.9202 2.93066 -18.5837 
-5.80371 -14.4399 -2.40625 -6.13501 -16.0447 -3.45313 -0.899902 -24.6448 9.03076 -15.7627 
-5.11206 -14.1699 -16.4011 -11.4014 -14.7014 -9.96973 -24.7979 13.8955 -18.4536 6.93945 
-14.554 -5.2041 -11.5442 -10.803 13.3845 -25.7151 -7.53589 1.53833 -9.04272 -10.8398 
-19.1675 -6.41772 -13.3091 -14.3042 -6.90918 -9.52588 -8.4458 -10.4646 -2.4624 10.1179 
-17.2849 1.60229 21.9517 11.7617 -53.5835 -22.7239 -29.8584 -14.3552 0.536865 -40.8196 
-10.8186 8.20947 -10.1956 -5.12842 -9.52856 -14.6367 -11.5583 -8.28418 3.927 -2.59058 
-16.0562 -2.81592 5.87671 13.5474 -33.397 -5.09106 -38.7319 -18.363 -9.40674 -11.9314 
-23.8813 -9.20264 2.47095 16.0955 -43.0195 -10.4348 -32.7661 -12.5447 -5.47681 -19.2373 
11.2876 -23.0784 -5.82495 -15.1133 -9.51294 -4.35693 -0.780029 -2.71338 -5.80957 -2.3418 
-19.3191 -15.2866 -11.6431 -1.04956 -37.0908 9.34644 -15.6853 -29.2681 -9.64526 -1.78882 
-25.5352 -29.5925 -24.7532 -10.6348 -40.2566 14.1816 -19.8687 -13.1284 -19.552 -4.74146 
-1.57764 -10.9629 1.16992 -5.14697 -28.8328 -4.71533 -6.40063 -19.6836 9.54419 -10.4849 
13.8318 -21.8813 -1.41162 -14.853 -18.728 -7.89941 -8.60864 -7.92993 -9.88306 2.69263 
-19.9385 -7.00146 12.7363 11.8186 -38.5334 -19.0813 -27.3445 1.82178 5.7002 -33.5886 
-7.2937 -12.1982 -11.8003 -10.771 -12.0381 -18.1833 -22.1128 15.978 -19.6924 4.81714 
-17.5042 -11.6223 -9.1394 -14.8254 -7.00513 -9.38721 -9.62769 -10.1763 -1.90161 9.27075 
-6.41333 -15.8386 -10.5229 -11.9233 -3.97119 -8.10449 -21.2087 14.022 -15.9258 -4.20703 
20.8499 -27.2222 -11.2161 -19.376 -24.4299 0.755371 -14.1172 -2.48022 -26.0603 -4.39697 
-7.03687 -3.68384 10.4878 4.30835 -36.6106 -18.5078 -20.0508 -10.084 5.60889 -13.3669 
-14.7778 -10.886 -19.3982 -12.1511 -10.4451 -26.9482 -27.5488 15.2764 -17.9299 6.67871 
-18.3555 -20.1851 -12.542 -12.7456 -5.64575 -4.69458 -7.80493 -8.9917 0.44751 7.16821 
-10.6885 7.70264 -11.4844 -7.09741 -9.00732 -9.69067 -5.98804 -12.7947 1.35864 -6.729 
-5.01465 -9.37842 -11.9819 -14.2732 -1.42896 -11.2183 -14.5007 9.97925 -14.6858 2.47925 
-14.1174 -9.82813 -2.07104 -6.65576 -14.9348 -10.6685 -11.0977 -6.92139 9.58594 -11.8171 
18.1753 -22.8679 -10.6096 -21.4104 -13.7446 -0.0756836 -5.88965 -6.30811 -25.0969 -5.70605 
-32.405 2.82153 9.09424 16.7808 -30.5229 -21.446 -42.2651 -18.8577 -7.16943 -25.2483 
-10.4912 -21.3145 -13.749 -10.4861 -34.5662 8.52661 -14.5869 -13.7122 -15.572 -5.20679 
-22.7065 -2.76904 5.70923 12.5354 -25.991 -11.2131 -35.5063 -25.3235 -11.5029 -12.1797 
-9.92236 -28.5313 1.54541 -14.8308 -11.2974 -8.0647 19.0933 -31.3877 0.349609 -20.6953 
18.8127 -9.58887 4.50098 -17.5186 -31.9712 -4.03101 -6.06787 -9.2876 -2.75732 -9.06982 
-9.35815 11.762 5.44214 -9.24976 -14.7051 -21.4307 -8.25952 -7.0918 -2.42212 -25.4751 
-12.6887 -6.15771 20.0247 2.49292 -40.4595 -21.3972 -18.6289 -21.4646 7.40234 -34.1702 
-16.8418 -5.02783 -3.66675 7.87061 -26.7935 -9.76855 -17.3364 -12.0225 2.86353 -8.42505 
-11.219 -4.56055 -13.0935 -8.9834 7.76685 -7.36328 -11.4482 -0.315918 -4.36157 -2.89063 
-13.8804 -18.6172 -19.468 -6.27881 -18.4519 10.5359 -8.10669 -12.613 3.35303 -7.76709 
-0.362061 -15.4177 -6.16943 -11.2437 -6.39575 -9.21411 17.6377 -21.8193 -0.962158 -20.282 
-14.2188 -2.32349 -9.84814 -4.39648 -12.8679 -15.6626 -23.9666 10.7222 -16.4526 -7.17432 
-4.90894 -6.68652 -3.96997 -9.86719 -17.7976 -13.1499 -8.57935 -15.7383 9.06714 -7.0752 
-12.7515 -9.33911 -11.5254 -6.51709 -11.6604 -16.2344 -17.9126 -3.30933 2.5105 8.56079 
18.1433 -14.6956 1.73389 -13.0581 -37.7378 2.99341 -7.23022 -13.0254 2.15698 -4.69556 
-10.697 9.02759 0.672363 -9.16113 -5.98047 -18.0898 -8.66284 -7.21997 -1.59326 -16.6287 
-18.4097 -6.26758 18.9836 5.68408 -48.3652 -14.5225 -17.9009 -18.5281 8.96313 -31.8799 
-15.4067 -10.1836 -4.59644 17.0903 -34.3259 -4.30908 -38.9255 -24.5217 -11.689 -3.39697 
-7.03809 -14.9248 -7.65918 -12.2744 5.62085 -6.3938 -8.3606 -2.09351 -5.57935 -11.5217 
-13.8931 -21.1531 -20.0383 -1.93994 -13.3494 13.8 -14.0381 -15.8 5.5022 -9.02271 
0.831787 -12.8008 -6.52808 -12.1267 -11.1814 -6.81738 14.8372 -26.178 1.99243 -16.7712 
-16.3953 -5.61938 -4.78125 -1.18555 -18.3162 -29.8459 -22.9045 9.80591 -19.342 -12.3806 
-3.19092 -12.0608 -4.94287 -10.5247 -14.6743 -5.46533 -10.8596 -16.5884 9.94214 -7.54419 
-13.5686 -11.418 -6.29102 -3.55347 -9.54395 -18.675 -19.6294 -2.58008 3.30688 7.60449 
20.5156 -23.4124 -0.0378418 -19.4822 -13.7095 0.380371 -0.653809 -13.2834 1.16113 -7.97632 
-9.87354 12.5083 8.46704 -10.4265 -12.3081 -23.4368 -10.5637 -8.00146 -0.624512 -28.8535 
-17.6157 -3.99097 26.0081 7.97583 -55.5237 -27.5049 -26.6736 -20.3657 9.5752 -47.9954 
-11.9412 -6.28296 -16.687 9.68237 -22.8293 -4.51514 -28.5706 -11.0779 -7.83179 6.10303 
-9.74048 -11.2488 -7.64624 -8.38281 3.79224 -8.7832 -6.6499 -1.40723 -3.2251 -4.3667 
-19.9229 -4.34912 -9.76904 2.6709 -23.7957 -15.3064 -28.811 12.7417 -15.1218 -9.08081 
2.9646 -11.0894 -4.91528 -8.64233 -14.5862 -9.28345 -7.41577 -12.8816 7.48511 -10.0059 
-16.4648 -14.9341 -8.56396 -7.95386 -7.40991 -18.2576 -23.6572 -3.36572 2.34717 8.77661 
1.82495 -11.1174 -4.7395 -6.6897 -10.3813 -5.58032 11.1321 -22.7781 0.925781 -16.4341 
-14.5535 -3.11401 -13.4954 -11.397 7.09253 -9.08643 -11.4304 -3.85034 -4.78271 -0.498047 
-11.2686 0.624268 10.4614 0.878662 -20.5789 -19.8621 -13.5657 -9.42944 5.55908 -18.2842 
3.8833 -12.2681 -5.01611 -3.42725 -2.74072 -5.44019 4.78833 -12.6746 0.748047 -5.52588 
-14.9451 -4.61182 -14.7454 -13.0574 8.00684 -7.46509 -11.7058 -5.40723 -1.58374 3.28638 
-9.77368 -10.1025 -14.3982 -5.78979 -18.7263 -13.0181 -27.1433 11.3296 -12.2451 -0.504639 
-4.00293 -9.62378 -6.60742 -10.3347 -20.231 -6.73608 -9.78931 -15.7671 11.0779 -8.19458 
-18.4199 -12.7192 -18.9309 -5.10864 -10.5396 -18.6272 -24.1042 -0.844971 0.706055 10.4224 
-20.3745 -2.94727 16.1069 1.18628 -27.1199 -17.0896 -20.6958 -17.9204 1.45679 -18.9023 
-11.3274 -7.32617 -10.2383 -6.53467 -5.77222 -16.5076 -18.615 -0.297363 0.822021 9.79712 
-21.7856 -14.3748 4.08838 15.3584 -35.3423 -13.2786 -33.0293 -24.2878 -1.76855 -13.2393 
-15.9653 -10.9802 -14.4961 -6.23364 -8.43896 -15.3279 -20.9019 -5.83887 1.32251 10.6963 
-13.5544 -15.6328 -3.23413 16.2119 -35.9094 -11.1802 -31.5276 -26.708 -7.05591 -8.08423 
18.8987 -23.3918 -5.93018 -13.9644 -22.2603 -0.470703 -10.2551 -4.54834 -21.6741 -4.81836 
18.0352 -17.6704 5.29053 -7.23145 -26.1931 -6.23364 -6.04102 -9.57764 -0.382324 -5.61597 
-9.39575 8.021 -0.455078 -9.29761 -2.20581 -14.1548 -6.43652 -6.56738 -2.08105 -16.8413 
19.865 -21.9922 4.21777 -18.4055 -19.0205 -1.15527 -3.47388 -8.55273 -2.94214 -7.4248 
-16.2358 -16.0625 -12.0173 -9.03101 10.5576 -10.26 -11.7524 -3.02051 -6.3833 -7.15527 
-16.5515 0.183838 16.9441 5.62866 -52.6926 -12.3855 -21.9343 -16.5823 7.10107 -33.3489 
-2.80347 -18.3557 -6.38379 -8.84351 -4.04126 -5.55078 10.3794 -20.0842 0.0466309 -5.58105 
-16.2361 -24.5037 4.9751 11.8972 -27.7324 -15.583 -19.8911 -19.1318 5.9314 -16.9817 
-18.0339 -23.6377 -22.134 -3.04614 -13.8435 15.5117 -16.3704 -15.4705 3.67065 -10.6956 
-17.8164 -25.3569 -3.29443 18.5789 -39.7344 -22.2578 -32.6499 -21.8723 -5.89526 -9.42847 
20.5388 -31.5598 -8.9187 -17.1467 -21.7747 -8.32349 -12.7642 -4.64844 -23.5796 0.816162 
-9.24536 -6.30396 -7.78882 6.77075 -24.3992 -1.54053 -24.0618 -17.1929 -10.3037 -1.7915 
-16.9131 -19.2766 -11.113 -11.9915 12.012 -9.0332 -9.69116 -7.77368 -5.45459 -8.59961 
-12.6372 12.7827 7.40161 -4.55127 -8.46606 -25.4094 -13.4644 -6.14404 -5.21216 -25.4543 
-16.2676 -21.4932 -22.3433 -5.2644 -15.0586 15.8435 -8.96094 -11.5913 5.46338 -11.2583 
-24.2344 -16.0027 -4.43652 20.1472 -39.8452 -7.6814 -37.4275 -28.6541 -8.92944 -11.6079 
12.9976 -10.7795 1.24902 -5.15234 -33.3589 -1.30688 -11.3342 -8.44312 -8.21094 0.11084 
-5.56763 -18.7461 -0.999512 -6.70947 -14.4543 -10.0796 -13.1641 -11.8154 9.48486 -9.87158 
-16.3132 -22.7273 0.727295 14.0796 -32.3567 -17.5889 -26.1833 -23.8359 -6.01172 -14.3037 
21.6797 -24.1897 -9.30615 -21.2874 -17.4084 3.21484 -6.62354 -4.62183 -22.9219 -8.53003 
2.82593 -13.8635 -0.331055 -5.37354 -13.2915 -4.14868 9.21484 -23.0095 1.25781 -11.1069 
-15.0898 10.9885 2.90674 -7.21851 -3.17041 -23.7373 -12.8477 -6.50391 -5.90088 -24.9868 
-11.4675 -5.20947 -14.1021 -5.10742 -19.7749 -14.2136 -25.8838 12.0642 -15.9307 2.39868 
-1.14087 -6.86475 -2.15063 -13.8286 -16.469 -10.3347 -4.69922 -13.5239 10.3401 -15.1843 
16.0032 -17.175 0.953369 -8.69141 -16.303 -0.313965 -3.56372 -5.34473 -2.2041 -5.43799 
-11.0393 -9.28027 -9.3208 -0.805908 -14.8057 -25.01 -27.3494 2.42749 -14.5393 9.48975 
-12.5085 -6.11133 21.2075 4.25977 -47.7073 -17.8394 -21.8875 -16.3811 0.282471 -32.4065 
0.221436 -18.9326 -0.231689 -7.83008 -13.8965 -4.91138 14.1067 -25.9993 0.311768 -19.3525 
-10.9146 -5.66626 -15.2737 -7.33521 -14.4221 -9.42188 -22.6292 9.16455 -9.28662 0.168213 
-6.01465 9.25317 2.63013 -10.3252 -9.64209 -18.8528 -5.96973 -8.75635 -1.36646 -21.9517 
-13.3726 -10.3926 -7.7937 -5.52124 -16.1677 -19.4854 -19.6577 -5.29126 1.49634 8.51147 
-2.02539 -13.8035 -7.26855 -8.98486 -7.8208 -6.03784 12.6182 -20.4888 1.58081 -8.26294 
-4.46948 -9.12061 -8.40698 -6.41675 -6.55347 -10.6658 -14.8401 -4.0625 -1.5459 5.83643 
-5.85791 -4.47754 -6.19409 -10.8408 1.5813 -0.395752 -8.69238 -3.43555 -4.82153 -6.74341 
-14.1711 -11.6914 -9.4209 -4.80615 -13.1365 -18.8843 -21.9629 -3.26123 5.29712 8.79004 
-12.6929 -2.6311 -9.18335 -3.49658 -8.55762 -16.0754 -19.8162 -0.804199 -2.05737 8.10645 
-1.45776 -14.2683 -4.27466 -3.8667 -6.26733 -4.40527 8.91357 -15.73 0.149902 -8.40991 
-9.21729 -2.02881 -4.71509 -3.92261 -14.9417 -8.86865 -18.0388 5.86426 -5.71753 -9.30347 
-11.8779 10.468 4.07031 -8.00342 -7.18433 -20.1868 -9.31836 -9.52905 -0.418457 -26.5781 
-20.1113 -8.98608 18.8237 4.55396 -56.3086 -14.4294 -24.0269 -29.3716 6.71826 -35.5994 
-17.8655 -19.2791 -32.7705 -2.78589 -15.9648 17.1621 -23.5532 -13.4517 -3.90063 -0.159424 
-15.7825 -11.2363 -4.19824 14.9656 -37.7881 -5.33008 -35.6799 -21.345 -10.8523 -7.48828 
-14.2334 -1.73608 -3.50537 -1.48608 -20.0913 -28.8628 -22.0894 8.33936 -14.9968 -10.9478 
-4.24585 -19.0417 0.732666 -4.49683 -21.8347 -7.42065 -16.0991 -12.2554 7.72681 -8.62476 
13.3879 -14.8735 -2.71997 -10.1201 -25.1064 -2.40552 -10.6594 -4.56421 -15.5808 1.57104 
-12.9446 8.76099 -14.406 -3.6355 -6.81592 -3.88892 -4.6543 -7.09375 -1.16992 -4.18848 
-8.66919 -11.9741 13.7439 1.96094 -18.9119 -19.3792 -5.07031 -21.5796 6.18774 -31.6941 
-19.8779 -10.9395 -7.16382 -2.92065 4.59106 -10.2036 -12.4229 -10.011 0.930908 0.948242 
-21.8811 -20.3606 -18.6167 4.82861 -35.8511 9.49683 -20.5 -0.423096 -1.00854 -3.39063 
-10.0588 -15.6699 -0.869385 -13.6523 -3.67798 -7.81934 16.6147 -20.6943 -0.395752 -23.0613 
-19.2305 -4.54468 -2.21777 -0.234131 -20.3479 -18.3997 -28.9612 13.5806 -18.7605 -10.1475 
-3.69922 -9.29468 -1.33081 -3.48364 -16.7971 -5.12476 -5.23682 -15.7961 7.5896 -8.19238 
-23.6128 -12.366 -9.11328 -4.20679 -5.65088 -6.90771 -17.2771 -7.56812 -4.68359 7.72461 
13.54 -16.3354 -8.88257 -15.1682 -17.0032 -0.39209 -4.4314 -4.87793 -20.3843 -1.85278 
-16.2039 9.00732 -11.5767 -4.99097 -8.20459 -7.63159 -9.47021 -8.69849 3.06323 -10.3276 
-12.9707 -5.85278 -0.971191 9.40674 -23.1536 -5.54663 -25.0945 -13.1682 -5.01196 -5.64355 
-13.5256 -10.6445 -0.83252 -7.896 5.01611 -14.7708 -10.9565 -10.1294 -6.98511 -3.06543 
-20.1826 -24.2502 -20.5505 -12.7524 -34.6624 11.2598 -16.3088 -11.5916 -4.1062 -1.65698 
-9.02368 -29.5417 0.786865 -17.9419 -2.34668 -10.9075 19.8159 -20.5598 -4.47827 -20.5906 
-24.2034 -8.74341 -2.27002 -3.20703 -27.8997 -18.3354 -40.3032 20.6223 -25.3181 -6.57764 
-3.77075 -11.7961 -5.07031 -0.0253906 -21.0466 -3.49561 -8.61694 -10.1172 4.88452 -3.25342 
13.9753 -13.8723 -0.728516 -10.3333 -15.4558 -2.55859 -8.96289 -4.21826 -21.4128 -10.2939 
-9.31738 7.68701 -8.24194 -1.61743 -6.92627 -13.7856 -11.5583 -6.46533 1.48486 -9.41724 
-15.9941 -10.4246 -10.9202 7.66675 -16.2971 -8.14014 -20.3408 -9.28955 -1.72925 -0.0441895 
-16.9575 -10.7432 -9.53271 -8.74219 9.9165 -22.0103 -16.1885 -0.631104 -9.92383 -8.20947 
-13.738 -6.28906 -2.68481 -2.71094 -23.2756 -17.1367 -25.9609 14.6685 -15.3157 -13.606 
-9.76465 -11.4368 0.991455 -5.88501 -21.6418 -8.16724 -5.45605 -18.3005 9.07886 -9.86035 
-23.3293 -20.2205 -14.2175 -11.644 -8.67627 -10.2517 -12.8875 -5.69482 -2.89941 11.1387 
-13.9653 -4.30493 -6.3772 -2.30957 -17.1997 -16.7556 -24.8491 13.8682 -14.2122 -10.3396 
-18.5049 -17.3035 -19.6006 -1.36182 -35.2451 10.0061 -18.093 -5.54077 -2.56372 -0.565674 
-9.25879 -9.50391 -17.8511 -5.72485 -21.8896 7.89868 -14.0613 -3.53418 0.280518 -0.549316 
-12.3486 8.34937 -8.88477 -6.07178 -7.25049 -13.7532 -9.10034 -7.08325 1.85596 -7.22803 
-22.7322 -12.333 -9.39258 -6.59229 -3.01685 -10.7524 -14.9575 -9.38428 -2.45068 8.06177 
-13.7871 -4.02637 -9.46753 -5.49683 -7.25024 -13.8142 -16.5007 -3.8894 -2.8103 8.88257 
-23.3792 -10.0991 -3.24829 -1.63794 -30.0759 -15.4766 -39.6809 18.6951 -20.5037 -7.1626 
-8.31152 7.78809 -2.30688 -4.74365 -6.6311 -14.729 -9.30444 -5.89648 2.64551 -12.9475 
10.814 -22.3132 -4.104 -15.3657 -5.64966 -0.57373 1.25244 -5.85718 -9.02783 -8.58154 
16.4788 -14.7666 -9.83643 -18.9751 -9.37842 2.68896 -1.70068 -7.32642 -22.2971 -9.78882 
-28.7869 -21.2625 -22.7778 -1.79492 -32.1438 13.1904 -21.0576 -25.5303 -14.1196 3.7124 
-19.4485 -9.33203 -11.7251 -5.69409 -1.63892 -11.114 -19.6243 -4.27368 -6.37524 10.6331 
-22.6846 -20.9314 -4.25977 -1.18018 -28.2993 -10.8848 -43.5632 20.3691 -22.928 -3.63452 
-10.9753 8.11035 -8.71606 -3.19409 -7.54785 -10.2798 -8.09692 -8.2251 1.19531 -8.92261 
-17.7407 -17.7222 -0.277344 -3.78369 -25.0139 -5.36426 -38.906 17.4221 -18.885 -3.2688 
-6.65894 -12.2341 8.28931 -0.183594 -16.1719 -13.5359 -9.98828 -8.83325 4.19824 -20.0803 
-6.31689 -6.90527 12.543 -3.2561 -20.2747 -18.3303 -6.18066 -15.657 3.0061 -25.022 
-12.2874 -7.10571 0.183838 8.84448 -21.6824 -5.65112 -21.3643 -15.6294 -2.26465 -9.10474 
-6.0376 -27.0483 4.16528 -15.3157 -12.9258 -10.2341 21.0696 -33.5278 -4.07129 -33.4229 
-1.18677 -10.6594 -0.605225 -4.05688 -18.7356 -7.76929 -10.8176 -17.4758 8.17236 -6.5293 
-6.61108 -4.18701 2.34619 4.66675 -20.8196 -9.34668 -23.1465 -6.66602 -6.33301 -4.41016 
-10.1909 -5.96118 12.6289 3.43945 -13.4192 -16.1807 -7.64966 -9.79517 1.22852 -34.7102 
18.4641 -15.3713 -2.90112 -14.6553 -21.3188 -2.43677 -13.2109 -9.29858 -26.426 -5.79614 
11.5203 -14.3181 -1.41919 -11.2068 -22.2344 -2.99072 -10.1069 -8.19165 -18.1404 0.0170898 
-12.3442 -16.5627 -1.85815 -11.9678 -8.19214 -6.0061 16.354 -21.5168 -1.3772 -16.2249 
-13.3638 9.00757 -7.57544 -8.62012 -13.7932 -9.66821 -3.76587 -9.302 1.96582 -15.5564 
-16.1326 -2.85498 -3.31201 -2.26807 -16.7483 -21.5237 -26.4927 13.7302 -17.7864 -10.1106 
-16.5613 -14.2544 -15.575 -8.51343 -30.9346 6.80005 -15.8242 -8.54956 -5.2207 0.711426 
-5.78076 -14.3193 -7.67041 -4.90771 -27.8955 -1.37988 -10.7305 -8.41406 4.10327 -1.66626 
-13.4436 -27.8706 2.9165 -9.22388 -6.16504 -11.2424 16.8521 -20.4441 -6.94116 -19.3328 
-13.5671 -4.51343 14.1758 1.78442 -15.4304 -14.7021 -6.09888 -16.0447 -0.39502 -28.803 
-13.1782 -10.3584 -6.98047 -3.2478 -2.32666 -6.81738 -19.188 -6.01489 -1.28491 8.27319 
-22.1262 -14.7168 -10.6199 -9.04688 9.94385 -13.9705 -11.7983 -11.4841 1.81226 -3.12036 
-4.75 -13.8594 0.46582 -2.58521 -21.7925 -9.11304 -6.35449 -15.2229 8.27148 -7.67114 
-4.63379 -4.11743 -0.355225 -6.05957 -23.9915 -11.0105 -8.3208 -17.7781 9.81128 -9.11084 
-19.0198 -17.7078 -3.6394 -1.50024 -27.5403 -13.2424 -42.9465 18.9473 -23.1333 -5.75049 
-8.92163 7.55371 -6.77124 -4.06494 -7.78638 -14.0146 -10.4065 -5.98535 2.92749 -10.6274 
14.363 -19.481 -3.42407 -14.9026 -14.9258 -4.21826 -9.54346 -10.1946 -26.1858 -3.11816 
-2.98413 -7.18237 -0.229248 -1.85229 -22.9927 -7.46362 -5.90259 -8.50098 6.69409 -4.73169 
-19.9219 -5.10742 -4.38306 -0.703369 -26.0002 -19.1548 -33.9126 17.781 -22.6833 -7.77148 
-25.4277 -8.08569 -2.61938 0.17041 -29.302 -20.6208 -42.6667 21.7747 -29.0901 -10.0359 
-36.3523 -30.1956 -37.0217 1.95728 -31.6328 15.7249 -39.4375 -13.0811 -8.68896 0.110596 
-4.4729 -5.30347 -1.86841 -4.92773 -21.8799 -7.5835 -4.21826 -14.5234 7.6543 -7.3313 
-11.0276 -5.19873 -11.5461 -0.774902 -28.6963 7.61865 -14.7339 -15.949 -8.34399 1.65796 
-9.91626 -6.55103 4.27075 5.87622 -25.5911 -8.7959 -26.4426 -9.50513 -2.97021 -6.63184 
-22.3445 -21.2754 -13.6462 -10.5972 11.3384 -15.9971 -13.5332 -10.1533 1.6123 -3.92969 
-11.2632 -14.781 1.19507 -13.552 -5.72729 -4.71509 19.6331 -30.8391 -2.38086 -26.6199 
-12.5688 9.14209 -13.5535 -5.54517 -4.86255 -4.9895 -6.35425 -5.20239 -1.58643 -3.31616 
-14.0085 9.5332 -15.6418 -6.59351 -3.81689 -7.05615 -6.99512 -6.70215 -1.36304 -2.56177 
-16.4802 -14.7532 -18.5933 -2.25952 -36.1631 9.30591 -22.623 -11.1772 -9.80981 4.39038 
-19.0625 -13.5574 -26.9158 1.53662 -51.502 12.3025 -23.323 -12.04 -14.5134 -2.19629 
14.0881 -15.4631 1.96851 -10.2607 -25.0942 -4.10571 -14.3086 -11.1892 -21.9016 -5.30933 
-16.6033 -1.11548 -5.36768 -0.845459 -14.4475 -17.407 -27.2583 11.8752 -17.4805 -7.15283 
-8.84399 -9.30347 12.8552 -2.40405 -22.5679 -15.4563 -4.06641 -9.9707 3.10913 -29.6367 
-6.51782 1.10791 5.896 8.17334 -32.0574 -4.11621 -28.2212 -19.6306 -17.2544 -13.5728 
-15.9834 -18.6687 2.29688 -11.9033 -6.55151 -4.82715 16.4807 -27.8308 3.47998 -19.5229 
-21.1387 -16.2756 -8.89258 -8.36621 9.67896 -18.8342 -19.0081 -7.44751 -3.52832 -4.89868 
-9.42236 8.40039 -8.64014 -4.78516 -9.49683 -14.3477 -8.46826 -7.86865 2.6123 -11.396 
3.50757 -21.6394 11.6165 -3.81372 -33.4324 -15.834 -8.15674 -11.8416 3.76294 -13.4133 
-20.1462 -8.9165 -6.89819 -5.41113 6.58032 -25.2834 -16.9407 -8.62646 -5.41479 -3.87451 
-10.7166 8.37695 -5.78662 -8.06519 -13.343 -13.386 -5.32202 -8.65845 1.35669 -14.113 
-20.7766 -12.9685 -25.4626 -8.58081 -40.2937 14.3101 -16.0928 -9.59155 -11.459 -4.7041 
-19.7153 -10.9224 -9.33521 -5.3623 8.31836 -11.8345 -15.5728 -9.58057 -2.67188 -3.06616 
-13.0781 -7.71509 14.0815 2.05591 -19.9409 -16.7302 -4.67578 -15.6992 5.09766 -29.1904 
16.0105 -13.5864 -12.5859 -17.2861 -22.8191 0.831543 -2.50024 -8.61768 -24.8525 -9.04883 
-14.0437 -12.2578 -6.90283 -5.74316 4.02295 -14.4888 -13.0903 -3.48218 -2.17358 -2.61646 
-0.310547 -10.0493 2.82568 -2.3479 -25.9187 -7.43091 -10.2346 -12.2817 8.35645 -12.1672 
-19.3384 -17.113 -3.3252 -14.0901 -4.24121 -6.86206 19.0874 -20.1985 -1.61938 -21.7993 
-13.7917 8.64502 -6.2749 -6.78735 -9.31543 -11.6711 -7.53003 -4.26611 0.956055 -11.095 
-22.1479 -6.6394 -16.9119 -7.17432 -1.62183 -11.8562 -16.2542 -4.67822 -5.38086 11.7937 
15.6699 -12.8711 -4.42188 -12.1985 -22.9319 -4.91138 -6.42041 -7.1853 -24.1448 -5.69775 
-4.0647 -21.363 16.1387 4.47412 -19.0947 -21.0803 -5.65259 -24.4448 4.33398 -26.0344 
-32.6318 -26.6462 -24.9963 -3.96167 -28.1067 13.3203 -26.0684 -25.1348 -14.3027 0.906494 
-10.9802 -15.9441 -2.52686 -6.0625 -10.9912 -0.829834 13.8464 -18.1604 -1.4375 -16.0842 
-18.7505 -11.1565 -11.4583 -5.37695 -4.30957 -7.9541 -19.3982 -6.6521 -6.93457 8.36206 
-9.38062 -4.43896 2.94141 7.26123 -26.6582 -8.51367 -31.5874 -12.2219 -6.62769 -3.17285 
-7.30225 -19.7927 1.78833 -7.26514 -4.70605 -6.74561 10.6899 -17.261 -0.26709 -11.6147 
-13.3923 -4.1709 -3.20215 8.94824 -22.8032 -8.57739 -30.3228 -18.9666 -3.88965 -4.06274 
-7.4436 -24.1211 -0.161133 -10.4199 -2.75 -6.36255 13.3726 -19.7849 -1.95215 -15.4165 
19.4021 -25.7527 -9.16919 -14.793 -28.7439 -3.30542 -9.86011 -6.76685 -22.9204 -0.65332 
-14.8618 9.48901 -13.5776 -6.19531 -5.81934 -9.61987 -7.35352 -5.09277 1.20972 -5.78589 
-12.6887 -8.01904 12.8049 -0.269287 -24.4644 -2.95825 -9.05859 0.0805664 -6.61084 -18.415 
-17.6072 -10.4763 1.70996 9.52368 -22.5203 -9.84375 -32.0332 -9.14966 -4.39648 -8.7605 
-25.978 -12.9829 -8.5354 -11.845 15.6079 -21.9888 -15.0188 -7.73901 -7.90234 -5.30957 
-12.1768 -11.9556 -5.64429 4.31006 -23.3828 8.04492 -17.127 -17.9629 -15.1057 -8.04053 
-12.4604 -17.1089 -3.96826 -20.7791 1.07617 -11.1809 15.7166 -13.9597 -5.2439 -13.9177 
-10.5769 -15.73 -8.91138 -6.5498 -16.7249 -23.9136 -22.6729 15.6975 -22.2871 9.35132 
-7.77832 -2.41504 1.854 -5.77686 -24.6052 -4.7019 -5.14355 -27.1365 10.4226 -13.0256 
-18.3662 -20.1025 -6.72559 -3.12256 -11.4163 -19.5586 -17.5349 -11.5535 -5.43018 9.84326 
13.8108 -23.9663 -7.76123 -18.7295 -10.5042 -6.08325 -2.4668 -9.56616 -13.4102 -4.4502 
-15.8704 9.94824 -13.8516 -4.78955 -7.86304 -10.0862 -7.54321 -13.1672 2.48584 -5.44189 
-5.07544 -21.0891 18.4851 1.49561 -24.9954 -17.6887 -13.9824 -0.064209 6.30054 -20.261 
-15.2869 -1.49414 1.15186 8.68311 -11.9451 -8.95825 -19.8474 -6.32031 -8.55713 -10.3896 
-22.4536 -15.9587 -13.7163 -14.6677 12.6663 -25.1499 -23.3469 1.63818 -8.8064 0.111572 
-10.9587 -7.10425 -7.58765 0.440674 -14.7886 0.667969 -14.126 -4.90796 -3.39917 -8.51001 
-5.89722 -30.114 -1.93994 -24.7148 0.621094 -9.49878 19.8523 -25.2026 -10.3843 -20.6577 
-25.2573 -10.6824 -5.86328 -6.80884 -28.2197 -31.7227 -31.2739 22.9316 -31.3706 -3.47241 
-2.43701 -1.28516 -1.62109 -9.04492 -28.7207 -7.66382 1.1062 -30.5291 9.323 -13.0183 
-20.3806 -8.61719 -10.0994 -9.26001 -4.35474 -10.7974 -15.0452 -4.60913 -4.83276 10.0161 
15.585 -21.8801 -9.37891 -17.3354 -13.6335 -3.51099 -0.979492 -7.59229 -15.7561 -5.19482 
-13.3376 8.87622 -12.7271 -6.88501 -6.54468 -8.29126 -7.98022 -8.03809 2.14331 -8.06006 
-6.63965 -21.1379 22.666 0.644775 -22.4958 -22.3621 -14.0396 -8.40576 4.49609 -33.6543 
-28.6174 -10.2734 1.20776 16.9529 -26.7188 -13.4583 -31.2986 -2.11182 -9.99146 -22.5459 
-16.9419 -9.95581 -10.8848 4.14453 -21.8699 8.7478 -25.7224 -10.8345 -9.63525 -6.89746 
-8.31689 -22.5251 0.270508 -28.4333 -0.21167 -11.7981 18.6704 -18.3914 -7.24683 -14.4001 
-13.4053 -6.39771 -8.92334 -6.41284 -20.4355 -24.894 -24.4719 14.771 -23.5732 -0.533691 
-5.05103 -6.28833 0.733398 -1.69336 -17.1521 -3.7937 -3.24487 -15.9443 8.78931 -10.8914 
-14.7114 8.90454 -15.6799 -5.70923 -3.37231 -5.86426 -5.86035 -5.17627 0.55835 -4.13989 
18.0786 -25.7891 -10.1736 -18.3848 -4.73779 -2.84741 -2.32861 -0.443115 -19.3877 -9.65454 
-11.6389 -19.2368 -7.25342 -10.3845 -7.75757 -10.4421 -13.7666 -4.59766 0.599121 7.42944 
-17.5457 -6.58154 -5.12354 7.59961 -38.6907 10.1074 -27.1978 -18.9641 -15.9197 -4.08813 
-1.71094 -19.426 -17.2739 -16.4656 -10.0317 -11.9402 -21.0154 13.8054 -23.3071 1.04126 
-13.5947 -4.62524 -2.4375 1.81641 -29.2769 4.9375 -23.5383 -18.314 -12.3379 -7.04663 
-15.4177 10.2834 -16.3904 -5.29272 -4.70972 -7.62256 -8.20923 -8.7019 0.889648 -3.59277 
-2.06641 -9.33765 1.19629 -2.83057 -25.1694 -2.05078 -7.7998 -16.1892 9.96021 -6.8064 
-10.3914 -16.4236 -1.67773 -19.6946 -11.1497 -8.90503 18.978 -31.2432 -6.48901 -15.2354 
-11.9124 -27.3894 -5.97388 -10.7263 -2.44312 -15.6477 -17.1606 -6.51147 -7.97339 8.41577 
15.95 -28.396 -6.88062 -15.26 -28.1487 -2.37891 -9.53735 -10.9866 -11.0581 -5.39258 
-16.7432 -16.1257 -8.64233 -14.1128 9.89307 -21.2788 -18.2686 -1.46826 -6.6145 -4.38574 
-15.8882 9.91772 -15.1106 -4.45557 -2.61938 -8.90039 -6.8291 -7.67993 0.435303 -7.04443 
-5.58032 -20.636 -3.97095 -8.08838 -8.50977 -17.7505 -14.4102 -8.16577 -13.0706 7.2207 
-22.6384 -18.4277 -0.466553 21.4111 -54.9709 -14.0547 -40.7905 -25.1416 -9.18652 -12.488 
-8.84863 -4.75366 -0.479248 -7.63159 -27.4714 -4.09912 -1.44312 -24.9844 10.7842 -15.408 
-10.8835 -12.7551 -8.5022 -14.1978 8.81348 -27.5657 -15.8171 -7.34741 -12.0249 1.68677 
-19.6921 -15.3376 -9.42969 -12.2026 10.8689 -27.991 -21.5239 -4.00366 -4.30933 -5.59375 
-16.1411 -2.91382 -7.45532 -3.41504 -12.8499 -17.0193 -22.4856 8.39722 -5.43384 -0.915039 
17.1199 -21.0396 -1.50146 -19.9153 -31.1414 -10.5266 -9.32959 -2.17261 -15.5481 -5.94971 
-14.4094 8.96118 -14.2908 -5.4126 -6.1748 -10.1248 -7.75879 -3.82202 0.448486 -5.1416 
-20.4048 -17.7961 -9.1167 -1.68701 -2.4668 -11.4553 -18.3193 -10.2783 -3.51465 9.51733 
0.375732 -22.072 14.4214 2.68921 -11.4402 -16.4849 -7.27319 -18.2275 -1.49756 -21.9119 
-1.05908 -7.48364 3.91431 -1.04028 -25.2529 -7.34204 -6.47705 -11.0425 7.45947 -11.48 
-14.3582 -18.512 -1.03271 0.144287 -26.1877 -11.6216 -41.0337 19.0217 -31.9612 -4.53247 
-2.96826 -5.44043 1.95898 -2.80591 -28.687 -11.2378 -9.10986 -12.6675 9.49829 -12.927 
-4.76489 -26.9116 15.4385 7.54858 -24.1499 -18.3887 -27.4268 -18.7859 -5.75171 -22.1143 
-15.8975 0.248291 -0.153564 7.13647 -31.9336 3.94702 -26.3721 -18.2712 -11.082 -6.81079 
-14.0125 -20.4873 -8.29956 -4.10791 -1.43213 -7.25903 -14.8574 -2.58081 -3.20703 6.99219 
-20.2644 -19.6851 0.438965 -19.8936 -5.44116 -11.8926 19.8774 -26.8638 -2.8335 -14.7637 
8.08765 -18.6111 -4.78345 -12.2764 -4.06689 -5.67798 3.76782 -10.1797 -8.0752 -10.5874 
-11.2856 -18.5667 -2.37354 -15.5 -5.19165 -6.78296 17.0073 -19.9563 -5.90063 -13.4729 
-9.61987 -7.91895 -7.01514 1.03564 -29.0259 6.14795 -18.4653 -27.4016 -8.37842 2.58569 
-15.5923 -8.92627 -9.47534 -1.43604 -31.0762 9.79346 -15.8911 -21.9834 -13.5999 -4.45142 
-19.2903 -18.3147 -10.5706 14.4458 -37.6841 -6.89746 -32.9065 -15.4719 -7.44043 -3.75024 
-16.1262 -3.1665 7.56201 13.1941 -21.8647 -7.05078 -35.0525 -16.9207 -7.54785 -17.9897 
-16.0005 -13.792 -12.417 11.4827 -27.1101 -10.1306 -31.5713 -7.07861 -9.92529 -0.187988 
-11.6904 -15.8848 -4.61182 -3.63696 -9.82568 -19.4646 -15.2686 -8.88696 -5.68262 5.93262 
-11.1272 -25.5239 0.786865 -13.2581 -11.3013 -12.8174 -1.69092 -10.7183 9.68359 -6.3208 
-12.8645 7.8667 -13.0698 -6.06519 -6.63135 -13.8835 -9.57031 -2.64673 0.9375 -3.20142 
-12.6199 8.4751 -15.3889 -5.10107 -7.03174 -9.75684 -7.70605 -7.27124 0.843506 -5.57104 
9.0874 -19.4475 -2.95703 -11.616 -18.2776 -2.71729 -10.6604 -4.04712 -12.1426 1.56177 
-12.4321 -17.2512 -5.09082 -21.4802 -1.93433 -6.88989 15.5281 -12.9011 -9.45801 -9.32056 
-14.3127 9.17114 -11.6487 -5.43335 -11.9753 -11.2441 -10.0916 -7.42017 2.30054 -7.68701 
16.1938 -22.8513 -2.20801 -12.9448 -32.7764 -8.93628 -13.7727 -4.01245 -21.6704 2.11792 
17.4832 -24.9336 -8.65503 -21.0208 -13.1836 -4.34375 -1.74512 -5.92603 -18.311 -6.7124 
-8.52661 -13.0195 -0.756836 -6.26611 -6.99268 -4.7478 9.52612 -15.561 1.04663 -15.6951 
-10.792 -15.2952 16.1802 -1.41821 -17.0269 -7.37891 -7.16382 -6.39233 -8.8186 -22.6118 
-17.5623 10.2339 -16.925 -4.42358 -4.45996 -5.20947 -5.42261 -9.17383 1.64355 -7.30615 
-13.7795 9.39209 -16.3394 -5.1875 -2.34912 -3.53394 -5.55737 -7.87085 -0.396729 -3.729 
-20.4509 -8.98071 -6.23608 16.8989 -39.825 -9.83765 -46.7129 -20.4272 -14.3257 -1.86108 
-6.70337 -12.6204 12.2307 -10.3647 -10.167 -5.08032 -9.68262 -9.64819 -12.1165 -20.1272 
-7.26685 -9.91895 -11.0188 -8.19629 -10.0647 -2.20776 -19.9321 8.89844 -13.3862 3.03613 
-12.9712 -1.47339 -4.73877 -4.17578 -8.37769 -14.418 -20.1538 9.25903 -17.2737 -1.90259 
-8.8335 -9.74268 -0.342041 -9.56885 -22.7576 -6.40381 -7.4126 -10.0295 8.12158 -10.2456 
-11.0012 -2.7356 -0.685547 -12.0935 -28.4458 -0.560303 1.95117 -29.3689 10.9514 -15.6294 
-5.41602 -9.07568 -2.49756 -5.59888 -14.5989 -9.57397 -23.6631 10.5117 -17.3792 2.5293 
-11.689 -5.5332 0.682617 -2.98608 -20.7634 -3.96631 -8.78564 -15.8267 10.9858 -14.4011 
-13.741 -13.2708 -3.0481 -10.3076 7.34497 -18.3884 -15.6206 -6.01221 -9.04395 -2.12231 
-20.301 -19.1216 -1.22412 -20.4878 0.49292 -9.12012 17.2178 -20.1204 -7.3728 -8.52661 
16.3904 -23.8223 -4.21436 -10.2771 -33.5225 -5.02319 -13.9834 -7.42041 -20.418 -1.13477 
-8.19751 -10.2598 12.3699 -11.9155 -12.4053 -12.1965 -5.26074 -2.5896 -9.43481 -15.0649 
13.6941 -20.9287 -7.7334 -12.45 -11.48 -9.41479 -4.68237 -4.96143 -23.5186 -4.12524 
-13.1836 -9.96997 -11.3916 -15.8555 -8.69629 -21.1909 -18.6245 13.3516 -25.4434 -0.450684 
18.8906 -28.7551 -10.2317 -15.1001 -34.1111 -6.62939 -10.9536 -3.12988 -22.0513 1.34497 
-19.6687 -15.1047 -10.1069 14.8904 -40.7583 -12.2998 -36.4404 -17.1948 -5.56348 -0.043457 
-11.1379 -23.6426 -1.63428 -16.1443 -7.45483 -6.68091 14.2083 -26.2793 -0.187256 -15.1174 
-6.90039 -8.80273 0.0192871 -4.07983 -18.8013 -11.6899 -6.31714 -9.08179 10.0903 -13.918 
-13.2915 -7.87622 -7.0874 -13.5828 -5.25879 -11.3057 -20.6526 8.98413 -15.3276 0.680908 
-10.4419 8.85059 -9.76172 -6.85132 -6.99341 -16.9519 -7.84424 -2.59448 2.78345 -9.73657 
-17.8596 -12.3394 -9.54907 6.78735 -26.2305 6.01611 -21.3232 -27.5349 -14.3984 0.199951 
-16.5232 -3.94189 -11.0386 -8.74243 1.08301 -10.7986 -15.7505 -5.24585 -2.1377 9.08691 
-24.9976 -17.3655 -8.30811 -6.15063 0.14209 -12.9219 -18.1807 -7.1748 -5.82617 10.2007 
-15.6514 -16.2119 0.415527 13.3767 -40.4233 -15.1042 -25.7197 -24.4983 -1.55957 -6.23242 
-11.3762 -2.50903 -1.62744 -1.91528 -17.009 -6.72705 -20.3484 5.24463 -6.22437 -5.81445 
-8.19263 -16.8982 12.1611 3.84375 -11.7356 -10.7651 -7.23901 -11.7056 0.0183105 -12.158 
-6.59521 -6.64648 -2.47656 -13.1409 5.72729 -18.531 -8.89551 -5.18896 -12.3806 -1.79785 
-10.1338 -18.6501 -3.43604 -7.25 -3.30054 -14.887 -14.9231 -7.68774 -6.32397 5.2605 
-14.1375 -11.9644 -8.31226 -13.1465 11.2493 -18.6785 -15.4575 -1.44995 -7.052 -0.619385 
-5.00024 -5.11426 0.237061 6.36694 -23.4429 -6.4165 -26.8328 -8.50415 -10.1311 -2.44141 
-3.62061 -21.1934 5.7666 -14.571 -14.2664 -6.45654 17.2217 -21.8499 -1.74536 -30.9226 
-10.5759 -18.3953 20.1833 2.06396 -23.9441 -21.6687 -14.4136 -26.2319 1.02954 -28.2954 
-10.5964 -18.759 17.9385 -5.85498 -19.1423 -11.4722 -8.92651 -6.09473 -11.2832 -27.0159 
-12.3184 -14.2092 -15.3301 4.5437 -15.6248 8.66211 -20.6174 -17.4434 2.68408 -8.02344 
-18.0081 -8.59351 -3.25464 12.2629 -27.8062 -9.49756 -22.9312 -26.4688 7.38257 -11.4438 
-13.4119 -8.59033 18.0203 5.25708 -36.2637 -21.376 -28.4785 -14.1641 3.41748 -27.4026 
-11.1511 -11.7488 -16.2249 -1.60474 -23.7878 9.93091 -17.9609 -8.24561 -4.54297 -8.53027 
-15.6692 -5.02148 -6.39453 8.12305 -41.5073 8.94043 -31.0007 -20.4714 -5.52271 -10.9431 
-16.2788 -5.95215 -13.7378 -10.5854 -3.17798 -6.07397 -9.24536 -8.31494 -2.1189 7.80444 
-19.5383 -8.9375 -10.4148 -9.52466 9.32397 -27.842 -17.6641 -4.31396 -9.39917 -2.7002 
-6.68823 10.7498 5.29956 -11.0317 -12.7249 -18.873 -8.0415 -7.4917 -4.03711 -18.0266 
-8.5188 -7.98022 -6.02441 -2.41089 -20.6653 -7.08325 -26.9631 10.5015 -13.7449 0.594238 
-9.87549 -14.8506 18.1721 -6.19434 -20.9866 -17.2566 -2.68188 -31.3269 -0.39502 -34.1997 
14.8967 -18.9929 -8.77368 -19.2776 -8.92065 -3.54053 -1.2168 -3.6626 -15.4282 -8.77148 
-10.2847 9.42505 -10.4041 -8.92334 -9.34961 -15.9292 -8.2583 -7.31934 3.15552 -7.46582 
-8.52075 -0.15625 14.5835 4.59692 -38.178 -14.4204 -16.9644 -11.8948 0.137695 -25.0415 
-8.5144 -9.4436 -8.2334 6.13989 -10.8723 -1.71167 -24.7888 -3.79883 -7.84717 0.179688 
-32.2278 -13.2891 -9.73218 -11.1123 14.0469 -30.4839 -22.3022 -11.4316 -10.082 0.205811 
-28.7722 -13.0691 -22.4744 -6.40161 -22.5322 10.3315 -12.3525 -12.4626 -7.03345 -6.28247 
-3.74707 -32.7866 -1.30347 -14.4446 -5.19702 -4.88379 15.7483 -27.2 -5.55469 -19.0942 
-18.8022 -7.45239 -4.96704 1.17993 -17.5933 -13.7437 -32.4421 7.75708 -7.97949 1.8916 
-8.45996 -1.2749 -8.67456 -6.50146 -8.85693 -12.4019 -6.5874 -8.16284 7.29663 -6.05371 
-17.0095 -10.9121 -8.01465 -9.30029 -4.06128 -12.5535 -11.7429 -5.2666 1.41064 8.60352 
23.3184 -27.9739 -5.22925 -17.5996 -30.4937 -7.93188 -15.6057 -10.7136 -32.6392 -6.24683 
-12.5156 8.16772 -13.6018 -6.71948 -6.71997 -13.2563 -6.25757 -3.93823 0.921143 -5.05273 
-9.97437 -11.7192 14.4487 5.51904 -34.8127 -14.8872 -19.0171 2.53809 6.90771 -23.2944 
-16.1072 -10.2083 -22.1975 8.46509 -18.2083 -8.31567 -27.3337 -4.61719 -5.80322 2.06812 
-22.6895 -11.1072 -8.30347 -9.323 8.45874 -27.5288 -14.7004 -1.61182 -0.735352 0.719482 
-17.2676 -33.7197 -27.6165 -16.1465 -11.4536 12.7742 -13.3403 -16.2446 1.96387 -3.81665 
-5.2334 -22.1992 0.637207 -20.0781 -7.82544 -10.5752 18.249 -20.0442 -4.76514 -18.7532 
-12.3718 -8.25488 5.13208 -1.88159 -15.4282 -19.4209 -22.9551 3.68726 -2.34814 -9.39575 
-2.57397 -20.8193 -5.55835 -10.3713 -18.5376 -12.9397 -16.0435 -7.63574 7.64551 -2.02637 
-16.8921 -7.02344 -7.21875 -10.8643 -6.66626 -14.2368 -10.0151 -5.68335 -0.507324 8.69482 
9.53198 -15.208 1.18188 -1.20728 -15.9385 -3.84961 -11.7917 -2.87061 -2.27466 -5.17017 
-8.01904 11.9224 6.3811 -8.87354 -14.2246 -22.5017 -10.6355 -8.20703 -2.85571 -23.9424 
-11.7864 -9.18262 18.1265 -1.64014 -25.7102 -13.7471 -11.1467 -8.54395 1.17261 -26.0354 
-5.22949 -5.57007 -4.11475 6.41553 -30.4985 -5.03491 -35.0051 -8.50049 -9.14844 6.01099 
-31.5737 -7.6355 -11.6584 -5.93237 8.01782 -28.4944 -19.6138 -4.22217 -3.23584 4.47144 
-25.2488 -26.417 -18.2925 -6.3313 -5.40088 12.3682 -13.0322 -15.5498 6.74048 -11.9282 
-17.1174 -14.7334 -0.817139 -18.1116 0.128662 -9.33984 12.7498 -15.5781 -5.86108 -11.6213 
-20.3745 -7.12817 -3.32227 -4.58252 -13.0835 -16.687 -24.95 10.3442 -6.26074 -8.75195 
-3.51563 -9.94409 -7.99976 -9.15039 -25.0498 -5.2666 -14.5642 -18.76 12.1445 -8.34912 
-18.5515 -15.5144 -10.635 -10.1536 -1.03174 -14.6787 -12.2168 -5.6416 1.1709 5.26465 
-7.57471 9.42407 -1.91577 -5.73242 -12.248 -12.313 -8.552 -10.6365 2.11304 -17.2009 
17.9387 -22.0122 -1.35449 -16.2991 -21.5642 -8.68774 -7.21655 -3.04248 -10.0991 -2.56396 
-10.8113 10.6875 -7.53711 -4.33691 -6.62085 -19.0298 -12.813 0.000488281 1.23853 -10.7363 
-12.458 -4.61499 19.2407 8.64282 -43.7432 -21.3044 -18.1169 -17.1267 6.52002 -30.7295 
-5.83594 -10.1165 -9.2998 -15.5901 -8.73291 -9.47363 -18.9678 11.1299 -17.2737 8.11597 
-22.7788 -21.7454 -18.8088 -1.42017 -27.4207 10.7246 -26.3538 -16.0083 -16.1108 0.201416 
-7.40869 -7.08496 -4.7439 8.11401 -16.0344 -6.21411 -21.9385 -12.8733 -5.84229 -5.85962 
-19.4006 -23.3875 -3.10449 -21.5574 8.03345 -18.8667 -18.7708 1.86841 -7.42407 -5.37646 
-11.7869 -30.6016 -9.27783 -14.5627 9.17212 -7.4292 -11.208 -6.50684 -1.87988 -1.36938 
18.834 -31.8887 -10.3608 -18.4658 -17.5391 -8.80591 -2.4248 -8.45166 -22.2266 -5.6123 
20.5625 -24.2144 -5.18457 -17.7478 -17.5754 -1.01245 -11.2249 -5.00122 -27.53 -7.05151 
-11.1848 -17.9612 0.544189 -20.6406 -0.0532227 -10.3521 15.5117 -19.1233 -8.04712 -14.2461 
-9.41943 1.61938 -10.8857 -8.4231 -9.7041 -11.5266 -10.834 -4.89111 2.71753 3.21167 
-11.7576 -20.116 -0.750977 -13.9597 -1.49121 -7.55518 15.5117 -17.196 -10.0171 -14.6772 
-0.286865 -14.5273 -8.70386 -21.3376 -8.26001 -12.4885 12.9392 -7.01611 -14.5681 -10.967 
-7.50537 -28.6282 -18.4941 -7.92017 -9.37939 12.9138 -17.0186 -6.05591 4.83667 -6.44604 
-7.05835 -11.1116 -6.19385 -14.3069 -10.2617 -15.6421 -20.6511 7.22607 -12.178 1.95581 
-5.30981 -8.75562 10.0781 6.802 -15.5054 -14.2634 -8.48242 -13.3916 3.90942 -11.3621 
-17.3657 -14.0229 -20.7297 11.9182 -31.814 -12.1787 -31.967 -6.38745 -5.63818 -2.5918 
-20.3862 -14.7688 -18.3313 -12.2341 6.07813 -18.6067 -17.8269 -0.779053 -2.45044 -0.829102 
-16.4089 -6.28247 -13.8333 -10.2383 5.71216 -20.8652 -26.8005 1.58472 -2.72485 1.56885 
-12.9016 -7.13696 -15.5818 -6.50488 -5.8894 -14.5559 -18.491 -0.980469 -1.41846 9.96631 
-9.68335 6.198 -2.81372 -11.4819 -10.8372 -9.54199 -10.3643 -7.4397 1.62012 -9.58911 
-19.7905 -7.27954 -13.3813 -11.4817 7.67529 -23.3391 -20.0488 -0.917969 -2.58032 2.97754 
15.3474 -11.3564 2.35938 -10.9419 -19.5906 -7.20435 -7.09253 -9.79053 3.1665 -6.31787 
-14.5142 -6.86597 -14.1958 -0.0163574 -23.7395 -24.7483 -28.7725 11.4258 -12.7012 -2.32007 
-11.6543 -10.6335 -12.8491 -3.34424 -8.04834 -8.88135 -23.0217 3.93066 -5.95703 7.83594 
-24.2358 -15.7463 -31.2644 -5.80688 -19.5381 14.8645 -14.2559 -19.8259 -17.3416 5.70581 
-6.26392 -13.0559 -13.8176 -9.35352 -17.9702 -7.75146 -21.7202 13.6321 -15.0918 4.92334 
-9.3208 -15.5996 20.1257 -0.730713 -30.1609 -15.6763 -14.1265 3.28369 2.13965 -28.49 
-11.031 -12.1147 1.38989 9.89893 -36.0986 -13.2839 -25.4236 -18.1323 -1.823 -11.0278 
-11.5845 9.42993 -6.51367 -7.30298 -7.24097 -15.2488 -10.6777 -0.729736 2.95923 -10.9307 
-10.8684 -15.7739 -5.16016 -18.6089 6.9624 -25.4182 -10.0415 -0.196289 -7.33594 -0.527832 
-24.7175 -9.73804 -7.76489 -9.09814 7.63452 -20.0598 -11.4233 -12.0522 0.65625 -2.69165 
10.6782 -5.77124 -1.65527 -10.8657 -14.0886 -4.07031 -2.28589 -12.2153 -1.91846 -4.82031 
-13.5833 -5.01929 -13.136 -10.2292 -6.31787 -15.9224 -13.3447 -3.09277 -1.15112 9.35229 
-4.58643 -1.62354 -5.22729 -7.49048 -7.57251 -13.8816 -16.6521 -0.297607 -2.37305 5.96533 
-16.377 -20.95 -1.07422 -14.96 -7.30127 -6.63281 17.8845 -25.9077 -1.70068 -18.252 
-6.81934 10.9514 7.97876 -8.45923 -15.2468 -21.4304 -6.93555 -9.06787 -1.08618 -26.6443 
-4.21338 1.40991 -5.08813 -9.57642 -17.719 -13.1931 -10.8501 -15.1521 10.4941 -12.2849 
-16.8933 -16.3613 -13.0415 7.30225 -26.969 -7.37207 -28.5093 -13.1763 -4.62109 1.27637 
-15.7473 -20.0166 -7.30103 10.3691 -27.1746 -16.5833 -24.6287 -12.2454 -3.21655 -0.881592 
-6.36987 -0.373535 0.260742 0.517578 -24.2083 -26.0388 -22.0708 5.52441 -7.03784 -5.34546 
-14.0496 -19.0786 -10.6924 11.3079 -29.4663 -12.9404 -27.3147 -7.28198 -5.04663 -5.3877 
-9.41504 -2.43506 -11.8474 -10.4863 -3.14868 -11.5671 -13.4358 -1.7312 -2.04736 8.96265 
-8.16968 -6.67065 -10.6257 -11.8379 -19.5952 -5.29932 -11.8762 -22.291 12.8484 -8.54419 
-8.61621 -10.2517 -1.34229 -2.35889 -17.9441 -5.16797 -7.45801 -13.2585 9.10229 -8.37378 
-3.87671 -30.1389 -10.3406 -20.0669 6.84302 -9.24658 -5.36987 -3.89697 -4.72656 -0.678223 
-16.4097 -5.84595 -10.5769 2.16284 -29.2361 -29.5037 -32.0625 11.6326 -8.6416 -3.63232 
-17.4714 -10.479 -6.77417 2.1582 -24.0347 -26.96 -27.3254 12.1855 -13.3613 -2.74756 
-19.9766 -20.8677 0.117432 -20.4651 -4.63086 -7.04639 18.2095 -27.2737 -2.17749 -14.6755 
-23.644 -1.75073 21.8003 9.68652 -37.4663 -18.9067 -31.126 -9.58887 -6.02686 -29.324 
-8.29004 9.125 -5.43726 -6.03931 -12.2126 -13.1272 -8.00806 -10.0879 2.85205 -15.2649 
-16.8979 -14.9617 -6.7771 -8.25293 -6.64087 -16.114 -14.3665 -8.69897 4.70337 8.2959 
-1.08521 -11.7546 -6.01196 -11.3999 -15.4836 -5.1853 -8.64697 -13.9119 8.97974 -9.375 
-23.845 -13.532 -9.34448 -0.461914 -31.2271 -23.2205 -30.7761 13.2539 -3.4353 -12.1423 
-4.87915 -9.33813 -6.65771 -4.83911 -19.5635 -10.2834 -13.7566 -15.5881 10.8206 -1.25073 
-6.94971 -8.15576 -3.58838 -1.2312 -23.1396 -8.4353 -9.55347 -13.4631 11.197 -6.72461 
-11.2961 -6.29346 -10.1482 -5.94287 -14.4844 -8.69751 -25.4846 8.56323 -10.5356 -0.876221 
-14.5244 -1.5791 18.2734 4.43018 -45.4202 -14.9763 -18.98 -16.0496 6.7041 -23.6375 
-10.9263 -20.3723 23.8784 0.234375 -45.9995 -25.4294 -19.3894 -22.8591 7.85327 -37.376 
-14.8445 -10.3213 -12.1201 12.6411 -29.635 -6.42993 -34.9255 -14.3914 -9.57764 0.675293 
-12.4016 -4.60522 -10.5684 -5.31079 -9.77539 -16.519 -14.3052 -3.52026 -1.1272 8.44946 
-16.2434 -12.9868 -8.7915 11.7632 -28.8352 -11.9319 -27.6211 -12.6172 -7.89771 -7.07056 
-11.5742 -4.55396 -4.45459 9.47754 -26.6118 -8.5415 -32.6367 -14.146 -6.82642 1.08228 
-22.0737 -16.8293 -22.6003 -1.74341 -17.896 10.948 -16.7888 -17.7656 -8.80078 1.79272 
-26.2368 -33.6423 -33.6443 -11.0295 -14.4016 19.4683 -23.8948 -10.8662 4.46191 -5.15015 
15.0703 -18.7407 -0.925293 -11.6875 -18.1624 -9.9668 -10.3726 -4.40234 -11.8943 0.293213 
-10.4033 -4.79126 -3.90796 -4.35889 -19.0056 -18.0088 -23.2031 11.7019 -12.1936 -8.48218 
-10.4556 -3.66479 -4.85547 -8.39624 5.45459 -7.30957 -8.34497 -7.43945 -2.84619 -2.14648 
-23.761 -21.1523 -22.8967 -4.0459 -33.5991 11.5806 -18.656 -8.5686 -4.64819 1.57886 
-16.6653 -13.0071 -4.71655 -19.4119 -2.62036 -6.31201 16.2412 -25.2871 -10.2078 -12.9521 
-28.5947 -28.6819 -29.9963 -12.9043 -24.6575 18.7778 -10.7173 -20.2432 -13.6687 -2.95972 
-8.00342 10.6948 5.57056 -11.3538 -19.2302 -20.0386 -5.7085 -13.6475 -2.22583 -24.4209 
-21.7175 -21.6062 -13.0398 -16.5669 11.0388 -13.2319 -11.1729 -2.12256 2.92798 1.38647 
-7.10107 11.1133 1.06274 -11.8647 -12.9319 -13.304 -5.44849 -11.8843 -0.643555 -18.8342 
-2.56226 8.17358 -6.10791 -12.2981 -20.4263 -10.5188 -1.61182 -18.1052 4.91602 -12.7437 
-2.42554 -10.8394 13.2234 -6.93945 -13.1123 -3.02832 -6.91113 -4.01855 -2.46387 -26.3203 
-5.07861 -10.6077 1.12036 -3.67456 -20.6729 -7.05615 -16.3748 -7.7373 7.17603 -2.01245 
-8.7229 -17.7529 18.0659 9.31812 -23.8506 -26.0298 -13.8884 -23.4009 7.62964 -25.031 
-10.3318 -22.5857 -3.05005 -21.2485 -2.13086 -9.29883 18.8655 -29.0002 -9.77563 -12.4802 
-4.92896 7.63379 -5.80298 -9.677 -15.7188 -9.82788 0.811035 -14.5652 3.08496 -14.8665 
-13.2542 -20.7083 -19.4575 -6.15356 -4.52832 11.4526 -14.3435 -4.70581 0.29248 -9.85596 
17.0754 -18.1741 4.06006 -10.2502 -15.04 -7.30884 -8.06104 -12.2446 -11.5801 -8.38501 
-5.95483 10.0378 4.84448 -9.53394 -13.6121 -15.6484 -9.0127 -10.9346 -1.01367 -21.2629 
-16.9031 -2.74829 21.5581 0.984131 -25.3064 -21.553 -14.3296 -20.0098 0.338623 -36.5066 
-28.9653 -1.04126 1.96631 19.1858 -41.4124 -3.05688 -44.0269 -24.4392 -19.8074 -21.0962 
-9.95605 -19.3428 -3.55273 -12.3713 5.60645 -13.853 -7.12891 -4.50903 -7.58398 -11.45 
-11.7773 -13.4092 -11.6563 -6.40918 -10.2822 9.25635 -6.89771 -6.24609 1.60791 -5.1084 
4.05493 -13.5237 -1.51685 -4.01367 -5.77905 -4.6355 6.36035 -11.301 -3.12573 -18.3384 
-10.2959 -4.22485 -0.125244 4.06152 -27.8269 -28.4172 -24.0845 11.0522 -8.15356 -11.9717 
-9.77051 -18.8796 1.94238 -9.40381 -19.7515 -8.13892 -14.1443 -15.5164 12.5771 -15.0671 
-7.27222 -6.97119 -7.62598 -2.03784 -10.5613 -11.707 -16.5327 -3.51538 0.197754 4.76245 
19.0017 -14.365 0.704346 -12.1094 -24.002 -1.18433 -10.1316 -8.32007 -26.157 -12.2212 
-9.49316 11.0212 7.31006 -5.60962 -3.66382 -31.9612 -15.8066 -4.30347 -8.9563 -18.3496 
-10.3191 1.98706 12.2646 3.25684 -30.7732 -25.9575 -13.2544 -11.8887 3.96899 -23.7361 
-19.042 -9.21411 -5.78223 11.9971 -20.6555 6.29541 -27.1074 -31.2808 -6.7356 -9.31665 
-12.8789 -10.3765 -0.0446777 -9.72778 5.2688 -14.5811 -8.75464 -4.79224 -1.50757 -7.54883 
-11.1008 -20.4131 -14.5945 -5.86768 -14.9341 11.7048 -8.77051 -11.3474 -3.70215 -11.9429 
-0.151123 -21.6179 -0.695557 -5.49097 -3.66382 -8.22388 12.3264 -15.7903 -3.86353 -19.5757 
-4.62573 -8.19946 6.70776 -1.03442 -24.4729 -21.3782 -20.6414 6.99902 -5.323 -4.8606 
-1.3147 -11.3699 -0.836182 -4.7666 -19.3601 -12.0122 -9.43481 -12.3562 8.10107 -6.13159 
-12.6243 -2.18359 -5.40137 -8.48584 -8.52905 -12.8118 -8.10669 -5.04785 0.196289 3.76733 
12.6733 -6.84253 1.99292 -8.3103 -26.491 -1.52417 -5.8374 -0.333008 1.80518 -5.56812 
-2.89844 8.69971 -4.46167 -6.552 -7.69165 -16.5859 -8.427 -6.48169 2 -6.56543 
-13.3877 0.500244 19.019 0.498779 -25.4956 -21.781 -14.9814 -12.7581 0.195801 -37.4451 
-12.8396 -7.8728 -4.65967 9.22632 -28.3953 -11.634 -25.9185 -11.1875 0.461426 -9.44971 
-23.7439 -17.7402 -1.88477 -7.96802 7.64258 -21.6709 -11.6118 -11.6396 -6.94214 -1.15894 
-8.00537 -19.8796 -10.739 -2.4978 -6.39795 8.87817 -3.76636 -12.0864 2.63696 -12.7898 
2.9707 -22.8018 -2.1853 -7.81567 -3.71265 -4.74829 9.58179 -11.7419 -3.44043 -13.9692 
-4.21118 -5.44434 5.31738 -2.05688 -21.5505 -12.9233 -20.0388 7.49854 -15.1565 -15.0549 
-9.8208 -7.27783 -2.05151 -5.30542 -12.2703 -6.802 -7.74658 -13.6704 9.60278 -13.5542 
-3.69482 -5.37622 4.46265 -2.91602 -33.6433 -15.6814 -13.4358 -11.6843 11.4573 -12.8567 
13.0806 -6.54175 -1.48804 -7.59033 -22.6572 -4.23462 -1.15527 -8.604 -0.799561 -8.93701 
0.137695 -6.07715 -2.78101 -10.4297 -7.35498 -5.36426 12.0759 -17.2788 -0.996338 -17.2139 
13.8433 -9.80908 2.25806 -8.42383 -16.821 -4.60547 -3.85034 -0.969238 -0.395264 -2.97021 
-2.72607 -2.44531 2.62329 -2.03101 -25.0908 -13.2048 -7.06299 -0.94873 4.75024 -17.5347 
-24.3013 -5.50391 19.5388 6.3811 -22.73 -19.8616 -18.333 -17.8608 2.60449 -35.1545 
-22.2766 -8.53638 -0.639893 10.4241 -14.2266 -0.50415 -20.116 -9.76074 -2.61182 -17.323 
-11.2725 -5.67212 -5.19653 0.0861816 -21.7549 -23.9509 -21.106 9.46338 -18.7786 -0.188232 
-7.75171 -4.6897 -3.79663 -6.74561 -13.2729 -23.5229 -14.3782 1.59937 -7.35962 3.91479 
-11.5525 -6.39746 -3.71045 -10.9871 5.69702 -14.1597 -9.37744 -5.94751 -8.42212 -2.9021 
-2.67212 0.00146484 4.02051 0.748535 -20.4976 -20.3533 -16.3267 7.92383 -6.59814 -11.1592 
-5.64355 7.75562 -1.198 -5.14746 -8.04126 -13.679 -8.41016 -5.75415 -1.54907 -12.4275 
1.92236 -8.16968 -4.01611 -0.450195 -17.3215 -10.9946 -11.2112 3.45898 -5.78516 2.45801 
-5.28662 6.97974 -0.340576 -0.311035 -3.60327 -20.2283 -16.2864 0.890869 -6.58838 -8.86548 
-7.47656 -4.04077 1.72607 -7.25513 -13.1599 -28.564 -21.2773 12.2014 -15.6304 -9.22119 
-7.7583 10.0706 4.08472 -3.54907 -2.32544 -24.4729 -19.6465 3.48315 -13.1978 -5.45532 
-12.5576 -4.36841 -3.64966 -9.86304 10.0364 -14.7192 -12.5425 -6.72363 -3.27466 -1.3501 
16.627 -16.6047 3.43628 -14.063 -23.1384 -3.77686 0.821045 -13.9214 3.67847 -8.55933 
15.1667 -8.90771 3.11646 -14.4336 -31.3716 -3.57715 -3.8125 -13.322 1.83521 -4.9187 
-14.6558 11.231 4.29761 -8.2478 -9.4856 -22.1116 -14.4624 -4.35327 -2.43848 -26.9033 
-8.68921 -12.0754 -2.93115 -4.66333 -15.749 -10.1013 -19.4858 11.1792 -15.9783 -6.85498 
-9.13574 -9.51001 -6.89697 -1.49097 -13.1694 7.14648 -3.88306 -12.4438 4.44604 -14.1753 
-0.0979004 -12.7141 -3.0498 -4.29834 -14.8572 -6.98389 -14.8662 5.63159 -13.6606 -6.28833 
-5.23804 11.1838 3.26123 -4.51489 -5.06226 -24.8403 -14.0945 0.0751953 -7.43677 -12.3301 
-17.312 -4.65527 -5.75659 11.6284 -26.3176 -8.63501 -20.3535 -14.9067 -4.02808 -7.57324 
-5.58032 -6.96411 -0.882813 5.88184 -11.5732 -5.70557 -5.28735 -4.76904 0.67041 -13.7278 
-15.9453 -15.6189 4.29053 12.8193 -23.1299 -5.41016 -21.4695 -19.8169 -1.79614 -16.5779 
-7.74902 9.61304 5.47461 -7.49976 -8.40479 -19.9534 -12.6196 -6.9375 -3.36426 -16.8975 
-0.38501 -16.1069 -9.41406 -12.6345 -10.0984 -3.47803 18.6497 -17.9934 -1.43726 -21.3774 
-16.9983 -8.25439 -13.3677 -5.67065 -6.41772 -14.9995 -18.2009 -4.67993 0.0402832 9.39551 
-8.74805 -1.04102 -2.75073 -1.87964 -12.386 -22.0898 -23.5095 5.89258 -23.5664 -3.09131 
-3.61523 9.27075 -1.85767 -6.46045 -3.2395 -17.9329 -12.033 -5.44116 -3.10547 -7.11377 
-8.61255 -8.61719 4.08789 13.167 -49.5325 -13.4211 -28.416 -19.5459 -2.38892 -10.1973 
15.0242 -18.3911 6.12891 -7.04004 -24.2598 -6.03687 -6.09204 -13.8076 -3.72412 -6.6814 
-12.5667 -2.26538 3.42993 -0.161865 -14.7026 -17.4692 -14.5208 0.29541 -0.839111 -12.8159 
0.801758 -15.7822 -7.42578 -13.9126 -7.7207 -6.00366 17.6553 -16.2717 -0.107178 -21.094 
11.99 -9.90039 3.46802 -2.09717 -20.9817 -7.33521 -3.92407 -5.97046 2.75928 -5.36792 
-13.6785 -7.02026 3.18286 -4.65991 -25.8982 -12.354 -12.3665 -12.0125 11.6609 -17.3518 
-7.65649 -9.50928 -6.04736 -7.21924 -11.0193 -17.7712 -13.6113 -0.0808105 -6.17261 6.77686 
-6.97021 -3.46875 -7.37329 -10.8762 2.17236 -1.97388 -11.2781 1.40845 -7.08325 -2.77393 
-13.1523 -8.70166 -4.2002 10.1292 -34.6096 -9.67163 -26.3281 -18.6411 -3.13135 -3.52466 
-11.2168 -16.4656 -18.9163 -3.59375 -21.1682 10.7305 -14.8333 -11.6106 -2.2478 -4.03467 
-15.1777 -7.27563 -1.77661 -5.43164 9.50171 -18.2056 -13.7219 -9.25488 -0.302002 -3.83765 
-7.94458 -12.4387 -4.73633 -5.6145 -17.4077 -7.1228 -18.448 -17.1611 10.6401 -1.05298 
-8.27612 10.7378 6.14917 -8.51587 -8.39429 -21.1299 -12.564 -7.49805 -5.59326 -16.7275 
-11.9175 -17.8733 -12.9429 -4.97705 -10.0525 9.93408 -5.05322 -9.31958 1.56299 -8.94189 
-10.6575 -3.34204 -4.73071 -1.05273 -13.9766 -20.7148 -15.4143 -4.59741 -6.60791 5.52637 
9.33057 -13.3857 0.936035 -5.3186 -8.78955 -1.33862 2.27539 -7.50073 -0.147705 -7.43652 
-2.19946 -21.0879 -4.62549 -8.57715 -4.06152 -5.93896 15.3323 -12.5833 -3.1355 -19.4275 
0.666016 -11.7505 -2.44482 0.541748 -7.40845 -4.87256 1.34058 -7.8562 -5.85742 -16.7317 
-15.7283 -9.96582 -7.50684 11.7979 -33.3088 -6.40845 -26.0535 -12.2278 -3.17969 -6.81445 
-11.3323 -7.55103 -4.87891 -0.215088 -19.5955 -8.75415 -8.08301 -18.6196 11.2668 -11.3171 
-6.41895 9.27417 -2.62622 -10.626 -10.1401 -15.4329 -6.75146 -7.67505 0.0273438 -12.8594 
-16.8169 -13.0081 -4.36353 -12.8452 5.85596 -17.7571 -4.86621 -13.8003 -3.58838 -2.94385 
-7.27344 -12.3391 -12.2568 -11.4172 -13.5754 -12.3391 -20.3462 10.9343 -16.0789 -3.14331 
-14.7695 -21.4619 -18.7107 -5.92798 -12.3098 11.4126 -11.6938 -15.0762 1.99536 -3.82935 
-12.9333 -6.36304 13.9636 -3.45459 -12.1099 -19.1531 -9.19043 -11.2944 2.45337 -23.062 
10.8699 -5.77783 -2.10498 -5.94507 -23.7285 -5.44897 -5.90112 -5.30713 3.73926 -5.21338 
15.6602 -10.1724 1.75122 -16.9753 -21.1218 -1.13428 -1.33789 -5.15259 4.17627 -11.7661 
-9.45313 10.6265 2.21875 -7.14233 -5.05981 -21.9841 -11.928 -3.35205 -5.72949 -14.5215 
-5.39844 -5.63501 -9.823 -8.30933 -14.5056 -18.8147 -18.0168 11.7654 -18.3469 0.310547 
-13.9558 -3.64355 -8.24072 -2.63135 -4.46118 -6.48389 -7.50269 -13.3943 9.45654 -11.7285 
-8.97412 -1.56714 -8.41479 -9.6521 0.720459 -16.1414 -12.2256 4.72339 -7.75293 4.75659 
-3.37988 -6.87646 -3.57764 -12.0239 -11.3413 -2.53076 12.7659 -11.9282 -0.160889 -22.5715 
-9.71338 -3.96997 0.0705566 2.63818 -18.0298 -10.9531 -8.75903 -14.208 7.53979 -6.49146 
-8.70044 -10.6118 -4.80371 -0.386719 -12.8096 -13.4333 -14.387 -10.0562 8.06055 -4.84937 
-14.7356 5.47925 20.4668 -0.371094 -40.3616 -13.8882 -19.0718 -17.7349 2.02002 -34.1831 
-21.2571 -3.89453 -3.88501 13.1401 -22.4387 -6.87866 -27.7695 -20.2483 -8.42651 -13.301 
-6.15356 -5.80737 -4.93774 -8.40967 -5.64209 0.733643 1.89844 -9.70874 -7.46924 -9.53345 
-6.60278 9.36548 1.2627 -3.46533 -6.37622 -19.177 -16.615 -1.25391 -4.16919 -5.87695 
-2.18726 -7.12671 6.04321 -14.1284 -7.33667 -2.43311 -7.85645 -10.4424 2.4104 -17.8188 
-10.3337 -17.2878 -8.86475 -12.2271 -3.6167 -17.022 -19.3184 3.35547 -15.7131 6.60913 
-7.78125 -21.8186 -13.1108 -7.90845 -9.20044 11.5317 -7.0354 -11.5435 4.61353 -12.4387 
-10.7424 0.345947 15.5208 0.444824 -25.679 -15.22 -11.0762 -22.5798 2.38452 -32.2678 
11.7808 -7.5249 -0.666748 -4.52393 -34.6238 -0.793457 -11.3457 -4.08008 -1.14868 1.99707 
-8.61792 10.8413 -0.578613 -10.3577 -13.0288 -12.9167 -4.51343 -11.0178 -0.20459 -19.0308 
-9.43408 -10.2964 12.3899 3.34009 -24.3103 -6.85498 -27.9639 -10.5698 -0.324463 -20.0791 
-26.6621 -17.1489 -3.70874 21.2251 -42.3977 -15.9963 -41.7686 -26.3901 -10.2637 -15.0369 
-9.12354 -5.00391 -6.5918 -12.9053 7.00757 -8.73413 -7.39209 -6.93262 -5.01978 -5.4082 
-8.3252 -16.8142 -7.7522 -1.46143 -11.3804 6.94116 3.07617 -13.1926 3.18628 -15.4077 
3.17651 -24.9568 -7.22827 -12.3577 -26.9441 -5.0415 10.5425 -34.48 3.94165 -12.4836 
-13.0229 -3.96606 -10.0591 -4.70654 -11.8691 -16.8291 -20.0371 6.46436 -11.0571 -8.55469 
-5.65454 -2.37549 -13.0068 -6.43091 -23.1003 1.09814 -1.34766 -12.5684 6.36499 -5.12622 
-13.6042 -9.82568 -9.5813 -0.435059 -7.68164 -16.686 -24.656 1.13574 -5.34155 8.29834 
11.6096 -9.33789 -3.91382 -11.5894 -14.2856 -7.04614 -7.00537 -4.04907 -14.6914 -4.81519 
-9.45264 12.0898 1.26855 -8.35938 -9.35889 -16.1809 -9.36255 -7.56616 -4.68701 -19.4329 
-3.73169 -8.26904 10.4685 3.35181 -29.8472 -4.61743 -24.9678 -22.2734 -8.56177 -21.2163 
-22.9895 -17.1414 -10.0796 15.9265 -33.1167 -9.01318 -35.4768 -26.5442 -2.88818 -2.88452 
-8.53223 -8.98926 -6.271 -12.333 6.88525 -7.14087 -9.43188 -4.22974 -6.90308 -9.68823 
1.55811 -12.752 -0.374268 -2.54395 -33.6265 4.92358 -25.478 -6.47217 -9.87378 -0.0854492 
-1.00464 -19.2871 -3.90771 -14.5857 -10.7827 -2.31934 8.9082 -26.3772 1.26904 -8.4292 
-15.5134 -2.26733 -6.96069 -0.328857 -17.7673 -28.0081 -26.3123 7.77148 -15.0979 -9.71045 
-1.25366 -0.167725 -4.30811 -4.28174 -24.4268 -13.1074 -9.50879 -11.6577 8.47852 -6.82764 
-17.1926 -11.1655 -12.5996 -2.01855 -6.62598 -23.4939 -25.4846 -3.94263 -1.54834 10.1843 
12.2195 -14.491 2.40088 -5.36865 -15.8374 1.47363 -8.83081 -8.05688 -9.07446 -6.52344 
-13.825 10.0774 2.729 -7.84961 -3.62012 -19.8396 -10.4421 -4.93848 -5.39111 -20.0369 
-6.77246 -10.1819 9.54028 2.82593 -24.6062 -6.80933 -21.668 -18.8052 -5.69238 -20.5249 
-13.877 -8.83154 -2.06274 14.8054 -26.5217 -9.86865 -33.3447 -25.6167 -6.84644 -8.5105 
-4.94556 -6.69336 -5.17358 -13.2209 5.12671 -5.65576 -3.41064 -9.19531 -3.30078 -7.72705 
-3.50366 -12.4832 -3.24878 -4.27515 -7.11963 3.76245 7.47656 -18.9792 0.692627 -15.8665 
-1.71997 -16.2207 -12.0728 -15.8694 -15.8025 -0.213623 11.448 -28.3777 -0.888672 -11.239 
-14.9905 -11.5542 -10.8645 -3.33545 -13.7649 -15.2129 -18.7014 3.30615 -8.16431 -10.6741 
-5.50488 -6.34985 -10.4468 -2.60767 -16.9858 -2.39307 -9.05542 -15.8823 6.49438 -1.89136 
-19.1458 -12.4707 -15.5371 -4.37598 -10.019 -16.1975 -16.5002 -2.9585 2.22876 1.4248 
-4.12622 -6.6084 -12.1584 -9.76392 -11.1492 -4.4353 -16.0681 6.18701 -8.80884 -4.12695 
-13.2983 -1.32715 -13.4558 -12.6824 3.5918 -6.01392 -15.9629 -0.572998 -5.5188 2.18384 
-6.06128 -17.1692 -5.62769 -7.72217 -9.21655 -0.253418 7.16895 -21.2944 3.06055 -5.62695 
-8.05615 10.031 -2.05151 -8.47803 -9.0957 -14.1008 -6.65479 -7.20142 -2.49878 -15.0266 
-0.706787 -5.53247 -1.84888 -6.80371 3.76367 -7.47095 -1.21777 -8.8877 -2.90796 -10.1272 
14.6067 -13.7732 2.27637 -8.72241 -15.9927 -6.07471 -1.27588 -7.02563 2.49854 -7.0542 
-9.43286 -7.13599 -11.6362 -6.2063 -6.45435 -12.6555 -18.2466 -6.51953 0.0263672 3.19189 
-5.46826 -6.75073 -8.62695 -5.23291 -14.3887 -13.1716 -14.6628 -1.52563 -2.82617 5.14307 
-4.98315 -13.8623 6.94043 5.48389 -18.531 -15.8872 -15.5977 -21.9324 8.39185 -10.8755 
-13.3501 -0.222412 -6.43774 -3.96094 -11.3105 -14.9941 -18.3721 7.65967 -13.7178 -12.2024 
-9.18164 2.25586 1.44312 -7.98169 -20.3137 -12.0935 -4.71948 -14.3738 8.3667 -15.2937 
4.46362 -8.64893 0.181885 -5.87891 -2.85669 -6.05518 -1.10522 -6.4292 -2.19067 -4.89404 
-3.24976 -8.7251 -10.3296 -8.33691 -10.0898 -1.56006 -11.8337 6.48413 -8.08472 -7.25293 
0.514648 -12.8059 -7.92871 -2.03662 -10.9402 6.69165 -7.50806 -8.18408 -5.43652 -2.37622 
-4.32813 -2.74072 -0.30249 -5.89307 -21.5754 -8.03833 -7.10229 -19.3386 9.37817 -10.3599 
-0.307373 -6.89819 -4.61279 0.782471 -4.47949 2.42358 4.29883 -14.1606 -1.81445 -7.21143 
-20.5339 -11.4939 0.807373 13.9333 -22.697 -10.1362 -35.8909 -27.9504 -10.6462 -9.47412 
-2.99731 -9.25024 7.43188 0.709229 -27.1035 -6.64771 -18.0938 -9.47925 -1.0188 -9.67603 
-3.16309 -9.29028 8.74927 -1.25732 -26.1143 -4.84888 -12.9683 -7.77832 2.02563 -13.5212 
15.6453 -17.7932 1.12695 -12.0769 -15.7222 1.35229 -0.372803 -9.81885 1.86621 -7.83813 
-5.75439 -9.78369 -6.5293 -4.82568 -11.3447 7.32056 -1.10596 -7.75879 1.06885 -9.79224 
-3.85425 -16.7419 -13.0569 -7.13989 -15.7832 5.76929 -14.9946 -8.03662 9.87646 -3.32227 
-7.40869 -25.5525 -3.28369 -8.60571 -14.4688 -2.60889 9.17261 -29.7251 2.44458 -13.936 
15.0352 -17.6182 3.17041 -5.90381 -20.5884 -11.4453 -7.78564 -8.16748 -0.0368652 -1.67554 
-6.71484 -8.93384 -1.84058 6.52832 -15.481 -6.94604 -19.2297 -13.2112 -0.475342 -12.2451 
-5.59863 -1.93848 -4.40552 -2.03589 -17.8152 -10.4336 -9.77393 -16.9033 7.06592 -6.88843 
-6.4668 8.89868 -0.154785 -8.23486 -10.0476 -10.7458 -4.7417 -7.39868 -2.12061 -14.02 
12.7844 -13.6743 -1.33447 -9.1228 -14.3816 -2.81006 -4.37573 -7.97388 -0.0686035 -9.06445 
-1.96509 -8.64453 -0.700684 1.70752 -13.907 -8.78711 -9.66919 -13.9526 2.85254 -10.2742 
11.531 -12.2783 1.57129 -11.3035 -10.4795 -2.88281 -0.741455 -6.12622 0.411865 -8.21069 
-1.5813 -1.52759 0.125244 -13.5605 -1.04492 -8.63306 -6.40454 -5.6311 -2.48389 -3.63696 
-5.26758 -8.42236 -15.5479 -7.16602 -17.3474 -7.34497 -17.188 10.4746 -8.4397 0.329346 
-10.2048 -10.1663 -6.56836 -9.59277 7.51318 -5.44556 -10.6389 -5.10962 -6.13672 -5.81909 
-16.4114 -8.85449 -16.2817 -6.16284 -9.15649 -14.9983 -19.3667 0.256104 -0.847656 9.00122 
5.1416 -12.1257 5.55664 -4.91211 -19.2744 -4.97412 -10.3872 -8.42383 1.78174 -1.85718 
-12.5046 -6.2832 -6.25171 -2.23438 -10.6707 -18.5046 -18.6956 -3.11401 3.13794 5.84863 
4.27808 -9.66284 0.538818 -5.06909 -0.971191 -0.104004 -0.816162 -10.729 -3.16943 -6.78027 
-10.1079 -2.54541 -13.6287 -8.42358 -13.6372 -15.4417 -17.8911 8.67529 -11.4995 -3.89404 
-8.70898 11.5818 6.20825 -9.58325 -12.8735 -19.593 -10.6089 -8.65552 -5.89136 -21.4583 
-10.2356 -3.62378 -10.5105 -8.5957 -8.85352 -6.14185 -16.2512 7.354 -8.20264 -8.14551 
-11.9761 8.53784 3.48315 -7.9436 -5.01196 -17.0581 -9.65894 -6.57593 -4.34277 -20.5732 
6.55298 -21.4761 -1.29346 -12.5815 -15.2817 -6.00415 7.05127 -23.5305 -0.545654 -13.1172 
-6.52466 -14.196 -1.27759 -11.8599 -6.83032 -1.5957 9.30786 -25.6567 1.80005 -12.4695 
0.871826 -17.3474 -1.06323 -2.35815 -14.1812 6.15405 -2.36499 -8.66675 -0.95459 -12.5701 
1.14185 -26.1775 -3.77856 -10.3667 -23.408 -5.54858 8.64746 -31.9541 3.63281 -12.7903 
2.04175 -14.8389 6.70947 -5.65039 -21.708 -5.21582 -10.2107 -9.46582 4.86719 -10.1206 
-9.8623 -8.37109 -9.08936 -1.76489 -17.7502 1.60913 -18.374 -7.59448 8.73267 -9.30981 
-10.0212 -8.62183 -7.16528 -0.0588379 -14.7952 -18.229 -16.4033 5.96851 -7.83765 -5.80615 
-2.26099 -15.9902 -2.6145 -10.7034 -4.9668 -0.387695 4.91284 -22.2432 -0.416992 -10.0479 
1.25854 -9.22095 -1.23975 -12.6052 0.542236 -6.74072 -4.06616 -6.42114 -3.26709 -5.55005 
-16.6152 -5.68433 -15.8669 -6.37183 -6.63013 -19.2539 -19.7202 0.250732 -4.90576 11.2832 
-17.7422 -8.23242 -9.66309 -3.72412 -10.9419 -13.9941 -18.4604 -8.06665 -0.0090332 8.46313 
-1.69531 -15.6252 -11.9431 -2.09326 -12.074 7.63623 1.6814 -12.9832 -2.55127 -7.55249 
-14.7046 -15.1001 -11.7847 9.25122 -16.9854 0.164551 -22.3674 -23.8962 3.89404 -3.95898 
-13.0977 -6.13647 -4.0896 -0.139404 -15.2432 -20.2676 -18.1997 6.86328 -11.8491 -9.05029 
-3.77271 -4.40552 -6.0459 -11.968 4.59766 -6.12134 -8.0127 -5.39355 -6.12109 -5.47241 
-4.58081 -10.2278 -2.65161 5.28491 -21.2949 -4.39087 -28.9639 -7.87354 -6.4812 3.68066 
14.1838 -13.9475 1.21948 -5.98657 -18.3884 -5.99463 -4.73096 -6.16968 0.647217 -3.43091 
-5.68359 0.367188 -5.34351 -8.57031 -2.90942 -9.59229 -11.3008 -2.22876 -4.44214 -1.57275 
-3.99243 -11.5088 -5.54858 -21.0806 -13.8066 2.86768 9.41528 -22.0833 1.12256 -7.57715 
4.07886 -20.3049 -3.65991 -13.9426 -11.553 -8.09741 10.5195 -21.6289 -1.29346 -14.752 
-6.45483 7.40576 4.04541 -7.77954 -6.12866 -12.6294 -6.67773 -6.7627 -2.73901 -19.1279 
-8.51196 11.2996 5.54785 -6.76978 -9.84937 -22.072 -13.3577 -3.95361 -9.97534 -19.6348 
-20.8784 -12.7371 -12.467 9.2019 -18.021 -4.82446 -17.0088 -25.8457 -2.2395 -3.93042 
-10.5164 -8.82813 12.5754 2.62085 -22.1428 -12.8882 -19.1763 -9.8916 0.70166 -16.8242 
-10.1497 11.4651 4.4375 -5.24731 -9.01294 -21.2646 -14.7405 -0.391357 -7.58813 -15.7263 
10.0034 -23.3652 -0.102295 -8.28857 -6.11841 -2.44556 -5.60718 -8.7666 -4.22681 2.06982 
18.1016 -13.8398 1.83667 -29.0681 -26.8149 0.615723 -1.48853 -20.689 6.05688 -11.6218 
-8.33862 11.5369 0.5271 -7.82153 -8.8252 -18.064 -10.3123 -6.69238 -3.08887 -15.3096 
-2.65259 -5.18262 15.1045 3.80176 -52.0317 -25.3918 -22.9819 -14.72 3.29175 -26.9832 
-9.51685 -5.66138 -2.31128 10.2634 -29.7869 0.0900879 -32.4001 -20.3132 -10.5901 -1.95361 
-17.4055 -13.2021 -12.0518 -13.9946 12.3909 -22.2937 -15.0408 -6.49341 -8.61035 -3.18604 
-12.0801 -2.57471 -6.80029 -2.04272 -15.9082 -17.481 -23.2598 11.0337 -11.5906 -4.34033 
-4.09033 0.132813 -0.287842 -7.59229 -22.0342 -10.8088 -4.78735 -18.1357 8.52734 -9.44434 
-15.0007 -12.2578 -11.2642 -7.24829 -1.18359 -7.98975 -18.1499 2.43896 -8.80933 3.63257 
15.731 -8.59155 0.242432 -11.1631 -24.9258 -4.25854 -2.55103 -6.48535 1.3562 -6.19653 
-9.25708 11.4658 0.552246 -5.7063 -8.07373 -17.9141 -12.0874 -4.86865 -4.38281 -15.3555 
-1.99243 -7.74023 4.13086 -4.05713 -41.4827 -17.2969 -19.1943 -7.37842 4.94702 -18.0703 
-9.49121 -3.83594 -3.18237 11.073 -21.3877 -3.58154 -30.6992 -20.1736 -10.2136 -9.26636 
-5.88403 -2.90723 -3.33301 -9.80713 6.31958 -13.46 -5.3916 -8.11401 -8.63647 -2.96826 
-13.6326 -4.44092 -17.0632 -9.33667 -37.9536 9.21729 -8.72437 -19.6741 0.475098 -8.37744 
-4.04321 -7.53833 -8.57471 -11.7996 -14.1003 1.19287 10.5627 -22.7253 5.87427 -16.605 
-7.13818 -3.24268 -4.46997 -0.26416 -15.5828 -12.6062 -20.0374 6.90186 -9.2749 -1.04346 
-3.68896 4.03247 -6.67773 -9.57153 -16.5544 -9.12158 -3.2666 -24.2495 6.69116 -6.99561 
17.9602 -13.5369 4.02515 -18.2871 -23.875 -2.57446 -1.62817 -11.1819 3.96191 -10.3079 
-5.17041 10.7659 0.838135 -8.57251 -6.77124 -19.9648 -8.49194 -7.60645 -1.59131 -14.5129 
-2.26196 -4.49463 14.8994 4.88208 -53.8662 -21.772 -19.1204 -10.604 4.08179 -28.1836 
-17.8616 -15.3687 3.58936 13.3091 -42.1855 -8.0603 -43.6682 -26.4553 -3.93188 -6.02319 
-22.8088 -13.4126 -14.4858 -14.1042 14.4045 -19.6001 -19.373 -3.38647 -6.32373 -4.83545 
-13.5591 -5.62622 -5.06812 2.09448 -25.9919 -22.812 -25.6301 13.072 -11.1165 -6.47412 
-2.69409 -2.05542 -4.78516 -11.0693 -25.0901 -7.5415 -4.11011 -17.2766 7.823 -8.20703 
-13.459 -10.395 -13.6296 -6.69946 -7.02344 -8.92969 -15.0945 -4.40088 -3.25391 9.56665 
14.7231 -12.3875 -1.94702 -16.8003 -12.7627 -6.57983 0.879395 -11.9907 3.46436 -12.5769 
-5.34741 -1.71509 -0.865234 -6.83984 -20.6155 -6.76074 -5.15405 -7.33765 7.10425 -10.127 
-10.0845 -6.83301 -6.22632 6.2583 -20.7739 0.000488281 -28.8184 -21.0176 -7.88843 -0.35376 
-4.08325 1.58325 -2.81104 -8.14893 -3.24683 -8.89453 -6.45776 -6.80322 -4.0625 5.34229 
-8.96582 -7.19897 -15.4009 -12.4341 -32.8831 8.24438 -7.74023 -16.5176 -3.00708 -4.76025 
-8.69922 2.49927 -8.65747 -5.68579 -32.8381 5.21411 -7.91846 -26.4375 -1.62866 -11.259 
-4.86401 -0.715576 8.48291 -3.09106 -47.3911 -8.1709 -10.939 -23.6201 8.93628 -22.0625 
-1.31201 -3.66064 -2.28491 -5.0188 -6.54224 -1.12036 9.10938 -14.792 -1.23999 -19.0034 
-4.21875 -5.82251 -2.13867 -9.01392 -25.5242 -0.866699 1.56152 -27.644 8.20654 -10.781 
-0.639404 -5.6687 -8.91479 -8.74194 3.83643 -11.3838 -0.887207 -9.14258 -4.09082 -9.26709 
-8.60645 11.7625 -1.36694 -6.31689 -5.81982 -21.3372 -15.0417 -4.26636 -3.13403 -11.8003 
-9.19897 -3.32251 -3.3916 0.0612793 -17.7639 -15.2417 -21.509 9.67944 -9.65894 -4.47412 
-9.92944 10.5889 -4.69043 -4.16626 -6.92505 -19.9692 -16.2693 -3.28345 -1.58545 -10.4294 
-6.13843 -7.0752 1.15552 -0.032959 -29.5469 -11.7024 -16.739 0.0632324 0.136475 -9.80908 
-4.5332 -6.48438 4.67041 8.03296 -33.968 -3.95459 -22.3892 -15.7695 -2.60254 -16.7007 
-12.6633 -10.2466 -13.6555 -13.1528 -31.9412 9.77539 -2.25513 -20.374 0.467529 -14.8647 
-2.64722 -14.4805 -6.09863 -18.0093 -8.48608 -10.1863 17.8594 -20.4473 1.23779 -20.3433 
-9.93433 -5.36304 -10.9736 -6.73926 -4.38794 -7.89038 -9.60376 -4.00122 -2.8064 7.92139 
-7.51196 9.71777 -1.20947 -9.3103 -7.45337 -11.9414 -4.51489 -8.3606 -1.84619 -15.4424 
-9.09814 11.4702 1.28687 -7.13257 -5.13745 -19.5037 -13.3254 -2.76953 -3.98755 -13.1912 
-8.98364 12.4539 3.50879 -5.61597 -2.08545 -23.4866 -13.9695 -3.4436 -6.70459 -13.2388 
-4.53003 -1.21069 7.17432 -1.09155 -31.1711 -13.5874 -17.1746 -0.185303 -1.57446 -12.7288 
-6.40039 9.50415 -0.116211 -8.30835 -7.02393 -20.1316 -7.9939 -8.17749 -4.06982 -13.3855 
-5.79688 -0.13501 12.8191 1.18042 -40.1858 -17.7534 -18.4019 -15.1353 -1.36646 -29.502 
10.0281 -12.5525 0.699463 -8.80664 -12.396 2.72437 2.49365 -7.22388 0.576416 -12.3435 
-14.9937 -4.20361 -8.76855 -1.11108 -17.7388 -17.335 -30.1223 13.5964 -17.2466 -5.24927 
-12.1433 -5.68506 -6.36133 2.25024 -24.8445 -16.9841 -20.9973 9.36987 -12.1279 -7.04321 
-11.7324 -3.38159 -15.1621 -6.61108 -30.1755 8.02075 -11.0032 -14.3831 -3.54321 -1.69751 
-8.08569 -5.54907 -3.96826 -10.4248 -20.5085 -3.67798 -1.3335 -25.2185 9.48901 -9.01929 
-4.19873 -6.11963 13.3801 3.24146 -41.373 -19.1643 -21.4705 -3.65698 0.0905762 -23.4126 
-19.1243 -8.78442 -22.7153 -9.91455 -11.25 -1.04321 -8.22412 -2.10742 -3.76538 8.19043 
-7.84619 -4.54004 -2.4707 -10.001 -19.5684 -2.12939 -2.40674 -21.5706 8.57349 -9.02881 
-2.36938 -0.980957 -9.46167 -2.65869 -10.5137 -1.81689 3.60474 -18.8403 3.55859 -10.9172 
-16.7703 -7.34375 -7.38965 -1.93774 -16.438 -18.9419 -25.2253 8.73438 -11.8894 -7.08008 
-15.6853 -9.99146 4.08398 11.0605 -36.9714 -1.05322 -39.6787 -17.3418 -2.72729 -9.75049 
-5.1958 -10.9705 -4.31738 -14.0752 9.05811 -13.9304 -5.95386 -7.93945 -11.3496 -8.68677 
-0.553467 -3.67676 -5.21069 -10.3611 -13.543 -3.11377 8.37476 -18.7971 3.4707 -19.481 
-8.17358 -2.13086 -5.72314 -6.99292 -19.4517 0.814209 0.286377 -20.8098 8.1145 -9.78296 
-11.0017 -3.20947 -7.32129 1.23242 -18.7578 -16.9219 -23.4246 6.7644 -9.09839 -3.31543 
16.4282 -9.93823 -0.45752 -13.7207 -25.3909 -2.45654 -1.70117 -7.44849 4.56421 -9.9209 
-5.94507 -17.1577 5.13696 -18.7041 9.44165 -15.2129 -9.54639 -8.50684 -13.1541 -12.6851 
-3.38232 -4.31909 7.44214 -1.59521 -31 -11.7412 -11.1331 -2.6958 4.85718 -17.8162 
-14.4446 0.147217 -4.78955 -0.304199 -14.5767 -21.2449 -24.5845 9.06836 -12.8687 -5.42432 
-20.0559 -7.10107 -5.16406 -1.62061 -19.9331 -20.7505 -27.5044 11.3789 -9.80542 -9.69995 
-5.76563 -5.59717 -7.93604 -11.7839 -34 7.51147 -2.49048 -19.0234 0.369873 -10.9216 
-11.1152 -6.17871 -6.53198 -9.8457 11.103 -17.8315 -6.88892 -9.32764 -12.3801 -7.96362 
-13.5481 -2.93604 2.15405 11.7314 -32.2878 -5.41211 -32.7026 -17.4409 -13.6567 -4.93262 
-6.15967 -17.6831 -3.44092 -10.7678 12.8752 -13.5801 -4.11548 -12.3899 -8.9668 -15.5771 
-3.62988 -8.38257 10.9456 -0.343506 -39.8345 -14.1047 -17.6348 -3.06665 2.41089 -18.7808 
-13.4048 -7.74268 -2.49414 -6.4834 -9.99438 -10.5405 -4.47705 -8.92114 7.46143 -6.20288 
-8.76636 12.4856 5.46729 -7.46313 -6.63477 -21.3713 -11.0349 -5.47754 -5.39209 -18.0327 
-14.3428 -7.23584 -22.2983 -9.94238 -28.2634 10.5049 -4.802 -9.18823 2.58594 -7.06201 
-9.10229 11.1318 1.51294 -8.28296 -7.63477 -17.2542 -9.19971 -5.53931 -4.97534 -16.8572 
6.04468 -1.3833 0.567383 -12.4321 -9.46777 -9.41284 -1.8208 -10.0313 2.50024 -5.33252 
-4.42432 -2.19116 12.9136 -1.78638 -43.6614 -17.7136 -17.0046 -15.3455 0.872314 -24.6846 
-8.69897 -0.816406 -9.08862 6.71387 -16.3857 -2.47046 -14.6018 -12.9014 -9.78784 -2.96899 
-12.4539 -3.56055 -13.7063 7.75049 -23.1301 -0.215576 -24.1313 -11.4082 -11.5032 -0.404297 
-14.3555 6.3584 -12.8022 -5.51294 -29.79 2.99731 -4.78003 -31.949 -4.78955 -10.0657 
-9.77588 -1.19556 -11.3584 -5.24487 -9.51831 -8.2002 -19.7197 6.26196 -7.02588 -0.54248 
18.9419 -11.9785 -1.77246 -16.1121 -16.6594 -4.46313 1.21973 -10.0664 3.18042 -9.79272 
-4.06763 -7.75195 -0.873535 -13.9722 -3.18237 -4.40894 10.2542 -17.9849 -0.488037 -14.3904 
-1.33691 1.6792 -10.0037 -10.9028 -12.9226 -2.26294 -1.16064 -14.8899 4.11768 -3.78613 
1.19238 -7.03931 -4.2085 -5.75269 -8.41724 -1.15942 2.82593 -10.2366 0.432861 -8.15796 
-10.7881 -7.98071 -7.24438 8.19043 -24.0322 -9.15503 -20.9673 -17.6755 1.00122 -5.13354 
0.5979 -5.23926 -6.54761 -10.1218 -5.76099 -6.65601 -5.46753 -4.75879 -1.01001 2.3916 
-4.19507 -7.63965 -8.28149 -5.35669 -5.64233 -4.28174 -9.69434 -0.0993652 -0.843506 1.59668 
-6.98706 -4.82251 -3.28979 -9.36206 -16.4617 -2.53491 1.87915 -20.7356 5.39038 -8.07886 
-6.00098 -2.17114 8.76904 0.998779 -31.6628 -13.1982 -12.3074 -15.4395 1.53271 -18.012 
-14.8875 1.03809 -5.64771 1.19019 -18.782 -18.342 -21.2539 6.88867 -9.71704 -6.8147 
-19.239 -1.71167 -6.89478 -0.516846 -17.3398 -24.3098 -25.2297 10.6404 -11.9409 -6.80908 
-9.448 11.9302 2.06982 -6.32397 -6.07373 -18.7195 -11.2854 -4.20923 -5.3689 -16.8005 
12.355 -12.9648 -0.989502 -12.6006 -16.7012 -4.78979 -9.74365 -8 -17.8284 -4.28125 
-10.24 11.9888 -0.255859 -9.63525 -12.6394 -11.925 -6.08228 -8.36157 -2.49341 -19.5049 
-21.6853 -2.98242 -10.9561 -0.611816 -19.8518 -35.248 -32.7815 15.1631 -15.2947 -7.23364 
-4.21582 -3.67041 -4.56909 -5.32788 -15.2561 -3.15991 -6.08203 -22.5425 7.88501 -9.45117 
-18.0076 -17.1946 -10.9014 -7.09644 -6.2417 -8.37329 -16.363 -12.5913 2.7124 9.08643 
12.2249 -18.0283 2.854 -7.68188 -9.83472 -1.64136 -3.35254 -9.07446 -3.15332 -1.22998 
-12.5591 8.33496 -1.94336 -6.43628 2.09448 -19.9722 -10.1802 -3.43652 -4.79321 -11.5408 
2.73486 -16.6738 5.05786 -3.98584 -6.71289 -5.53589 -1.51904 -9.62793 0.839844 -6.8584 
-4.50195 -9.29858 -3.47437 0.894287 -24.2378 -17.165 -14.9063 -2.93384 -0.536865 -6.12769 
-3.27783 -7.61084 -4.25269 -5.72095 6.552 -10.8118 -1.58301 -9.82666 -4.69238 -11.1753 
-5.97388 -19.0173 -7.77588 -10.4871 -13.7815 9.93091 -5.03882 -9.15894 4.61572 -15.5991 
-7.45361 -7.21411 -11.3386 -13.46 -7.76416 -3.63892 15.7268 -22.2148 0.253418 -12.0562 
-15.7991 -3.41577 -10.2593 -2.50684 -22.4497 -25.1313 -22.1414 11.8931 -13.2554 -3.76245 
-7.46265 -0.212158 -13.3679 -5.72339 -8.54688 -5.271 -6.11987 -8.54932 5.83618 -4.54736 
15.3774 -13.0923 2.67432 -10.1833 -18.9822 -2.98047 -5.97266 -8.8623 -12.0442 -10.4226 
-16.6448 9.09106 4.56738 -6.22388 -13.0391 -19.2732 -9.0437 -8.19336 -1.51563 -29.8015 
-13.3799 -5.70337 11.458 3.81738 -24.4773 -13.3499 -14.1558 -7.69531 4.06567 -19.0249 
-14.0503 -5.68481 -14.1953 7.46777 -24.6069 -7.8855 -20.1719 -14.355 -1.04907 -0.410156 
-8.97681 -8.1499 -5.73511 -8.96167 6.54175 -7.81299 -5.35718 -8.24683 -4.50293 -15.6807 
-7.95752 -9.2605 -9.21094 -4.61035 -15.718 -20.7891 -17.6313 6.9939 -12.8491 3.16943 
-6.26147 -9.3562 -4.35083 -9.34326 -14.5513 -6.20386 -7.96802 -15.5518 9.86768 -12.2705 
-5.41528 -7.4563 -5.75903 -10.4763 -6.91943 -16.0049 -13.6997 -2.62866 -8.32227 4.34058 
-13.6062 -3.92114 -12.554 -5.59619 -13.5955 -17.4502 -20.0308 8.53784 -15.0808 -1.88379 
-0.548584 -5.5105 -4.09766 -5.14502 -26.4724 -7.67969 -7.29663 -12.9663 8.02881 -5.03882 
-2.26978 -12.2163 -2.58496 -4.6792 -9.66943 -2.48071 7.17212 -20.97 1.21411 -12.5544 
-13.5593 -8.96484 -15.1819 -11.8914 3.35327 -6 -18.8777 -2.32422 -0.932617 4.16846 
-11.6423 12.9006 6.03735 -10.2756 -9.71924 -20.9297 -9.97485 -7.01611 -5.59448 -22.5076 
-9.70093 -16.446 -3.96411 -0.593506 -9.69629 -11.5757 -15.4854 -5.34106 -6.30933 6.37061 
-16.7129 -10.4993 -1.97437 1.97388 -18.3438 -9.58496 -14.4116 -8.27637 5.49512 -16.1523 
-18.7419 -2.82739 -11.1643 -4.01685 -3.99097 -5.98145 -7.40454 -12.1057 9.65088 -14.4685 
-6.29639 -14.7722 -4.24072 -12.7302 4.17993 -8.90308 -8.07568 -2.65063 -11.4712 -7.32446 
-8.97949 -11.0615 -8.26221 -8.53394 7.79932 -14.9282 -12.4102 -6.20093 -10.9102 -7.03906 
-13.7778 -10.6436 -11.387 -3.27637 -17.3799 -23.511 -18.9204 7.33081 -9.50952 3.40942 
15.9844 -9.6687 0.0356445 -10.9548 -34.1584 -6.11816 -5.25342 -11.1941 0.293457 -4.32983 
-9.70508 9.50513 -3.77612 -6.87061 -8.37769 -14.9233 -8.92285 -6.15649 0.448486 -14.9636 
-2.72437 -14.0933 -6.36206 -6.65674 -8.28711 -10.3081 -10.9832 -2.24023 -7.08179 4.75317 
-12.5549 -10.759 15.7324 6.61865 -18.7744 -13.6226 -14.5942 -14.5793 -2.12061 -22.144 
-10.1675 -5.17065 -5.9646 -1.76392 -18.429 -4.05835 -9.8313 -14.3967 9.323 -7.61963 
-8.19336 -4.58887 -7.08398 0.154053 -18.7551 -15.8596 -23.1892 7.01953 -9.69116 -0.2229 
-8.70801 -9.31567 -12.5811 -3.53223 -31.5908 -1.59985 -7.20264 -11.7798 10.3721 -3.18066 
-7.82104 -16.439 16.1565 11.5864 -25.7185 -16.7422 -16.7825 -12.6282 2.75146 -25.3574 
-6.14941 -6.83252 -9.86768 -16.7537 -8.6106 -7.28467 17.0012 -17.739 0.669434 -15.4167 
14.8943 -20.6606 2.0918 -11.8413 -11.3513 1.07593 -2.04858 -10.0771 -2.51001 -3.46729 
1.03564 -11.634 -4.57104 -11.5762 1.16821 -8.76563 4.67041 -7.31616 -7.94189 -8.05225 
-6.33252 -5.43433 -3.70117 -1.35156 -15.8264 2.07275 -3.86987 -10.4956 4.66748 -8.74536 
-23.6733 -8.24536 -15.0725 14.7664 -41.0566 -1.85986 -30.6726 -18.3372 -4.99683 -6.63208 
-22.958 -6.87158 -4.23389 5.25708 -24.8982 -7.30664 -25.3101 -11.2805 -1.44092 -7.48511 
-15.2151 -5.77051 -3.61206 1.65381 -26.8506 -7.73779 -11.7168 -10.2666 6.22485 -9.35889 
-17.3315 -1.30786 -7.61841 -6.46265 -9.03564 -12.5139 -16.1443 -5.22852 -2.47876 6.57056 
-6.87061 8.36768 -3.67798 -7.54419 -8.08984 -14.1262 -9.33569 -7.99951 -0.484619 -9.88574 
-4.06934 -12.0649 -2.66943 -9.60107 10.9565 -19.6692 -2.55615 -7.2666 -15.521 -17.5161 
12.7097 -14.9827 -3.79175 -9.63892 -18.083 3.63086 -6.05786 -8.15381 -5.09082 -3.8855 
-2.12207 -8.77246 -6.59473 -8.84277 -5.40576 -7.00146 8.05225 -15.3389 -7.81128 -13.6475 
-7.60742 9.53052 2.17383 -7.95947 -8.61475 -17.7405 -8.82153 -7.14429 -5.26001 -16.1077 
10.6716 -5.17896 0.237305 -6.92456 -19.2412 -1.7666 -5.46021 -3.84106 -3.23853 -3.91162 
16.6155 -10.4402 2.23901 -18.0129 -23.6902 -1.53979 -3.02734 -14.522 -5.38867 -8.24341 
3.52563 -14.0676 -5.88086 -11.0654 -4.36597 -5.48315 5.05835 -10.533 -6.90503 -5.604 
-3.08472 -15.9221 13.499 -2.65967 -27.6816 -18.1318 -17.2336 -6.29224 6.87085 -12.2244 
-8.94653 8.95068 6.83789 -9.1936 -12.156 -22.4651 -8.94189 -7.06885 -2.98096 -30.7065 
-7.4165 10.6951 7.55322 -9.05005 -11.4221 -21.012 -12.2288 -6.39185 -9.01147 -20.8191 
-13.4963 -6.51685 -8.25464 -4.02832 -20.4866 -22.5635 -20.8706 9.47803 -12.4363 -2.28906 
-9.28442 -0.692139 -1.34302 1.26245 -25.2317 -19.8774 -22.1865 7.28833 -5.80542 -8.28052 
-7.05762 -1.24438 -5.15015 -1.37915 -7.52515 -4.9563 -7.60962 -6.70215 6.28223 -4.80371 
-19.2922 -5.41968 -10.71 -11.8198 13.3826 -23.7478 -10.9858 -0.00732422 -13.5691 -3.06372 
-6.94019 -9.25073 -2.95093 -10.8752 -3.89233 -3.35913 14.5439 -27.5171 -3.271 -18.3538 
11.5435 -9.67847 -1.08472 -6.58105 -17.2163 -2.76318 -7.60059 -8.05005 -12.5237 -1.52881 
-7.94458 -7.53027 -6.34448 -0.397461 -24.1111 -17.5259 -22.8025 10.1792 -14.3171 -3.36255 
11.2126 -8.48462 4.1875 -8.36816 -26.5237 -2.82227 -4.25854 -11.4531 1.64185 -11.0203 
-19.3809 -19.5815 -9.65186 11.741 -16.6021 -0.452881 -21.7434 -29.5515 2.59912 -11.7336 
-3.125 -15.0154 -10.4307 -12.3857 -5.00269 -1.61475 11.9805 -13.2458 -10.6355 -13.2063 
-7.82031 -10.2634 -5.31519 -2.33203 -19.5269 -2.02783 -12.061 -20.2249 5.81445 -5.57959 
-15.6143 1.13013 -7.2854 -0.237061 -18.5508 -25.2866 -24.887 12.5237 -17.332 -11.6772 
-9.06348 11.2327 3.90479 -7.21094 -8.36768 -17.6729 -9.85156 -5.52417 -5.44727 -17.7246 
-15.7754 -6.9021 -12.1406 2.45605 -18.8774 11.3459 -10.6443 -22.0813 -8.01831 -10.1555 
-4.89893 -12.0166 9.19653 -3.58154 -11.8071 -10.2813 -10.2512 -6.58569 -0.630127 -15.5415 
-16.5376 -8.78979 -7.9231 -11.1716 13.9531 -21.6311 -8.7085 -8.62622 -11.7439 -7.89917 
-14.1169 -12.2341 -8.55713 -9.62891 -8.31909 -19.1626 -17.8972 -4.71094 -2.7793 5.61353 
-10.0581 -5.43628 -3.55688 -10.5425 10.4104 -17.8787 -9.99072 -7.27539 -14.0574 -5.74487 
-13.293 -10.9285 4.08667 0.95459 -14.5205 -13.8794 -10.791 -7.41504 5.04761 -19.1355 
0.348389 -13.0955 -1.70435 -8.26733 0.857422 -14.9504 9.10181 -8.32446 -1.22144 -10.7981 
-8.59717 -6.0791 -5.94556 -8.00098 5.14551 -8.34546 -10.3748 -3.14551 -7.06885 -6.41162 
-11.3254 11.5564 5.27979 -4.81689 -5.24854 -23.2466 -16.6079 1.97119 -10.1863 -14.489 
-10.3445 -8.90625 -13.1965 -4.88647 -14.7393 -20.1016 -21.2961 10.8645 -18.7424 1.87646 
-5.86304 -15.8545 15.7793 5.59009 -35.2075 -15.4966 -25.0176 5.04736 3.41357 -20.9961 
-0.641846 -15.856 -6.1543 -8.21021 -6.03174 -7.01685 13.53 -12.9211 -2.43213 -19.3889 
-0.746094 -6.84106 -5.24487 -0.886719 -9.94482 -2.38892 5.41089 -13.0986 -0.389893 -18.0022 
19.2542 -16.812 -3.12158 -14.688 -36.8711 -1.19971 -13.1929 -3.40063 -15.4878 -3.84863 
-11.0645 9.01001 -11.9626 -4.97095 -6.94312 -18.5217 -10.5745 -0.903076 2.96069 -7.15063 
-5.68774 -1.17065 13.4419 3.05298 -37.0857 -14.5637 -17.5637 -8.19409 3.73218 -17.5386 
-17.075 -2.75391 -0.973633 8.73633 -31.3279 -7.48291 -33.5198 -13.2588 -6.40161 -2.42456 
-27.5381 -15.1819 -12.3047 -11.9775 11.0959 -18.679 -12.6274 -10.2903 -2.0686 -0.899414 
-16.9922 -19.3518 -29.1064 -2.18604 -25.7354 15.5464 -15.4895 -22.0554 -2.98657 1.88745 
-0.92334 -15.7322 -6.26196 -11.0073 -9.42896 -7.6145 16.6108 -31.1284 0.0622559 -15.3481 
-12.4558 -0.738037 -5.48267 -4.55469 -23.2061 -24.8936 -23.0432 9.86133 -4.44067 -6.67871 
-2.64185 -9.72998 -2.68457 -1.69043 -31.8455 -4.00513 -13.2339 -11.6091 11.4448 -7.93213 
-10.2273 -13.4705 -1.83228 -7.7876 -6.34229 -17.0383 -15.9768 -9.94971 -8.33398 9.65283 
10.9033 -11.8179 0.719727 -8.47119 -21.5564 1.10938 -2.79053 -17.7051 6.66992 -6.23218 
-5.9248 8.92578 -3.49512 -9.21167 -13.5996 -13.854 -3.96948 -12.7002 1.82397 -18.064 
-5.58545 -7.22778 17.9321 5.02197 -48.5078 -22.1121 -20.4109 -16.0688 6.15674 -28.0525 
-13.6931 -7.31665 4.05176 10.884 -35.4485 -2.26929 -40.5002 -11.7073 -9.20996 -4.92505 
-20.6926 -10.0142 -18.5261 -16.3953 10.8413 -17.8582 -17.1816 0.0888672 0.0895996 1.98315 
-15.7693 -20.8411 -23.5776 -7.25952 -12.6702 14.7922 -17.6118 -11.4841 5.79443 -10.229 
1.67334 -14.8513 -2.38867 -6.37744 -7.59351 -7.24121 15.8833 -27.9907 -4.18677 -19.7917 
