

================================================================
== Vitis HLS Report for 'dense_resource_rf_leq_nin_ap_fixed_ap_fixed_43_23_5_3_0_config3_s'
================================================================
* Date:           Sun Sep  6 11:03:46 2026

* Version:        2023.2 (Build 4023990 on Oct 11 2023)
* Project:        myproject_prj
* Solution:       solution1 (Vivado IP Flow Target)
* Product family: virtexuplus
* Target device:  xcu250-figd2104-2L-e


================================================================
== Performance Estimates
================================================================
+ Timing: 
    * Summary: 
    +--------+---------+----------+------------+
    |  Clock |  Target | Estimated| Uncertainty|
    +--------+---------+----------+------------+
    |ap_clk  |  5.00 ns|  3.497 ns|     1.35 ns|
    +--------+---------+----------+------------+

+ Latency: 
    * Summary: 
    +---------+---------+----------+----------+-----+-----+------------------------------------------+
    |  Latency (cycles) |  Latency (absolute) |  Interval |                 Pipeline                 |
    |   min   |   max   |    min   |    max   | min | max |                   Type                   |
    +---------+---------+----------+----------+-----+-----+------------------------------------------+
    |      393|      394|  1.965 us|  1.970 us|  392|  392|  loop rewind stp(delay=0 clock cycles(s))|
    +---------+---------+----------+----------+-----+-----+------------------------------------------+

    + Detail: 
        * Instance: 
        N/A

        * Loop: 
        +-------------+---------+---------+----------+-----------+-----------+------+----------+
        |             |  Latency (cycles) | Iteration|  Initiation Interval  | Trip |          |
        |  Loop Name  |   min   |   max   |  Latency |  achieved |   target  | Count| Pipelined|
        +-------------+---------+---------+----------+-----------+-----------+------+----------+
        |- ReuseLoop  |      393|      393|         3|          1|          1|   392|       yes|
        +-------------+---------+---------+----------+-----------+-----------+------+----------+



================================================================
== Utilization Estimates
================================================================
* Summary: 
+---------------------+---------+-------+---------+---------+------+
|         Name        | BRAM_18K|  DSP  |    FF   |   LUT   | URAM |
+---------------------+---------+-------+---------+---------+------+
|DSP                  |        -|    128|        -|        -|     -|
|Expression           |        -|      -|        0|    10546|     -|
|FIFO                 |        -|      -|        -|        -|     -|
|Instance             |        -|    128|        0|      640|     -|
|Memory               |       98|      -|        0|        0|     -|
|Multiplexer          |        -|      -|        -|     3548|     -|
|Register             |        -|      -|    29543|        -|     -|
+---------------------+---------+-------+---------+---------+------+
|Total                |       98|    256|    29543|    14734|     0|
+---------------------+---------+-------+---------+---------+------+
|Available SLR        |     1344|   3072|   864000|   432000|   320|
+---------------------+---------+-------+---------+---------+------+
|Utilization SLR (%)  |        7|      8|        3|        3|     0|
+---------------------+---------+-------+---------+---------+------+
|Available            |     5376|  12288|  3456000|  1728000|  1280|
+---------------------+---------+-------+---------+---------+------+
|Utilization (%)      |        1|      2|       ~0|       ~0|     0|
+---------------------+---------+-------+---------+---------+------+

+ Detail: 
    * Instance: 
    +-------------------------+--------------------+---------+----+---+----+-----+
    |         Instance        |       Module       | BRAM_18K| DSP| FF| LUT| URAM|
    +-------------------------+--------------------+---------+----+---+----+-----+
    |mul_16s_16s_32_1_1_U1    |mul_16s_16s_32_1_1  |        0|   1|  0|   5|    0|
    |mul_16s_16s_32_1_1_U2    |mul_16s_16s_32_1_1  |        0|   1|  0|   5|    0|
    |mul_16s_16s_32_1_1_U3    |mul_16s_16s_32_1_1  |        0|   1|  0|   5|    0|
    |mul_16s_16s_32_1_1_U4    |mul_16s_16s_32_1_1  |        0|   1|  0|   5|    0|
    |mul_16s_16s_32_1_1_U5    |mul_16s_16s_32_1_1  |        0|   1|  0|   5|    0|
    |mul_16s_16s_32_1_1_U6    |mul_16s_16s_32_1_1  |        0|   1|  0|   5|    0|
    |mul_16s_16s_32_1_1_U7    |mul_16s_16s_32_1_1  |        0|   1|  0|   5|    0|
    |mul_16s_16s_32_1_1_U8    |mul_16s_16s_32_1_1  |        0|   1|  0|   5|    0|
    |mul_16s_16s_32_1_1_U9    |mul_16s_16s_32_1_1  |        0|   1|  0|   5|    0|
    |mul_16s_16s_32_1_1_U10   |mul_16s_16s_32_1_1  |        0|   1|  0|   5|    0|
    |mul_16s_16s_32_1_1_U11   |mul_16s_16s_32_1_1  |        0|   1|  0|   5|    0|
    |mul_16s_16s_32_1_1_U12   |mul_16s_16s_32_1_1  |        0|   1|  0|   5|    0|
    |mul_16s_16s_32_1_1_U13   |mul_16s_16s_32_1_1  |        0|   1|  0|   5|    0|
    |mul_16s_16s_32_1_1_U14   |mul_16s_16s_32_1_1  |        0|   1|  0|   5|    0|
    |mul_16s_16s_32_1_1_U15   |mul_16s_16s_32_1_1  |        0|   1|  0|   5|    0|
    |mul_16s_16s_32_1_1_U16   |mul_16s_16s_32_1_1  |        0|   1|  0|   5|    0|
    |mul_16s_16s_32_1_1_U17   |mul_16s_16s_32_1_1  |        0|   1|  0|   5|    0|
    |mul_16s_16s_32_1_1_U18   |mul_16s_16s_32_1_1  |        0|   1|  0|   5|    0|
    |mul_16s_16s_32_1_1_U19   |mul_16s_16s_32_1_1  |        0|   1|  0|   5|    0|
    |mul_16s_16s_32_1_1_U20   |mul_16s_16s_32_1_1  |        0|   1|  0|   5|    0|
    |mul_16s_16s_32_1_1_U21   |mul_16s_16s_32_1_1  |        0|   1|  0|   5|    0|
    |mul_16s_16s_32_1_1_U22   |mul_16s_16s_32_1_1  |        0|   1|  0|   5|    0|
    |mul_16s_16s_32_1_1_U23   |mul_16s_16s_32_1_1  |        0|   1|  0|   5|    0|
    |mul_16s_16s_32_1_1_U24   |mul_16s_16s_32_1_1  |        0|   1|  0|   5|    0|
    |mul_16s_16s_32_1_1_U25   |mul_16s_16s_32_1_1  |        0|   1|  0|   5|    0|
    |mul_16s_16s_32_1_1_U26   |mul_16s_16s_32_1_1  |        0|   1|  0|   5|    0|
    |mul_16s_16s_32_1_1_U27   |mul_16s_16s_32_1_1  |        0|   1|  0|   5|    0|
    |mul_16s_16s_32_1_1_U28   |mul_16s_16s_32_1_1  |        0|   1|  0|   5|    0|
    |mul_16s_16s_32_1_1_U29   |mul_16s_16s_32_1_1  |        0|   1|  0|   5|    0|
    |mul_16s_16s_32_1_1_U30   |mul_16s_16s_32_1_1  |        0|   1|  0|   5|    0|
    |mul_16s_16s_32_1_1_U31   |mul_16s_16s_32_1_1  |        0|   1|  0|   5|    0|
    |mul_16s_16s_32_1_1_U32   |mul_16s_16s_32_1_1  |        0|   1|  0|   5|    0|
    |mul_16s_16s_32_1_1_U33   |mul_16s_16s_32_1_1  |        0|   1|  0|   5|    0|
    |mul_16s_16s_32_1_1_U34   |mul_16s_16s_32_1_1  |        0|   1|  0|   5|    0|
    |mul_16s_16s_32_1_1_U35   |mul_16s_16s_32_1_1  |        0|   1|  0|   5|    0|
    |mul_16s_16s_32_1_1_U36   |mul_16s_16s_32_1_1  |        0|   1|  0|   5|    0|
    |mul_16s_16s_32_1_1_U37   |mul_16s_16s_32_1_1  |        0|   1|  0|   5|    0|
    |mul_16s_16s_32_1_1_U38   |mul_16s_16s_32_1_1  |        0|   1|  0|   5|    0|
    |mul_16s_16s_32_1_1_U39   |mul_16s_16s_32_1_1  |        0|   1|  0|   5|    0|
    |mul_16s_16s_32_1_1_U40   |mul_16s_16s_32_1_1  |        0|   1|  0|   5|    0|
    |mul_16s_16s_32_1_1_U41   |mul_16s_16s_32_1_1  |        0|   1|  0|   5|    0|
    |mul_16s_16s_32_1_1_U42   |mul_16s_16s_32_1_1  |        0|   1|  0|   5|    0|
    |mul_16s_16s_32_1_1_U43   |mul_16s_16s_32_1_1  |        0|   1|  0|   5|    0|
    |mul_16s_16s_32_1_1_U44   |mul_16s_16s_32_1_1  |        0|   1|  0|   5|    0|
    |mul_16s_16s_32_1_1_U45   |mul_16s_16s_32_1_1  |        0|   1|  0|   5|    0|
    |mul_16s_16s_32_1_1_U46   |mul_16s_16s_32_1_1  |        0|   1|  0|   5|    0|
    |mul_16s_16s_32_1_1_U47   |mul_16s_16s_32_1_1  |        0|   1|  0|   5|    0|
    |mul_16s_16s_32_1_1_U48   |mul_16s_16s_32_1_1  |        0|   1|  0|   5|    0|
    |mul_16s_16s_32_1_1_U49   |mul_16s_16s_32_1_1  |        0|   1|  0|   5|    0|
    |mul_16s_16s_32_1_1_U50   |mul_16s_16s_32_1_1  |        0|   1|  0|   5|    0|
    |mul_16s_16s_32_1_1_U51   |mul_16s_16s_32_1_1  |        0|   1|  0|   5|    0|
    |mul_16s_16s_32_1_1_U52   |mul_16s_16s_32_1_1  |        0|   1|  0|   5|    0|
    |mul_16s_16s_32_1_1_U53   |mul_16s_16s_32_1_1  |        0|   1|  0|   5|    0|
    |mul_16s_16s_32_1_1_U54   |mul_16s_16s_32_1_1  |        0|   1|  0|   5|    0|
    |mul_16s_16s_32_1_1_U55   |mul_16s_16s_32_1_1  |        0|   1|  0|   5|    0|
    |mul_16s_16s_32_1_1_U56   |mul_16s_16s_32_1_1  |        0|   1|  0|   5|    0|
    |mul_16s_16s_32_1_1_U57   |mul_16s_16s_32_1_1  |        0|   1|  0|   5|    0|
    |mul_16s_16s_32_1_1_U58   |mul_16s_16s_32_1_1  |        0|   1|  0|   5|    0|
    |mul_16s_16s_32_1_1_U59   |mul_16s_16s_32_1_1  |        0|   1|  0|   5|    0|
    |mul_16s_16s_32_1_1_U60   |mul_16s_16s_32_1_1  |        0|   1|  0|   5|    0|
    |mul_16s_16s_32_1_1_U61   |mul_16s_16s_32_1_1  |        0|   1|  0|   5|    0|
    |mul_16s_16s_32_1_1_U62   |mul_16s_16s_32_1_1  |        0|   1|  0|   5|    0|
    |mul_16s_16s_32_1_1_U63   |mul_16s_16s_32_1_1  |        0|   1|  0|   5|    0|
    |mul_16s_16s_32_1_1_U64   |mul_16s_16s_32_1_1  |        0|   1|  0|   5|    0|
    |mul_16s_16s_32_1_1_U65   |mul_16s_16s_32_1_1  |        0|   1|  0|   5|    0|
    |mul_16s_16s_32_1_1_U66   |mul_16s_16s_32_1_1  |        0|   1|  0|   5|    0|
    |mul_16s_16s_32_1_1_U67   |mul_16s_16s_32_1_1  |        0|   1|  0|   5|    0|
    |mul_16s_16s_32_1_1_U68   |mul_16s_16s_32_1_1  |        0|   1|  0|   5|    0|
    |mul_16s_16s_32_1_1_U69   |mul_16s_16s_32_1_1  |        0|   1|  0|   5|    0|
    |mul_16s_16s_32_1_1_U70   |mul_16s_16s_32_1_1  |        0|   1|  0|   5|    0|
    |mul_16s_16s_32_1_1_U71   |mul_16s_16s_32_1_1  |        0|   1|  0|   5|    0|
    |mul_16s_16s_32_1_1_U72   |mul_16s_16s_32_1_1  |        0|   1|  0|   5|    0|
    |mul_16s_16s_32_1_1_U73   |mul_16s_16s_32_1_1  |        0|   1|  0|   5|    0|
    |mul_16s_16s_32_1_1_U74   |mul_16s_16s_32_1_1  |        0|   1|  0|   5|    0|
    |mul_16s_16s_32_1_1_U75   |mul_16s_16s_32_1_1  |        0|   1|  0|   5|    0|
    |mul_16s_16s_32_1_1_U76   |mul_16s_16s_32_1_1  |        0|   1|  0|   5|    0|
    |mul_16s_16s_32_1_1_U77   |mul_16s_16s_32_1_1  |        0|   1|  0|   5|    0|
    |mul_16s_16s_32_1_1_U78   |mul_16s_16s_32_1_1  |        0|   1|  0|   5|    0|
    |mul_16s_16s_32_1_1_U79   |mul_16s_16s_32_1_1  |        0|   1|  0|   5|    0|
    |mul_16s_16s_32_1_1_U80   |mul_16s_16s_32_1_1  |        0|   1|  0|   5|    0|
    |mul_16s_16s_32_1_1_U81   |mul_16s_16s_32_1_1  |        0|   1|  0|   5|    0|
    |mul_16s_16s_32_1_1_U82   |mul_16s_16s_32_1_1  |        0|   1|  0|   5|    0|
    |mul_16s_16s_32_1_1_U83   |mul_16s_16s_32_1_1  |        0|   1|  0|   5|    0|
    |mul_16s_16s_32_1_1_U84   |mul_16s_16s_32_1_1  |        0|   1|  0|   5|    0|
    |mul_16s_16s_32_1_1_U85   |mul_16s_16s_32_1_1  |        0|   1|  0|   5|    0|
    |mul_16s_16s_32_1_1_U86   |mul_16s_16s_32_1_1  |        0|   1|  0|   5|    0|
    |mul_16s_16s_32_1_1_U87   |mul_16s_16s_32_1_1  |        0|   1|  0|   5|    0|
    |mul_16s_16s_32_1_1_U88   |mul_16s_16s_32_1_1  |        0|   1|  0|   5|    0|
    |mul_16s_16s_32_1_1_U89   |mul_16s_16s_32_1_1  |        0|   1|  0|   5|    0|
    |mul_16s_16s_32_1_1_U90   |mul_16s_16s_32_1_1  |        0|   1|  0|   5|    0|
    |mul_16s_16s_32_1_1_U91   |mul_16s_16s_32_1_1  |        0|   1|  0|   5|    0|
    |mul_16s_16s_32_1_1_U92   |mul_16s_16s_32_1_1  |        0|   1|  0|   5|    0|
    |mul_16s_16s_32_1_1_U93   |mul_16s_16s_32_1_1  |        0|   1|  0|   5|    0|
    |mul_16s_16s_32_1_1_U94   |mul_16s_16s_32_1_1  |        0|   1|  0|   5|    0|
    |mul_16s_16s_32_1_1_U95   |mul_16s_16s_32_1_1  |        0|   1|  0|   5|    0|
    |mul_16s_16s_32_1_1_U96   |mul_16s_16s_32_1_1  |        0|   1|  0|   5|    0|
    |mul_16s_16s_32_1_1_U97   |mul_16s_16s_32_1_1  |        0|   1|  0|   5|    0|
    |mul_16s_16s_32_1_1_U98   |mul_16s_16s_32_1_1  |        0|   1|  0|   5|    0|
    |mul_16s_16s_32_1_1_U99   |mul_16s_16s_32_1_1  |        0|   1|  0|   5|    0|
    |mul_16s_16s_32_1_1_U100  |mul_16s_16s_32_1_1  |        0|   1|  0|   5|    0|
    |mul_16s_16s_32_1_1_U101  |mul_16s_16s_32_1_1  |        0|   1|  0|   5|    0|
    |mul_16s_16s_32_1_1_U102  |mul_16s_16s_32_1_1  |        0|   1|  0|   5|    0|
    |mul_16s_16s_32_1_1_U103  |mul_16s_16s_32_1_1  |        0|   1|  0|   5|    0|
    |mul_16s_16s_32_1_1_U104  |mul_16s_16s_32_1_1  |        0|   1|  0|   5|    0|
    |mul_16s_16s_32_1_1_U105  |mul_16s_16s_32_1_1  |        0|   1|  0|   5|    0|
    |mul_16s_16s_32_1_1_U106  |mul_16s_16s_32_1_1  |        0|   1|  0|   5|    0|
    |mul_16s_16s_32_1_1_U107  |mul_16s_16s_32_1_1  |        0|   1|  0|   5|    0|
    |mul_16s_16s_32_1_1_U108  |mul_16s_16s_32_1_1  |        0|   1|  0|   5|    0|
    |mul_16s_16s_32_1_1_U109  |mul_16s_16s_32_1_1  |        0|   1|  0|   5|    0|
    |mul_16s_16s_32_1_1_U110  |mul_16s_16s_32_1_1  |        0|   1|  0|   5|    0|
    |mul_16s_16s_32_1_1_U111  |mul_16s_16s_32_1_1  |        0|   1|  0|   5|    0|
    |mul_16s_16s_32_1_1_U112  |mul_16s_16s_32_1_1  |        0|   1|  0|   5|    0|
    |mul_16s_16s_32_1_1_U113  |mul_16s_16s_32_1_1  |        0|   1|  0|   5|    0|
    |mul_16s_16s_32_1_1_U114  |mul_16s_16s_32_1_1  |        0|   1|  0|   5|    0|
    |mul_16s_16s_32_1_1_U115  |mul_16s_16s_32_1_1  |        0|   1|  0|   5|    0|
    |mul_16s_16s_32_1_1_U116  |mul_16s_16s_32_1_1  |        0|   1|  0|   5|    0|
    |mul_16s_16s_32_1_1_U117  |mul_16s_16s_32_1_1  |        0|   1|  0|   5|    0|
    |mul_16s_16s_32_1_1_U118  |mul_16s_16s_32_1_1  |        0|   1|  0|   5|    0|
    |mul_16s_16s_32_1_1_U119  |mul_16s_16s_32_1_1  |        0|   1|  0|   5|    0|
    |mul_16s_16s_32_1_1_U120  |mul_16s_16s_32_1_1  |        0|   1|  0|   5|    0|
    |mul_16s_16s_32_1_1_U121  |mul_16s_16s_32_1_1  |        0|   1|  0|   5|    0|
    |mul_16s_16s_32_1_1_U122  |mul_16s_16s_32_1_1  |        0|   1|  0|   5|    0|
    |mul_16s_16s_32_1_1_U123  |mul_16s_16s_32_1_1  |        0|   1|  0|   5|    0|
    |mul_16s_16s_32_1_1_U124  |mul_16s_16s_32_1_1  |        0|   1|  0|   5|    0|
    |mul_16s_16s_32_1_1_U125  |mul_16s_16s_32_1_1  |        0|   1|  0|   5|    0|
    |mul_16s_16s_32_1_1_U126  |mul_16s_16s_32_1_1  |        0|   1|  0|   5|    0|
    |mul_16s_16s_32_1_1_U127  |mul_16s_16s_32_1_1  |        0|   1|  0|   5|    0|
    |mul_16s_16s_32_1_1_U128  |mul_16s_16s_32_1_1  |        0|   1|  0|   5|    0|
    +-------------------------+--------------------+---------+----+---+----+-----+
    |Total                    |                    |        0| 128|  0| 640|    0|
    +-------------------------+--------------------+---------+----+---+----+-----+

    * DSP: 
    +------------------------------------+-------------------------------+--------------+
    |              Instance              |             Module            |  Expression  |
    +------------------------------------+-------------------------------+--------------+
    |mac_muladd_16s_11s_32s_32_1_1_U256  |mac_muladd_16s_11s_32s_32_1_1  |  i0 * i1 + i2|
    |mac_muladd_16s_16s_32s_33_1_1_U129  |mac_muladd_16s_16s_32s_33_1_1  |  i0 + i1 * i2|
    |mac_muladd_16s_16s_32s_33_1_1_U130  |mac_muladd_16s_16s_32s_33_1_1  |  i0 + i1 * i2|
    |mac_muladd_16s_16s_32s_33_1_1_U131  |mac_muladd_16s_16s_32s_33_1_1  |  i0 + i1 * i2|
    |mac_muladd_16s_16s_32s_33_1_1_U132  |mac_muladd_16s_16s_32s_33_1_1  |  i0 + i1 * i2|
    |mac_muladd_16s_16s_32s_33_1_1_U133  |mac_muladd_16s_16s_32s_33_1_1  |  i0 + i1 * i2|
    |mac_muladd_16s_16s_32s_33_1_1_U134  |mac_muladd_16s_16s_32s_33_1_1  |  i0 + i1 * i2|
    |mac_muladd_16s_16s_32s_33_1_1_U135  |mac_muladd_16s_16s_32s_33_1_1  |  i0 + i1 * i2|
    |mac_muladd_16s_16s_32s_33_1_1_U136  |mac_muladd_16s_16s_32s_33_1_1  |  i0 + i1 * i2|
    |mac_muladd_16s_16s_32s_33_1_1_U137  |mac_muladd_16s_16s_32s_33_1_1  |  i0 + i1 * i2|
    |mac_muladd_16s_16s_32s_33_1_1_U138  |mac_muladd_16s_16s_32s_33_1_1  |  i0 + i1 * i2|
    |mac_muladd_16s_16s_32s_33_1_1_U139  |mac_muladd_16s_16s_32s_33_1_1  |  i0 + i1 * i2|
    |mac_muladd_16s_16s_32s_33_1_1_U140  |mac_muladd_16s_16s_32s_33_1_1  |  i0 + i1 * i2|
    |mac_muladd_16s_16s_32s_33_1_1_U141  |mac_muladd_16s_16s_32s_33_1_1  |  i0 + i1 * i2|
    |mac_muladd_16s_16s_32s_33_1_1_U142  |mac_muladd_16s_16s_32s_33_1_1  |  i0 + i1 * i2|
    |mac_muladd_16s_16s_32s_33_1_1_U143  |mac_muladd_16s_16s_32s_33_1_1  |  i0 + i1 * i2|
    |mac_muladd_16s_16s_32s_33_1_1_U144  |mac_muladd_16s_16s_32s_33_1_1  |  i0 + i1 * i2|
    |mac_muladd_16s_16s_32s_33_1_1_U145  |mac_muladd_16s_16s_32s_33_1_1  |  i0 + i1 * i2|
    |mac_muladd_16s_16s_32s_33_1_1_U146  |mac_muladd_16s_16s_32s_33_1_1  |  i0 + i1 * i2|
    |mac_muladd_16s_16s_32s_33_1_1_U147  |mac_muladd_16s_16s_32s_33_1_1  |  i0 + i1 * i2|
    |mac_muladd_16s_16s_32s_33_1_1_U148  |mac_muladd_16s_16s_32s_33_1_1  |  i0 + i1 * i2|
    |mac_muladd_16s_16s_32s_33_1_1_U149  |mac_muladd_16s_16s_32s_33_1_1  |  i0 + i1 * i2|
    |mac_muladd_16s_16s_32s_33_1_1_U150  |mac_muladd_16s_16s_32s_33_1_1  |  i0 + i1 * i2|
    |mac_muladd_16s_16s_32s_33_1_1_U151  |mac_muladd_16s_16s_32s_33_1_1  |  i0 + i1 * i2|
    |mac_muladd_16s_16s_32s_33_1_1_U152  |mac_muladd_16s_16s_32s_33_1_1  |  i0 + i1 * i2|
    |mac_muladd_16s_16s_32s_33_1_1_U153  |mac_muladd_16s_16s_32s_33_1_1  |  i0 + i1 * i2|
    |mac_muladd_16s_16s_32s_33_1_1_U154  |mac_muladd_16s_16s_32s_33_1_1  |  i0 + i1 * i2|
    |mac_muladd_16s_16s_32s_33_1_1_U155  |mac_muladd_16s_16s_32s_33_1_1  |  i0 + i1 * i2|
    |mac_muladd_16s_16s_32s_33_1_1_U156  |mac_muladd_16s_16s_32s_33_1_1  |  i0 + i1 * i2|
    |mac_muladd_16s_16s_32s_33_1_1_U157  |mac_muladd_16s_16s_32s_33_1_1  |  i0 + i1 * i2|
    |mac_muladd_16s_16s_32s_33_1_1_U158  |mac_muladd_16s_16s_32s_33_1_1  |  i0 + i1 * i2|
    |mac_muladd_16s_16s_32s_33_1_1_U159  |mac_muladd_16s_16s_32s_33_1_1  |  i0 + i1 * i2|
    |mac_muladd_16s_16s_32s_33_1_1_U160  |mac_muladd_16s_16s_32s_33_1_1  |  i0 + i1 * i2|
    |mac_muladd_16s_16s_32s_33_1_1_U161  |mac_muladd_16s_16s_32s_33_1_1  |  i0 + i1 * i2|
    |mac_muladd_16s_16s_32s_33_1_1_U162  |mac_muladd_16s_16s_32s_33_1_1  |  i0 + i1 * i2|
    |mac_muladd_16s_16s_32s_33_1_1_U163  |mac_muladd_16s_16s_32s_33_1_1  |  i0 + i1 * i2|
    |mac_muladd_16s_16s_32s_33_1_1_U164  |mac_muladd_16s_16s_32s_33_1_1  |  i0 + i1 * i2|
    |mac_muladd_16s_16s_32s_33_1_1_U165  |mac_muladd_16s_16s_32s_33_1_1  |  i0 + i1 * i2|
    |mac_muladd_16s_16s_32s_33_1_1_U166  |mac_muladd_16s_16s_32s_33_1_1  |  i0 + i1 * i2|
    |mac_muladd_16s_16s_32s_33_1_1_U167  |mac_muladd_16s_16s_32s_33_1_1  |  i0 + i1 * i2|
    |mac_muladd_16s_16s_32s_33_1_1_U168  |mac_muladd_16s_16s_32s_33_1_1  |  i0 + i1 * i2|
    |mac_muladd_16s_16s_32s_33_1_1_U169  |mac_muladd_16s_16s_32s_33_1_1  |  i0 + i1 * i2|
    |mac_muladd_16s_16s_32s_33_1_1_U170  |mac_muladd_16s_16s_32s_33_1_1  |  i0 + i1 * i2|
    |mac_muladd_16s_16s_32s_33_1_1_U171  |mac_muladd_16s_16s_32s_33_1_1  |  i0 + i1 * i2|
    |mac_muladd_16s_16s_32s_33_1_1_U172  |mac_muladd_16s_16s_32s_33_1_1  |  i0 + i1 * i2|
    |mac_muladd_16s_16s_32s_33_1_1_U173  |mac_muladd_16s_16s_32s_33_1_1  |  i0 + i1 * i2|
    |mac_muladd_16s_16s_32s_33_1_1_U174  |mac_muladd_16s_16s_32s_33_1_1  |  i0 + i1 * i2|
    |mac_muladd_16s_16s_32s_33_1_1_U175  |mac_muladd_16s_16s_32s_33_1_1  |  i0 + i1 * i2|
    |mac_muladd_16s_16s_32s_33_1_1_U176  |mac_muladd_16s_16s_32s_33_1_1  |  i0 + i1 * i2|
    |mac_muladd_16s_16s_32s_33_1_1_U177  |mac_muladd_16s_16s_32s_33_1_1  |  i0 + i1 * i2|
    |mac_muladd_16s_16s_32s_33_1_1_U178  |mac_muladd_16s_16s_32s_33_1_1  |  i0 + i1 * i2|
    |mac_muladd_16s_16s_32s_33_1_1_U179  |mac_muladd_16s_16s_32s_33_1_1  |  i0 + i1 * i2|
    |mac_muladd_16s_16s_32s_33_1_1_U180  |mac_muladd_16s_16s_32s_33_1_1  |  i0 + i1 * i2|
    |mac_muladd_16s_16s_32s_33_1_1_U181  |mac_muladd_16s_16s_32s_33_1_1  |  i0 + i1 * i2|
    |mac_muladd_16s_16s_32s_33_1_1_U182  |mac_muladd_16s_16s_32s_33_1_1  |  i0 + i1 * i2|
    |mac_muladd_16s_16s_32s_33_1_1_U183  |mac_muladd_16s_16s_32s_33_1_1  |  i0 + i1 * i2|
    |mac_muladd_16s_16s_32s_33_1_1_U184  |mac_muladd_16s_16s_32s_33_1_1  |  i0 + i1 * i2|
    |mac_muladd_16s_16s_32s_33_1_1_U185  |mac_muladd_16s_16s_32s_33_1_1  |  i0 + i1 * i2|
    |mac_muladd_16s_16s_32s_33_1_1_U186  |mac_muladd_16s_16s_32s_33_1_1  |  i0 + i1 * i2|
    |mac_muladd_16s_16s_32s_33_1_1_U187  |mac_muladd_16s_16s_32s_33_1_1  |  i0 + i1 * i2|
    |mac_muladd_16s_16s_32s_33_1_1_U188  |mac_muladd_16s_16s_32s_33_1_1  |  i0 + i1 * i2|
    |mac_muladd_16s_16s_32s_33_1_1_U189  |mac_muladd_16s_16s_32s_33_1_1  |  i0 + i1 * i2|
    |mac_muladd_16s_16s_32s_33_1_1_U190  |mac_muladd_16s_16s_32s_33_1_1  |  i0 + i1 * i2|
    |mac_muladd_16s_16s_32s_33_1_1_U191  |mac_muladd_16s_16s_32s_33_1_1  |  i0 + i1 * i2|
    |mac_muladd_16s_16s_32s_33_1_1_U192  |mac_muladd_16s_16s_32s_33_1_1  |  i0 + i1 * i2|
    |mac_muladd_16s_16s_32s_33_1_1_U193  |mac_muladd_16s_16s_32s_33_1_1  |  i0 + i1 * i2|
    |mac_muladd_16s_16s_32s_33_1_1_U194  |mac_muladd_16s_16s_32s_33_1_1  |  i0 + i1 * i2|
    |mac_muladd_16s_16s_32s_33_1_1_U195  |mac_muladd_16s_16s_32s_33_1_1  |  i0 + i1 * i2|
    |mac_muladd_16s_16s_32s_33_1_1_U196  |mac_muladd_16s_16s_32s_33_1_1  |  i0 + i1 * i2|
    |mac_muladd_16s_16s_32s_33_1_1_U197  |mac_muladd_16s_16s_32s_33_1_1  |  i0 + i1 * i2|
    |mac_muladd_16s_16s_32s_33_1_1_U198  |mac_muladd_16s_16s_32s_33_1_1  |  i0 + i1 * i2|
    |mac_muladd_16s_16s_32s_33_1_1_U199  |mac_muladd_16s_16s_32s_33_1_1  |  i0 + i1 * i2|
    |mac_muladd_16s_16s_32s_33_1_1_U200  |mac_muladd_16s_16s_32s_33_1_1  |  i0 + i1 * i2|
    |mac_muladd_16s_16s_32s_33_1_1_U201  |mac_muladd_16s_16s_32s_33_1_1  |  i0 + i1 * i2|
    |mac_muladd_16s_16s_32s_33_1_1_U202  |mac_muladd_16s_16s_32s_33_1_1  |  i0 + i1 * i2|
    |mac_muladd_16s_16s_32s_33_1_1_U203  |mac_muladd_16s_16s_32s_33_1_1  |  i0 + i1 * i2|
    |mac_muladd_16s_16s_32s_33_1_1_U204  |mac_muladd_16s_16s_32s_33_1_1  |  i0 + i1 * i2|
    |mac_muladd_16s_16s_32s_33_1_1_U205  |mac_muladd_16s_16s_32s_33_1_1  |  i0 + i1 * i2|
    |mac_muladd_16s_16s_32s_33_1_1_U206  |mac_muladd_16s_16s_32s_33_1_1  |  i0 + i1 * i2|
    |mac_muladd_16s_16s_32s_33_1_1_U207  |mac_muladd_16s_16s_32s_33_1_1  |  i0 + i1 * i2|
    |mac_muladd_16s_16s_32s_33_1_1_U208  |mac_muladd_16s_16s_32s_33_1_1  |  i0 + i1 * i2|
    |mac_muladd_16s_16s_32s_33_1_1_U209  |mac_muladd_16s_16s_32s_33_1_1  |  i0 + i1 * i2|
    |mac_muladd_16s_16s_32s_33_1_1_U210  |mac_muladd_16s_16s_32s_33_1_1  |  i0 + i1 * i2|
    |mac_muladd_16s_16s_32s_33_1_1_U211  |mac_muladd_16s_16s_32s_33_1_1  |  i0 + i1 * i2|
    |mac_muladd_16s_16s_32s_33_1_1_U212  |mac_muladd_16s_16s_32s_33_1_1  |  i0 + i1 * i2|
    |mac_muladd_16s_16s_32s_33_1_1_U213  |mac_muladd_16s_16s_32s_33_1_1  |  i0 + i1 * i2|
    |mac_muladd_16s_16s_32s_33_1_1_U214  |mac_muladd_16s_16s_32s_33_1_1  |  i0 + i1 * i2|
    |mac_muladd_16s_16s_32s_33_1_1_U215  |mac_muladd_16s_16s_32s_33_1_1  |  i0 + i1 * i2|
    |mac_muladd_16s_16s_32s_33_1_1_U216  |mac_muladd_16s_16s_32s_33_1_1  |  i0 + i1 * i2|
    |mac_muladd_16s_16s_32s_33_1_1_U217  |mac_muladd_16s_16s_32s_33_1_1  |  i0 + i1 * i2|
    |mac_muladd_16s_16s_32s_33_1_1_U218  |mac_muladd_16s_16s_32s_33_1_1  |  i0 + i1 * i2|
    |mac_muladd_16s_16s_32s_33_1_1_U219  |mac_muladd_16s_16s_32s_33_1_1  |  i0 + i1 * i2|
    |mac_muladd_16s_16s_32s_33_1_1_U220  |mac_muladd_16s_16s_32s_33_1_1  |  i0 + i1 * i2|
    |mac_muladd_16s_16s_32s_33_1_1_U221  |mac_muladd_16s_16s_32s_33_1_1  |  i0 + i1 * i2|
    |mac_muladd_16s_16s_32s_33_1_1_U222  |mac_muladd_16s_16s_32s_33_1_1  |  i0 + i1 * i2|
    |mac_muladd_16s_16s_32s_33_1_1_U223  |mac_muladd_16s_16s_32s_33_1_1  |  i0 + i1 * i2|
    |mac_muladd_16s_16s_32s_33_1_1_U224  |mac_muladd_16s_16s_32s_33_1_1  |  i0 + i1 * i2|
    |mac_muladd_16s_16s_32s_33_1_1_U225  |mac_muladd_16s_16s_32s_33_1_1  |  i0 + i1 * i2|
    |mac_muladd_16s_16s_32s_33_1_1_U226  |mac_muladd_16s_16s_32s_33_1_1  |  i0 + i1 * i2|
    |mac_muladd_16s_16s_32s_33_1_1_U227  |mac_muladd_16s_16s_32s_33_1_1  |  i0 + i1 * i2|
    |mac_muladd_16s_16s_32s_33_1_1_U228  |mac_muladd_16s_16s_32s_33_1_1  |  i0 + i1 * i2|
    |mac_muladd_16s_16s_32s_33_1_1_U229  |mac_muladd_16s_16s_32s_33_1_1  |  i0 + i1 * i2|
    |mac_muladd_16s_16s_32s_33_1_1_U230  |mac_muladd_16s_16s_32s_33_1_1  |  i0 + i1 * i2|
    |mac_muladd_16s_16s_32s_33_1_1_U231  |mac_muladd_16s_16s_32s_33_1_1  |  i0 + i1 * i2|
    |mac_muladd_16s_16s_32s_33_1_1_U232  |mac_muladd_16s_16s_32s_33_1_1  |  i0 + i1 * i2|
    |mac_muladd_16s_16s_32s_33_1_1_U233  |mac_muladd_16s_16s_32s_33_1_1  |  i0 + i1 * i2|
    |mac_muladd_16s_16s_32s_33_1_1_U234  |mac_muladd_16s_16s_32s_33_1_1  |  i0 + i1 * i2|
    |mac_muladd_16s_16s_32s_33_1_1_U235  |mac_muladd_16s_16s_32s_33_1_1  |  i0 + i1 * i2|
    |mac_muladd_16s_16s_32s_33_1_1_U236  |mac_muladd_16s_16s_32s_33_1_1  |  i0 + i1 * i2|
    |mac_muladd_16s_16s_32s_33_1_1_U237  |mac_muladd_16s_16s_32s_33_1_1  |  i0 + i1 * i2|
    |mac_muladd_16s_16s_32s_33_1_1_U238  |mac_muladd_16s_16s_32s_33_1_1  |  i0 + i1 * i2|
    |mac_muladd_16s_16s_32s_33_1_1_U239  |mac_muladd_16s_16s_32s_33_1_1  |  i0 + i1 * i2|
    |mac_muladd_16s_16s_32s_33_1_1_U240  |mac_muladd_16s_16s_32s_33_1_1  |  i0 + i1 * i2|
    |mac_muladd_16s_16s_32s_33_1_1_U241  |mac_muladd_16s_16s_32s_33_1_1  |  i0 + i1 * i2|
    |mac_muladd_16s_16s_32s_33_1_1_U242  |mac_muladd_16s_16s_32s_33_1_1  |  i0 + i1 * i2|
    |mac_muladd_16s_16s_32s_33_1_1_U243  |mac_muladd_16s_16s_32s_33_1_1  |  i0 + i1 * i2|
    |mac_muladd_16s_16s_32s_33_1_1_U244  |mac_muladd_16s_16s_32s_33_1_1  |  i0 + i1 * i2|
    |mac_muladd_16s_16s_32s_33_1_1_U245  |mac_muladd_16s_16s_32s_33_1_1  |  i0 + i1 * i2|
    |mac_muladd_16s_16s_32s_33_1_1_U246  |mac_muladd_16s_16s_32s_33_1_1  |  i0 + i1 * i2|
    |mac_muladd_16s_16s_32s_33_1_1_U247  |mac_muladd_16s_16s_32s_33_1_1  |  i0 + i1 * i2|
    |mac_muladd_16s_16s_32s_33_1_1_U248  |mac_muladd_16s_16s_32s_33_1_1  |  i0 + i1 * i2|
    |mac_muladd_16s_16s_32s_33_1_1_U249  |mac_muladd_16s_16s_32s_33_1_1  |  i0 + i1 * i2|
    |mac_muladd_16s_16s_32s_33_1_1_U250  |mac_muladd_16s_16s_32s_33_1_1  |  i0 + i1 * i2|
    |mac_muladd_16s_16s_32s_33_1_1_U251  |mac_muladd_16s_16s_32s_33_1_1  |  i0 + i1 * i2|
    |mac_muladd_16s_16s_32s_33_1_1_U252  |mac_muladd_16s_16s_32s_33_1_1  |  i0 + i1 * i2|
    |mac_muladd_16s_16s_32s_33_1_1_U253  |mac_muladd_16s_16s_32s_33_1_1  |  i0 + i1 * i2|
    |mac_muladd_16s_16s_32s_33_1_1_U254  |mac_muladd_16s_16s_32s_33_1_1  |  i0 + i1 * i2|
    |mac_muladd_16s_16s_32s_33_1_1_U255  |mac_muladd_16s_16s_32s_33_1_1  |  i0 + i1 * i2|
    +------------------------------------+-------------------------------+--------------+

    * Memory: 
    +---------+----------------------------------------------------------------------------------+---------+---+----+-----+------+------+------+-------------+
    |  Memory |                                      Module                                      | BRAM_18K| FF| LUT| URAM| Words| Bits | Banks| W*Bits*Banks|
    +---------+----------------------------------------------------------------------------------+---------+---+----+-----+------+------+------+-------------+
    |w3_71_U  |dense_resource_rf_leq_nin_ap_fixed_ap_fixed_43_23_5_3_0_config3_s_w3_71_ROM_Nbkb  |       98|  0|   0|    0|   392|  4091|     1|      1603672|
    +---------+----------------------------------------------------------------------------------+---------+---+----+-----+------+------+------+-------------+
    |Total    |                                                                                  |       98|  0|   0|    0|   392|  4091|     1|      1603672|
    +---------+----------------------------------------------------------------------------------+---------+---+----+-----+------+------+------+-------------+

    * FIFO: 
    N/A

    * Expression: 
    +----------------------------------+----------+----+---+------+------------+------------+
    |           Variable Name          | Operation| DSP| FF|  LUT | Bitwidth P0| Bitwidth P1|
    +----------------------------------+----------+----+---+------+------------+------------+
    |add_ln58_101_fu_7840_p2           |         +|   0|  0|    48|          41|          41|
    |add_ln58_103_fu_7855_p2           |         +|   0|  0|    48|          41|          41|
    |add_ln58_105_fu_7870_p2           |         +|   0|  0|    48|          41|          41|
    |add_ln58_107_fu_7885_p2           |         +|   0|  0|    48|          41|          41|
    |add_ln58_109_fu_7900_p2           |         +|   0|  0|    48|          41|          41|
    |add_ln58_111_fu_7915_p2           |         +|   0|  0|    48|          41|          41|
    |add_ln58_113_fu_7930_p2           |         +|   0|  0|    48|          41|          41|
    |add_ln58_115_fu_7945_p2           |         +|   0|  0|    48|          41|          41|
    |add_ln58_117_fu_7960_p2           |         +|   0|  0|    48|          41|          41|
    |add_ln58_119_fu_7975_p2           |         +|   0|  0|    48|          41|          41|
    |add_ln58_11_fu_7165_p2            |         +|   0|  0|    48|          41|          41|
    |add_ln58_121_fu_7990_p2           |         +|   0|  0|    48|          41|          41|
    |add_ln58_123_fu_8005_p2           |         +|   0|  0|    48|          41|          41|
    |add_ln58_125_fu_8020_p2           |         +|   0|  0|    48|          41|          41|
    |add_ln58_127_fu_8035_p2           |         +|   0|  0|    48|          41|          41|
    |add_ln58_129_fu_8050_p2           |         +|   0|  0|    48|          41|          41|
    |add_ln58_131_fu_8065_p2           |         +|   0|  0|    48|          41|          41|
    |add_ln58_133_fu_8080_p2           |         +|   0|  0|    48|          41|          41|
    |add_ln58_135_fu_8095_p2           |         +|   0|  0|    48|          41|          41|
    |add_ln58_137_fu_8110_p2           |         +|   0|  0|    48|          41|          41|
    |add_ln58_139_fu_8125_p2           |         +|   0|  0|    48|          41|          41|
    |add_ln58_13_fu_7180_p2            |         +|   0|  0|    48|          41|          41|
    |add_ln58_141_fu_8140_p2           |         +|   0|  0|    48|          41|          41|
    |add_ln58_143_fu_8155_p2           |         +|   0|  0|    48|          41|          41|
    |add_ln58_145_fu_8170_p2           |         +|   0|  0|    48|          41|          41|
    |add_ln58_147_fu_8185_p2           |         +|   0|  0|    48|          41|          41|
    |add_ln58_149_fu_8200_p2           |         +|   0|  0|    48|          41|          41|
    |add_ln58_151_fu_8215_p2           |         +|   0|  0|    48|          41|          41|
    |add_ln58_153_fu_8230_p2           |         +|   0|  0|    48|          41|          41|
    |add_ln58_155_fu_8245_p2           |         +|   0|  0|    48|          41|          41|
    |add_ln58_157_fu_8260_p2           |         +|   0|  0|    48|          41|          41|
    |add_ln58_159_fu_8275_p2           |         +|   0|  0|    48|          41|          41|
    |add_ln58_15_fu_7195_p2            |         +|   0|  0|    48|          41|          41|
    |add_ln58_161_fu_8290_p2           |         +|   0|  0|    48|          41|          41|
    |add_ln58_163_fu_8305_p2           |         +|   0|  0|    48|          41|          41|
    |add_ln58_165_fu_8320_p2           |         +|   0|  0|    48|          41|          41|
    |add_ln58_167_fu_8335_p2           |         +|   0|  0|    48|          41|          41|
    |add_ln58_169_fu_8350_p2           |         +|   0|  0|    48|          41|          41|
    |add_ln58_171_fu_8365_p2           |         +|   0|  0|    48|          41|          41|
    |add_ln58_173_fu_8380_p2           |         +|   0|  0|    48|          41|          41|
    |add_ln58_175_fu_8395_p2           |         +|   0|  0|    48|          41|          41|
    |add_ln58_177_fu_8410_p2           |         +|   0|  0|    48|          41|          41|
    |add_ln58_179_fu_8425_p2           |         +|   0|  0|    48|          41|          41|
    |add_ln58_17_fu_7210_p2            |         +|   0|  0|    48|          41|          41|
    |add_ln58_181_fu_8440_p2           |         +|   0|  0|    48|          41|          41|
    |add_ln58_183_fu_8455_p2           |         +|   0|  0|    48|          41|          41|
    |add_ln58_185_fu_8470_p2           |         +|   0|  0|    48|          41|          41|
    |add_ln58_187_fu_8485_p2           |         +|   0|  0|    48|          41|          41|
    |add_ln58_189_fu_8500_p2           |         +|   0|  0|    48|          41|          41|
    |add_ln58_191_fu_8515_p2           |         +|   0|  0|    48|          41|          41|
    |add_ln58_193_fu_8530_p2           |         +|   0|  0|    48|          41|          41|
    |add_ln58_195_fu_8545_p2           |         +|   0|  0|    48|          41|          41|
    |add_ln58_197_fu_8560_p2           |         +|   0|  0|    48|          41|          41|
    |add_ln58_199_fu_8575_p2           |         +|   0|  0|    48|          41|          41|
    |add_ln58_19_fu_7225_p2            |         +|   0|  0|    48|          41|          41|
    |add_ln58_1_fu_7090_p2             |         +|   0|  0|    48|          41|          41|
    |add_ln58_201_fu_8590_p2           |         +|   0|  0|    48|          41|          41|
    |add_ln58_203_fu_8605_p2           |         +|   0|  0|    48|          41|          41|
    |add_ln58_205_fu_8620_p2           |         +|   0|  0|    48|          41|          41|
    |add_ln58_207_fu_8635_p2           |         +|   0|  0|    48|          41|          41|
    |add_ln58_209_fu_8650_p2           |         +|   0|  0|    48|          41|          41|
    |add_ln58_211_fu_8665_p2           |         +|   0|  0|    48|          41|          41|
    |add_ln58_213_fu_8680_p2           |         +|   0|  0|    48|          41|          41|
    |add_ln58_215_fu_8695_p2           |         +|   0|  0|    48|          41|          41|
    |add_ln58_217_fu_8710_p2           |         +|   0|  0|    48|          41|          41|
    |add_ln58_219_fu_8725_p2           |         +|   0|  0|    48|          41|          41|
    |add_ln58_21_fu_7240_p2            |         +|   0|  0|    48|          41|          41|
    |add_ln58_221_fu_8740_p2           |         +|   0|  0|    48|          41|          41|
    |add_ln58_223_fu_8755_p2           |         +|   0|  0|    48|          41|          41|
    |add_ln58_225_fu_8770_p2           |         +|   0|  0|    48|          41|          41|
    |add_ln58_227_fu_8785_p2           |         +|   0|  0|    48|          41|          41|
    |add_ln58_229_fu_8800_p2           |         +|   0|  0|    48|          41|          41|
    |add_ln58_231_fu_8815_p2           |         +|   0|  0|    48|          41|          41|
    |add_ln58_233_fu_8830_p2           |         +|   0|  0|    48|          41|          41|
    |add_ln58_235_fu_8845_p2           |         +|   0|  0|    48|          41|          41|
    |add_ln58_237_fu_8860_p2           |         +|   0|  0|    48|          41|          41|
    |add_ln58_239_fu_8875_p2           |         +|   0|  0|    48|          41|          41|
    |add_ln58_23_fu_7255_p2            |         +|   0|  0|    48|          41|          41|
    |add_ln58_241_fu_8890_p2           |         +|   0|  0|    48|          41|          41|
    |add_ln58_243_fu_8905_p2           |         +|   0|  0|    48|          41|          41|
    |add_ln58_245_fu_8920_p2           |         +|   0|  0|    48|          41|          41|
    |add_ln58_247_fu_8935_p2           |         +|   0|  0|    48|          41|          41|
    |add_ln58_249_fu_8950_p2           |         +|   0|  0|    48|          41|          41|
    |add_ln58_251_fu_8965_p2           |         +|   0|  0|    48|          41|          41|
    |add_ln58_253_fu_8980_p2           |         +|   0|  0|    48|          41|          41|
    |add_ln58_255_fu_8992_p2           |         +|   0|  0|    47|          40|          40|
    |add_ln58_25_fu_7270_p2            |         +|   0|  0|    48|          41|          41|
    |add_ln58_27_fu_7285_p2            |         +|   0|  0|    48|          41|          41|
    |add_ln58_29_fu_7300_p2            |         +|   0|  0|    48|          41|          41|
    |add_ln58_31_fu_7315_p2            |         +|   0|  0|    48|          41|          41|
    |add_ln58_33_fu_7330_p2            |         +|   0|  0|    48|          41|          41|
    |add_ln58_35_fu_7345_p2            |         +|   0|  0|    48|          41|          41|
    |add_ln58_37_fu_7360_p2            |         +|   0|  0|    48|          41|          41|
    |add_ln58_39_fu_7375_p2            |         +|   0|  0|    48|          41|          41|
    |add_ln58_3_fu_7105_p2             |         +|   0|  0|    48|          41|          41|
    |add_ln58_41_fu_7390_p2            |         +|   0|  0|    48|          41|          41|
    |add_ln58_43_fu_7405_p2            |         +|   0|  0|    48|          41|          41|
    |add_ln58_45_fu_7420_p2            |         +|   0|  0|    48|          41|          41|
    |add_ln58_47_fu_7435_p2            |         +|   0|  0|    48|          41|          41|
    |add_ln58_49_fu_7450_p2            |         +|   0|  0|    48|          41|          41|
    |add_ln58_51_fu_7465_p2            |         +|   0|  0|    48|          41|          41|
    |add_ln58_53_fu_7480_p2            |         +|   0|  0|    48|          41|          41|
    |add_ln58_55_fu_7495_p2            |         +|   0|  0|    48|          41|          41|
    |add_ln58_57_fu_7510_p2            |         +|   0|  0|    48|          41|          41|
    |add_ln58_59_fu_7525_p2            |         +|   0|  0|    48|          41|          41|
    |add_ln58_5_fu_7120_p2             |         +|   0|  0|    48|          41|          41|
    |add_ln58_61_fu_7540_p2            |         +|   0|  0|    48|          41|          41|
    |add_ln58_63_fu_7555_p2            |         +|   0|  0|    48|          41|          41|
    |add_ln58_65_fu_7570_p2            |         +|   0|  0|    48|          41|          41|
    |add_ln58_67_fu_7585_p2            |         +|   0|  0|    48|          41|          41|
    |add_ln58_69_fu_7600_p2            |         +|   0|  0|    48|          41|          41|
    |add_ln58_71_fu_7615_p2            |         +|   0|  0|    48|          41|          41|
    |add_ln58_73_fu_7630_p2            |         +|   0|  0|    48|          41|          41|
    |add_ln58_75_fu_7645_p2            |         +|   0|  0|    48|          41|          41|
    |add_ln58_77_fu_7660_p2            |         +|   0|  0|    48|          41|          41|
    |add_ln58_79_fu_7675_p2            |         +|   0|  0|    48|          41|          41|
    |add_ln58_7_fu_7135_p2             |         +|   0|  0|    48|          41|          41|
    |add_ln58_81_fu_7690_p2            |         +|   0|  0|    48|          41|          41|
    |add_ln58_83_fu_7705_p2            |         +|   0|  0|    48|          41|          41|
    |add_ln58_85_fu_7720_p2            |         +|   0|  0|    48|          41|          41|
    |add_ln58_87_fu_7735_p2            |         +|   0|  0|    48|          41|          41|
    |add_ln58_89_fu_7750_p2            |         +|   0|  0|    48|          41|          41|
    |add_ln58_91_fu_7765_p2            |         +|   0|  0|    48|          41|          41|
    |add_ln58_93_fu_7780_p2            |         +|   0|  0|    48|          41|          41|
    |add_ln58_95_fu_7795_p2            |         +|   0|  0|    48|          41|          41|
    |add_ln58_97_fu_7810_p2            |         +|   0|  0|    48|          41|          41|
    |add_ln58_99_fu_7825_p2            |         +|   0|  0|    48|          41|          41|
    |add_ln58_9_fu_7150_p2             |         +|   0|  0|    48|          41|          41|
    |add_ln59_fu_3206_p2               |         +|   0|  0|    21|          14|          13|
    |w_index_fu_3226_p2                |         +|   0|  0|    16|           9|           1|
    |ap_condition_484                  |       and|   0|  0|     2|           1|           1|
    |icmp_ln46_fu_3232_p2              |      icmp|   0|  0|    16|           9|           8|
    |empty_13_fu_3216_p2               |      lshr|   0|  0|  2171|       12544|       12544|
    |empty_fu_3196_p2                  |      lshr|   0|  0|  2171|       12544|       12544|
    |ap_block_pp0_stage0_11001         |        or|   0|  0|     2|           1|           1|
    |ap_block_state1_pp0_stage0_iter0  |        or|   0|  0|     2|           1|           1|
    |ap_enable_pp0                     |       xor|   0|  0|     2|           1|           2|
    +----------------------------------+----------+----+---+------+------------+------------+
    |Total                             |          |   0|  0| 10546|       30371|       30362|
    +----------------------------------+----------+----+---+------+------------+------------+

    * Multiplexer: 
    +------------------------------------------------+----+-----------+-------+-----------+
    |                      Name                      | LUT| Input Size|  Bits | Total Bits|
    +------------------------------------------------+----+-----------+-------+-----------+
    |ap_done_int                                     |   9|          2|      1|          2|
    |ap_loop_exit_ready_pp0_iter2_reg                |   9|          2|      1|          2|
    |ap_phi_mux_do_init_phi_fu_1332_p6               |  14|          3|      1|          3|
    |ap_phi_mux_input_layer_load_phi_phi_fu_1374_p4  |  14|          3|  12544|      37632|
    |ap_phi_mux_res_0_0130_phi_fu_1387_p6            |   9|          2|     41|         82|
    |ap_phi_mux_res_100_030_phi_fu_2787_p6           |   9|          2|     41|         82|
    |ap_phi_mux_res_101_029_phi_fu_2801_p6           |   9|          2|     41|         82|
    |ap_phi_mux_res_102_028_phi_fu_2815_p6           |   9|          2|     41|         82|
    |ap_phi_mux_res_103_027_phi_fu_2829_p6           |   9|          2|     41|         82|
    |ap_phi_mux_res_104_026_phi_fu_2843_p6           |   9|          2|     41|         82|
    |ap_phi_mux_res_105_025_phi_fu_2857_p6           |   9|          2|     41|         82|
    |ap_phi_mux_res_106_024_phi_fu_2871_p6           |   9|          2|     41|         82|
    |ap_phi_mux_res_107_023_phi_fu_2885_p6           |   9|          2|     41|         82|
    |ap_phi_mux_res_108_022_phi_fu_2899_p6           |   9|          2|     41|         82|
    |ap_phi_mux_res_109_021_phi_fu_2913_p6           |   9|          2|     41|         82|
    |ap_phi_mux_res_10_0120_phi_fu_1527_p6           |   9|          2|     41|         82|
    |ap_phi_mux_res_110_020_phi_fu_2927_p6           |   9|          2|     41|         82|
    |ap_phi_mux_res_111_019_phi_fu_2941_p6           |   9|          2|     41|         82|
    |ap_phi_mux_res_112_018_phi_fu_2955_p6           |   9|          2|     41|         82|
    |ap_phi_mux_res_113_017_phi_fu_2969_p6           |   9|          2|     41|         82|
    |ap_phi_mux_res_114_016_phi_fu_2983_p6           |   9|          2|     41|         82|
    |ap_phi_mux_res_115_015_phi_fu_2997_p6           |   9|          2|     41|         82|
    |ap_phi_mux_res_116_014_phi_fu_3011_p6           |   9|          2|     41|         82|
    |ap_phi_mux_res_117_013_phi_fu_3025_p6           |   9|          2|     41|         82|
    |ap_phi_mux_res_118_012_phi_fu_3039_p6           |   9|          2|     41|         82|
    |ap_phi_mux_res_119_011_phi_fu_3053_p6           |   9|          2|     41|         82|
    |ap_phi_mux_res_11_0119_phi_fu_1541_p6           |   9|          2|     41|         82|
    |ap_phi_mux_res_120_010_phi_fu_3067_p6           |   9|          2|     41|         82|
    |ap_phi_mux_res_121_09_phi_fu_3081_p6            |   9|          2|     41|         82|
    |ap_phi_mux_res_122_08_phi_fu_3095_p6            |   9|          2|     41|         82|
    |ap_phi_mux_res_123_07_phi_fu_3109_p6            |   9|          2|     41|         82|
    |ap_phi_mux_res_124_06_phi_fu_3123_p6            |   9|          2|     41|         82|
    |ap_phi_mux_res_125_05_phi_fu_3137_p6            |   9|          2|     41|         82|
    |ap_phi_mux_res_126_04_phi_fu_3151_p6            |   9|          2|     41|         82|
    |ap_phi_mux_res_127_03_phi_fu_3165_p6            |   9|          2|     40|         80|
    |ap_phi_mux_res_12_0118_phi_fu_1555_p6           |   9|          2|     41|         82|
    |ap_phi_mux_res_13_0117_phi_fu_1569_p6           |   9|          2|     41|         82|
    |ap_phi_mux_res_1445_0116_phi_fu_1583_p6         |   9|          2|     41|         82|
    |ap_phi_mux_res_15_0115_phi_fu_1597_p6           |   9|          2|     41|         82|
    |ap_phi_mux_res_16_0114_phi_fu_1611_p6           |   9|          2|     41|         82|
    |ap_phi_mux_res_17_0113_phi_fu_1625_p6           |   9|          2|     41|         82|
    |ap_phi_mux_res_18_0112_phi_fu_1639_p6           |   9|          2|     41|         82|
    |ap_phi_mux_res_19_0111_phi_fu_1653_p6           |   9|          2|     41|         82|
    |ap_phi_mux_res_1_0129_phi_fu_1401_p6            |   9|          2|     41|         82|
    |ap_phi_mux_res_20_0110_phi_fu_1667_p6           |   9|          2|     41|         82|
    |ap_phi_mux_res_21_0109_phi_fu_1681_p6           |   9|          2|     41|         82|
    |ap_phi_mux_res_22_0108_phi_fu_1695_p6           |   9|          2|     41|         82|
    |ap_phi_mux_res_23_0107_phi_fu_1709_p6           |   9|          2|     41|         82|
    |ap_phi_mux_res_24_0106_phi_fu_1723_p6           |   9|          2|     41|         82|
    |ap_phi_mux_res_25_0105_phi_fu_1737_p6           |   9|          2|     41|         82|
    |ap_phi_mux_res_26_0104_phi_fu_1751_p6           |   9|          2|     41|         82|
    |ap_phi_mux_res_2786_0103_phi_fu_1765_p6         |   9|          2|     41|         82|
    |ap_phi_mux_res_28_0102_phi_fu_1779_p6           |   9|          2|     41|         82|
    |ap_phi_mux_res_29_0101_phi_fu_1793_p6           |   9|          2|     41|         82|
    |ap_phi_mux_res_2_0128_phi_fu_1415_p6            |   9|          2|     41|         82|
    |ap_phi_mux_res_30_0100_phi_fu_1807_p6           |   9|          2|     41|         82|
    |ap_phi_mux_res_31_099_phi_fu_1821_p6            |   9|          2|     41|         82|
    |ap_phi_mux_res_32_098_phi_fu_1835_p6            |   9|          2|     41|         82|
    |ap_phi_mux_res_33_097_phi_fu_1849_p6            |   9|          2|     41|         82|
    |ap_phi_mux_res_34_096_phi_fu_1863_p6            |   9|          2|     41|         82|
    |ap_phi_mux_res_35_095_phi_fu_1877_p6            |   9|          2|     41|         82|
    |ap_phi_mux_res_36_094_phi_fu_1891_p6            |   9|          2|     41|         82|
    |ap_phi_mux_res_37_093_phi_fu_1905_p6            |   9|          2|     41|         82|
    |ap_phi_mux_res_38_092_phi_fu_1919_p6            |   9|          2|     41|         82|
    |ap_phi_mux_res_39_091_phi_fu_1933_p6            |   9|          2|     41|         82|
    |ap_phi_mux_res_3_0127_phi_fu_1429_p6            |   9|          2|     41|         82|
    |ap_phi_mux_res_40_090_phi_fu_1947_p6            |   9|          2|     41|         82|
    |ap_phi_mux_res_41_089_phi_fu_1961_p6            |   9|          2|     41|         82|
    |ap_phi_mux_res_42_088_phi_fu_1975_p6            |   9|          2|     41|         82|
    |ap_phi_mux_res_43_087_phi_fu_1989_p6            |   9|          2|     41|         82|
    |ap_phi_mux_res_44_086_phi_fu_2003_p6            |   9|          2|     41|         82|
    |ap_phi_mux_res_45_085_phi_fu_2017_p6            |   9|          2|     41|         82|
    |ap_phi_mux_res_46_084_phi_fu_2031_p6            |   9|          2|     41|         82|
    |ap_phi_mux_res_47_083_phi_fu_2045_p6            |   9|          2|     41|         82|
    |ap_phi_mux_res_48_082_phi_fu_2059_p6            |   9|          2|     41|         82|
    |ap_phi_mux_res_49_081_phi_fu_2073_p6            |   9|          2|     41|         82|
    |ap_phi_mux_res_4_0126_phi_fu_1443_p6            |   9|          2|     41|         82|
    |ap_phi_mux_res_50_080_phi_fu_2087_p6            |   9|          2|     41|         82|
    |ap_phi_mux_res_51_079_phi_fu_2101_p6            |   9|          2|     41|         82|
    |ap_phi_mux_res_52_078_phi_fu_2115_p6            |   9|          2|     41|         82|
    |ap_phi_mux_res_53_077_phi_fu_2129_p6            |   9|          2|     41|         82|
    |ap_phi_mux_res_54_076_phi_fu_2143_p6            |   9|          2|     41|         82|
    |ap_phi_mux_res_55_075_phi_fu_2157_p6            |   9|          2|     41|         82|
    |ap_phi_mux_res_56_074_phi_fu_2171_p6            |   9|          2|     41|         82|
    |ap_phi_mux_res_57_073_phi_fu_2185_p6            |   9|          2|     41|         82|
    |ap_phi_mux_res_58_072_phi_fu_2199_p6            |   9|          2|     41|         82|
    |ap_phi_mux_res_59_071_phi_fu_2213_p6            |   9|          2|     41|         82|
    |ap_phi_mux_res_5_0125_phi_fu_1457_p6            |   9|          2|     41|         82|
    |ap_phi_mux_res_60_070_phi_fu_2227_p6            |   9|          2|     41|         82|
    |ap_phi_mux_res_61_069_phi_fu_2241_p6            |   9|          2|     41|         82|
    |ap_phi_mux_res_62_068_phi_fu_2255_p6            |   9|          2|     41|         82|
    |ap_phi_mux_res_63_067_phi_fu_2269_p6            |   9|          2|     41|         82|
    |ap_phi_mux_res_64_066_phi_fu_2283_p6            |   9|          2|     41|         82|
    |ap_phi_mux_res_65_065_phi_fu_2297_p6            |   9|          2|     41|         82|
    |ap_phi_mux_res_66_064_phi_fu_2311_p6            |   9|          2|     41|         82|
    |ap_phi_mux_res_67_063_phi_fu_2325_p6            |   9|          2|     41|         82|
    |ap_phi_mux_res_68_062_phi_fu_2339_p6            |   9|          2|     41|         82|
    |ap_phi_mux_res_69_061_phi_fu_2353_p6            |   9|          2|     41|         82|
    |ap_phi_mux_res_6_0124_phi_fu_1471_p6            |   9|          2|     41|         82|
    |ap_phi_mux_res_70_060_phi_fu_2367_p6            |   9|          2|     41|         82|
    |ap_phi_mux_res_71_059_phi_fu_2381_p6            |   9|          2|     41|         82|
    |ap_phi_mux_res_72_058_phi_fu_2395_p6            |   9|          2|     41|         82|
    |ap_phi_mux_res_73_057_phi_fu_2409_p6            |   9|          2|     41|         82|
    |ap_phi_mux_res_74_056_phi_fu_2423_p6            |   9|          2|     41|         82|
    |ap_phi_mux_res_75_055_phi_fu_2437_p6            |   9|          2|     41|         82|
    |ap_phi_mux_res_76_054_phi_fu_2451_p6            |   9|          2|     41|         82|
    |ap_phi_mux_res_77_053_phi_fu_2465_p6            |   9|          2|     41|         82|
    |ap_phi_mux_res_78_052_phi_fu_2479_p6            |   9|          2|     41|         82|
    |ap_phi_mux_res_79_051_phi_fu_2493_p6            |   9|          2|     41|         82|
    |ap_phi_mux_res_7_0123_phi_fu_1485_p6            |   9|          2|     41|         82|
    |ap_phi_mux_res_80_050_phi_fu_2507_p6            |   9|          2|     41|         82|
    |ap_phi_mux_res_81_049_phi_fu_2521_p6            |   9|          2|     41|         82|
    |ap_phi_mux_res_82_048_phi_fu_2535_p6            |   9|          2|     41|         82|
    |ap_phi_mux_res_83_047_phi_fu_2549_p6            |   9|          2|     41|         82|
    |ap_phi_mux_res_84_046_phi_fu_2563_p6            |   9|          2|     41|         82|
    |ap_phi_mux_res_85_045_phi_fu_2577_p6            |   9|          2|     41|         82|
    |ap_phi_mux_res_86_044_phi_fu_2591_p6            |   9|          2|     41|         82|
    |ap_phi_mux_res_87_043_phi_fu_2605_p6            |   9|          2|     41|         82|
    |ap_phi_mux_res_88_042_phi_fu_2619_p6            |   9|          2|     41|         82|
    |ap_phi_mux_res_89_041_phi_fu_2633_p6            |   9|          2|     41|         82|
    |ap_phi_mux_res_8_0122_phi_fu_1499_p6            |   9|          2|     41|         82|
    |ap_phi_mux_res_90_040_phi_fu_2647_p6            |   9|          2|     41|         82|
    |ap_phi_mux_res_91_039_phi_fu_2661_p6            |   9|          2|     41|         82|
    |ap_phi_mux_res_92_038_phi_fu_2675_p6            |   9|          2|     41|         82|
    |ap_phi_mux_res_93_037_phi_fu_2689_p6            |   9|          2|     41|         82|
    |ap_phi_mux_res_94_036_phi_fu_2703_p6            |   9|          2|     41|         82|
    |ap_phi_mux_res_95_035_phi_fu_2717_p6            |   9|          2|     41|         82|
    |ap_phi_mux_res_96_034_phi_fu_2731_p6            |   9|          2|     41|         82|
    |ap_phi_mux_res_97_033_phi_fu_2745_p6            |   9|          2|     41|         82|
    |ap_phi_mux_res_98_032_phi_fu_2759_p6            |   9|          2|     41|         82|
    |ap_phi_mux_res_99_031_phi_fu_2773_p6            |   9|          2|     41|         82|
    |ap_phi_mux_res_9_0121_phi_fu_1513_p6            |   9|          2|     41|         82|
    |ap_phi_mux_w_index131_phi_fu_1360_p6            |  14|          3|      9|         27|
    |ap_return_0                                     |   9|          2|     43|         86|
    |ap_return_1                                     |   9|          2|     43|         86|
    |ap_return_10                                    |   9|          2|     43|         86|
    |ap_return_100                                   |   9|          2|     43|         86|
    |ap_return_101                                   |   9|          2|     43|         86|
    |ap_return_102                                   |   9|          2|     43|         86|
    |ap_return_103                                   |   9|          2|     43|         86|
    |ap_return_104                                   |   9|          2|     43|         86|
    |ap_return_105                                   |   9|          2|     43|         86|
    |ap_return_106                                   |   9|          2|     43|         86|
    |ap_return_107                                   |   9|          2|     43|         86|
    |ap_return_108                                   |   9|          2|     43|         86|
    |ap_return_109                                   |   9|          2|     43|         86|
    |ap_return_11                                    |   9|          2|     43|         86|
    |ap_return_110                                   |   9|          2|     43|         86|
    |ap_return_111                                   |   9|          2|     43|         86|
    |ap_return_112                                   |   9|          2|     43|         86|
    |ap_return_113                                   |   9|          2|     43|         86|
    |ap_return_114                                   |   9|          2|     43|         86|
    |ap_return_115                                   |   9|          2|     43|         86|
    |ap_return_116                                   |   9|          2|     43|         86|
    |ap_return_117                                   |   9|          2|     43|         86|
    |ap_return_118                                   |   9|          2|     43|         86|
    |ap_return_119                                   |   9|          2|     43|         86|
    |ap_return_12                                    |   9|          2|     43|         86|
    |ap_return_120                                   |   9|          2|     43|         86|
    |ap_return_121                                   |   9|          2|     43|         86|
    |ap_return_122                                   |   9|          2|     43|         86|
    |ap_return_123                                   |   9|          2|     43|         86|
    |ap_return_124                                   |   9|          2|     43|         86|
    |ap_return_125                                   |   9|          2|     43|         86|
    |ap_return_126                                   |   9|          2|     43|         86|
    |ap_return_127                                   |   9|          2|     43|         86|
    |ap_return_13                                    |   9|          2|     43|         86|
    |ap_return_14                                    |   9|          2|     43|         86|
    |ap_return_15                                    |   9|          2|     43|         86|
    |ap_return_16                                    |   9|          2|     43|         86|
    |ap_return_17                                    |   9|          2|     43|         86|
    |ap_return_18                                    |   9|          2|     43|         86|
    |ap_return_19                                    |   9|          2|     43|         86|
    |ap_return_2                                     |   9|          2|     43|         86|
    |ap_return_20                                    |   9|          2|     43|         86|
    |ap_return_21                                    |   9|          2|     43|         86|
    |ap_return_22                                    |   9|          2|     43|         86|
    |ap_return_23                                    |   9|          2|     43|         86|
    |ap_return_24                                    |   9|          2|     43|         86|
    |ap_return_25                                    |   9|          2|     43|         86|
    |ap_return_26                                    |   9|          2|     43|         86|
    |ap_return_27                                    |   9|          2|     43|         86|
    |ap_return_28                                    |   9|          2|     43|         86|
    |ap_return_29                                    |   9|          2|     43|         86|
    |ap_return_3                                     |   9|          2|     43|         86|
    |ap_return_30                                    |   9|          2|     43|         86|
    |ap_return_31                                    |   9|          2|     43|         86|
    |ap_return_32                                    |   9|          2|     43|         86|
    |ap_return_33                                    |   9|          2|     43|         86|
    |ap_return_34                                    |   9|          2|     43|         86|
    |ap_return_35                                    |   9|          2|     43|         86|
    |ap_return_36                                    |   9|          2|     43|         86|
    |ap_return_37                                    |   9|          2|     43|         86|
    |ap_return_38                                    |   9|          2|     43|         86|
    |ap_return_39                                    |   9|          2|     43|         86|
    |ap_return_4                                     |   9|          2|     43|         86|
    |ap_return_40                                    |   9|          2|     43|         86|
    |ap_return_41                                    |   9|          2|     43|         86|
    |ap_return_42                                    |   9|          2|     43|         86|
    |ap_return_43                                    |   9|          2|     43|         86|
    |ap_return_44                                    |   9|          2|     43|         86|
    |ap_return_45                                    |   9|          2|     43|         86|
    |ap_return_46                                    |   9|          2|     43|         86|
    |ap_return_47                                    |   9|          2|     43|         86|
    |ap_return_48                                    |   9|          2|     43|         86|
    |ap_return_49                                    |   9|          2|     43|         86|
    |ap_return_5                                     |   9|          2|     43|         86|
    |ap_return_50                                    |   9|          2|     43|         86|
    |ap_return_51                                    |   9|          2|     43|         86|
    |ap_return_52                                    |   9|          2|     43|         86|
    |ap_return_53                                    |   9|          2|     43|         86|
    |ap_return_54                                    |   9|          2|     43|         86|
    |ap_return_55                                    |   9|          2|     43|         86|
    |ap_return_56                                    |   9|          2|     43|         86|
    |ap_return_57                                    |   9|          2|     43|         86|
    |ap_return_58                                    |   9|          2|     43|         86|
    |ap_return_59                                    |   9|          2|     43|         86|
    |ap_return_6                                     |   9|          2|     43|         86|
    |ap_return_60                                    |   9|          2|     43|         86|
    |ap_return_61                                    |   9|          2|     43|         86|
    |ap_return_62                                    |   9|          2|     43|         86|
    |ap_return_63                                    |   9|          2|     43|         86|
    |ap_return_64                                    |   9|          2|     43|         86|
    |ap_return_65                                    |   9|          2|     43|         86|
    |ap_return_66                                    |   9|          2|     43|         86|
    |ap_return_67                                    |   9|          2|     43|         86|
    |ap_return_68                                    |   9|          2|     43|         86|
    |ap_return_69                                    |   9|          2|     43|         86|
    |ap_return_7                                     |   9|          2|     43|         86|
    |ap_return_70                                    |   9|          2|     43|         86|
    |ap_return_71                                    |   9|          2|     43|         86|
    |ap_return_72                                    |   9|          2|     43|         86|
    |ap_return_73                                    |   9|          2|     43|         86|
    |ap_return_74                                    |   9|          2|     43|         86|
    |ap_return_75                                    |   9|          2|     43|         86|
    |ap_return_76                                    |   9|          2|     43|         86|
    |ap_return_77                                    |   9|          2|     43|         86|
    |ap_return_78                                    |   9|          2|     43|         86|
    |ap_return_79                                    |   9|          2|     43|         86|
    |ap_return_8                                     |   9|          2|     43|         86|
    |ap_return_80                                    |   9|          2|     43|         86|
    |ap_return_81                                    |   9|          2|     43|         86|
    |ap_return_82                                    |   9|          2|     43|         86|
    |ap_return_83                                    |   9|          2|     43|         86|
    |ap_return_84                                    |   9|          2|     43|         86|
    |ap_return_85                                    |   9|          2|     43|         86|
    |ap_return_86                                    |   9|          2|     43|         86|
    |ap_return_87                                    |   9|          2|     43|         86|
    |ap_return_88                                    |   9|          2|     43|         86|
    |ap_return_89                                    |   9|          2|     43|         86|
    |ap_return_9                                     |   9|          2|     43|         86|
    |ap_return_90                                    |   9|          2|     43|         86|
    |ap_return_91                                    |   9|          2|     43|         86|
    |ap_return_92                                    |   9|          2|     43|         86|
    |ap_return_93                                    |   9|          2|     43|         86|
    |ap_return_94                                    |   9|          2|     43|         86|
    |ap_return_95                                    |   9|          2|     43|         86|
    |ap_return_96                                    |   9|          2|     43|         86|
    |ap_return_97                                    |   9|          2|     43|         86|
    |ap_return_98                                    |   9|          2|     43|         86|
    |ap_return_99                                    |   9|          2|     43|         86|
    |input_layer_blk_n                               |   9|          2|      1|          2|
    |input_layer_load_phi_reg_1370                   |  14|          3|  12544|      37632|
    |res_0_0130_reg_1383                             |   9|          2|     41|         82|
    |res_100_030_reg_2783                            |   9|          2|     41|         82|
    |res_101_029_reg_2797                            |   9|          2|     41|         82|
    |res_102_028_reg_2811                            |   9|          2|     41|         82|
    |res_103_027_reg_2825                            |   9|          2|     41|         82|
    |res_104_026_reg_2839                            |   9|          2|     41|         82|
    |res_105_025_reg_2853                            |   9|          2|     41|         82|
    |res_106_024_reg_2867                            |   9|          2|     41|         82|
    |res_107_023_reg_2881                            |   9|          2|     41|         82|
    |res_108_022_reg_2895                            |   9|          2|     41|         82|
    |res_109_021_reg_2909                            |   9|          2|     41|         82|
    |res_10_0120_reg_1523                            |   9|          2|     41|         82|
    |res_110_020_reg_2923                            |   9|          2|     41|         82|
    |res_111_019_reg_2937                            |   9|          2|     41|         82|
    |res_112_018_reg_2951                            |   9|          2|     41|         82|
    |res_113_017_reg_2965                            |   9|          2|     41|         82|
    |res_114_016_reg_2979                            |   9|          2|     41|         82|
    |res_115_015_reg_2993                            |   9|          2|     41|         82|
    |res_116_014_reg_3007                            |   9|          2|     41|         82|
    |res_117_013_reg_3021                            |   9|          2|     41|         82|
    |res_118_012_reg_3035                            |   9|          2|     41|         82|
    |res_119_011_reg_3049                            |   9|          2|     41|         82|
    |res_11_0119_reg_1537                            |   9|          2|     41|         82|
    |res_120_010_reg_3063                            |   9|          2|     41|         82|
    |res_121_09_reg_3077                             |   9|          2|     41|         82|
    |res_122_08_reg_3091                             |   9|          2|     41|         82|
    |res_123_07_reg_3105                             |   9|          2|     41|         82|
    |res_124_06_reg_3119                             |   9|          2|     41|         82|
    |res_125_05_reg_3133                             |   9|          2|     41|         82|
    |res_126_04_reg_3147                             |   9|          2|     41|         82|
    |res_127_03_reg_3161                             |   9|          2|     40|         80|
    |res_12_0118_reg_1551                            |   9|          2|     41|         82|
    |res_13_0117_reg_1565                            |   9|          2|     41|         82|
    |res_1445_0116_reg_1579                          |   9|          2|     41|         82|
    |res_15_0115_reg_1593                            |   9|          2|     41|         82|
    |res_16_0114_reg_1607                            |   9|          2|     41|         82|
    |res_17_0113_reg_1621                            |   9|          2|     41|         82|
    |res_18_0112_reg_1635                            |   9|          2|     41|         82|
    |res_19_0111_reg_1649                            |   9|          2|     41|         82|
    |res_1_0129_reg_1397                             |   9|          2|     41|         82|
    |res_20_0110_reg_1663                            |   9|          2|     41|         82|
    |res_21_0109_reg_1677                            |   9|          2|     41|         82|
    |res_22_0108_reg_1691                            |   9|          2|     41|         82|
    |res_23_0107_reg_1705                            |   9|          2|     41|         82|
    |res_24_0106_reg_1719                            |   9|          2|     41|         82|
    |res_25_0105_reg_1733                            |   9|          2|     41|         82|
    |res_26_0104_reg_1747                            |   9|          2|     41|         82|
    |res_2786_0103_reg_1761                          |   9|          2|     41|         82|
    |res_28_0102_reg_1775                            |   9|          2|     41|         82|
    |res_29_0101_reg_1789                            |   9|          2|     41|         82|
    |res_2_0128_reg_1411                             |   9|          2|     41|         82|
    |res_30_0100_reg_1803                            |   9|          2|     41|         82|
    |res_31_099_reg_1817                             |   9|          2|     41|         82|
    |res_32_098_reg_1831                             |   9|          2|     41|         82|
    |res_33_097_reg_1845                             |   9|          2|     41|         82|
    |res_34_096_reg_1859                             |   9|          2|     41|         82|
    |res_35_095_reg_1873                             |   9|          2|     41|         82|
    |res_36_094_reg_1887                             |   9|          2|     41|         82|
    |res_37_093_reg_1901                             |   9|          2|     41|         82|
    |res_38_092_reg_1915                             |   9|          2|     41|         82|
    |res_39_091_reg_1929                             |   9|          2|     41|         82|
    |res_3_0127_reg_1425                             |   9|          2|     41|         82|
    |res_40_090_reg_1943                             |   9|          2|     41|         82|
    |res_41_089_reg_1957                             |   9|          2|     41|         82|
    |res_42_088_reg_1971                             |   9|          2|     41|         82|
    |res_43_087_reg_1985                             |   9|          2|     41|         82|
    |res_44_086_reg_1999                             |   9|          2|     41|         82|
    |res_45_085_reg_2013                             |   9|          2|     41|         82|
    |res_46_084_reg_2027                             |   9|          2|     41|         82|
    |res_47_083_reg_2041                             |   9|          2|     41|         82|
    |res_48_082_reg_2055                             |   9|          2|     41|         82|
    |res_49_081_reg_2069                             |   9|          2|     41|         82|
    |res_4_0126_reg_1439                             |   9|          2|     41|         82|
    |res_50_080_reg_2083                             |   9|          2|     41|         82|
    |res_51_079_reg_2097                             |   9|          2|     41|         82|
    |res_52_078_reg_2111                             |   9|          2|     41|         82|
    |res_53_077_reg_2125                             |   9|          2|     41|         82|
    |res_54_076_reg_2139                             |   9|          2|     41|         82|
    |res_55_075_reg_2153                             |   9|          2|     41|         82|
    |res_56_074_reg_2167                             |   9|          2|     41|         82|
    |res_57_073_reg_2181                             |   9|          2|     41|         82|
    |res_58_072_reg_2195                             |   9|          2|     41|         82|
    |res_59_071_reg_2209                             |   9|          2|     41|         82|
    |res_5_0125_reg_1453                             |   9|          2|     41|         82|
    |res_60_070_reg_2223                             |   9|          2|     41|         82|
    |res_61_069_reg_2237                             |   9|          2|     41|         82|
    |res_62_068_reg_2251                             |   9|          2|     41|         82|
    |res_63_067_reg_2265                             |   9|          2|     41|         82|
    |res_64_066_reg_2279                             |   9|          2|     41|         82|
    |res_65_065_reg_2293                             |   9|          2|     41|         82|
    |res_66_064_reg_2307                             |   9|          2|     41|         82|
    |res_67_063_reg_2321                             |   9|          2|     41|         82|
    |res_68_062_reg_2335                             |   9|          2|     41|         82|
    |res_69_061_reg_2349                             |   9|          2|     41|         82|
    |res_6_0124_reg_1467                             |   9|          2|     41|         82|
    |res_70_060_reg_2363                             |   9|          2|     41|         82|
    |res_71_059_reg_2377                             |   9|          2|     41|         82|
    |res_72_058_reg_2391                             |   9|          2|     41|         82|
    |res_73_057_reg_2405                             |   9|          2|     41|         82|
    |res_74_056_reg_2419                             |   9|          2|     41|         82|
    |res_75_055_reg_2433                             |   9|          2|     41|         82|
    |res_76_054_reg_2447                             |   9|          2|     41|         82|
    |res_77_053_reg_2461                             |   9|          2|     41|         82|
    |res_78_052_reg_2475                             |   9|          2|     41|         82|
    |res_79_051_reg_2489                             |   9|          2|     41|         82|
    |res_7_0123_reg_1481                             |   9|          2|     41|         82|
    |res_80_050_reg_2503                             |   9|          2|     41|         82|
    |res_81_049_reg_2517                             |   9|          2|     41|         82|
    |res_82_048_reg_2531                             |   9|          2|     41|         82|
    |res_83_047_reg_2545                             |   9|          2|     41|         82|
    |res_84_046_reg_2559                             |   9|          2|     41|         82|
    |res_85_045_reg_2573                             |   9|          2|     41|         82|
    |res_86_044_reg_2587                             |   9|          2|     41|         82|
    |res_87_043_reg_2601                             |   9|          2|     41|         82|
    |res_88_042_reg_2615                             |   9|          2|     41|         82|
    |res_89_041_reg_2629                             |   9|          2|     41|         82|
    |res_8_0122_reg_1495                             |   9|          2|     41|         82|
    |res_90_040_reg_2643                             |   9|          2|     41|         82|
    |res_91_039_reg_2657                             |   9|          2|     41|         82|
    |res_92_038_reg_2671                             |   9|          2|     41|         82|
    |res_93_037_reg_2685                             |   9|          2|     41|         82|
    |res_94_036_reg_2699                             |   9|          2|     41|         82|
    |res_95_035_reg_2713                             |   9|          2|     41|         82|
    |res_96_034_reg_2727                             |   9|          2|     41|         82|
    |res_97_033_reg_2741                             |   9|          2|     41|         82|
    |res_98_032_reg_2755                             |   9|          2|     41|         82|
    |res_99_031_reg_2769                             |   9|          2|     41|         82|
    |res_9_0121_reg_1509                             |   9|          2|     41|         82|
    |w_index131_reg_1357                             |   9|          2|      9|         18|
    +------------------------------------------------+----+-----------+-------+-----------+
    |Total                                           |3548|        788|  41108|     107314|
    +------------------------------------------------+----+-----------+-------+-----------+

    * Register: 
    +-----------------------------------+-------+----+-------+-----------+
    |                Name               |   FF  | LUT|  Bits | Const Bits|
    +-----------------------------------+-------+----+-------+-----------+
    |a_1_reg_11316                      |     16|   0|     16|          0|
    |a_1_reg_11316_pp0_iter1_reg        |     16|   0|     16|          0|
    |a_reg_11306                        |     16|   0|     16|          0|
    |ap_CS_fsm                          |      1|   0|      1|          0|
    |ap_done_reg                        |      1|   0|      1|          0|
    |ap_enable_reg_pp0_iter1            |      1|   0|      1|          0|
    |ap_enable_reg_pp0_iter2            |      1|   0|      1|          0|
    |ap_loop_exit_ready_pp0_iter1_reg   |      1|   0|      1|          0|
    |ap_loop_exit_ready_pp0_iter2_reg   |      1|   0|      1|          0|
    |ap_loop_init_pp0_iter1_reg         |      1|   0|      1|          0|
    |ap_loop_init_pp0_iter2_reg         |      1|   0|      1|          0|
    |ap_return_0_preg                   |     43|   0|     43|          0|
    |ap_return_100_preg                 |     43|   0|     43|          0|
    |ap_return_101_preg                 |     43|   0|     43|          0|
    |ap_return_102_preg                 |     43|   0|     43|          0|
    |ap_return_103_preg                 |     43|   0|     43|          0|
    |ap_return_104_preg                 |     43|   0|     43|          0|
    |ap_return_105_preg                 |     43|   0|     43|          0|
    |ap_return_106_preg                 |     43|   0|     43|          0|
    |ap_return_107_preg                 |     43|   0|     43|          0|
    |ap_return_108_preg                 |     43|   0|     43|          0|
    |ap_return_109_preg                 |     43|   0|     43|          0|
    |ap_return_10_preg                  |     43|   0|     43|          0|
    |ap_return_110_preg                 |     43|   0|     43|          0|
    |ap_return_111_preg                 |     43|   0|     43|          0|
    |ap_return_112_preg                 |     43|   0|     43|          0|
    |ap_return_113_preg                 |     43|   0|     43|          0|
    |ap_return_114_preg                 |     43|   0|     43|          0|
    |ap_return_115_preg                 |     43|   0|     43|          0|
    |ap_return_116_preg                 |     43|   0|     43|          0|
    |ap_return_117_preg                 |     43|   0|     43|          0|
    |ap_return_118_preg                 |     43|   0|     43|          0|
    |ap_return_119_preg                 |     43|   0|     43|          0|
    |ap_return_11_preg                  |     43|   0|     43|          0|
    |ap_return_120_preg                 |     43|   0|     43|          0|
    |ap_return_121_preg                 |     43|   0|     43|          0|
    |ap_return_122_preg                 |     43|   0|     43|          0|
    |ap_return_123_preg                 |     43|   0|     43|          0|
    |ap_return_124_preg                 |     43|   0|     43|          0|
    |ap_return_125_preg                 |     43|   0|     43|          0|
    |ap_return_126_preg                 |     43|   0|     43|          0|
    |ap_return_127_preg                 |     43|   0|     43|          0|
    |ap_return_12_preg                  |     43|   0|     43|          0|
    |ap_return_13_preg                  |     43|   0|     43|          0|
    |ap_return_14_preg                  |     43|   0|     43|          0|
    |ap_return_15_preg                  |     43|   0|     43|          0|
    |ap_return_16_preg                  |     43|   0|     43|          0|
    |ap_return_17_preg                  |     43|   0|     43|          0|
    |ap_return_18_preg                  |     43|   0|     43|          0|
    |ap_return_19_preg                  |     43|   0|     43|          0|
    |ap_return_1_preg                   |     43|   0|     43|          0|
    |ap_return_20_preg                  |     43|   0|     43|          0|
    |ap_return_21_preg                  |     43|   0|     43|          0|
    |ap_return_22_preg                  |     43|   0|     43|          0|
    |ap_return_23_preg                  |     43|   0|     43|          0|
    |ap_return_24_preg                  |     43|   0|     43|          0|
    |ap_return_25_preg                  |     43|   0|     43|          0|
    |ap_return_26_preg                  |     43|   0|     43|          0|
    |ap_return_27_preg                  |     43|   0|     43|          0|
    |ap_return_28_preg                  |     43|   0|     43|          0|
    |ap_return_29_preg                  |     43|   0|     43|          0|
    |ap_return_2_preg                   |     43|   0|     43|          0|
    |ap_return_30_preg                  |     43|   0|     43|          0|
    |ap_return_31_preg                  |     43|   0|     43|          0|
    |ap_return_32_preg                  |     43|   0|     43|          0|
    |ap_return_33_preg                  |     43|   0|     43|          0|
    |ap_return_34_preg                  |     43|   0|     43|          0|
    |ap_return_35_preg                  |     43|   0|     43|          0|
    |ap_return_36_preg                  |     43|   0|     43|          0|
    |ap_return_37_preg                  |     43|   0|     43|          0|
    |ap_return_38_preg                  |     43|   0|     43|          0|
    |ap_return_39_preg                  |     43|   0|     43|          0|
    |ap_return_3_preg                   |     43|   0|     43|          0|
    |ap_return_40_preg                  |     43|   0|     43|          0|
    |ap_return_41_preg                  |     43|   0|     43|          0|
    |ap_return_42_preg                  |     43|   0|     43|          0|
    |ap_return_43_preg                  |     43|   0|     43|          0|
    |ap_return_44_preg                  |     43|   0|     43|          0|
    |ap_return_45_preg                  |     43|   0|     43|          0|
    |ap_return_46_preg                  |     43|   0|     43|          0|
    |ap_return_47_preg                  |     43|   0|     43|          0|
    |ap_return_48_preg                  |     43|   0|     43|          0|
    |ap_return_49_preg                  |     43|   0|     43|          0|
    |ap_return_4_preg                   |     43|   0|     43|          0|
    |ap_return_50_preg                  |     43|   0|     43|          0|
    |ap_return_51_preg                  |     43|   0|     43|          0|
    |ap_return_52_preg                  |     43|   0|     43|          0|
    |ap_return_53_preg                  |     43|   0|     43|          0|
    |ap_return_54_preg                  |     43|   0|     43|          0|
    |ap_return_55_preg                  |     43|   0|     43|          0|
    |ap_return_56_preg                  |     43|   0|     43|          0|
    |ap_return_57_preg                  |     43|   0|     43|          0|
    |ap_return_58_preg                  |     43|   0|     43|          0|
    |ap_return_59_preg                  |     43|   0|     43|          0|
    |ap_return_5_preg                   |     43|   0|     43|          0|
    |ap_return_60_preg                  |     43|   0|     43|          0|
    |ap_return_61_preg                  |     43|   0|     43|          0|
    |ap_return_62_preg                  |     43|   0|     43|          0|
    |ap_return_63_preg                  |     43|   0|     43|          0|
    |ap_return_64_preg                  |     43|   0|     43|          0|
    |ap_return_65_preg                  |     43|   0|     43|          0|
    |ap_return_66_preg                  |     43|   0|     43|          0|
    |ap_return_67_preg                  |     43|   0|     43|          0|
    |ap_return_68_preg                  |     43|   0|     43|          0|
    |ap_return_69_preg                  |     43|   0|     43|          0|
    |ap_return_6_preg                   |     43|   0|     43|          0|
    |ap_return_70_preg                  |     43|   0|     43|          0|
    |ap_return_71_preg                  |     43|   0|     43|          0|
    |ap_return_72_preg                  |     43|   0|     43|          0|
    |ap_return_73_preg                  |     43|   0|     43|          0|
    |ap_return_74_preg                  |     43|   0|     43|          0|
    |ap_return_75_preg                  |     43|   0|     43|          0|
    |ap_return_76_preg                  |     43|   0|     43|          0|
    |ap_return_77_preg                  |     43|   0|     43|          0|
    |ap_return_78_preg                  |     43|   0|     43|          0|
    |ap_return_79_preg                  |     43|   0|     43|          0|
    |ap_return_7_preg                   |     43|   0|     43|          0|
    |ap_return_80_preg                  |     43|   0|     43|          0|
    |ap_return_81_preg                  |     43|   0|     43|          0|
    |ap_return_82_preg                  |     43|   0|     43|          0|
    |ap_return_83_preg                  |     43|   0|     43|          0|
    |ap_return_84_preg                  |     43|   0|     43|          0|
    |ap_return_85_preg                  |     43|   0|     43|          0|
    |ap_return_86_preg                  |     43|   0|     43|          0|
    |ap_return_87_preg                  |     43|   0|     43|          0|
    |ap_return_88_preg                  |     43|   0|     43|          0|
    |ap_return_89_preg                  |     43|   0|     43|          0|
    |ap_return_8_preg                   |     43|   0|     43|          0|
    |ap_return_90_preg                  |     43|   0|     43|          0|
    |ap_return_91_preg                  |     43|   0|     43|          0|
    |ap_return_92_preg                  |     43|   0|     43|          0|
    |ap_return_93_preg                  |     43|   0|     43|          0|
    |ap_return_94_preg                  |     43|   0|     43|          0|
    |ap_return_95_preg                  |     43|   0|     43|          0|
    |ap_return_96_preg                  |     43|   0|     43|          0|
    |ap_return_97_preg                  |     43|   0|     43|          0|
    |ap_return_98_preg                  |     43|   0|     43|          0|
    |ap_return_99_preg                  |     43|   0|     43|          0|
    |ap_return_9_preg                   |     43|   0|     43|          0|
    |do_init_reg_1329                   |      1|   0|      1|          0|
    |icmp_ln46_reg_11327                |      1|   0|      1|          0|
    |icmp_ln46_reg_11327_pp0_iter1_reg  |      1|   0|      1|          0|
    |input_layer_load_phi_reg_1370      |  12544|   0|  12544|          0|
    |mul_ln73_101_reg_11967             |     32|   0|     32|          0|
    |mul_ln73_103_reg_11977             |     32|   0|     32|          0|
    |mul_ln73_105_reg_11987             |     32|   0|     32|          0|
    |mul_ln73_107_reg_11997             |     32|   0|     32|          0|
    |mul_ln73_109_reg_12007             |     32|   0|     32|          0|
    |mul_ln73_111_reg_12017             |     32|   0|     32|          0|
    |mul_ln73_113_reg_12027             |     32|   0|     32|          0|
    |mul_ln73_115_reg_12037             |     32|   0|     32|          0|
    |mul_ln73_117_reg_12047             |     32|   0|     32|          0|
    |mul_ln73_119_reg_12057             |     32|   0|     32|          0|
    |mul_ln73_11_reg_11517              |     32|   0|     32|          0|
    |mul_ln73_121_reg_12067             |     32|   0|     32|          0|
    |mul_ln73_123_reg_12077             |     32|   0|     32|          0|
    |mul_ln73_125_reg_12087             |     32|   0|     32|          0|
    |mul_ln73_127_reg_12097             |     32|   0|     32|          0|
    |mul_ln73_129_reg_12107             |     32|   0|     32|          0|
    |mul_ln73_131_reg_12117             |     32|   0|     32|          0|
    |mul_ln73_133_reg_12127             |     32|   0|     32|          0|
    |mul_ln73_135_reg_12137             |     32|   0|     32|          0|
    |mul_ln73_137_reg_12147             |     32|   0|     32|          0|
    |mul_ln73_139_reg_12157             |     32|   0|     32|          0|
    |mul_ln73_13_reg_11527              |     32|   0|     32|          0|
    |mul_ln73_141_reg_12167             |     32|   0|     32|          0|
    |mul_ln73_143_reg_12177             |     32|   0|     32|          0|
    |mul_ln73_145_reg_12187             |     32|   0|     32|          0|
    |mul_ln73_147_reg_12197             |     32|   0|     32|          0|
    |mul_ln73_149_reg_12207             |     32|   0|     32|          0|
    |mul_ln73_151_reg_12217             |     32|   0|     32|          0|
    |mul_ln73_153_reg_12227             |     32|   0|     32|          0|
    |mul_ln73_155_reg_12237             |     32|   0|     32|          0|
    |mul_ln73_157_reg_12247             |     32|   0|     32|          0|
    |mul_ln73_159_reg_12257             |     32|   0|     32|          0|
    |mul_ln73_15_reg_11537              |     32|   0|     32|          0|
    |mul_ln73_161_reg_12267             |     32|   0|     32|          0|
    |mul_ln73_163_reg_12277             |     32|   0|     32|          0|
    |mul_ln73_165_reg_12287             |     32|   0|     32|          0|
    |mul_ln73_167_reg_12297             |     32|   0|     32|          0|
    |mul_ln73_169_reg_12307             |     32|   0|     32|          0|
    |mul_ln73_171_reg_12317             |     32|   0|     32|          0|
    |mul_ln73_173_reg_12327             |     32|   0|     32|          0|
    |mul_ln73_175_reg_12337             |     32|   0|     32|          0|
    |mul_ln73_177_reg_12347             |     32|   0|     32|          0|
    |mul_ln73_179_reg_12357             |     32|   0|     32|          0|
    |mul_ln73_17_reg_11547              |     32|   0|     32|          0|
    |mul_ln73_181_reg_12367             |     32|   0|     32|          0|
    |mul_ln73_183_reg_12377             |     32|   0|     32|          0|
    |mul_ln73_185_reg_12387             |     32|   0|     32|          0|
    |mul_ln73_187_reg_12397             |     32|   0|     32|          0|
    |mul_ln73_189_reg_12407             |     32|   0|     32|          0|
    |mul_ln73_191_reg_12417             |     32|   0|     32|          0|
    |mul_ln73_193_reg_12427             |     32|   0|     32|          0|
    |mul_ln73_195_reg_12437             |     32|   0|     32|          0|
    |mul_ln73_197_reg_12447             |     32|   0|     32|          0|
    |mul_ln73_199_reg_12457             |     32|   0|     32|          0|
    |mul_ln73_19_reg_11557              |     32|   0|     32|          0|
    |mul_ln73_1_reg_11467               |     32|   0|     32|          0|
    |mul_ln73_201_reg_12467             |     32|   0|     32|          0|
    |mul_ln73_203_reg_12477             |     32|   0|     32|          0|
    |mul_ln73_205_reg_12487             |     32|   0|     32|          0|
    |mul_ln73_207_reg_12497             |     32|   0|     32|          0|
    |mul_ln73_209_reg_12507             |     32|   0|     32|          0|
    |mul_ln73_211_reg_12517             |     32|   0|     32|          0|
    |mul_ln73_213_reg_12527             |     32|   0|     32|          0|
    |mul_ln73_215_reg_12537             |     32|   0|     32|          0|
    |mul_ln73_217_reg_12547             |     32|   0|     32|          0|
    |mul_ln73_219_reg_12557             |     32|   0|     32|          0|
    |mul_ln73_21_reg_11567              |     32|   0|     32|          0|
    |mul_ln73_221_reg_12567             |     32|   0|     32|          0|
    |mul_ln73_223_reg_12577             |     32|   0|     32|          0|
    |mul_ln73_225_reg_12587             |     32|   0|     32|          0|
    |mul_ln73_227_reg_12597             |     32|   0|     32|          0|
    |mul_ln73_229_reg_12607             |     32|   0|     32|          0|
    |mul_ln73_231_reg_12617             |     32|   0|     32|          0|
    |mul_ln73_233_reg_12627             |     32|   0|     32|          0|
    |mul_ln73_235_reg_12637             |     32|   0|     32|          0|
    |mul_ln73_237_reg_12647             |     32|   0|     32|          0|
    |mul_ln73_239_reg_12657             |     32|   0|     32|          0|
    |mul_ln73_23_reg_11577              |     32|   0|     32|          0|
    |mul_ln73_241_reg_12667             |     32|   0|     32|          0|
    |mul_ln73_243_reg_12677             |     32|   0|     32|          0|
    |mul_ln73_245_reg_12687             |     32|   0|     32|          0|
    |mul_ln73_247_reg_12697             |     32|   0|     32|          0|
    |mul_ln73_249_reg_12707             |     32|   0|     32|          0|
    |mul_ln73_251_reg_12717             |     32|   0|     32|          0|
    |mul_ln73_253_reg_12727             |     32|   0|     32|          0|
    |mul_ln73_254_reg_12732             |     32|   0|     32|          0|
    |mul_ln73_25_reg_11587              |     32|   0|     32|          0|
    |mul_ln73_27_reg_11597              |     32|   0|     32|          0|
    |mul_ln73_29_reg_11607              |     32|   0|     32|          0|
    |mul_ln73_31_reg_11617              |     32|   0|     32|          0|
    |mul_ln73_33_reg_11627              |     32|   0|     32|          0|
    |mul_ln73_35_reg_11637              |     32|   0|     32|          0|
    |mul_ln73_37_reg_11647              |     32|   0|     32|          0|
    |mul_ln73_39_reg_11657              |     32|   0|     32|          0|
    |mul_ln73_3_reg_11477               |     32|   0|     32|          0|
    |mul_ln73_41_reg_11667              |     32|   0|     32|          0|
    |mul_ln73_43_reg_11677              |     32|   0|     32|          0|
    |mul_ln73_45_reg_11687              |     32|   0|     32|          0|
    |mul_ln73_47_reg_11697              |     32|   0|     32|          0|
    |mul_ln73_49_reg_11707              |     32|   0|     32|          0|
    |mul_ln73_51_reg_11717              |     32|   0|     32|          0|
    |mul_ln73_53_reg_11727              |     32|   0|     32|          0|
    |mul_ln73_55_reg_11737              |     32|   0|     32|          0|
    |mul_ln73_57_reg_11747              |     32|   0|     32|          0|
    |mul_ln73_59_reg_11757              |     32|   0|     32|          0|
    |mul_ln73_5_reg_11487               |     32|   0|     32|          0|
    |mul_ln73_61_reg_11767              |     32|   0|     32|          0|
    |mul_ln73_63_reg_11777              |     32|   0|     32|          0|
    |mul_ln73_65_reg_11787              |     32|   0|     32|          0|
    |mul_ln73_67_reg_11797              |     32|   0|     32|          0|
    |mul_ln73_69_reg_11807              |     32|   0|     32|          0|
    |mul_ln73_71_reg_11817              |     32|   0|     32|          0|
    |mul_ln73_73_reg_11827              |     32|   0|     32|          0|
    |mul_ln73_75_reg_11837              |     32|   0|     32|          0|
    |mul_ln73_77_reg_11847              |     32|   0|     32|          0|
    |mul_ln73_79_reg_11857              |     32|   0|     32|          0|
    |mul_ln73_7_reg_11497               |     32|   0|     32|          0|
    |mul_ln73_81_reg_11867              |     32|   0|     32|          0|
    |mul_ln73_83_reg_11877              |     32|   0|     32|          0|
    |mul_ln73_85_reg_11887              |     32|   0|     32|          0|
    |mul_ln73_87_reg_11897              |     32|   0|     32|          0|
    |mul_ln73_89_reg_11907              |     32|   0|     32|          0|
    |mul_ln73_91_reg_11917              |     32|   0|     32|          0|
    |mul_ln73_93_reg_11927              |     32|   0|     32|          0|
    |mul_ln73_95_reg_11937              |     32|   0|     32|          0|
    |mul_ln73_97_reg_11947              |     32|   0|     32|          0|
    |mul_ln73_99_reg_11957              |     32|   0|     32|          0|
    |mul_ln73_9_reg_11507               |     32|   0|     32|          0|
    |res_0_0130_reg_1383                |     41|   0|     41|          0|
    |res_100_030_reg_2783               |     41|   0|     41|          0|
    |res_101_029_reg_2797               |     41|   0|     41|          0|
    |res_102_028_reg_2811               |     41|   0|     41|          0|
    |res_103_027_reg_2825               |     41|   0|     41|          0|
    |res_104_026_reg_2839               |     41|   0|     41|          0|
    |res_105_025_reg_2853               |     41|   0|     41|          0|
    |res_106_024_reg_2867               |     41|   0|     41|          0|
    |res_107_023_reg_2881               |     41|   0|     41|          0|
    |res_108_022_reg_2895               |     41|   0|     41|          0|
    |res_109_021_reg_2909               |     41|   0|     41|          0|
    |res_10_0120_reg_1523               |     41|   0|     41|          0|
    |res_110_020_reg_2923               |     41|   0|     41|          0|
    |res_111_019_reg_2937               |     41|   0|     41|          0|
    |res_112_018_reg_2951               |     41|   0|     41|          0|
    |res_113_017_reg_2965               |     41|   0|     41|          0|
    |res_114_016_reg_2979               |     41|   0|     41|          0|
    |res_115_015_reg_2993               |     41|   0|     41|          0|
    |res_116_014_reg_3007               |     41|   0|     41|          0|
    |res_117_013_reg_3021               |     41|   0|     41|          0|
    |res_118_012_reg_3035               |     41|   0|     41|          0|
    |res_119_011_reg_3049               |     41|   0|     41|          0|
    |res_11_0119_reg_1537               |     41|   0|     41|          0|
    |res_120_010_reg_3063               |     41|   0|     41|          0|
    |res_121_09_reg_3077                |     41|   0|     41|          0|
    |res_122_08_reg_3091                |     41|   0|     41|          0|
    |res_123_07_reg_3105                |     41|   0|     41|          0|
    |res_124_06_reg_3119                |     41|   0|     41|          0|
    |res_125_05_reg_3133                |     41|   0|     41|          0|
    |res_126_04_reg_3147                |     41|   0|     41|          0|
    |res_127_03_reg_3161                |     40|   0|     40|          0|
    |res_12_0118_reg_1551               |     41|   0|     41|          0|
    |res_13_0117_reg_1565               |     41|   0|     41|          0|
    |res_1445_0116_reg_1579             |     41|   0|     41|          0|
    |res_15_0115_reg_1593               |     41|   0|     41|          0|
    |res_16_0114_reg_1607               |     41|   0|     41|          0|
    |res_17_0113_reg_1621               |     41|   0|     41|          0|
    |res_18_0112_reg_1635               |     41|   0|     41|          0|
    |res_19_0111_reg_1649               |     41|   0|     41|          0|
    |res_1_0129_reg_1397                |     41|   0|     41|          0|
    |res_20_0110_reg_1663               |     41|   0|     41|          0|
    |res_21_0109_reg_1677               |     41|   0|     41|          0|
    |res_22_0108_reg_1691               |     41|   0|     41|          0|
    |res_23_0107_reg_1705               |     41|   0|     41|          0|
    |res_24_0106_reg_1719               |     41|   0|     41|          0|
    |res_25_0105_reg_1733               |     41|   0|     41|          0|
    |res_26_0104_reg_1747               |     41|   0|     41|          0|
    |res_2786_0103_reg_1761             |     41|   0|     41|          0|
    |res_28_0102_reg_1775               |     41|   0|     41|          0|
    |res_29_0101_reg_1789               |     41|   0|     41|          0|
    |res_2_0128_reg_1411                |     41|   0|     41|          0|
    |res_30_0100_reg_1803               |     41|   0|     41|          0|
    |res_31_099_reg_1817                |     41|   0|     41|          0|
    |res_32_098_reg_1831                |     41|   0|     41|          0|
    |res_33_097_reg_1845                |     41|   0|     41|          0|
    |res_34_096_reg_1859                |     41|   0|     41|          0|
    |res_35_095_reg_1873                |     41|   0|     41|          0|
    |res_36_094_reg_1887                |     41|   0|     41|          0|
    |res_37_093_reg_1901                |     41|   0|     41|          0|
    |res_38_092_reg_1915                |     41|   0|     41|          0|
    |res_39_091_reg_1929                |     41|   0|     41|          0|
    |res_3_0127_reg_1425                |     41|   0|     41|          0|
    |res_40_090_reg_1943                |     41|   0|     41|          0|
    |res_41_089_reg_1957                |     41|   0|     41|          0|
    |res_42_088_reg_1971                |     41|   0|     41|          0|
    |res_43_087_reg_1985                |     41|   0|     41|          0|
    |res_44_086_reg_1999                |     41|   0|     41|          0|
    |res_45_085_reg_2013                |     41|   0|     41|          0|
    |res_46_084_reg_2027                |     41|   0|     41|          0|
    |res_47_083_reg_2041                |     41|   0|     41|          0|
    |res_48_082_reg_2055                |     41|   0|     41|          0|
    |res_49_081_reg_2069                |     41|   0|     41|          0|
    |res_4_0126_reg_1439                |     41|   0|     41|          0|
    |res_50_080_reg_2083                |     41|   0|     41|          0|
    |res_51_079_reg_2097                |     41|   0|     41|          0|
    |res_52_078_reg_2111                |     41|   0|     41|          0|
    |res_53_077_reg_2125                |     41|   0|     41|          0|
    |res_54_076_reg_2139                |     41|   0|     41|          0|
    |res_55_075_reg_2153                |     41|   0|     41|          0|
    |res_56_074_reg_2167                |     41|   0|     41|          0|
    |res_57_073_reg_2181                |     41|   0|     41|          0|
    |res_58_072_reg_2195                |     41|   0|     41|          0|
    |res_59_071_reg_2209                |     41|   0|     41|          0|
    |res_5_0125_reg_1453                |     41|   0|     41|          0|
    |res_60_070_reg_2223                |     41|   0|     41|          0|
    |res_61_069_reg_2237                |     41|   0|     41|          0|
    |res_62_068_reg_2251                |     41|   0|     41|          0|
    |res_63_067_reg_2265                |     41|   0|     41|          0|
    |res_64_066_reg_2279                |     41|   0|     41|          0|
    |res_65_065_reg_2293                |     41|   0|     41|          0|
    |res_66_064_reg_2307                |     41|   0|     41|          0|
    |res_67_063_reg_2321                |     41|   0|     41|          0|
    |res_68_062_reg_2335                |     41|   0|     41|          0|
    |res_69_061_reg_2349                |     41|   0|     41|          0|
    |res_6_0124_reg_1467                |     41|   0|     41|          0|
    |res_70_060_reg_2363                |     41|   0|     41|          0|
    |res_71_059_reg_2377                |     41|   0|     41|          0|
    |res_72_058_reg_2391                |     41|   0|     41|          0|
    |res_73_057_reg_2405                |     41|   0|     41|          0|
    |res_74_056_reg_2419                |     41|   0|     41|          0|
    |res_75_055_reg_2433                |     41|   0|     41|          0|
    |res_76_054_reg_2447                |     41|   0|     41|          0|
    |res_77_053_reg_2461                |     41|   0|     41|          0|
    |res_78_052_reg_2475                |     41|   0|     41|          0|
    |res_79_051_reg_2489                |     41|   0|     41|          0|
    |res_7_0123_reg_1481                |     41|   0|     41|          0|
    |res_80_050_reg_2503                |     41|   0|     41|          0|
    |res_81_049_reg_2517                |     41|   0|     41|          0|
    |res_82_048_reg_2531                |     41|   0|     41|          0|
    |res_83_047_reg_2545                |     41|   0|     41|          0|
    |res_84_046_reg_2559                |     41|   0|     41|          0|
    |res_85_045_reg_2573                |     41|   0|     41|          0|
    |res_86_044_reg_2587                |     41|   0|     41|          0|
    |res_87_043_reg_2601                |     41|   0|     41|          0|
    |res_88_042_reg_2615                |     41|   0|     41|          0|
    |res_89_041_reg_2629                |     41|   0|     41|          0|
    |res_8_0122_reg_1495                |     41|   0|     41|          0|
    |res_90_040_reg_2643                |     41|   0|     41|          0|
    |res_91_039_reg_2657                |     41|   0|     41|          0|
    |res_92_038_reg_2671                |     41|   0|     41|          0|
    |res_93_037_reg_2685                |     41|   0|     41|          0|
    |res_94_036_reg_2699                |     41|   0|     41|          0|
    |res_95_035_reg_2713                |     41|   0|     41|          0|
    |res_96_034_reg_2727                |     41|   0|     41|          0|
    |res_97_033_reg_2741                |     41|   0|     41|          0|
    |res_98_032_reg_2755                |     41|   0|     41|          0|
    |res_99_031_reg_2769                |     41|   0|     41|          0|
    |res_9_0121_reg_1509                |     41|   0|     41|          0|
    |sext_ln73_reg_11336                |     32|   0|     32|          0|
    |tmp_reg_12737                      |     11|   0|     11|          0|
    |w_100_reg_11962                    |     16|   0|     16|          0|
    |w_102_reg_11972                    |     16|   0|     16|          0|
    |w_104_reg_11982                    |     16|   0|     16|          0|
    |w_106_reg_11992                    |     16|   0|     16|          0|
    |w_108_reg_12002                    |     16|   0|     16|          0|
    |w_10_reg_11512                     |     16|   0|     16|          0|
    |w_110_reg_12012                    |     16|   0|     16|          0|
    |w_112_reg_12022                    |     16|   0|     16|          0|
    |w_114_reg_12032                    |     16|   0|     16|          0|
    |w_116_reg_12042                    |     16|   0|     16|          0|
    |w_118_reg_12052                    |     16|   0|     16|          0|
    |w_120_reg_12062                    |     16|   0|     16|          0|
    |w_122_reg_12072                    |     16|   0|     16|          0|
    |w_124_reg_12082                    |     16|   0|     16|          0|
    |w_126_reg_12092                    |     16|   0|     16|          0|
    |w_128_reg_12102                    |     16|   0|     16|          0|
    |w_12_reg_11522                     |     16|   0|     16|          0|
    |w_130_reg_12112                    |     16|   0|     16|          0|
    |w_132_reg_12122                    |     16|   0|     16|          0|
    |w_134_reg_12132                    |     16|   0|     16|          0|
    |w_136_reg_12142                    |     16|   0|     16|          0|
    |w_138_reg_12152                    |     16|   0|     16|          0|
    |w_140_reg_12162                    |     16|   0|     16|          0|
    |w_142_reg_12172                    |     16|   0|     16|          0|
    |w_144_reg_12182                    |     16|   0|     16|          0|
    |w_146_reg_12192                    |     16|   0|     16|          0|
    |w_148_reg_12202                    |     16|   0|     16|          0|
    |w_14_reg_11532                     |     16|   0|     16|          0|
    |w_150_reg_12212                    |     16|   0|     16|          0|
    |w_152_reg_12222                    |     16|   0|     16|          0|
    |w_154_reg_12232                    |     16|   0|     16|          0|
    |w_156_reg_12242                    |     16|   0|     16|          0|
    |w_158_reg_12252                    |     16|   0|     16|          0|
    |w_160_reg_12262                    |     16|   0|     16|          0|
    |w_162_reg_12272                    |     16|   0|     16|          0|
    |w_164_reg_12282                    |     16|   0|     16|          0|
    |w_166_reg_12292                    |     16|   0|     16|          0|
    |w_168_reg_12302                    |     16|   0|     16|          0|
    |w_16_reg_11542                     |     16|   0|     16|          0|
    |w_170_reg_12312                    |     16|   0|     16|          0|
    |w_172_reg_12322                    |     16|   0|     16|          0|
    |w_174_reg_12332                    |     16|   0|     16|          0|
    |w_176_reg_12342                    |     16|   0|     16|          0|
    |w_178_reg_12352                    |     16|   0|     16|          0|
    |w_180_reg_12362                    |     16|   0|     16|          0|
    |w_182_reg_12372                    |     16|   0|     16|          0|
    |w_184_reg_12382                    |     16|   0|     16|          0|
    |w_186_reg_12392                    |     16|   0|     16|          0|
    |w_188_reg_12402                    |     16|   0|     16|          0|
    |w_18_reg_11552                     |     16|   0|     16|          0|
    |w_190_reg_12412                    |     16|   0|     16|          0|
    |w_192_reg_12422                    |     16|   0|     16|          0|
    |w_194_reg_12432                    |     16|   0|     16|          0|
    |w_196_reg_12442                    |     16|   0|     16|          0|
    |w_198_reg_12452                    |     16|   0|     16|          0|
    |w_200_reg_12462                    |     16|   0|     16|          0|
    |w_202_reg_12472                    |     16|   0|     16|          0|
    |w_204_reg_12482                    |     16|   0|     16|          0|
    |w_206_reg_12492                    |     16|   0|     16|          0|
    |w_208_reg_12502                    |     16|   0|     16|          0|
    |w_20_reg_11562                     |     16|   0|     16|          0|
    |w_210_reg_12512                    |     16|   0|     16|          0|
    |w_212_reg_12522                    |     16|   0|     16|          0|
    |w_214_reg_12532                    |     16|   0|     16|          0|
    |w_216_reg_12542                    |     16|   0|     16|          0|
    |w_218_reg_12552                    |     16|   0|     16|          0|
    |w_220_reg_12562                    |     16|   0|     16|          0|
    |w_222_reg_12572                    |     16|   0|     16|          0|
    |w_224_reg_12582                    |     16|   0|     16|          0|
    |w_226_reg_12592                    |     16|   0|     16|          0|
    |w_228_reg_12602                    |     16|   0|     16|          0|
    |w_22_reg_11572                     |     16|   0|     16|          0|
    |w_230_reg_12612                    |     16|   0|     16|          0|
    |w_232_reg_12622                    |     16|   0|     16|          0|
    |w_234_reg_12632                    |     16|   0|     16|          0|
    |w_236_reg_12642                    |     16|   0|     16|          0|
    |w_238_reg_12652                    |     16|   0|     16|          0|
    |w_240_reg_12662                    |     16|   0|     16|          0|
    |w_242_reg_12672                    |     16|   0|     16|          0|
    |w_244_reg_12682                    |     16|   0|     16|          0|
    |w_246_reg_12692                    |     16|   0|     16|          0|
    |w_248_reg_12702                    |     16|   0|     16|          0|
    |w_24_reg_11582                     |     16|   0|     16|          0|
    |w_250_reg_12712                    |     16|   0|     16|          0|
    |w_252_reg_12722                    |     16|   0|     16|          0|
    |w_26_reg_11592                     |     16|   0|     16|          0|
    |w_28_reg_11602                     |     16|   0|     16|          0|
    |w_2_reg_11472                      |     16|   0|     16|          0|
    |w_30_reg_11612                     |     16|   0|     16|          0|
    |w_32_reg_11622                     |     16|   0|     16|          0|
    |w_34_reg_11632                     |     16|   0|     16|          0|
    |w_36_reg_11642                     |     16|   0|     16|          0|
    |w_38_reg_11652                     |     16|   0|     16|          0|
    |w_40_reg_11662                     |     16|   0|     16|          0|
    |w_42_reg_11672                     |     16|   0|     16|          0|
    |w_44_reg_11682                     |     16|   0|     16|          0|
    |w_46_reg_11692                     |     16|   0|     16|          0|
    |w_48_reg_11702                     |     16|   0|     16|          0|
    |w_4_reg_11482                      |     16|   0|     16|          0|
    |w_50_reg_11712                     |     16|   0|     16|          0|
    |w_52_reg_11722                     |     16|   0|     16|          0|
    |w_54_reg_11732                     |     16|   0|     16|          0|
    |w_56_reg_11742                     |     16|   0|     16|          0|
    |w_58_reg_11752                     |     16|   0|     16|          0|
    |w_60_reg_11762                     |     16|   0|     16|          0|
    |w_62_reg_11772                     |     16|   0|     16|          0|
    |w_64_reg_11782                     |     16|   0|     16|          0|
    |w_66_reg_11792                     |     16|   0|     16|          0|
    |w_68_reg_11802                     |     16|   0|     16|          0|
    |w_6_reg_11492                      |     16|   0|     16|          0|
    |w_70_reg_11812                     |     16|   0|     16|          0|
    |w_72_reg_11822                     |     16|   0|     16|          0|
    |w_74_reg_11832                     |     16|   0|     16|          0|
    |w_76_reg_11842                     |     16|   0|     16|          0|
    |w_78_reg_11852                     |     16|   0|     16|          0|
    |w_80_reg_11862                     |     16|   0|     16|          0|
    |w_82_reg_11872                     |     16|   0|     16|          0|
    |w_84_reg_11882                     |     16|   0|     16|          0|
    |w_86_reg_11892                     |     16|   0|     16|          0|
    |w_88_reg_11902                     |     16|   0|     16|          0|
    |w_8_reg_11502                      |     16|   0|     16|          0|
    |w_90_reg_11912                     |     16|   0|     16|          0|
    |w_92_reg_11922                     |     16|   0|     16|          0|
    |w_94_reg_11932                     |     16|   0|     16|          0|
    |w_96_reg_11942                     |     16|   0|     16|          0|
    |w_98_reg_11952                     |     16|   0|     16|          0|
    |w_index131_reg_1357                |      9|   0|      9|          0|
    |w_index_reg_11322                  |      9|   0|      9|          0|
    |w_reg_11331                        |     16|   0|     16|          0|
    +-----------------------------------+-------+----+-------+-----------+
    |Total                              |  29543|   0|  29543|          0|
    +-----------------------------------+-------+----+-------+-----------+



================================================================
== Interface
================================================================
* Summary: 
+--------------------+-----+-------+------------+-------------------------------------------------------------------+--------------+
|      RTL Ports     | Dir |  Bits |  Protocol  |                           Source Object                           |    C Type    |
+--------------------+-----+-------+------------+-------------------------------------------------------------------+--------------+
|ap_clk              |   in|      1|  ap_ctrl_hs|  dense_resource_rf_leq_nin<ap_fixed,ap_fixed<43,23,5,3,0>,config3>|  return value|
|ap_rst              |   in|      1|  ap_ctrl_hs|  dense_resource_rf_leq_nin<ap_fixed,ap_fixed<43,23,5,3,0>,config3>|  return value|
|ap_start            |   in|      1|  ap_ctrl_hs|  dense_resource_rf_leq_nin<ap_fixed,ap_fixed<43,23,5,3,0>,config3>|  return value|
|ap_done             |  out|      1|  ap_ctrl_hs|  dense_resource_rf_leq_nin<ap_fixed,ap_fixed<43,23,5,3,0>,config3>|  return value|
|ap_continue         |   in|      1|  ap_ctrl_hs|  dense_resource_rf_leq_nin<ap_fixed,ap_fixed<43,23,5,3,0>,config3>|  return value|
|ap_idle             |  out|      1|  ap_ctrl_hs|  dense_resource_rf_leq_nin<ap_fixed,ap_fixed<43,23,5,3,0>,config3>|  return value|
|ap_ready            |  out|      1|  ap_ctrl_hs|  dense_resource_rf_leq_nin<ap_fixed,ap_fixed<43,23,5,3,0>,config3>|  return value|
|ap_return_0         |  out|     43|  ap_ctrl_hs|  dense_resource_rf_leq_nin<ap_fixed,ap_fixed<43,23,5,3,0>,config3>|  return value|
|ap_return_1         |  out|     43|  ap_ctrl_hs|  dense_resource_rf_leq_nin<ap_fixed,ap_fixed<43,23,5,3,0>,config3>|  return value|
|ap_return_2         |  out|     43|  ap_ctrl_hs|  dense_resource_rf_leq_nin<ap_fixed,ap_fixed<43,23,5,3,0>,config3>|  return value|
|ap_return_3         |  out|     43|  ap_ctrl_hs|  dense_resource_rf_leq_nin<ap_fixed,ap_fixed<43,23,5,3,0>,config3>|  return value|
|ap_return_4         |  out|     43|  ap_ctrl_hs|  dense_resource_rf_leq_nin<ap_fixed,ap_fixed<43,23,5,3,0>,config3>|  return value|
|ap_return_5         |  out|     43|  ap_ctrl_hs|  dense_resource_rf_leq_nin<ap_fixed,ap_fixed<43,23,5,3,0>,config3>|  return value|
|ap_return_6         |  out|     43|  ap_ctrl_hs|  dense_resource_rf_leq_nin<ap_fixed,ap_fixed<43,23,5,3,0>,config3>|  return value|
|ap_return_7         |  out|     43|  ap_ctrl_hs|  dense_resource_rf_leq_nin<ap_fixed,ap_fixed<43,23,5,3,0>,config3>|  return value|
|ap_return_8         |  out|     43|  ap_ctrl_hs|  dense_resource_rf_leq_nin<ap_fixed,ap_fixed<43,23,5,3,0>,config3>|  return value|
|ap_return_9         |  out|     43|  ap_ctrl_hs|  dense_resource_rf_leq_nin<ap_fixed,ap_fixed<43,23,5,3,0>,config3>|  return value|
|ap_return_10        |  out|     43|  ap_ctrl_hs|  dense_resource_rf_leq_nin<ap_fixed,ap_fixed<43,23,5,3,0>,config3>|  return value|
|ap_return_11        |  out|     43|  ap_ctrl_hs|  dense_resource_rf_leq_nin<ap_fixed,ap_fixed<43,23,5,3,0>,config3>|  return value|
|ap_return_12        |  out|     43|  ap_ctrl_hs|  dense_resource_rf_leq_nin<ap_fixed,ap_fixed<43,23,5,3,0>,config3>|  return value|
|ap_return_13        |  out|     43|  ap_ctrl_hs|  dense_resource_rf_leq_nin<ap_fixed,ap_fixed<43,23,5,3,0>,config3>|  return value|
|ap_return_14        |  out|     43|  ap_ctrl_hs|  dense_resource_rf_leq_nin<ap_fixed,ap_fixed<43,23,5,3,0>,config3>|  return value|
|ap_return_15        |  out|     43|  ap_ctrl_hs|  dense_resource_rf_leq_nin<ap_fixed,ap_fixed<43,23,5,3,0>,config3>|  return value|
|ap_return_16        |  out|     43|  ap_ctrl_hs|  dense_resource_rf_leq_nin<ap_fixed,ap_fixed<43,23,5,3,0>,config3>|  return value|
|ap_return_17        |  out|     43|  ap_ctrl_hs|  dense_resource_rf_leq_nin<ap_fixed,ap_fixed<43,23,5,3,0>,config3>|  return value|
|ap_return_18        |  out|     43|  ap_ctrl_hs|  dense_resource_rf_leq_nin<ap_fixed,ap_fixed<43,23,5,3,0>,config3>|  return value|
|ap_return_19        |  out|     43|  ap_ctrl_hs|  dense_resource_rf_leq_nin<ap_fixed,ap_fixed<43,23,5,3,0>,config3>|  return value|
|ap_return_20        |  out|     43|  ap_ctrl_hs|  dense_resource_rf_leq_nin<ap_fixed,ap_fixed<43,23,5,3,0>,config3>|  return value|
|ap_return_21        |  out|     43|  ap_ctrl_hs|  dense_resource_rf_leq_nin<ap_fixed,ap_fixed<43,23,5,3,0>,config3>|  return value|
|ap_return_22        |  out|     43|  ap_ctrl_hs|  dense_resource_rf_leq_nin<ap_fixed,ap_fixed<43,23,5,3,0>,config3>|  return value|
|ap_return_23        |  out|     43|  ap_ctrl_hs|  dense_resource_rf_leq_nin<ap_fixed,ap_fixed<43,23,5,3,0>,config3>|  return value|
|ap_return_24        |  out|     43|  ap_ctrl_hs|  dense_resource_rf_leq_nin<ap_fixed,ap_fixed<43,23,5,3,0>,config3>|  return value|
|ap_return_25        |  out|     43|  ap_ctrl_hs|  dense_resource_rf_leq_nin<ap_fixed,ap_fixed<43,23,5,3,0>,config3>|  return value|
|ap_return_26        |  out|     43|  ap_ctrl_hs|  dense_resource_rf_leq_nin<ap_fixed,ap_fixed<43,23,5,3,0>,config3>|  return value|
|ap_return_27        |  out|     43|  ap_ctrl_hs|  dense_resource_rf_leq_nin<ap_fixed,ap_fixed<43,23,5,3,0>,config3>|  return value|
|ap_return_28        |  out|     43|  ap_ctrl_hs|  dense_resource_rf_leq_nin<ap_fixed,ap_fixed<43,23,5,3,0>,config3>|  return value|
|ap_return_29        |  out|     43|  ap_ctrl_hs|  dense_resource_rf_leq_nin<ap_fixed,ap_fixed<43,23,5,3,0>,config3>|  return value|
|ap_return_30        |  out|     43|  ap_ctrl_hs|  dense_resource_rf_leq_nin<ap_fixed,ap_fixed<43,23,5,3,0>,config3>|  return value|
|ap_return_31        |  out|     43|  ap_ctrl_hs|  dense_resource_rf_leq_nin<ap_fixed,ap_fixed<43,23,5,3,0>,config3>|  return value|
|ap_return_32        |  out|     43|  ap_ctrl_hs|  dense_resource_rf_leq_nin<ap_fixed,ap_fixed<43,23,5,3,0>,config3>|  return value|
|ap_return_33        |  out|     43|  ap_ctrl_hs|  dense_resource_rf_leq_nin<ap_fixed,ap_fixed<43,23,5,3,0>,config3>|  return value|
|ap_return_34        |  out|     43|  ap_ctrl_hs|  dense_resource_rf_leq_nin<ap_fixed,ap_fixed<43,23,5,3,0>,config3>|  return value|
|ap_return_35        |  out|     43|  ap_ctrl_hs|  dense_resource_rf_leq_nin<ap_fixed,ap_fixed<43,23,5,3,0>,config3>|  return value|
|ap_return_36        |  out|     43|  ap_ctrl_hs|  dense_resource_rf_leq_nin<ap_fixed,ap_fixed<43,23,5,3,0>,config3>|  return value|
|ap_return_37        |  out|     43|  ap_ctrl_hs|  dense_resource_rf_leq_nin<ap_fixed,ap_fixed<43,23,5,3,0>,config3>|  return value|
|ap_return_38        |  out|     43|  ap_ctrl_hs|  dense_resource_rf_leq_nin<ap_fixed,ap_fixed<43,23,5,3,0>,config3>|  return value|
|ap_return_39        |  out|     43|  ap_ctrl_hs|  dense_resource_rf_leq_nin<ap_fixed,ap_fixed<43,23,5,3,0>,config3>|  return value|
|ap_return_40        |  out|     43|  ap_ctrl_hs|  dense_resource_rf_leq_nin<ap_fixed,ap_fixed<43,23,5,3,0>,config3>|  return value|
|ap_return_41        |  out|     43|  ap_ctrl_hs|  dense_resource_rf_leq_nin<ap_fixed,ap_fixed<43,23,5,3,0>,config3>|  return value|
|ap_return_42        |  out|     43|  ap_ctrl_hs|  dense_resource_rf_leq_nin<ap_fixed,ap_fixed<43,23,5,3,0>,config3>|  return value|
|ap_return_43        |  out|     43|  ap_ctrl_hs|  dense_resource_rf_leq_nin<ap_fixed,ap_fixed<43,23,5,3,0>,config3>|  return value|
|ap_return_44        |  out|     43|  ap_ctrl_hs|  dense_resource_rf_leq_nin<ap_fixed,ap_fixed<43,23,5,3,0>,config3>|  return value|
|ap_return_45        |  out|     43|  ap_ctrl_hs|  dense_resource_rf_leq_nin<ap_fixed,ap_fixed<43,23,5,3,0>,config3>|  return value|
|ap_return_46        |  out|     43|  ap_ctrl_hs|  dense_resource_rf_leq_nin<ap_fixed,ap_fixed<43,23,5,3,0>,config3>|  return value|
|ap_return_47        |  out|     43|  ap_ctrl_hs|  dense_resource_rf_leq_nin<ap_fixed,ap_fixed<43,23,5,3,0>,config3>|  return value|
|ap_return_48        |  out|     43|  ap_ctrl_hs|  dense_resource_rf_leq_nin<ap_fixed,ap_fixed<43,23,5,3,0>,config3>|  return value|
|ap_return_49        |  out|     43|  ap_ctrl_hs|  dense_resource_rf_leq_nin<ap_fixed,ap_fixed<43,23,5,3,0>,config3>|  return value|
|ap_return_50        |  out|     43|  ap_ctrl_hs|  dense_resource_rf_leq_nin<ap_fixed,ap_fixed<43,23,5,3,0>,config3>|  return value|
|ap_return_51        |  out|     43|  ap_ctrl_hs|  dense_resource_rf_leq_nin<ap_fixed,ap_fixed<43,23,5,3,0>,config3>|  return value|
|ap_return_52        |  out|     43|  ap_ctrl_hs|  dense_resource_rf_leq_nin<ap_fixed,ap_fixed<43,23,5,3,0>,config3>|  return value|
|ap_return_53        |  out|     43|  ap_ctrl_hs|  dense_resource_rf_leq_nin<ap_fixed,ap_fixed<43,23,5,3,0>,config3>|  return value|
|ap_return_54        |  out|     43|  ap_ctrl_hs|  dense_resource_rf_leq_nin<ap_fixed,ap_fixed<43,23,5,3,0>,config3>|  return value|
|ap_return_55        |  out|     43|  ap_ctrl_hs|  dense_resource_rf_leq_nin<ap_fixed,ap_fixed<43,23,5,3,0>,config3>|  return value|
|ap_return_56        |  out|     43|  ap_ctrl_hs|  dense_resource_rf_leq_nin<ap_fixed,ap_fixed<43,23,5,3,0>,config3>|  return value|
|ap_return_57        |  out|     43|  ap_ctrl_hs|  dense_resource_rf_leq_nin<ap_fixed,ap_fixed<43,23,5,3,0>,config3>|  return value|
|ap_return_58        |  out|     43|  ap_ctrl_hs|  dense_resource_rf_leq_nin<ap_fixed,ap_fixed<43,23,5,3,0>,config3>|  return value|
|ap_return_59        |  out|     43|  ap_ctrl_hs|  dense_resource_rf_leq_nin<ap_fixed,ap_fixed<43,23,5,3,0>,config3>|  return value|
|ap_return_60        |  out|     43|  ap_ctrl_hs|  dense_resource_rf_leq_nin<ap_fixed,ap_fixed<43,23,5,3,0>,config3>|  return value|
|ap_return_61        |  out|     43|  ap_ctrl_hs|  dense_resource_rf_leq_nin<ap_fixed,ap_fixed<43,23,5,3,0>,config3>|  return value|
|ap_return_62        |  out|     43|  ap_ctrl_hs|  dense_resource_rf_leq_nin<ap_fixed,ap_fixed<43,23,5,3,0>,config3>|  return value|
|ap_return_63        |  out|     43|  ap_ctrl_hs|  dense_resource_rf_leq_nin<ap_fixed,ap_fixed<43,23,5,3,0>,config3>|  return value|
|ap_return_64        |  out|     43|  ap_ctrl_hs|  dense_resource_rf_leq_nin<ap_fixed,ap_fixed<43,23,5,3,0>,config3>|  return value|
|ap_return_65        |  out|     43|  ap_ctrl_hs|  dense_resource_rf_leq_nin<ap_fixed,ap_fixed<43,23,5,3,0>,config3>|  return value|
|ap_return_66        |  out|     43|  ap_ctrl_hs|  dense_resource_rf_leq_nin<ap_fixed,ap_fixed<43,23,5,3,0>,config3>|  return value|
|ap_return_67        |  out|     43|  ap_ctrl_hs|  dense_resource_rf_leq_nin<ap_fixed,ap_fixed<43,23,5,3,0>,config3>|  return value|
|ap_return_68        |  out|     43|  ap_ctrl_hs|  dense_resource_rf_leq_nin<ap_fixed,ap_fixed<43,23,5,3,0>,config3>|  return value|
|ap_return_69        |  out|     43|  ap_ctrl_hs|  dense_resource_rf_leq_nin<ap_fixed,ap_fixed<43,23,5,3,0>,config3>|  return value|
|ap_return_70        |  out|     43|  ap_ctrl_hs|  dense_resource_rf_leq_nin<ap_fixed,ap_fixed<43,23,5,3,0>,config3>|  return value|
|ap_return_71        |  out|     43|  ap_ctrl_hs|  dense_resource_rf_leq_nin<ap_fixed,ap_fixed<43,23,5,3,0>,config3>|  return value|
|ap_return_72        |  out|     43|  ap_ctrl_hs|  dense_resource_rf_leq_nin<ap_fixed,ap_fixed<43,23,5,3,0>,config3>|  return value|
|ap_return_73        |  out|     43|  ap_ctrl_hs|  dense_resource_rf_leq_nin<ap_fixed,ap_fixed<43,23,5,3,0>,config3>|  return value|
|ap_return_74        |  out|     43|  ap_ctrl_hs|  dense_resource_rf_leq_nin<ap_fixed,ap_fixed<43,23,5,3,0>,config3>|  return value|
|ap_return_75        |  out|     43|  ap_ctrl_hs|  dense_resource_rf_leq_nin<ap_fixed,ap_fixed<43,23,5,3,0>,config3>|  return value|
|ap_return_76        |  out|     43|  ap_ctrl_hs|  dense_resource_rf_leq_nin<ap_fixed,ap_fixed<43,23,5,3,0>,config3>|  return value|
|ap_return_77        |  out|     43|  ap_ctrl_hs|  dense_resource_rf_leq_nin<ap_fixed,ap_fixed<43,23,5,3,0>,config3>|  return value|
|ap_return_78        |  out|     43|  ap_ctrl_hs|  dense_resource_rf_leq_nin<ap_fixed,ap_fixed<43,23,5,3,0>,config3>|  return value|
|ap_return_79        |  out|     43|  ap_ctrl_hs|  dense_resource_rf_leq_nin<ap_fixed,ap_fixed<43,23,5,3,0>,config3>|  return value|
|ap_return_80        |  out|     43|  ap_ctrl_hs|  dense_resource_rf_leq_nin<ap_fixed,ap_fixed<43,23,5,3,0>,config3>|  return value|
|ap_return_81        |  out|     43|  ap_ctrl_hs|  dense_resource_rf_leq_nin<ap_fixed,ap_fixed<43,23,5,3,0>,config3>|  return value|
|ap_return_82        |  out|     43|  ap_ctrl_hs|  dense_resource_rf_leq_nin<ap_fixed,ap_fixed<43,23,5,3,0>,config3>|  return value|
|ap_return_83        |  out|     43|  ap_ctrl_hs|  dense_resource_rf_leq_nin<ap_fixed,ap_fixed<43,23,5,3,0>,config3>|  return value|
|ap_return_84        |  out|     43|  ap_ctrl_hs|  dense_resource_rf_leq_nin<ap_fixed,ap_fixed<43,23,5,3,0>,config3>|  return value|
|ap_return_85        |  out|     43|  ap_ctrl_hs|  dense_resource_rf_leq_nin<ap_fixed,ap_fixed<43,23,5,3,0>,config3>|  return value|
|ap_return_86        |  out|     43|  ap_ctrl_hs|  dense_resource_rf_leq_nin<ap_fixed,ap_fixed<43,23,5,3,0>,config3>|  return value|
|ap_return_87        |  out|     43|  ap_ctrl_hs|  dense_resource_rf_leq_nin<ap_fixed,ap_fixed<43,23,5,3,0>,config3>|  return value|
|ap_return_88        |  out|     43|  ap_ctrl_hs|  dense_resource_rf_leq_nin<ap_fixed,ap_fixed<43,23,5,3,0>,config3>|  return value|
|ap_return_89        |  out|     43|  ap_ctrl_hs|  dense_resource_rf_leq_nin<ap_fixed,ap_fixed<43,23,5,3,0>,config3>|  return value|
|ap_return_90        |  out|     43|  ap_ctrl_hs|  dense_resource_rf_leq_nin<ap_fixed,ap_fixed<43,23,5,3,0>,config3>|  return value|
|ap_return_91        |  out|     43|  ap_ctrl_hs|  dense_resource_rf_leq_nin<ap_fixed,ap_fixed<43,23,5,3,0>,config3>|  return value|
|ap_return_92        |  out|     43|  ap_ctrl_hs|  dense_resource_rf_leq_nin<ap_fixed,ap_fixed<43,23,5,3,0>,config3>|  return value|
|ap_return_93        |  out|     43|  ap_ctrl_hs|  dense_resource_rf_leq_nin<ap_fixed,ap_fixed<43,23,5,3,0>,config3>|  return value|
|ap_return_94        |  out|     43|  ap_ctrl_hs|  dense_resource_rf_leq_nin<ap_fixed,ap_fixed<43,23,5,3,0>,config3>|  return value|
|ap_return_95        |  out|     43|  ap_ctrl_hs|  dense_resource_rf_leq_nin<ap_fixed,ap_fixed<43,23,5,3,0>,config3>|  return value|
|ap_return_96        |  out|     43|  ap_ctrl_hs|  dense_resource_rf_leq_nin<ap_fixed,ap_fixed<43,23,5,3,0>,config3>|  return value|
|ap_return_97        |  out|     43|  ap_ctrl_hs|  dense_resource_rf_leq_nin<ap_fixed,ap_fixed<43,23,5,3,0>,config3>|  return value|
|ap_return_98        |  out|     43|  ap_ctrl_hs|  dense_resource_rf_leq_nin<ap_fixed,ap_fixed<43,23,5,3,0>,config3>|  return value|
|ap_return_99        |  out|     43|  ap_ctrl_hs|  dense_resource_rf_leq_nin<ap_fixed,ap_fixed<43,23,5,3,0>,config3>|  return value|
|ap_return_100       |  out|     43|  ap_ctrl_hs|  dense_resource_rf_leq_nin<ap_fixed,ap_fixed<43,23,5,3,0>,config3>|  return value|
|ap_return_101       |  out|     43|  ap_ctrl_hs|  dense_resource_rf_leq_nin<ap_fixed,ap_fixed<43,23,5,3,0>,config3>|  return value|
|ap_return_102       |  out|     43|  ap_ctrl_hs|  dense_resource_rf_leq_nin<ap_fixed,ap_fixed<43,23,5,3,0>,config3>|  return value|
|ap_return_103       |  out|     43|  ap_ctrl_hs|  dense_resource_rf_leq_nin<ap_fixed,ap_fixed<43,23,5,3,0>,config3>|  return value|
|ap_return_104       |  out|     43|  ap_ctrl_hs|  dense_resource_rf_leq_nin<ap_fixed,ap_fixed<43,23,5,3,0>,config3>|  return value|
|ap_return_105       |  out|     43|  ap_ctrl_hs|  dense_resource_rf_leq_nin<ap_fixed,ap_fixed<43,23,5,3,0>,config3>|  return value|
|ap_return_106       |  out|     43|  ap_ctrl_hs|  dense_resource_rf_leq_nin<ap_fixed,ap_fixed<43,23,5,3,0>,config3>|  return value|
|ap_return_107       |  out|     43|  ap_ctrl_hs|  dense_resource_rf_leq_nin<ap_fixed,ap_fixed<43,23,5,3,0>,config3>|  return value|
|ap_return_108       |  out|     43|  ap_ctrl_hs|  dense_resource_rf_leq_nin<ap_fixed,ap_fixed<43,23,5,3,0>,config3>|  return value|
|ap_return_109       |  out|     43|  ap_ctrl_hs|  dense_resource_rf_leq_nin<ap_fixed,ap_fixed<43,23,5,3,0>,config3>|  return value|
|ap_return_110       |  out|     43|  ap_ctrl_hs|  dense_resource_rf_leq_nin<ap_fixed,ap_fixed<43,23,5,3,0>,config3>|  return value|
|ap_return_111       |  out|     43|  ap_ctrl_hs|  dense_resource_rf_leq_nin<ap_fixed,ap_fixed<43,23,5,3,0>,config3>|  return value|
|ap_return_112       |  out|     43|  ap_ctrl_hs|  dense_resource_rf_leq_nin<ap_fixed,ap_fixed<43,23,5,3,0>,config3>|  return value|
|ap_return_113       |  out|     43|  ap_ctrl_hs|  dense_resource_rf_leq_nin<ap_fixed,ap_fixed<43,23,5,3,0>,config3>|  return value|
|ap_return_114       |  out|     43|  ap_ctrl_hs|  dense_resource_rf_leq_nin<ap_fixed,ap_fixed<43,23,5,3,0>,config3>|  return value|
|ap_return_115       |  out|     43|  ap_ctrl_hs|  dense_resource_rf_leq_nin<ap_fixed,ap_fixed<43,23,5,3,0>,config3>|  return value|
|ap_return_116       |  out|     43|  ap_ctrl_hs|  dense_resource_rf_leq_nin<ap_fixed,ap_fixed<43,23,5,3,0>,config3>|  return value|
|ap_return_117       |  out|     43|  ap_ctrl_hs|  dense_resource_rf_leq_nin<ap_fixed,ap_fixed<43,23,5,3,0>,config3>|  return value|
|ap_return_118       |  out|     43|  ap_ctrl_hs|  dense_resource_rf_leq_nin<ap_fixed,ap_fixed<43,23,5,3,0>,config3>|  return value|
|ap_return_119       |  out|     43|  ap_ctrl_hs|  dense_resource_rf_leq_nin<ap_fixed,ap_fixed<43,23,5,3,0>,config3>|  return value|
|ap_return_120       |  out|     43|  ap_ctrl_hs|  dense_resource_rf_leq_nin<ap_fixed,ap_fixed<43,23,5,3,0>,config3>|  return value|
|ap_return_121       |  out|     43|  ap_ctrl_hs|  dense_resource_rf_leq_nin<ap_fixed,ap_fixed<43,23,5,3,0>,config3>|  return value|
|ap_return_122       |  out|     43|  ap_ctrl_hs|  dense_resource_rf_leq_nin<ap_fixed,ap_fixed<43,23,5,3,0>,config3>|  return value|
|ap_return_123       |  out|     43|  ap_ctrl_hs|  dense_resource_rf_leq_nin<ap_fixed,ap_fixed<43,23,5,3,0>,config3>|  return value|
|ap_return_124       |  out|     43|  ap_ctrl_hs|  dense_resource_rf_leq_nin<ap_fixed,ap_fixed<43,23,5,3,0>,config3>|  return value|
|ap_return_125       |  out|     43|  ap_ctrl_hs|  dense_resource_rf_leq_nin<ap_fixed,ap_fixed<43,23,5,3,0>,config3>|  return value|
|ap_return_126       |  out|     43|  ap_ctrl_hs|  dense_resource_rf_leq_nin<ap_fixed,ap_fixed<43,23,5,3,0>,config3>|  return value|
|ap_return_127       |  out|     43|  ap_ctrl_hs|  dense_resource_rf_leq_nin<ap_fixed,ap_fixed<43,23,5,3,0>,config3>|  return value|
|input_layer_ap_vld  |   in|      1|      ap_vld|                                                        input_layer|       pointer|
|input_layer         |   in|  12544|      ap_vld|                                                        input_layer|       pointer|
+--------------------+-----+-------+------------+-------------------------------------------------------------------+--------------+

