

================================================================
== Vitis HLS Report for 'dense_resource_rf_leq_nin_ap_fixed_ap_fixed_43_23_5_3_0_config3_s'
================================================================
* Date:           Sun Sep  6 12:17:58 2026

* Version:        2023.2 (Build 4023990 on Oct 11 2023)
* Project:        myproject_prj
* Solution:       solution1 (Vivado IP Flow Target)
* Product family: virtexuplus
* Target device:  xcu250-figd2104-2L-e


================================================================
== Performance Estimates
================================================================
+ Timing: 
    * Summary: 
    +--------+---------+----------+------------+
    |  Clock |  Target | Estimated| Uncertainty|
    +--------+---------+----------+------------+
    |ap_clk  |  5.00 ns|  3.309 ns|     1.35 ns|
    +--------+---------+----------+------------+

+ Latency: 
    * Summary: 
    +---------+---------+----------+----------+-----+-----+------------------------------------------+
    |  Latency (cycles) |  Latency (absolute) |  Interval |                 Pipeline                 |
    |   min   |   max   |    min   |    max   | min | max |                   Type                   |
    +---------+---------+----------+----------+-----+-----+------------------------------------------+
    |      393|      394|  1.965 us|  1.970 us|  392|  392|  loop rewind stp(delay=0 clock cycles(s))|
    +---------+---------+----------+----------+-----+-----+------------------------------------------+

    + Detail: 
        * Instance: 
        N/A

        * Loop: 
        +-------------+---------+---------+----------+-----------+-----------+------+----------+
        |             |  Latency (cycles) | Iteration|  Initiation Interval  | Trip |          |
        |  Loop Name  |   min   |   max   |  Latency |  achieved |   target  | Count| Pipelined|
        +-------------+---------+---------+----------+-----------+-----------+------+----------+
        |- ReuseLoop  |      393|      393|         3|          1|          1|   392|       yes|
        +-------------+---------+---------+----------+-----------+-----------+------+----------+



================================================================
== Utilization Estimates
================================================================
* Summary: 
+---------------------+---------+-------+---------+---------+------+
|         Name        | BRAM_18K|  DSP  |    FF   |   LUT   | URAM |
+---------------------+---------+-------+---------+---------+------+
|DSP                  |        -|      -|        -|        -|     -|
|Expression           |        -|      -|        0|    65071|     -|
|FIFO                 |        -|      -|        -|        -|     -|
|Instance             |        -|      -|        -|        -|     -|
|Memory               |       40|      -|        0|        0|     -|
|Multiplexer          |        -|      -|        -|     2418|     -|
|Register             |        -|      -|    37811|        -|     -|
+---------------------+---------+-------+---------+---------+------+
|Total                |       40|      0|    37811|    67489|     0|
+---------------------+---------+-------+---------+---------+------+
|Available SLR        |     1344|   3072|   864000|   432000|   320|
+---------------------+---------+-------+---------+---------+------+
|Utilization SLR (%)  |        2|      0|        4|       15|     0|
+---------------------+---------+-------+---------+---------+------+
|Available            |     5376|  12288|  3456000|  1728000|  1280|
+---------------------+---------+-------+---------+---------+------+
|Utilization (%)      |       ~0|      0|        1|        3|     0|
+---------------------+---------+-------+---------+---------+------+

+ Detail: 
    * Instance: 
    N/A

    * DSP: 
    N/A

    * Memory: 
    +------------------+----------------------------------------------------------------------------------+---------+---+----+-----+------+------+------+-------------+
    |      Memory      |                                      Module                                      | BRAM_18K| FF| LUT| URAM| Words| Bits | Banks| W*Bits*Banks|
    +------------------+----------------------------------------------------------------------------------+---------+---+----+-----+------+------+------+-------------+
    |w3_exponent_86_U  |dense_resource_rf_leq_nin_ap_fixed_ap_fixed_43_23_5_3_0_config3_s_w3_exponentcud  |       24|  0|   0|    0|   392|  1023|     1|       401016|
    |w3_nonzero_88_U   |dense_resource_rf_leq_nin_ap_fixed_ap_fixed_43_23_5_3_0_config3_s_w3_nonzero_bkb  |        8|  0|   0|    0|   392|   256|     1|       100352|
    |w3_positive_87_U  |dense_resource_rf_leq_nin_ap_fixed_ap_fixed_43_23_5_3_0_config3_s_w3_positivedEe  |        8|  0|   0|    0|   392|   256|     1|       100352|
    +------------------+----------------------------------------------------------------------------------+---------+---+----+-----+------+------+------+-------------+
    |Total             |                                                                                  |       40|  0|   0|    0|  1176|  1535|     3|       601720|
    +------------------+----------------------------------------------------------------------------------+---------+---+----+-----+------+------+------+-------------+

    * FIFO: 
    N/A

    * Expression: 
    +----------------------------------+----------+----+---+------+------------+------------+
    |           Variable Name          | Operation| DSP| FF|  LUT | Bitwidth P0| Bitwidth P1|
    +----------------------------------+----------+----+---+------+------------+------------+
    |acc_128_fu_15668_p2               |         +|   0|  0|    42|          35|          35|
    |acc_129_fu_15817_p2               |         +|   0|  0|    42|          35|          35|
    |acc_130_fu_15966_p2               |         +|   0|  0|    42|          35|          35|
    |acc_131_fu_16115_p2               |         +|   0|  0|    42|          35|          35|
    |acc_132_fu_16264_p2               |         +|   0|  0|    42|          35|          35|
    |acc_133_fu_16413_p2               |         +|   0|  0|    42|          35|          35|
    |acc_134_fu_16562_p2               |         +|   0|  0|    42|          35|          35|
    |acc_135_fu_16711_p2               |         +|   0|  0|    42|          35|          35|
    |acc_136_fu_16860_p2               |         +|   0|  0|    42|          35|          35|
    |acc_137_fu_17009_p2               |         +|   0|  0|    42|          35|          35|
    |acc_138_fu_17158_p2               |         +|   0|  0|    42|          35|          35|
    |acc_139_fu_17307_p2               |         +|   0|  0|    42|          35|          35|
    |acc_140_fu_17456_p2               |         +|   0|  0|    42|          35|          35|
    |acc_141_fu_17605_p2               |         +|   0|  0|    42|          35|          35|
    |acc_142_fu_17754_p2               |         +|   0|  0|    42|          35|          35|
    |acc_143_fu_17903_p2               |         +|   0|  0|    42|          35|          35|
    |acc_144_fu_18052_p2               |         +|   0|  0|    42|          35|          35|
    |acc_145_fu_18201_p2               |         +|   0|  0|    42|          35|          35|
    |acc_146_fu_18350_p2               |         +|   0|  0|    42|          35|          35|
    |acc_147_fu_18499_p2               |         +|   0|  0|    42|          35|          35|
    |acc_148_fu_18648_p2               |         +|   0|  0|    42|          35|          35|
    |acc_149_fu_18797_p2               |         +|   0|  0|    42|          35|          35|
    |acc_150_fu_18946_p2               |         +|   0|  0|    42|          35|          35|
    |acc_151_fu_19095_p2               |         +|   0|  0|    42|          35|          35|
    |acc_152_fu_19244_p2               |         +|   0|  0|    42|          35|          35|
    |acc_153_fu_19393_p2               |         +|   0|  0|    42|          35|          35|
    |acc_154_fu_19542_p2               |         +|   0|  0|    42|          35|          35|
    |acc_155_fu_19691_p2               |         +|   0|  0|    42|          35|          35|
    |acc_156_fu_19840_p2               |         +|   0|  0|    42|          35|          35|
    |acc_157_fu_19989_p2               |         +|   0|  0|    42|          35|          35|
    |acc_158_fu_20138_p2               |         +|   0|  0|    42|          35|          35|
    |acc_159_fu_20287_p2               |         +|   0|  0|    42|          35|          35|
    |acc_160_fu_20436_p2               |         +|   0|  0|    42|          35|          35|
    |acc_161_fu_20585_p2               |         +|   0|  0|    42|          35|          35|
    |acc_162_fu_20734_p2               |         +|   0|  0|    42|          35|          35|
    |acc_163_fu_20883_p2               |         +|   0|  0|    42|          35|          35|
    |acc_164_fu_21032_p2               |         +|   0|  0|    42|          35|          35|
    |acc_165_fu_21181_p2               |         +|   0|  0|    42|          35|          35|
    |acc_166_fu_21330_p2               |         +|   0|  0|    42|          35|          35|
    |acc_167_fu_21479_p2               |         +|   0|  0|    42|          35|          35|
    |acc_168_fu_21628_p2               |         +|   0|  0|    42|          35|          35|
    |acc_169_fu_21777_p2               |         +|   0|  0|    42|          35|          35|
    |acc_170_fu_21926_p2               |         +|   0|  0|    42|          35|          35|
    |acc_171_fu_22075_p2               |         +|   0|  0|    42|          35|          35|
    |acc_172_fu_22224_p2               |         +|   0|  0|    42|          35|          35|
    |acc_173_fu_22373_p2               |         +|   0|  0|    42|          35|          35|
    |acc_174_fu_22522_p2               |         +|   0|  0|    42|          35|          35|
    |acc_175_fu_22671_p2               |         +|   0|  0|    42|          35|          35|
    |acc_176_fu_22820_p2               |         +|   0|  0|    42|          35|          35|
    |acc_177_fu_22969_p2               |         +|   0|  0|    42|          35|          35|
    |acc_178_fu_23118_p2               |         +|   0|  0|    42|          35|          35|
    |acc_179_fu_23267_p2               |         +|   0|  0|    42|          35|          35|
    |acc_180_fu_23416_p2               |         +|   0|  0|    42|          35|          35|
    |acc_181_fu_23565_p2               |         +|   0|  0|    42|          35|          35|
    |acc_182_fu_23714_p2               |         +|   0|  0|    42|          35|          35|
    |acc_183_fu_23863_p2               |         +|   0|  0|    42|          35|          35|
    |acc_184_fu_24012_p2               |         +|   0|  0|    42|          35|          35|
    |acc_185_fu_24161_p2               |         +|   0|  0|    42|          35|          35|
    |acc_186_fu_24310_p2               |         +|   0|  0|    42|          35|          35|
    |acc_187_fu_24459_p2               |         +|   0|  0|    42|          35|          35|
    |acc_188_fu_24608_p2               |         +|   0|  0|    42|          35|          35|
    |acc_189_fu_24757_p2               |         +|   0|  0|    42|          35|          35|
    |acc_190_fu_24906_p2               |         +|   0|  0|    42|          35|          35|
    |acc_191_fu_25055_p2               |         +|   0|  0|    42|          35|          35|
    |acc_192_fu_25204_p2               |         +|   0|  0|    42|          35|          35|
    |acc_193_fu_25353_p2               |         +|   0|  0|    42|          35|          35|
    |acc_194_fu_25502_p2               |         +|   0|  0|    42|          35|          35|
    |acc_195_fu_25651_p2               |         +|   0|  0|    42|          35|          35|
    |acc_196_fu_25800_p2               |         +|   0|  0|    42|          35|          35|
    |acc_197_fu_25949_p2               |         +|   0|  0|    42|          35|          35|
    |acc_198_fu_26098_p2               |         +|   0|  0|    42|          35|          35|
    |acc_199_fu_26247_p2               |         +|   0|  0|    42|          35|          35|
    |acc_200_fu_26396_p2               |         +|   0|  0|    42|          35|          35|
    |acc_201_fu_26545_p2               |         +|   0|  0|    42|          35|          35|
    |acc_202_fu_26694_p2               |         +|   0|  0|    42|          35|          35|
    |acc_203_fu_26843_p2               |         +|   0|  0|    42|          35|          35|
    |acc_204_fu_26992_p2               |         +|   0|  0|    42|          35|          35|
    |acc_205_fu_27141_p2               |         +|   0|  0|    42|          35|          35|
    |acc_206_fu_27290_p2               |         +|   0|  0|    42|          35|          35|
    |acc_207_fu_27439_p2               |         +|   0|  0|    42|          35|          35|
    |acc_208_fu_27588_p2               |         +|   0|  0|    42|          35|          35|
    |acc_209_fu_27737_p2               |         +|   0|  0|    42|          35|          35|
    |acc_210_fu_27886_p2               |         +|   0|  0|    42|          35|          35|
    |acc_211_fu_28035_p2               |         +|   0|  0|    42|          35|          35|
    |acc_212_fu_28184_p2               |         +|   0|  0|    42|          35|          35|
    |acc_213_fu_28333_p2               |         +|   0|  0|    42|          35|          35|
    |acc_214_fu_28482_p2               |         +|   0|  0|    42|          35|          35|
    |acc_215_fu_28631_p2               |         +|   0|  0|    42|          35|          35|
    |acc_216_fu_28780_p2               |         +|   0|  0|    42|          35|          35|
    |acc_217_fu_28929_p2               |         +|   0|  0|    42|          35|          35|
    |acc_218_fu_29078_p2               |         +|   0|  0|    42|          35|          35|
    |acc_219_fu_29227_p2               |         +|   0|  0|    42|          35|          35|
    |acc_220_fu_29376_p2               |         +|   0|  0|    42|          35|          35|
    |acc_221_fu_29525_p2               |         +|   0|  0|    42|          35|          35|
    |acc_222_fu_29674_p2               |         +|   0|  0|    42|          35|          35|
    |acc_223_fu_29823_p2               |         +|   0|  0|    42|          35|          35|
    |acc_224_fu_29972_p2               |         +|   0|  0|    42|          35|          35|
    |acc_225_fu_30121_p2               |         +|   0|  0|    42|          35|          35|
    |acc_226_fu_30270_p2               |         +|   0|  0|    42|          35|          35|
    |acc_227_fu_30419_p2               |         +|   0|  0|    42|          35|          35|
    |acc_228_fu_30568_p2               |         +|   0|  0|    42|          35|          35|
    |acc_229_fu_30717_p2               |         +|   0|  0|    42|          35|          35|
    |acc_230_fu_30866_p2               |         +|   0|  0|    42|          35|          35|
    |acc_231_fu_31015_p2               |         +|   0|  0|    42|          35|          35|
    |acc_232_fu_31164_p2               |         +|   0|  0|    42|          35|          35|
    |acc_233_fu_31313_p2               |         +|   0|  0|    42|          35|          35|
    |acc_234_fu_31462_p2               |         +|   0|  0|    42|          35|          35|
    |acc_235_fu_31611_p2               |         +|   0|  0|    42|          35|          35|
    |acc_236_fu_31760_p2               |         +|   0|  0|    42|          35|          35|
    |acc_237_fu_31909_p2               |         +|   0|  0|    42|          35|          35|
    |acc_238_fu_32058_p2               |         +|   0|  0|    42|          35|          35|
    |acc_239_fu_32207_p2               |         +|   0|  0|    42|          35|          35|
    |acc_240_fu_32356_p2               |         +|   0|  0|    42|          35|          35|
    |acc_241_fu_32505_p2               |         +|   0|  0|    42|          35|          35|
    |acc_242_fu_32654_p2               |         +|   0|  0|    42|          35|          35|
    |acc_243_fu_32803_p2               |         +|   0|  0|    42|          35|          35|
    |acc_244_fu_32952_p2               |         +|   0|  0|    42|          35|          35|
    |acc_245_fu_33101_p2               |         +|   0|  0|    42|          35|          35|
    |acc_246_fu_33250_p2               |         +|   0|  0|    42|          35|          35|
    |acc_247_fu_33399_p2               |         +|   0|  0|    42|          35|          35|
    |acc_248_fu_33548_p2               |         +|   0|  0|    42|          35|          35|
    |acc_249_fu_33697_p2               |         +|   0|  0|    42|          35|          35|
    |acc_250_fu_33846_p2               |         +|   0|  0|    42|          35|          35|
    |acc_251_fu_33995_p2               |         +|   0|  0|    42|          35|          35|
    |acc_252_fu_34144_p2               |         +|   0|  0|    42|          35|          35|
    |acc_253_fu_34293_p2               |         +|   0|  0|    42|          35|          35|
    |acc_254_fu_34442_p2               |         +|   0|  0|    42|          35|          35|
    |acc_fu_15519_p2                   |         +|   0|  0|    42|          35|          35|
    |add_ln58_100_fu_22959_p2          |         +|   0|  0|    34|          27|          27|
    |add_ln58_102_fu_23108_p2          |         +|   0|  0|    34|          27|          27|
    |add_ln58_104_fu_23257_p2          |         +|   0|  0|    34|          27|          27|
    |add_ln58_106_fu_23406_p2          |         +|   0|  0|    34|          27|          27|
    |add_ln58_108_fu_23555_p2          |         +|   0|  0|    34|          27|          27|
    |add_ln58_10_fu_16254_p2           |         +|   0|  0|    34|          27|          27|
    |add_ln58_110_fu_23704_p2          |         +|   0|  0|    34|          27|          27|
    |add_ln58_112_fu_23853_p2          |         +|   0|  0|    34|          27|          27|
    |add_ln58_114_fu_24002_p2          |         +|   0|  0|    34|          27|          27|
    |add_ln58_116_fu_24151_p2          |         +|   0|  0|    34|          27|          27|
    |add_ln58_118_fu_24300_p2          |         +|   0|  0|    34|          27|          27|
    |add_ln58_120_fu_24449_p2          |         +|   0|  0|    34|          27|          27|
    |add_ln58_122_fu_24598_p2          |         +|   0|  0|    34|          27|          27|
    |add_ln58_124_fu_24747_p2          |         +|   0|  0|    34|          27|          27|
    |add_ln58_126_fu_24896_p2          |         +|   0|  0|    34|          27|          27|
    |add_ln58_128_fu_25045_p2          |         +|   0|  0|    34|          27|          27|
    |add_ln58_12_fu_16403_p2           |         +|   0|  0|    34|          27|          27|
    |add_ln58_130_fu_25194_p2          |         +|   0|  0|    34|          27|          27|
    |add_ln58_132_fu_25343_p2          |         +|   0|  0|    34|          27|          27|
    |add_ln58_134_fu_25492_p2          |         +|   0|  0|    34|          27|          27|
    |add_ln58_136_fu_25641_p2          |         +|   0|  0|    34|          27|          27|
    |add_ln58_138_fu_25790_p2          |         +|   0|  0|    34|          27|          27|
    |add_ln58_140_fu_25939_p2          |         +|   0|  0|    34|          27|          27|
    |add_ln58_142_fu_26088_p2          |         +|   0|  0|    34|          27|          27|
    |add_ln58_144_fu_26237_p2          |         +|   0|  0|    34|          27|          27|
    |add_ln58_146_fu_26386_p2          |         +|   0|  0|    34|          27|          27|
    |add_ln58_148_fu_26535_p2          |         +|   0|  0|    34|          27|          27|
    |add_ln58_14_fu_16552_p2           |         +|   0|  0|    34|          27|          27|
    |add_ln58_150_fu_26684_p2          |         +|   0|  0|    34|          27|          27|
    |add_ln58_152_fu_26833_p2          |         +|   0|  0|    34|          27|          27|
    |add_ln58_154_fu_26982_p2          |         +|   0|  0|    34|          27|          27|
    |add_ln58_156_fu_27131_p2          |         +|   0|  0|    34|          27|          27|
    |add_ln58_158_fu_27280_p2          |         +|   0|  0|    34|          27|          27|
    |add_ln58_160_fu_27429_p2          |         +|   0|  0|    34|          27|          27|
    |add_ln58_162_fu_27578_p2          |         +|   0|  0|    34|          27|          27|
    |add_ln58_164_fu_27727_p2          |         +|   0|  0|    34|          27|          27|
    |add_ln58_166_fu_27876_p2          |         +|   0|  0|    34|          27|          27|
    |add_ln58_168_fu_28025_p2          |         +|   0|  0|    34|          27|          27|
    |add_ln58_16_fu_16701_p2           |         +|   0|  0|    34|          27|          27|
    |add_ln58_170_fu_28174_p2          |         +|   0|  0|    34|          27|          27|
    |add_ln58_172_fu_28323_p2          |         +|   0|  0|    34|          27|          27|
    |add_ln58_174_fu_28472_p2          |         +|   0|  0|    34|          27|          27|
    |add_ln58_176_fu_28621_p2          |         +|   0|  0|    34|          27|          27|
    |add_ln58_178_fu_28770_p2          |         +|   0|  0|    34|          27|          27|
    |add_ln58_180_fu_28919_p2          |         +|   0|  0|    34|          27|          27|
    |add_ln58_182_fu_29068_p2          |         +|   0|  0|    34|          27|          27|
    |add_ln58_184_fu_29217_p2          |         +|   0|  0|    34|          27|          27|
    |add_ln58_186_fu_29366_p2          |         +|   0|  0|    34|          27|          27|
    |add_ln58_188_fu_29515_p2          |         +|   0|  0|    34|          27|          27|
    |add_ln58_18_fu_16850_p2           |         +|   0|  0|    34|          27|          27|
    |add_ln58_190_fu_29664_p2          |         +|   0|  0|    34|          27|          27|
    |add_ln58_192_fu_29813_p2          |         +|   0|  0|    34|          27|          27|
    |add_ln58_194_fu_29962_p2          |         +|   0|  0|    34|          27|          27|
    |add_ln58_196_fu_30111_p2          |         +|   0|  0|    34|          27|          27|
    |add_ln58_198_fu_30260_p2          |         +|   0|  0|    34|          27|          27|
    |add_ln58_200_fu_30409_p2          |         +|   0|  0|    34|          27|          27|
    |add_ln58_202_fu_30558_p2          |         +|   0|  0|    34|          27|          27|
    |add_ln58_204_fu_30707_p2          |         +|   0|  0|    34|          27|          27|
    |add_ln58_206_fu_30856_p2          |         +|   0|  0|    34|          27|          27|
    |add_ln58_208_fu_31005_p2          |         +|   0|  0|    34|          27|          27|
    |add_ln58_20_fu_16999_p2           |         +|   0|  0|    34|          27|          27|
    |add_ln58_210_fu_31154_p2          |         +|   0|  0|    34|          27|          27|
    |add_ln58_212_fu_31303_p2          |         +|   0|  0|    34|          27|          27|
    |add_ln58_214_fu_31452_p2          |         +|   0|  0|    34|          27|          27|
    |add_ln58_216_fu_31601_p2          |         +|   0|  0|    34|          27|          27|
    |add_ln58_218_fu_31750_p2          |         +|   0|  0|    34|          27|          27|
    |add_ln58_220_fu_31899_p2          |         +|   0|  0|    34|          27|          27|
    |add_ln58_222_fu_32048_p2          |         +|   0|  0|    34|          27|          27|
    |add_ln58_224_fu_32197_p2          |         +|   0|  0|    34|          27|          27|
    |add_ln58_226_fu_32346_p2          |         +|   0|  0|    34|          27|          27|
    |add_ln58_228_fu_32495_p2          |         +|   0|  0|    34|          27|          27|
    |add_ln58_22_fu_17148_p2           |         +|   0|  0|    34|          27|          27|
    |add_ln58_230_fu_32644_p2          |         +|   0|  0|    34|          27|          27|
    |add_ln58_232_fu_32793_p2          |         +|   0|  0|    34|          27|          27|
    |add_ln58_234_fu_32942_p2          |         +|   0|  0|    34|          27|          27|
    |add_ln58_236_fu_33091_p2          |         +|   0|  0|    34|          27|          27|
    |add_ln58_238_fu_33240_p2          |         +|   0|  0|    34|          27|          27|
    |add_ln58_240_fu_33389_p2          |         +|   0|  0|    34|          27|          27|
    |add_ln58_242_fu_33538_p2          |         +|   0|  0|    34|          27|          27|
    |add_ln58_244_fu_33687_p2          |         +|   0|  0|    34|          27|          27|
    |add_ln58_246_fu_33836_p2          |         +|   0|  0|    34|          27|          27|
    |add_ln58_248_fu_33985_p2          |         +|   0|  0|    34|          27|          27|
    |add_ln58_24_fu_17297_p2           |         +|   0|  0|    34|          27|          27|
    |add_ln58_250_fu_34134_p2          |         +|   0|  0|    34|          27|          27|
    |add_ln58_252_fu_34283_p2          |         +|   0|  0|    34|          27|          27|
    |add_ln58_254_fu_34432_p2          |         +|   0|  0|    34|          27|          27|
    |add_ln58_26_fu_17446_p2           |         +|   0|  0|    34|          27|          27|
    |add_ln58_28_fu_17595_p2           |         +|   0|  0|    34|          27|          27|
    |add_ln58_2_fu_15658_p2            |         +|   0|  0|    34|          27|          27|
    |add_ln58_30_fu_17744_p2           |         +|   0|  0|    34|          27|          27|
    |add_ln58_32_fu_17893_p2           |         +|   0|  0|    34|          27|          27|
    |add_ln58_34_fu_18042_p2           |         +|   0|  0|    34|          27|          27|
    |add_ln58_36_fu_18191_p2           |         +|   0|  0|    34|          27|          27|
    |add_ln58_38_fu_18340_p2           |         +|   0|  0|    34|          27|          27|
    |add_ln58_40_fu_18489_p2           |         +|   0|  0|    34|          27|          27|
    |add_ln58_42_fu_18638_p2           |         +|   0|  0|    34|          27|          27|
    |add_ln58_44_fu_18787_p2           |         +|   0|  0|    34|          27|          27|
    |add_ln58_46_fu_18936_p2           |         +|   0|  0|    34|          27|          27|
    |add_ln58_48_fu_19085_p2           |         +|   0|  0|    34|          27|          27|
    |add_ln58_4_fu_15807_p2            |         +|   0|  0|    34|          27|          27|
    |add_ln58_50_fu_19234_p2           |         +|   0|  0|    34|          27|          27|
    |add_ln58_52_fu_19383_p2           |         +|   0|  0|    34|          27|          27|
    |add_ln58_54_fu_19532_p2           |         +|   0|  0|    34|          27|          27|
    |add_ln58_56_fu_19681_p2           |         +|   0|  0|    34|          27|          27|
    |add_ln58_58_fu_19830_p2           |         +|   0|  0|    34|          27|          27|
    |add_ln58_60_fu_19979_p2           |         +|   0|  0|    34|          27|          27|
    |add_ln58_62_fu_20128_p2           |         +|   0|  0|    34|          27|          27|
    |add_ln58_64_fu_20277_p2           |         +|   0|  0|    34|          27|          27|
    |add_ln58_66_fu_20426_p2           |         +|   0|  0|    34|          27|          27|
    |add_ln58_68_fu_20575_p2           |         +|   0|  0|    34|          27|          27|
    |add_ln58_6_fu_15956_p2            |         +|   0|  0|    34|          27|          27|
    |add_ln58_70_fu_20724_p2           |         +|   0|  0|    34|          27|          27|
    |add_ln58_72_fu_20873_p2           |         +|   0|  0|    34|          27|          27|
    |add_ln58_74_fu_21022_p2           |         +|   0|  0|    34|          27|          27|
    |add_ln58_76_fu_21171_p2           |         +|   0|  0|    34|          27|          27|
    |add_ln58_78_fu_21320_p2           |         +|   0|  0|    34|          27|          27|
    |add_ln58_80_fu_21469_p2           |         +|   0|  0|    34|          27|          27|
    |add_ln58_82_fu_21618_p2           |         +|   0|  0|    34|          27|          27|
    |add_ln58_84_fu_21767_p2           |         +|   0|  0|    34|          27|          27|
    |add_ln58_86_fu_21916_p2           |         +|   0|  0|    34|          27|          27|
    |add_ln58_88_fu_22065_p2           |         +|   0|  0|    34|          27|          27|
    |add_ln58_8_fu_16105_p2            |         +|   0|  0|    34|          27|          27|
    |add_ln58_90_fu_22214_p2           |         +|   0|  0|    34|          27|          27|
    |add_ln58_92_fu_22363_p2           |         +|   0|  0|    34|          27|          27|
    |add_ln58_94_fu_22512_p2           |         +|   0|  0|    34|          27|          27|
    |add_ln58_96_fu_22661_p2           |         +|   0|  0|    34|          27|          27|
    |add_ln58_98_fu_22810_p2           |         +|   0|  0|    34|          27|          27|
    |add_ln58_fu_15509_p2              |         +|   0|  0|    34|          27|          27|
    |add_ln62_fu_3873_p2               |         +|   0|  0|    17|          10|           9|
    |w_index_fu_3751_p2                |         +|   0|  0|    16|           9|           1|
    |y_101_fu_18904_p2                 |         -|   0|  0|    33|           1|          26|
    |y_103_fu_18971_p2                 |         -|   0|  0|    33|           1|          26|
    |y_105_fu_19053_p2                 |         -|   0|  0|    33|           1|          26|
    |y_107_fu_19120_p2                 |         -|   0|  0|    33|           1|          26|
    |y_109_fu_19202_p2                 |         -|   0|  0|    33|           1|          26|
    |y_111_fu_19269_p2                 |         -|   0|  0|    33|           1|          26|
    |y_113_fu_19351_p2                 |         -|   0|  0|    33|           1|          26|
    |y_115_fu_19418_p2                 |         -|   0|  0|    33|           1|          26|
    |y_117_fu_19500_p2                 |         -|   0|  0|    33|           1|          26|
    |y_119_fu_19567_p2                 |         -|   0|  0|    33|           1|          26|
    |y_11_fu_15544_p2                  |         -|   0|  0|    33|           1|          26|
    |y_121_fu_19649_p2                 |         -|   0|  0|    33|           1|          26|
    |y_123_fu_19716_p2                 |         -|   0|  0|    33|           1|          26|
    |y_125_fu_19798_p2                 |         -|   0|  0|    33|           1|          26|
    |y_127_fu_19865_p2                 |         -|   0|  0|    33|           1|          26|
    |y_129_fu_19947_p2                 |         -|   0|  0|    33|           1|          26|
    |y_131_fu_20014_p2                 |         -|   0|  0|    33|           1|          26|
    |y_133_fu_20096_p2                 |         -|   0|  0|    33|           1|          26|
    |y_135_fu_20163_p2                 |         -|   0|  0|    33|           1|          26|
    |y_137_fu_20245_p2                 |         -|   0|  0|    33|           1|          26|
    |y_139_fu_20312_p2                 |         -|   0|  0|    33|           1|          26|
    |y_13_fu_15626_p2                  |         -|   0|  0|    33|           1|          26|
    |y_141_fu_20394_p2                 |         -|   0|  0|    33|           1|          26|
    |y_143_fu_20461_p2                 |         -|   0|  0|    33|           1|          26|
    |y_145_fu_20543_p2                 |         -|   0|  0|    33|           1|          26|
    |y_147_fu_20610_p2                 |         -|   0|  0|    33|           1|          26|
    |y_149_fu_20692_p2                 |         -|   0|  0|    33|           1|          26|
    |y_151_fu_20759_p2                 |         -|   0|  0|    33|           1|          26|
    |y_153_fu_20841_p2                 |         -|   0|  0|    33|           1|          26|
    |y_155_fu_20908_p2                 |         -|   0|  0|    33|           1|          26|
    |y_157_fu_20990_p2                 |         -|   0|  0|    33|           1|          26|
    |y_159_fu_21057_p2                 |         -|   0|  0|    33|           1|          26|
    |y_15_fu_15693_p2                  |         -|   0|  0|    33|           1|          26|
    |y_161_fu_21139_p2                 |         -|   0|  0|    33|           1|          26|
    |y_163_fu_21206_p2                 |         -|   0|  0|    33|           1|          26|
    |y_165_fu_21288_p2                 |         -|   0|  0|    33|           1|          26|
    |y_167_fu_21355_p2                 |         -|   0|  0|    33|           1|          26|
    |y_169_fu_21437_p2                 |         -|   0|  0|    33|           1|          26|
    |y_171_fu_21504_p2                 |         -|   0|  0|    33|           1|          26|
    |y_173_fu_21586_p2                 |         -|   0|  0|    33|           1|          26|
    |y_175_fu_21653_p2                 |         -|   0|  0|    33|           1|          26|
    |y_177_fu_21735_p2                 |         -|   0|  0|    33|           1|          26|
    |y_179_fu_21802_p2                 |         -|   0|  0|    33|           1|          26|
    |y_17_fu_15775_p2                  |         -|   0|  0|    33|           1|          26|
    |y_181_fu_21884_p2                 |         -|   0|  0|    33|           1|          26|
    |y_183_fu_21951_p2                 |         -|   0|  0|    33|           1|          26|
    |y_185_fu_22033_p2                 |         -|   0|  0|    33|           1|          26|
    |y_187_fu_22100_p2                 |         -|   0|  0|    33|           1|          26|
    |y_189_fu_22182_p2                 |         -|   0|  0|    33|           1|          26|
    |y_191_fu_22249_p2                 |         -|   0|  0|    33|           1|          26|
    |y_193_fu_22331_p2                 |         -|   0|  0|    33|           1|          26|
    |y_195_fu_22398_p2                 |         -|   0|  0|    33|           1|          26|
    |y_197_fu_22480_p2                 |         -|   0|  0|    33|           1|          26|
    |y_199_fu_22547_p2                 |         -|   0|  0|    33|           1|          26|
    |y_19_fu_15842_p2                  |         -|   0|  0|    33|           1|          26|
    |y_201_fu_22629_p2                 |         -|   0|  0|    33|           1|          26|
    |y_203_fu_22696_p2                 |         -|   0|  0|    33|           1|          26|
    |y_205_fu_22778_p2                 |         -|   0|  0|    33|           1|          26|
    |y_207_fu_22845_p2                 |         -|   0|  0|    33|           1|          26|
    |y_209_fu_22927_p2                 |         -|   0|  0|    33|           1|          26|
    |y_211_fu_22994_p2                 |         -|   0|  0|    33|           1|          26|
    |y_213_fu_23076_p2                 |         -|   0|  0|    33|           1|          26|
    |y_215_fu_23143_p2                 |         -|   0|  0|    33|           1|          26|
    |y_217_fu_23225_p2                 |         -|   0|  0|    33|           1|          26|
    |y_219_fu_23292_p2                 |         -|   0|  0|    33|           1|          26|
    |y_21_fu_15924_p2                  |         -|   0|  0|    33|           1|          26|
    |y_221_fu_23374_p2                 |         -|   0|  0|    33|           1|          26|
    |y_223_fu_23441_p2                 |         -|   0|  0|    33|           1|          26|
    |y_225_fu_23523_p2                 |         -|   0|  0|    33|           1|          26|
    |y_227_fu_23590_p2                 |         -|   0|  0|    33|           1|          26|
    |y_229_fu_23672_p2                 |         -|   0|  0|    33|           1|          26|
    |y_231_fu_23739_p2                 |         -|   0|  0|    33|           1|          26|
    |y_233_fu_23821_p2                 |         -|   0|  0|    33|           1|          26|
    |y_235_fu_23888_p2                 |         -|   0|  0|    33|           1|          26|
    |y_237_fu_23970_p2                 |         -|   0|  0|    33|           1|          26|
    |y_239_fu_24037_p2                 |         -|   0|  0|    33|           1|          26|
    |y_23_fu_15991_p2                  |         -|   0|  0|    33|           1|          26|
    |y_241_fu_24119_p2                 |         -|   0|  0|    33|           1|          26|
    |y_243_fu_24186_p2                 |         -|   0|  0|    33|           1|          26|
    |y_245_fu_24268_p2                 |         -|   0|  0|    33|           1|          26|
    |y_247_fu_24335_p2                 |         -|   0|  0|    33|           1|          26|
    |y_249_fu_24417_p2                 |         -|   0|  0|    33|           1|          26|
    |y_251_fu_24484_p2                 |         -|   0|  0|    33|           1|          26|
    |y_253_fu_24566_p2                 |         -|   0|  0|    33|           1|          26|
    |y_255_fu_24633_p2                 |         -|   0|  0|    33|           1|          26|
    |y_257_fu_24715_p2                 |         -|   0|  0|    33|           1|          26|
    |y_259_fu_24782_p2                 |         -|   0|  0|    33|           1|          26|
    |y_25_fu_16073_p2                  |         -|   0|  0|    33|           1|          26|
    |y_261_fu_24864_p2                 |         -|   0|  0|    33|           1|          26|
    |y_263_fu_24931_p2                 |         -|   0|  0|    33|           1|          26|
    |y_265_fu_25013_p2                 |         -|   0|  0|    33|           1|          26|
    |y_267_fu_25080_p2                 |         -|   0|  0|    33|           1|          26|
    |y_269_fu_25162_p2                 |         -|   0|  0|    33|           1|          26|
    |y_271_fu_25229_p2                 |         -|   0|  0|    33|           1|          26|
    |y_273_fu_25311_p2                 |         -|   0|  0|    33|           1|          26|
    |y_275_fu_25378_p2                 |         -|   0|  0|    33|           1|          26|
    |y_277_fu_25460_p2                 |         -|   0|  0|    33|           1|          26|
    |y_279_fu_25527_p2                 |         -|   0|  0|    33|           1|          26|
    |y_27_fu_16140_p2                  |         -|   0|  0|    33|           1|          26|
    |y_281_fu_25609_p2                 |         -|   0|  0|    33|           1|          26|
    |y_283_fu_25676_p2                 |         -|   0|  0|    33|           1|          26|
    |y_285_fu_25758_p2                 |         -|   0|  0|    33|           1|          26|
    |y_287_fu_25825_p2                 |         -|   0|  0|    33|           1|          26|
    |y_289_fu_25907_p2                 |         -|   0|  0|    33|           1|          26|
    |y_291_fu_25974_p2                 |         -|   0|  0|    33|           1|          26|
    |y_293_fu_26056_p2                 |         -|   0|  0|    33|           1|          26|
    |y_295_fu_26123_p2                 |         -|   0|  0|    33|           1|          26|
    |y_297_fu_26205_p2                 |         -|   0|  0|    33|           1|          26|
    |y_299_fu_26272_p2                 |         -|   0|  0|    33|           1|          26|
    |y_29_fu_16222_p2                  |         -|   0|  0|    33|           1|          26|
    |y_301_fu_26354_p2                 |         -|   0|  0|    33|           1|          26|
    |y_303_fu_26421_p2                 |         -|   0|  0|    33|           1|          26|
    |y_305_fu_26503_p2                 |         -|   0|  0|    33|           1|          26|
    |y_307_fu_26570_p2                 |         -|   0|  0|    33|           1|          26|
    |y_309_fu_26652_p2                 |         -|   0|  0|    33|           1|          26|
    |y_311_fu_26719_p2                 |         -|   0|  0|    33|           1|          26|
    |y_313_fu_26801_p2                 |         -|   0|  0|    33|           1|          26|
    |y_315_fu_26868_p2                 |         -|   0|  0|    33|           1|          26|
    |y_317_fu_26950_p2                 |         -|   0|  0|    33|           1|          26|
    |y_319_fu_27017_p2                 |         -|   0|  0|    33|           1|          26|
    |y_31_fu_16289_p2                  |         -|   0|  0|    33|           1|          26|
    |y_321_fu_27099_p2                 |         -|   0|  0|    33|           1|          26|
    |y_323_fu_27166_p2                 |         -|   0|  0|    33|           1|          26|
    |y_325_fu_27248_p2                 |         -|   0|  0|    33|           1|          26|
    |y_327_fu_27315_p2                 |         -|   0|  0|    33|           1|          26|
    |y_329_fu_27397_p2                 |         -|   0|  0|    33|           1|          26|
    |y_331_fu_27464_p2                 |         -|   0|  0|    33|           1|          26|
    |y_333_fu_27546_p2                 |         -|   0|  0|    33|           1|          26|
    |y_335_fu_27613_p2                 |         -|   0|  0|    33|           1|          26|
    |y_337_fu_27695_p2                 |         -|   0|  0|    33|           1|          26|
    |y_339_fu_27762_p2                 |         -|   0|  0|    33|           1|          26|
    |y_33_fu_16371_p2                  |         -|   0|  0|    33|           1|          26|
    |y_341_fu_27844_p2                 |         -|   0|  0|    33|           1|          26|
    |y_343_fu_27911_p2                 |         -|   0|  0|    33|           1|          26|
    |y_345_fu_27993_p2                 |         -|   0|  0|    33|           1|          26|
    |y_347_fu_28060_p2                 |         -|   0|  0|    33|           1|          26|
    |y_349_fu_28142_p2                 |         -|   0|  0|    33|           1|          26|
    |y_351_fu_28209_p2                 |         -|   0|  0|    33|           1|          26|
    |y_353_fu_28291_p2                 |         -|   0|  0|    33|           1|          26|
    |y_355_fu_28358_p2                 |         -|   0|  0|    33|           1|          26|
    |y_357_fu_28440_p2                 |         -|   0|  0|    33|           1|          26|
    |y_359_fu_28507_p2                 |         -|   0|  0|    33|           1|          26|
    |y_35_fu_16438_p2                  |         -|   0|  0|    33|           1|          26|
    |y_361_fu_28589_p2                 |         -|   0|  0|    33|           1|          26|
    |y_363_fu_28656_p2                 |         -|   0|  0|    33|           1|          26|
    |y_365_fu_28738_p2                 |         -|   0|  0|    33|           1|          26|
    |y_367_fu_28805_p2                 |         -|   0|  0|    33|           1|          26|
    |y_369_fu_28887_p2                 |         -|   0|  0|    33|           1|          26|
    |y_371_fu_28954_p2                 |         -|   0|  0|    33|           1|          26|
    |y_373_fu_29036_p2                 |         -|   0|  0|    33|           1|          26|
    |y_375_fu_29103_p2                 |         -|   0|  0|    33|           1|          26|
    |y_377_fu_29185_p2                 |         -|   0|  0|    33|           1|          26|
    |y_379_fu_29252_p2                 |         -|   0|  0|    33|           1|          26|
    |y_37_fu_16520_p2                  |         -|   0|  0|    33|           1|          26|
    |y_381_fu_29334_p2                 |         -|   0|  0|    33|           1|          26|
    |y_383_fu_29401_p2                 |         -|   0|  0|    33|           1|          26|
    |y_385_fu_29483_p2                 |         -|   0|  0|    33|           1|          26|
    |y_387_fu_29550_p2                 |         -|   0|  0|    33|           1|          26|
    |y_389_fu_29632_p2                 |         -|   0|  0|    33|           1|          26|
    |y_391_fu_29699_p2                 |         -|   0|  0|    33|           1|          26|
    |y_393_fu_29781_p2                 |         -|   0|  0|    33|           1|          26|
    |y_395_fu_29848_p2                 |         -|   0|  0|    33|           1|          26|
    |y_397_fu_29930_p2                 |         -|   0|  0|    33|           1|          26|
    |y_399_fu_29997_p2                 |         -|   0|  0|    33|           1|          26|
    |y_39_fu_16587_p2                  |         -|   0|  0|    33|           1|          26|
    |y_401_fu_30079_p2                 |         -|   0|  0|    33|           1|          26|
    |y_403_fu_30146_p2                 |         -|   0|  0|    33|           1|          26|
    |y_405_fu_30228_p2                 |         -|   0|  0|    33|           1|          26|
    |y_407_fu_30295_p2                 |         -|   0|  0|    33|           1|          26|
    |y_409_fu_30377_p2                 |         -|   0|  0|    33|           1|          26|
    |y_411_fu_30444_p2                 |         -|   0|  0|    33|           1|          26|
    |y_413_fu_30526_p2                 |         -|   0|  0|    33|           1|          26|
    |y_415_fu_30593_p2                 |         -|   0|  0|    33|           1|          26|
    |y_417_fu_30675_p2                 |         -|   0|  0|    33|           1|          26|
    |y_419_fu_30742_p2                 |         -|   0|  0|    33|           1|          26|
    |y_41_fu_16669_p2                  |         -|   0|  0|    33|           1|          26|
    |y_421_fu_30824_p2                 |         -|   0|  0|    33|           1|          26|
    |y_423_fu_30891_p2                 |         -|   0|  0|    33|           1|          26|
    |y_425_fu_30973_p2                 |         -|   0|  0|    33|           1|          26|
    |y_427_fu_31040_p2                 |         -|   0|  0|    33|           1|          26|
    |y_429_fu_31122_p2                 |         -|   0|  0|    33|           1|          26|
    |y_431_fu_31189_p2                 |         -|   0|  0|    33|           1|          26|
    |y_433_fu_31271_p2                 |         -|   0|  0|    33|           1|          26|
    |y_435_fu_31338_p2                 |         -|   0|  0|    33|           1|          26|
    |y_437_fu_31420_p2                 |         -|   0|  0|    33|           1|          26|
    |y_439_fu_31487_p2                 |         -|   0|  0|    33|           1|          26|
    |y_43_fu_16736_p2                  |         -|   0|  0|    33|           1|          26|
    |y_441_fu_31569_p2                 |         -|   0|  0|    33|           1|          26|
    |y_443_fu_31636_p2                 |         -|   0|  0|    33|           1|          26|
    |y_445_fu_31718_p2                 |         -|   0|  0|    33|           1|          26|
    |y_447_fu_31785_p2                 |         -|   0|  0|    33|           1|          26|
    |y_449_fu_31867_p2                 |         -|   0|  0|    33|           1|          26|
    |y_451_fu_31934_p2                 |         -|   0|  0|    33|           1|          26|
    |y_453_fu_32016_p2                 |         -|   0|  0|    33|           1|          26|
    |y_455_fu_32083_p2                 |         -|   0|  0|    33|           1|          26|
    |y_457_fu_32165_p2                 |         -|   0|  0|    33|           1|          26|
    |y_459_fu_32232_p2                 |         -|   0|  0|    33|           1|          26|
    |y_45_fu_16818_p2                  |         -|   0|  0|    33|           1|          26|
    |y_461_fu_32314_p2                 |         -|   0|  0|    33|           1|          26|
    |y_463_fu_32381_p2                 |         -|   0|  0|    33|           1|          26|
    |y_465_fu_32463_p2                 |         -|   0|  0|    33|           1|          26|
    |y_467_fu_32530_p2                 |         -|   0|  0|    33|           1|          26|
    |y_469_fu_32612_p2                 |         -|   0|  0|    33|           1|          26|
    |y_471_fu_32679_p2                 |         -|   0|  0|    33|           1|          26|
    |y_473_fu_32761_p2                 |         -|   0|  0|    33|           1|          26|
    |y_475_fu_32828_p2                 |         -|   0|  0|    33|           1|          26|
    |y_477_fu_32910_p2                 |         -|   0|  0|    33|           1|          26|
    |y_479_fu_32977_p2                 |         -|   0|  0|    33|           1|          26|
    |y_47_fu_16885_p2                  |         -|   0|  0|    33|           1|          26|
    |y_481_fu_33059_p2                 |         -|   0|  0|    33|           1|          26|
    |y_483_fu_33126_p2                 |         -|   0|  0|    33|           1|          26|
    |y_485_fu_33208_p2                 |         -|   0|  0|    33|           1|          26|
    |y_487_fu_33275_p2                 |         -|   0|  0|    33|           1|          26|
    |y_489_fu_33357_p2                 |         -|   0|  0|    33|           1|          26|
    |y_491_fu_33424_p2                 |         -|   0|  0|    33|           1|          26|
    |y_493_fu_33506_p2                 |         -|   0|  0|    33|           1|          26|
    |y_495_fu_33573_p2                 |         -|   0|  0|    33|           1|          26|
    |y_497_fu_33655_p2                 |         -|   0|  0|    33|           1|          26|
    |y_499_fu_33722_p2                 |         -|   0|  0|    33|           1|          26|
    |y_49_fu_16967_p2                  |         -|   0|  0|    33|           1|          26|
    |y_4_fu_15370_p2                   |         -|   0|  0|    33|           1|          26|
    |y_501_fu_33804_p2                 |         -|   0|  0|    33|           1|          26|
    |y_503_fu_33871_p2                 |         -|   0|  0|    33|           1|          26|
    |y_505_fu_33953_p2                 |         -|   0|  0|    33|           1|          26|
    |y_507_fu_34020_p2                 |         -|   0|  0|    33|           1|          26|
    |y_509_fu_34102_p2                 |         -|   0|  0|    33|           1|          26|
    |y_511_fu_34169_p2                 |         -|   0|  0|    33|           1|          26|
    |y_513_fu_34251_p2                 |         -|   0|  0|    33|           1|          26|
    |y_515_fu_34318_p2                 |         -|   0|  0|    33|           1|          26|
    |y_517_fu_34400_p2                 |         -|   0|  0|    33|           1|          26|
    |y_51_fu_17034_p2                  |         -|   0|  0|    33|           1|          26|
    |y_53_fu_17116_p2                  |         -|   0|  0|    33|           1|          26|
    |y_55_fu_17183_p2                  |         -|   0|  0|    33|           1|          26|
    |y_57_fu_17265_p2                  |         -|   0|  0|    33|           1|          26|
    |y_59_fu_17332_p2                  |         -|   0|  0|    33|           1|          26|
    |y_61_fu_17414_p2                  |         -|   0|  0|    33|           1|          26|
    |y_63_fu_17481_p2                  |         -|   0|  0|    33|           1|          26|
    |y_65_fu_17563_p2                  |         -|   0|  0|    33|           1|          26|
    |y_67_fu_17630_p2                  |         -|   0|  0|    33|           1|          26|
    |y_69_fu_17712_p2                  |         -|   0|  0|    33|           1|          26|
    |y_71_fu_17779_p2                  |         -|   0|  0|    33|           1|          26|
    |y_73_fu_17861_p2                  |         -|   0|  0|    33|           1|          26|
    |y_75_fu_17928_p2                  |         -|   0|  0|    33|           1|          26|
    |y_77_fu_18010_p2                  |         -|   0|  0|    33|           1|          26|
    |y_79_fu_18077_p2                  |         -|   0|  0|    33|           1|          26|
    |y_81_fu_18159_p2                  |         -|   0|  0|    33|           1|          26|
    |y_83_fu_18226_p2                  |         -|   0|  0|    33|           1|          26|
    |y_85_fu_18308_p2                  |         -|   0|  0|    33|           1|          26|
    |y_87_fu_18375_p2                  |         -|   0|  0|    33|           1|          26|
    |y_89_fu_18457_p2                  |         -|   0|  0|    33|           1|          26|
    |y_91_fu_18524_p2                  |         -|   0|  0|    33|           1|          26|
    |y_93_fu_18606_p2                  |         -|   0|  0|    33|           1|          26|
    |y_95_fu_18673_p2                  |         -|   0|  0|    33|           1|          26|
    |y_97_fu_18755_p2                  |         -|   0|  0|    33|           1|          26|
    |y_99_fu_18822_p2                  |         -|   0|  0|    33|           1|          26|
    |y_9_fu_15477_p2                   |         -|   0|  0|    33|           1|          26|
    |and_ln47_100_fu_22859_p2          |       and|   0|  0|     2|           1|           1|
    |and_ln47_101_fu_22941_p2          |       and|   0|  0|     2|           1|           1|
    |and_ln47_102_fu_23008_p2          |       and|   0|  0|     2|           1|           1|
    |and_ln47_103_fu_23090_p2          |       and|   0|  0|     2|           1|           1|
    |and_ln47_104_fu_23157_p2          |       and|   0|  0|     2|           1|           1|
    |and_ln47_105_fu_23239_p2          |       and|   0|  0|     2|           1|           1|
    |and_ln47_106_fu_23306_p2          |       and|   0|  0|     2|           1|           1|
    |and_ln47_107_fu_23388_p2          |       and|   0|  0|     2|           1|           1|
    |and_ln47_108_fu_23455_p2          |       and|   0|  0|     2|           1|           1|
    |and_ln47_109_fu_23537_p2          |       and|   0|  0|     2|           1|           1|
    |and_ln47_10_fu_16154_p2           |       and|   0|  0|     2|           1|           1|
    |and_ln47_110_fu_23604_p2          |       and|   0|  0|     2|           1|           1|
    |and_ln47_111_fu_23686_p2          |       and|   0|  0|     2|           1|           1|
    |and_ln47_112_fu_23753_p2          |       and|   0|  0|     2|           1|           1|
    |and_ln47_113_fu_23835_p2          |       and|   0|  0|     2|           1|           1|
    |and_ln47_114_fu_23902_p2          |       and|   0|  0|     2|           1|           1|
    |and_ln47_115_fu_23984_p2          |       and|   0|  0|     2|           1|           1|
    |and_ln47_116_fu_24051_p2          |       and|   0|  0|     2|           1|           1|
    |and_ln47_117_fu_24133_p2          |       and|   0|  0|     2|           1|           1|
    |and_ln47_118_fu_24200_p2          |       and|   0|  0|     2|           1|           1|
    |and_ln47_119_fu_24282_p2          |       and|   0|  0|     2|           1|           1|
    |and_ln47_11_fu_16236_p2           |       and|   0|  0|     2|           1|           1|
    |and_ln47_120_fu_24349_p2          |       and|   0|  0|     2|           1|           1|
    |and_ln47_121_fu_24431_p2          |       and|   0|  0|     2|           1|           1|
    |and_ln47_122_fu_24498_p2          |       and|   0|  0|     2|           1|           1|
    |and_ln47_123_fu_24580_p2          |       and|   0|  0|     2|           1|           1|
    |and_ln47_124_fu_24647_p2          |       and|   0|  0|     2|           1|           1|
    |and_ln47_125_fu_24729_p2          |       and|   0|  0|     2|           1|           1|
    |and_ln47_126_fu_24796_p2          |       and|   0|  0|     2|           1|           1|
    |and_ln47_127_fu_24878_p2          |       and|   0|  0|     2|           1|           1|
    |and_ln47_128_fu_24945_p2          |       and|   0|  0|     2|           1|           1|
    |and_ln47_129_fu_25027_p2          |       and|   0|  0|     2|           1|           1|
    |and_ln47_12_fu_16303_p2           |       and|   0|  0|     2|           1|           1|
    |and_ln47_130_fu_25094_p2          |       and|   0|  0|     2|           1|           1|
    |and_ln47_131_fu_25176_p2          |       and|   0|  0|     2|           1|           1|
    |and_ln47_132_fu_25243_p2          |       and|   0|  0|     2|           1|           1|
    |and_ln47_133_fu_25325_p2          |       and|   0|  0|     2|           1|           1|
    |and_ln47_134_fu_25392_p2          |       and|   0|  0|     2|           1|           1|
    |and_ln47_135_fu_25474_p2          |       and|   0|  0|     2|           1|           1|
    |and_ln47_136_fu_25541_p2          |       and|   0|  0|     2|           1|           1|
    |and_ln47_137_fu_25623_p2          |       and|   0|  0|     2|           1|           1|
    |and_ln47_138_fu_25690_p2          |       and|   0|  0|     2|           1|           1|
    |and_ln47_139_fu_25772_p2          |       and|   0|  0|     2|           1|           1|
    |and_ln47_13_fu_16385_p2           |       and|   0|  0|     2|           1|           1|
    |and_ln47_140_fu_25839_p2          |       and|   0|  0|     2|           1|           1|
    |and_ln47_141_fu_25921_p2          |       and|   0|  0|     2|           1|           1|
    |and_ln47_142_fu_25988_p2          |       and|   0|  0|     2|           1|           1|
    |and_ln47_143_fu_26070_p2          |       and|   0|  0|     2|           1|           1|
    |and_ln47_144_fu_26137_p2          |       and|   0|  0|     2|           1|           1|
    |and_ln47_145_fu_26219_p2          |       and|   0|  0|     2|           1|           1|
    |and_ln47_146_fu_26286_p2          |       and|   0|  0|     2|           1|           1|
    |and_ln47_147_fu_26368_p2          |       and|   0|  0|     2|           1|           1|
    |and_ln47_148_fu_26435_p2          |       and|   0|  0|     2|           1|           1|
    |and_ln47_149_fu_26517_p2          |       and|   0|  0|     2|           1|           1|
    |and_ln47_14_fu_16452_p2           |       and|   0|  0|     2|           1|           1|
    |and_ln47_150_fu_26584_p2          |       and|   0|  0|     2|           1|           1|
    |and_ln47_151_fu_26666_p2          |       and|   0|  0|     2|           1|           1|
    |and_ln47_152_fu_26733_p2          |       and|   0|  0|     2|           1|           1|
    |and_ln47_153_fu_26815_p2          |       and|   0|  0|     2|           1|           1|
    |and_ln47_154_fu_26882_p2          |       and|   0|  0|     2|           1|           1|
    |and_ln47_155_fu_26964_p2          |       and|   0|  0|     2|           1|           1|
    |and_ln47_156_fu_27031_p2          |       and|   0|  0|     2|           1|           1|
    |and_ln47_157_fu_27113_p2          |       and|   0|  0|     2|           1|           1|
    |and_ln47_158_fu_27180_p2          |       and|   0|  0|     2|           1|           1|
    |and_ln47_159_fu_27262_p2          |       and|   0|  0|     2|           1|           1|
    |and_ln47_15_fu_16534_p2           |       and|   0|  0|     2|           1|           1|
    |and_ln47_160_fu_27329_p2          |       and|   0|  0|     2|           1|           1|
    |and_ln47_161_fu_27411_p2          |       and|   0|  0|     2|           1|           1|
    |and_ln47_162_fu_27478_p2          |       and|   0|  0|     2|           1|           1|
    |and_ln47_163_fu_27560_p2          |       and|   0|  0|     2|           1|           1|
    |and_ln47_164_fu_27627_p2          |       and|   0|  0|     2|           1|           1|
    |and_ln47_165_fu_27709_p2          |       and|   0|  0|     2|           1|           1|
    |and_ln47_166_fu_27776_p2          |       and|   0|  0|     2|           1|           1|
    |and_ln47_167_fu_27858_p2          |       and|   0|  0|     2|           1|           1|
    |and_ln47_168_fu_27925_p2          |       and|   0|  0|     2|           1|           1|
    |and_ln47_169_fu_28007_p2          |       and|   0|  0|     2|           1|           1|
    |and_ln47_16_fu_16601_p2           |       and|   0|  0|     2|           1|           1|
    |and_ln47_170_fu_28074_p2          |       and|   0|  0|     2|           1|           1|
    |and_ln47_171_fu_28156_p2          |       and|   0|  0|     2|           1|           1|
    |and_ln47_172_fu_28223_p2          |       and|   0|  0|     2|           1|           1|
    |and_ln47_173_fu_28305_p2          |       and|   0|  0|     2|           1|           1|
    |and_ln47_174_fu_28372_p2          |       and|   0|  0|     2|           1|           1|
    |and_ln47_175_fu_28454_p2          |       and|   0|  0|     2|           1|           1|
    |and_ln47_176_fu_28521_p2          |       and|   0|  0|     2|           1|           1|
    |and_ln47_177_fu_28603_p2          |       and|   0|  0|     2|           1|           1|
    |and_ln47_178_fu_28670_p2          |       and|   0|  0|     2|           1|           1|
    |and_ln47_179_fu_28752_p2          |       and|   0|  0|     2|           1|           1|
    |and_ln47_17_fu_16683_p2           |       and|   0|  0|     2|           1|           1|
    |and_ln47_180_fu_28819_p2          |       and|   0|  0|     2|           1|           1|
    |and_ln47_181_fu_28901_p2          |       and|   0|  0|     2|           1|           1|
    |and_ln47_182_fu_28968_p2          |       and|   0|  0|     2|           1|           1|
    |and_ln47_183_fu_29050_p2          |       and|   0|  0|     2|           1|           1|
    |and_ln47_184_fu_29117_p2          |       and|   0|  0|     2|           1|           1|
    |and_ln47_185_fu_29199_p2          |       and|   0|  0|     2|           1|           1|
    |and_ln47_186_fu_29266_p2          |       and|   0|  0|     2|           1|           1|
    |and_ln47_187_fu_29348_p2          |       and|   0|  0|     2|           1|           1|
    |and_ln47_188_fu_29415_p2          |       and|   0|  0|     2|           1|           1|
    |and_ln47_189_fu_29497_p2          |       and|   0|  0|     2|           1|           1|
    |and_ln47_18_fu_16750_p2           |       and|   0|  0|     2|           1|           1|
    |and_ln47_190_fu_29564_p2          |       and|   0|  0|     2|           1|           1|
    |and_ln47_191_fu_29646_p2          |       and|   0|  0|     2|           1|           1|
    |and_ln47_192_fu_29713_p2          |       and|   0|  0|     2|           1|           1|
    |and_ln47_193_fu_29795_p2          |       and|   0|  0|     2|           1|           1|
    |and_ln47_194_fu_29862_p2          |       and|   0|  0|     2|           1|           1|
    |and_ln47_195_fu_29944_p2          |       and|   0|  0|     2|           1|           1|
    |and_ln47_196_fu_30011_p2          |       and|   0|  0|     2|           1|           1|
    |and_ln47_197_fu_30093_p2          |       and|   0|  0|     2|           1|           1|
    |and_ln47_198_fu_30160_p2          |       and|   0|  0|     2|           1|           1|
    |and_ln47_199_fu_30242_p2          |       and|   0|  0|     2|           1|           1|
    |and_ln47_19_fu_16832_p2           |       and|   0|  0|     2|           1|           1|
    |and_ln47_1_fu_15491_p2            |       and|   0|  0|     2|           1|           1|
    |and_ln47_200_fu_30309_p2          |       and|   0|  0|     2|           1|           1|
    |and_ln47_201_fu_30391_p2          |       and|   0|  0|     2|           1|           1|
    |and_ln47_202_fu_30458_p2          |       and|   0|  0|     2|           1|           1|
    |and_ln47_203_fu_30540_p2          |       and|   0|  0|     2|           1|           1|
    |and_ln47_204_fu_30607_p2          |       and|   0|  0|     2|           1|           1|
    |and_ln47_205_fu_30689_p2          |       and|   0|  0|     2|           1|           1|
    |and_ln47_206_fu_30756_p2          |       and|   0|  0|     2|           1|           1|
    |and_ln47_207_fu_30838_p2          |       and|   0|  0|     2|           1|           1|
    |and_ln47_208_fu_30905_p2          |       and|   0|  0|     2|           1|           1|
    |and_ln47_209_fu_30987_p2          |       and|   0|  0|     2|           1|           1|
    |and_ln47_20_fu_16899_p2           |       and|   0|  0|     2|           1|           1|
    |and_ln47_210_fu_31054_p2          |       and|   0|  0|     2|           1|           1|
    |and_ln47_211_fu_31136_p2          |       and|   0|  0|     2|           1|           1|
    |and_ln47_212_fu_31203_p2          |       and|   0|  0|     2|           1|           1|
    |and_ln47_213_fu_31285_p2          |       and|   0|  0|     2|           1|           1|
    |and_ln47_214_fu_31352_p2          |       and|   0|  0|     2|           1|           1|
    |and_ln47_215_fu_31434_p2          |       and|   0|  0|     2|           1|           1|
    |and_ln47_216_fu_31501_p2          |       and|   0|  0|     2|           1|           1|
    |and_ln47_217_fu_31583_p2          |       and|   0|  0|     2|           1|           1|
    |and_ln47_218_fu_31650_p2          |       and|   0|  0|     2|           1|           1|
    |and_ln47_219_fu_31732_p2          |       and|   0|  0|     2|           1|           1|
    |and_ln47_21_fu_16981_p2           |       and|   0|  0|     2|           1|           1|
    |and_ln47_220_fu_31799_p2          |       and|   0|  0|     2|           1|           1|
    |and_ln47_221_fu_31881_p2          |       and|   0|  0|     2|           1|           1|
    |and_ln47_222_fu_31948_p2          |       and|   0|  0|     2|           1|           1|
    |and_ln47_223_fu_32030_p2          |       and|   0|  0|     2|           1|           1|
    |and_ln47_224_fu_32097_p2          |       and|   0|  0|     2|           1|           1|
    |and_ln47_225_fu_32179_p2          |       and|   0|  0|     2|           1|           1|
    |and_ln47_226_fu_32246_p2          |       and|   0|  0|     2|           1|           1|
    |and_ln47_227_fu_32328_p2          |       and|   0|  0|     2|           1|           1|
    |and_ln47_228_fu_32395_p2          |       and|   0|  0|     2|           1|           1|
    |and_ln47_229_fu_32477_p2          |       and|   0|  0|     2|           1|           1|
    |and_ln47_22_fu_17048_p2           |       and|   0|  0|     2|           1|           1|
    |and_ln47_230_fu_32544_p2          |       and|   0|  0|     2|           1|           1|
    |and_ln47_231_fu_32626_p2          |       and|   0|  0|     2|           1|           1|
    |and_ln47_232_fu_32693_p2          |       and|   0|  0|     2|           1|           1|
    |and_ln47_233_fu_32775_p2          |       and|   0|  0|     2|           1|           1|
    |and_ln47_234_fu_32842_p2          |       and|   0|  0|     2|           1|           1|
    |and_ln47_235_fu_32924_p2          |       and|   0|  0|     2|           1|           1|
    |and_ln47_236_fu_32991_p2          |       and|   0|  0|     2|           1|           1|
    |and_ln47_237_fu_33073_p2          |       and|   0|  0|     2|           1|           1|
    |and_ln47_238_fu_33140_p2          |       and|   0|  0|     2|           1|           1|
    |and_ln47_239_fu_33222_p2          |       and|   0|  0|     2|           1|           1|
    |and_ln47_23_fu_17130_p2           |       and|   0|  0|     2|           1|           1|
    |and_ln47_240_fu_33289_p2          |       and|   0|  0|     2|           1|           1|
    |and_ln47_241_fu_33371_p2          |       and|   0|  0|     2|           1|           1|
    |and_ln47_242_fu_33438_p2          |       and|   0|  0|     2|           1|           1|
    |and_ln47_243_fu_33520_p2          |       and|   0|  0|     2|           1|           1|
    |and_ln47_244_fu_33587_p2          |       and|   0|  0|     2|           1|           1|
    |and_ln47_245_fu_33669_p2          |       and|   0|  0|     2|           1|           1|
    |and_ln47_246_fu_33736_p2          |       and|   0|  0|     2|           1|           1|
    |and_ln47_247_fu_33818_p2          |       and|   0|  0|     2|           1|           1|
    |and_ln47_248_fu_33885_p2          |       and|   0|  0|     2|           1|           1|
    |and_ln47_249_fu_33967_p2          |       and|   0|  0|     2|           1|           1|
    |and_ln47_24_fu_17197_p2           |       and|   0|  0|     2|           1|           1|
    |and_ln47_250_fu_34034_p2          |       and|   0|  0|     2|           1|           1|
    |and_ln47_251_fu_34116_p2          |       and|   0|  0|     2|           1|           1|
    |and_ln47_252_fu_34183_p2          |       and|   0|  0|     2|           1|           1|
    |and_ln47_253_fu_34265_p2          |       and|   0|  0|     2|           1|           1|
    |and_ln47_254_fu_34332_p2          |       and|   0|  0|     2|           1|           1|
    |and_ln47_255_fu_34414_p2          |       and|   0|  0|     2|           1|           1|
    |and_ln47_25_fu_17279_p2           |       and|   0|  0|     2|           1|           1|
    |and_ln47_26_fu_17346_p2           |       and|   0|  0|     2|           1|           1|
    |and_ln47_27_fu_17428_p2           |       and|   0|  0|     2|           1|           1|
    |and_ln47_28_fu_17495_p2           |       and|   0|  0|     2|           1|           1|
    |and_ln47_29_fu_17577_p2           |       and|   0|  0|     2|           1|           1|
    |and_ln47_2_fu_15558_p2            |       and|   0|  0|     2|           1|           1|
    |and_ln47_30_fu_17644_p2           |       and|   0|  0|     2|           1|           1|
    |and_ln47_31_fu_17726_p2           |       and|   0|  0|     2|           1|           1|
    |and_ln47_32_fu_17793_p2           |       and|   0|  0|     2|           1|           1|
    |and_ln47_33_fu_17875_p2           |       and|   0|  0|     2|           1|           1|
    |and_ln47_34_fu_17942_p2           |       and|   0|  0|     2|           1|           1|
    |and_ln47_35_fu_18024_p2           |       and|   0|  0|     2|           1|           1|
    |and_ln47_36_fu_18091_p2           |       and|   0|  0|     2|           1|           1|
    |and_ln47_37_fu_18173_p2           |       and|   0|  0|     2|           1|           1|
    |and_ln47_38_fu_18240_p2           |       and|   0|  0|     2|           1|           1|
    |and_ln47_39_fu_18322_p2           |       and|   0|  0|     2|           1|           1|
    |and_ln47_3_fu_15640_p2            |       and|   0|  0|     2|           1|           1|
    |and_ln47_40_fu_18389_p2           |       and|   0|  0|     2|           1|           1|
    |and_ln47_41_fu_18471_p2           |       and|   0|  0|     2|           1|           1|
    |and_ln47_42_fu_18538_p2           |       and|   0|  0|     2|           1|           1|
    |and_ln47_43_fu_18620_p2           |       and|   0|  0|     2|           1|           1|
    |and_ln47_44_fu_18687_p2           |       and|   0|  0|     2|           1|           1|
    |and_ln47_45_fu_18769_p2           |       and|   0|  0|     2|           1|           1|
    |and_ln47_46_fu_18836_p2           |       and|   0|  0|     2|           1|           1|
    |and_ln47_47_fu_18918_p2           |       and|   0|  0|     2|           1|           1|
    |and_ln47_48_fu_18985_p2           |       and|   0|  0|     2|           1|           1|
    |and_ln47_49_fu_19067_p2           |       and|   0|  0|     2|           1|           1|
    |and_ln47_4_fu_15707_p2            |       and|   0|  0|     2|           1|           1|
    |and_ln47_50_fu_19134_p2           |       and|   0|  0|     2|           1|           1|
    |and_ln47_51_fu_19216_p2           |       and|   0|  0|     2|           1|           1|
    |and_ln47_52_fu_19283_p2           |       and|   0|  0|     2|           1|           1|
    |and_ln47_53_fu_19365_p2           |       and|   0|  0|     2|           1|           1|
    |and_ln47_54_fu_19432_p2           |       and|   0|  0|     2|           1|           1|
    |and_ln47_55_fu_19514_p2           |       and|   0|  0|     2|           1|           1|
    |and_ln47_56_fu_19581_p2           |       and|   0|  0|     2|           1|           1|
    |and_ln47_57_fu_19663_p2           |       and|   0|  0|     2|           1|           1|
    |and_ln47_58_fu_19730_p2           |       and|   0|  0|     2|           1|           1|
    |and_ln47_59_fu_19812_p2           |       and|   0|  0|     2|           1|           1|
    |and_ln47_5_fu_15789_p2            |       and|   0|  0|     2|           1|           1|
    |and_ln47_60_fu_19879_p2           |       and|   0|  0|     2|           1|           1|
    |and_ln47_61_fu_19961_p2           |       and|   0|  0|     2|           1|           1|
    |and_ln47_62_fu_20028_p2           |       and|   0|  0|     2|           1|           1|
    |and_ln47_63_fu_20110_p2           |       and|   0|  0|     2|           1|           1|
    |and_ln47_64_fu_20177_p2           |       and|   0|  0|     2|           1|           1|
    |and_ln47_65_fu_20259_p2           |       and|   0|  0|     2|           1|           1|
    |and_ln47_66_fu_20326_p2           |       and|   0|  0|     2|           1|           1|
    |and_ln47_67_fu_20408_p2           |       and|   0|  0|     2|           1|           1|
    |and_ln47_68_fu_20475_p2           |       and|   0|  0|     2|           1|           1|
    |and_ln47_69_fu_20557_p2           |       and|   0|  0|     2|           1|           1|
    |and_ln47_6_fu_15856_p2            |       and|   0|  0|     2|           1|           1|
    |and_ln47_70_fu_20624_p2           |       and|   0|  0|     2|           1|           1|
    |and_ln47_71_fu_20706_p2           |       and|   0|  0|     2|           1|           1|
    |and_ln47_72_fu_20773_p2           |       and|   0|  0|     2|           1|           1|
    |and_ln47_73_fu_20855_p2           |       and|   0|  0|     2|           1|           1|
    |and_ln47_74_fu_20922_p2           |       and|   0|  0|     2|           1|           1|
    |and_ln47_75_fu_21004_p2           |       and|   0|  0|     2|           1|           1|
    |and_ln47_76_fu_21071_p2           |       and|   0|  0|     2|           1|           1|
    |and_ln47_77_fu_21153_p2           |       and|   0|  0|     2|           1|           1|
    |and_ln47_78_fu_21220_p2           |       and|   0|  0|     2|           1|           1|
    |and_ln47_79_fu_21302_p2           |       and|   0|  0|     2|           1|           1|
    |and_ln47_7_fu_15938_p2            |       and|   0|  0|     2|           1|           1|
    |and_ln47_80_fu_21369_p2           |       and|   0|  0|     2|           1|           1|
    |and_ln47_81_fu_21451_p2           |       and|   0|  0|     2|           1|           1|
    |and_ln47_82_fu_21518_p2           |       and|   0|  0|     2|           1|           1|
    |and_ln47_83_fu_21600_p2           |       and|   0|  0|     2|           1|           1|
    |and_ln47_84_fu_21667_p2           |       and|   0|  0|     2|           1|           1|
    |and_ln47_85_fu_21749_p2           |       and|   0|  0|     2|           1|           1|
    |and_ln47_86_fu_21816_p2           |       and|   0|  0|     2|           1|           1|
    |and_ln47_87_fu_21898_p2           |       and|   0|  0|     2|           1|           1|
    |and_ln47_88_fu_21965_p2           |       and|   0|  0|     2|           1|           1|
    |and_ln47_89_fu_22047_p2           |       and|   0|  0|     2|           1|           1|
    |and_ln47_8_fu_16005_p2            |       and|   0|  0|     2|           1|           1|
    |and_ln47_90_fu_22114_p2           |       and|   0|  0|     2|           1|           1|
    |and_ln47_91_fu_22196_p2           |       and|   0|  0|     2|           1|           1|
    |and_ln47_92_fu_22263_p2           |       and|   0|  0|     2|           1|           1|
    |and_ln47_93_fu_22345_p2           |       and|   0|  0|     2|           1|           1|
    |and_ln47_94_fu_22412_p2           |       and|   0|  0|     2|           1|           1|
    |and_ln47_95_fu_22494_p2           |       and|   0|  0|     2|           1|           1|
    |and_ln47_96_fu_22561_p2           |       and|   0|  0|     2|           1|           1|
    |and_ln47_97_fu_22643_p2           |       and|   0|  0|     2|           1|           1|
    |and_ln47_98_fu_22710_p2           |       and|   0|  0|     2|           1|           1|
    |and_ln47_99_fu_22792_p2           |       and|   0|  0|     2|           1|           1|
    |and_ln47_9_fu_16087_p2            |       and|   0|  0|     2|           1|           1|
    |and_ln47_fu_15384_p2              |       and|   0|  0|     2|           1|           1|
    |ap_block_state2_pp0_stage0_iter0  |       and|   0|  0|     2|           1|           1|
    |ap_condition_1793                 |       and|   0|  0|     2|           1|           1|
    |ap_condition_1796                 |       and|   0|  0|     2|           1|           1|
    |ap_condition_52                   |       and|   0|  0|     2|           1|           1|
    |icmp_ln26_100_fu_5357_p2          |      icmp|   0|  0|    12|           4|           3|
    |icmp_ln26_101_fu_5363_p2          |      icmp|   0|  0|    12|           4|           3|
    |icmp_ln26_102_fu_5379_p2          |      icmp|   0|  0|    12|           4|           2|
    |icmp_ln26_103_fu_5385_p2          |      icmp|   0|  0|    12|           4|           3|
    |icmp_ln26_104_fu_5391_p2          |      icmp|   0|  0|    12|           4|           3|
    |icmp_ln26_105_fu_5441_p2          |      icmp|   0|  0|    12|           4|           2|
    |icmp_ln26_106_fu_5447_p2          |      icmp|   0|  0|    12|           4|           3|
    |icmp_ln26_107_fu_5453_p2          |      icmp|   0|  0|    12|           4|           3|
    |icmp_ln26_108_fu_5469_p2          |      icmp|   0|  0|    12|           4|           2|
    |icmp_ln26_109_fu_5475_p2          |      icmp|   0|  0|    12|           4|           3|
    |icmp_ln26_10_fu_4007_p2           |      icmp|   0|  0|    12|           4|           3|
    |icmp_ln26_110_fu_5481_p2          |      icmp|   0|  0|    12|           4|           3|
    |icmp_ln26_111_fu_5531_p2          |      icmp|   0|  0|    12|           4|           2|
    |icmp_ln26_112_fu_5537_p2          |      icmp|   0|  0|    12|           4|           3|
    |icmp_ln26_113_fu_5543_p2          |      icmp|   0|  0|    12|           4|           3|
    |icmp_ln26_114_fu_5559_p2          |      icmp|   0|  0|    12|           4|           2|
    |icmp_ln26_115_fu_5565_p2          |      icmp|   0|  0|    12|           4|           3|
    |icmp_ln26_116_fu_5571_p2          |      icmp|   0|  0|    12|           4|           3|
    |icmp_ln26_117_fu_5621_p2          |      icmp|   0|  0|    12|           4|           2|
    |icmp_ln26_118_fu_5627_p2          |      icmp|   0|  0|    12|           4|           3|
    |icmp_ln26_119_fu_5633_p2          |      icmp|   0|  0|    12|           4|           3|
    |icmp_ln26_11_fu_4013_p2           |      icmp|   0|  0|    12|           4|           3|
    |icmp_ln26_120_fu_5649_p2          |      icmp|   0|  0|    12|           4|           2|
    |icmp_ln26_121_fu_5655_p2          |      icmp|   0|  0|    12|           4|           3|
    |icmp_ln26_122_fu_5661_p2          |      icmp|   0|  0|    12|           4|           3|
    |icmp_ln26_123_fu_5711_p2          |      icmp|   0|  0|    12|           4|           2|
    |icmp_ln26_124_fu_5717_p2          |      icmp|   0|  0|    12|           4|           3|
    |icmp_ln26_125_fu_5723_p2          |      icmp|   0|  0|    12|           4|           3|
    |icmp_ln26_126_fu_5739_p2          |      icmp|   0|  0|    12|           4|           2|
    |icmp_ln26_127_fu_5745_p2          |      icmp|   0|  0|    12|           4|           3|
    |icmp_ln26_128_fu_5751_p2          |      icmp|   0|  0|    12|           4|           3|
    |icmp_ln26_129_fu_5801_p2          |      icmp|   0|  0|    12|           4|           2|
    |icmp_ln26_12_fu_4029_p2           |      icmp|   0|  0|    12|           4|           2|
    |icmp_ln26_130_fu_5807_p2          |      icmp|   0|  0|    12|           4|           3|
    |icmp_ln26_131_fu_5813_p2          |      icmp|   0|  0|    12|           4|           3|
    |icmp_ln26_132_fu_5829_p2          |      icmp|   0|  0|    12|           4|           2|
    |icmp_ln26_133_fu_5835_p2          |      icmp|   0|  0|    12|           4|           3|
    |icmp_ln26_134_fu_5841_p2          |      icmp|   0|  0|    12|           4|           3|
    |icmp_ln26_135_fu_5891_p2          |      icmp|   0|  0|    12|           4|           2|
    |icmp_ln26_136_fu_5897_p2          |      icmp|   0|  0|    12|           4|           3|
    |icmp_ln26_137_fu_5903_p2          |      icmp|   0|  0|    12|           4|           3|
    |icmp_ln26_138_fu_5919_p2          |      icmp|   0|  0|    12|           4|           2|
    |icmp_ln26_139_fu_5925_p2          |      icmp|   0|  0|    12|           4|           3|
    |icmp_ln26_13_fu_4035_p2           |      icmp|   0|  0|    12|           4|           3|
    |icmp_ln26_140_fu_5931_p2          |      icmp|   0|  0|    12|           4|           3|
    |icmp_ln26_141_fu_5981_p2          |      icmp|   0|  0|    12|           4|           2|
    |icmp_ln26_142_fu_5987_p2          |      icmp|   0|  0|    12|           4|           3|
    |icmp_ln26_143_fu_5993_p2          |      icmp|   0|  0|    12|           4|           3|
    |icmp_ln26_144_fu_6009_p2          |      icmp|   0|  0|    12|           4|           2|
    |icmp_ln26_145_fu_6015_p2          |      icmp|   0|  0|    12|           4|           3|
    |icmp_ln26_146_fu_6021_p2          |      icmp|   0|  0|    12|           4|           3|
    |icmp_ln26_147_fu_6071_p2          |      icmp|   0|  0|    12|           4|           2|
    |icmp_ln26_148_fu_6077_p2          |      icmp|   0|  0|    12|           4|           3|
    |icmp_ln26_149_fu_6083_p2          |      icmp|   0|  0|    12|           4|           3|
    |icmp_ln26_14_fu_4041_p2           |      icmp|   0|  0|    12|           4|           3|
    |icmp_ln26_150_fu_6099_p2          |      icmp|   0|  0|    12|           4|           2|
    |icmp_ln26_151_fu_6105_p2          |      icmp|   0|  0|    12|           4|           3|
    |icmp_ln26_152_fu_6111_p2          |      icmp|   0|  0|    12|           4|           3|
    |icmp_ln26_153_fu_6161_p2          |      icmp|   0|  0|    12|           4|           2|
    |icmp_ln26_154_fu_6167_p2          |      icmp|   0|  0|    12|           4|           3|
    |icmp_ln26_155_fu_6173_p2          |      icmp|   0|  0|    12|           4|           3|
    |icmp_ln26_156_fu_6189_p2          |      icmp|   0|  0|    12|           4|           2|
    |icmp_ln26_157_fu_6195_p2          |      icmp|   0|  0|    12|           4|           3|
    |icmp_ln26_158_fu_6201_p2          |      icmp|   0|  0|    12|           4|           3|
    |icmp_ln26_159_fu_6251_p2          |      icmp|   0|  0|    12|           4|           2|
    |icmp_ln26_15_fu_4091_p2           |      icmp|   0|  0|    12|           4|           2|
    |icmp_ln26_160_fu_6257_p2          |      icmp|   0|  0|    12|           4|           3|
    |icmp_ln26_161_fu_6263_p2          |      icmp|   0|  0|    12|           4|           3|
    |icmp_ln26_162_fu_6279_p2          |      icmp|   0|  0|    12|           4|           2|
    |icmp_ln26_163_fu_6285_p2          |      icmp|   0|  0|    12|           4|           3|
    |icmp_ln26_164_fu_6291_p2          |      icmp|   0|  0|    12|           4|           3|
    |icmp_ln26_165_fu_6341_p2          |      icmp|   0|  0|    12|           4|           2|
    |icmp_ln26_166_fu_6347_p2          |      icmp|   0|  0|    12|           4|           3|
    |icmp_ln26_167_fu_6353_p2          |      icmp|   0|  0|    12|           4|           3|
    |icmp_ln26_168_fu_6369_p2          |      icmp|   0|  0|    12|           4|           2|
    |icmp_ln26_169_fu_6375_p2          |      icmp|   0|  0|    12|           4|           3|
    |icmp_ln26_16_fu_4097_p2           |      icmp|   0|  0|    12|           4|           3|
    |icmp_ln26_170_fu_6381_p2          |      icmp|   0|  0|    12|           4|           3|
    |icmp_ln26_171_fu_6431_p2          |      icmp|   0|  0|    12|           4|           2|
    |icmp_ln26_172_fu_6437_p2          |      icmp|   0|  0|    12|           4|           3|
    |icmp_ln26_173_fu_6443_p2          |      icmp|   0|  0|    12|           4|           3|
    |icmp_ln26_174_fu_6459_p2          |      icmp|   0|  0|    12|           4|           2|
    |icmp_ln26_175_fu_6465_p2          |      icmp|   0|  0|    12|           4|           3|
    |icmp_ln26_176_fu_6471_p2          |      icmp|   0|  0|    12|           4|           3|
    |icmp_ln26_177_fu_6521_p2          |      icmp|   0|  0|    12|           4|           2|
    |icmp_ln26_178_fu_6527_p2          |      icmp|   0|  0|    12|           4|           3|
    |icmp_ln26_179_fu_6533_p2          |      icmp|   0|  0|    12|           4|           3|
    |icmp_ln26_17_fu_4103_p2           |      icmp|   0|  0|    12|           4|           3|
    |icmp_ln26_180_fu_6549_p2          |      icmp|   0|  0|    12|           4|           2|
    |icmp_ln26_181_fu_6555_p2          |      icmp|   0|  0|    12|           4|           3|
    |icmp_ln26_182_fu_6561_p2          |      icmp|   0|  0|    12|           4|           3|
    |icmp_ln26_183_fu_6611_p2          |      icmp|   0|  0|    12|           4|           2|
    |icmp_ln26_184_fu_6617_p2          |      icmp|   0|  0|    12|           4|           3|
    |icmp_ln26_185_fu_6623_p2          |      icmp|   0|  0|    12|           4|           3|
    |icmp_ln26_186_fu_6639_p2          |      icmp|   0|  0|    12|           4|           2|
    |icmp_ln26_187_fu_6645_p2          |      icmp|   0|  0|    12|           4|           3|
    |icmp_ln26_188_fu_6651_p2          |      icmp|   0|  0|    12|           4|           3|
    |icmp_ln26_189_fu_6701_p2          |      icmp|   0|  0|    12|           4|           2|
    |icmp_ln26_18_fu_4119_p2           |      icmp|   0|  0|    12|           4|           2|
    |icmp_ln26_190_fu_6707_p2          |      icmp|   0|  0|    12|           4|           3|
    |icmp_ln26_191_fu_6713_p2          |      icmp|   0|  0|    12|           4|           3|
    |icmp_ln26_192_fu_6729_p2          |      icmp|   0|  0|    12|           4|           2|
    |icmp_ln26_193_fu_6735_p2          |      icmp|   0|  0|    12|           4|           3|
    |icmp_ln26_194_fu_6741_p2          |      icmp|   0|  0|    12|           4|           3|
    |icmp_ln26_195_fu_6791_p2          |      icmp|   0|  0|    12|           4|           2|
    |icmp_ln26_196_fu_6797_p2          |      icmp|   0|  0|    12|           4|           3|
    |icmp_ln26_197_fu_6803_p2          |      icmp|   0|  0|    12|           4|           3|
    |icmp_ln26_198_fu_6819_p2          |      icmp|   0|  0|    12|           4|           2|
    |icmp_ln26_199_fu_6825_p2          |      icmp|   0|  0|    12|           4|           3|
    |icmp_ln26_19_fu_4125_p2           |      icmp|   0|  0|    12|           4|           3|
    |icmp_ln26_1_fu_3827_p2            |      icmp|   0|  0|    12|           4|           3|
    |icmp_ln26_200_fu_6831_p2          |      icmp|   0|  0|    12|           4|           3|
    |icmp_ln26_201_fu_6881_p2          |      icmp|   0|  0|    12|           4|           2|
    |icmp_ln26_202_fu_6887_p2          |      icmp|   0|  0|    12|           4|           3|
    |icmp_ln26_203_fu_6893_p2          |      icmp|   0|  0|    12|           4|           3|
    |icmp_ln26_204_fu_6909_p2          |      icmp|   0|  0|    12|           4|           2|
    |icmp_ln26_205_fu_6915_p2          |      icmp|   0|  0|    12|           4|           3|
    |icmp_ln26_206_fu_6921_p2          |      icmp|   0|  0|    12|           4|           3|
    |icmp_ln26_207_fu_6971_p2          |      icmp|   0|  0|    12|           4|           2|
    |icmp_ln26_208_fu_6977_p2          |      icmp|   0|  0|    12|           4|           3|
    |icmp_ln26_209_fu_6983_p2          |      icmp|   0|  0|    12|           4|           3|
    |icmp_ln26_20_fu_4131_p2           |      icmp|   0|  0|    12|           4|           3|
    |icmp_ln26_210_fu_6999_p2          |      icmp|   0|  0|    12|           4|           2|
    |icmp_ln26_211_fu_7005_p2          |      icmp|   0|  0|    12|           4|           3|
    |icmp_ln26_212_fu_7011_p2          |      icmp|   0|  0|    12|           4|           3|
    |icmp_ln26_213_fu_7061_p2          |      icmp|   0|  0|    12|           4|           2|
    |icmp_ln26_214_fu_7067_p2          |      icmp|   0|  0|    12|           4|           3|
    |icmp_ln26_215_fu_7073_p2          |      icmp|   0|  0|    12|           4|           3|
    |icmp_ln26_216_fu_7089_p2          |      icmp|   0|  0|    12|           4|           2|
    |icmp_ln26_217_fu_7095_p2          |      icmp|   0|  0|    12|           4|           3|
    |icmp_ln26_218_fu_7101_p2          |      icmp|   0|  0|    12|           4|           3|
    |icmp_ln26_219_fu_7151_p2          |      icmp|   0|  0|    12|           4|           2|
    |icmp_ln26_21_fu_4181_p2           |      icmp|   0|  0|    12|           4|           2|
    |icmp_ln26_220_fu_7157_p2          |      icmp|   0|  0|    12|           4|           3|
    |icmp_ln26_221_fu_7163_p2          |      icmp|   0|  0|    12|           4|           3|
    |icmp_ln26_222_fu_7179_p2          |      icmp|   0|  0|    12|           4|           2|
    |icmp_ln26_223_fu_7185_p2          |      icmp|   0|  0|    12|           4|           3|
    |icmp_ln26_224_fu_7191_p2          |      icmp|   0|  0|    12|           4|           3|
    |icmp_ln26_225_fu_7241_p2          |      icmp|   0|  0|    12|           4|           2|
    |icmp_ln26_226_fu_7247_p2          |      icmp|   0|  0|    12|           4|           3|
    |icmp_ln26_227_fu_7253_p2          |      icmp|   0|  0|    12|           4|           3|
    |icmp_ln26_228_fu_7269_p2          |      icmp|   0|  0|    12|           4|           2|
    |icmp_ln26_229_fu_7275_p2          |      icmp|   0|  0|    12|           4|           3|
    |icmp_ln26_22_fu_4187_p2           |      icmp|   0|  0|    12|           4|           3|
    |icmp_ln26_230_fu_7281_p2          |      icmp|   0|  0|    12|           4|           3|
    |icmp_ln26_231_fu_7331_p2          |      icmp|   0|  0|    12|           4|           2|
    |icmp_ln26_232_fu_7337_p2          |      icmp|   0|  0|    12|           4|           3|
    |icmp_ln26_233_fu_7343_p2          |      icmp|   0|  0|    12|           4|           3|
    |icmp_ln26_234_fu_7359_p2          |      icmp|   0|  0|    12|           4|           2|
    |icmp_ln26_235_fu_7365_p2          |      icmp|   0|  0|    12|           4|           3|
    |icmp_ln26_236_fu_7371_p2          |      icmp|   0|  0|    12|           4|           3|
    |icmp_ln26_237_fu_7421_p2          |      icmp|   0|  0|    12|           4|           2|
    |icmp_ln26_238_fu_7427_p2          |      icmp|   0|  0|    12|           4|           3|
    |icmp_ln26_239_fu_7433_p2          |      icmp|   0|  0|    12|           4|           3|
    |icmp_ln26_23_fu_4193_p2           |      icmp|   0|  0|    12|           4|           3|
    |icmp_ln26_240_fu_7449_p2          |      icmp|   0|  0|    12|           4|           2|
    |icmp_ln26_241_fu_7455_p2          |      icmp|   0|  0|    12|           4|           3|
    |icmp_ln26_242_fu_7461_p2          |      icmp|   0|  0|    12|           4|           3|
    |icmp_ln26_243_fu_7511_p2          |      icmp|   0|  0|    12|           4|           2|
    |icmp_ln26_244_fu_7517_p2          |      icmp|   0|  0|    12|           4|           3|
    |icmp_ln26_245_fu_7523_p2          |      icmp|   0|  0|    12|           4|           3|
    |icmp_ln26_246_fu_7539_p2          |      icmp|   0|  0|    12|           4|           2|
    |icmp_ln26_247_fu_7545_p2          |      icmp|   0|  0|    12|           4|           3|
    |icmp_ln26_248_fu_7551_p2          |      icmp|   0|  0|    12|           4|           3|
    |icmp_ln26_249_fu_7601_p2          |      icmp|   0|  0|    12|           4|           2|
    |icmp_ln26_24_fu_4209_p2           |      icmp|   0|  0|    12|           4|           2|
    |icmp_ln26_250_fu_7607_p2          |      icmp|   0|  0|    12|           4|           3|
    |icmp_ln26_251_fu_7613_p2          |      icmp|   0|  0|    12|           4|           3|
    |icmp_ln26_252_fu_7629_p2          |      icmp|   0|  0|    12|           4|           2|
    |icmp_ln26_253_fu_7635_p2          |      icmp|   0|  0|    12|           4|           3|
    |icmp_ln26_254_fu_7641_p2          |      icmp|   0|  0|    12|           4|           3|
    |icmp_ln26_255_fu_7691_p2          |      icmp|   0|  0|    12|           4|           2|
    |icmp_ln26_256_fu_7697_p2          |      icmp|   0|  0|    12|           4|           3|
    |icmp_ln26_257_fu_7703_p2          |      icmp|   0|  0|    12|           4|           3|
    |icmp_ln26_258_fu_7719_p2          |      icmp|   0|  0|    12|           4|           2|
    |icmp_ln26_259_fu_7725_p2          |      icmp|   0|  0|    12|           4|           3|
    |icmp_ln26_25_fu_4215_p2           |      icmp|   0|  0|    12|           4|           3|
    |icmp_ln26_260_fu_7731_p2          |      icmp|   0|  0|    12|           4|           3|
    |icmp_ln26_261_fu_7781_p2          |      icmp|   0|  0|    12|           4|           2|
    |icmp_ln26_262_fu_7787_p2          |      icmp|   0|  0|    12|           4|           3|
    |icmp_ln26_263_fu_7793_p2          |      icmp|   0|  0|    12|           4|           3|
    |icmp_ln26_264_fu_7809_p2          |      icmp|   0|  0|    12|           4|           2|
    |icmp_ln26_265_fu_7815_p2          |      icmp|   0|  0|    12|           4|           3|
    |icmp_ln26_266_fu_7821_p2          |      icmp|   0|  0|    12|           4|           3|
    |icmp_ln26_267_fu_7871_p2          |      icmp|   0|  0|    12|           4|           2|
    |icmp_ln26_268_fu_7877_p2          |      icmp|   0|  0|    12|           4|           3|
    |icmp_ln26_269_fu_7883_p2          |      icmp|   0|  0|    12|           4|           3|
    |icmp_ln26_26_fu_4221_p2           |      icmp|   0|  0|    12|           4|           3|
    |icmp_ln26_270_fu_7899_p2          |      icmp|   0|  0|    12|           4|           2|
    |icmp_ln26_271_fu_7905_p2          |      icmp|   0|  0|    12|           4|           3|
    |icmp_ln26_272_fu_7911_p2          |      icmp|   0|  0|    12|           4|           3|
    |icmp_ln26_273_fu_7961_p2          |      icmp|   0|  0|    12|           4|           2|
    |icmp_ln26_274_fu_7967_p2          |      icmp|   0|  0|    12|           4|           3|
    |icmp_ln26_275_fu_7973_p2          |      icmp|   0|  0|    12|           4|           3|
    |icmp_ln26_276_fu_7989_p2          |      icmp|   0|  0|    12|           4|           2|
    |icmp_ln26_277_fu_7995_p2          |      icmp|   0|  0|    12|           4|           3|
    |icmp_ln26_278_fu_8001_p2          |      icmp|   0|  0|    12|           4|           3|
    |icmp_ln26_279_fu_8051_p2          |      icmp|   0|  0|    12|           4|           2|
    |icmp_ln26_27_fu_4271_p2           |      icmp|   0|  0|    12|           4|           2|
    |icmp_ln26_280_fu_8057_p2          |      icmp|   0|  0|    12|           4|           3|
    |icmp_ln26_281_fu_8063_p2          |      icmp|   0|  0|    12|           4|           3|
    |icmp_ln26_282_fu_8079_p2          |      icmp|   0|  0|    12|           4|           2|
    |icmp_ln26_283_fu_8085_p2          |      icmp|   0|  0|    12|           4|           3|
    |icmp_ln26_284_fu_8091_p2          |      icmp|   0|  0|    12|           4|           3|
    |icmp_ln26_285_fu_8141_p2          |      icmp|   0|  0|    12|           4|           2|
    |icmp_ln26_286_fu_8147_p2          |      icmp|   0|  0|    12|           4|           3|
    |icmp_ln26_287_fu_8153_p2          |      icmp|   0|  0|    12|           4|           3|
    |icmp_ln26_288_fu_8169_p2          |      icmp|   0|  0|    12|           4|           2|
    |icmp_ln26_289_fu_8175_p2          |      icmp|   0|  0|    12|           4|           3|
    |icmp_ln26_28_fu_4277_p2           |      icmp|   0|  0|    12|           4|           3|
    |icmp_ln26_290_fu_8181_p2          |      icmp|   0|  0|    12|           4|           3|
    |icmp_ln26_291_fu_8231_p2          |      icmp|   0|  0|    12|           4|           2|
    |icmp_ln26_292_fu_8237_p2          |      icmp|   0|  0|    12|           4|           3|
    |icmp_ln26_293_fu_8243_p2          |      icmp|   0|  0|    12|           4|           3|
    |icmp_ln26_294_fu_8259_p2          |      icmp|   0|  0|    12|           4|           2|
    |icmp_ln26_295_fu_8265_p2          |      icmp|   0|  0|    12|           4|           3|
    |icmp_ln26_296_fu_8271_p2          |      icmp|   0|  0|    12|           4|           3|
    |icmp_ln26_297_fu_8321_p2          |      icmp|   0|  0|    12|           4|           2|
    |icmp_ln26_298_fu_8327_p2          |      icmp|   0|  0|    12|           4|           3|
    |icmp_ln26_299_fu_8333_p2          |      icmp|   0|  0|    12|           4|           3|
    |icmp_ln26_29_fu_4283_p2           |      icmp|   0|  0|    12|           4|           3|
    |icmp_ln26_2_fu_3833_p2            |      icmp|   0|  0|    12|           4|           3|
    |icmp_ln26_300_fu_8349_p2          |      icmp|   0|  0|    12|           4|           2|
    |icmp_ln26_301_fu_8355_p2          |      icmp|   0|  0|    12|           4|           3|
    |icmp_ln26_302_fu_8361_p2          |      icmp|   0|  0|    12|           4|           3|
    |icmp_ln26_303_fu_8411_p2          |      icmp|   0|  0|    12|           4|           2|
    |icmp_ln26_304_fu_8417_p2          |      icmp|   0|  0|    12|           4|           3|
    |icmp_ln26_305_fu_8423_p2          |      icmp|   0|  0|    12|           4|           3|
    |icmp_ln26_306_fu_8439_p2          |      icmp|   0|  0|    12|           4|           2|
    |icmp_ln26_307_fu_8445_p2          |      icmp|   0|  0|    12|           4|           3|
    |icmp_ln26_308_fu_8451_p2          |      icmp|   0|  0|    12|           4|           3|
    |icmp_ln26_309_fu_8501_p2          |      icmp|   0|  0|    12|           4|           2|
    |icmp_ln26_30_fu_4299_p2           |      icmp|   0|  0|    12|           4|           2|
    |icmp_ln26_310_fu_8507_p2          |      icmp|   0|  0|    12|           4|           3|
    |icmp_ln26_311_fu_8513_p2          |      icmp|   0|  0|    12|           4|           3|
    |icmp_ln26_312_fu_8529_p2          |      icmp|   0|  0|    12|           4|           2|
    |icmp_ln26_313_fu_8535_p2          |      icmp|   0|  0|    12|           4|           3|
    |icmp_ln26_314_fu_8541_p2          |      icmp|   0|  0|    12|           4|           3|
    |icmp_ln26_315_fu_8591_p2          |      icmp|   0|  0|    12|           4|           2|
    |icmp_ln26_316_fu_8597_p2          |      icmp|   0|  0|    12|           4|           3|
    |icmp_ln26_317_fu_8603_p2          |      icmp|   0|  0|    12|           4|           3|
    |icmp_ln26_318_fu_8619_p2          |      icmp|   0|  0|    12|           4|           2|
    |icmp_ln26_319_fu_8625_p2          |      icmp|   0|  0|    12|           4|           3|
    |icmp_ln26_31_fu_4305_p2           |      icmp|   0|  0|    12|           4|           3|
    |icmp_ln26_320_fu_8631_p2          |      icmp|   0|  0|    12|           4|           3|
    |icmp_ln26_321_fu_8681_p2          |      icmp|   0|  0|    12|           4|           2|
    |icmp_ln26_322_fu_8687_p2          |      icmp|   0|  0|    12|           4|           3|
    |icmp_ln26_323_fu_8693_p2          |      icmp|   0|  0|    12|           4|           3|
    |icmp_ln26_324_fu_8709_p2          |      icmp|   0|  0|    12|           4|           2|
    |icmp_ln26_325_fu_8715_p2          |      icmp|   0|  0|    12|           4|           3|
    |icmp_ln26_326_fu_8721_p2          |      icmp|   0|  0|    12|           4|           3|
    |icmp_ln26_327_fu_8771_p2          |      icmp|   0|  0|    12|           4|           2|
    |icmp_ln26_328_fu_8777_p2          |      icmp|   0|  0|    12|           4|           3|
    |icmp_ln26_329_fu_8783_p2          |      icmp|   0|  0|    12|           4|           3|
    |icmp_ln26_32_fu_4311_p2           |      icmp|   0|  0|    12|           4|           3|
    |icmp_ln26_330_fu_8799_p2          |      icmp|   0|  0|    12|           4|           2|
    |icmp_ln26_331_fu_8805_p2          |      icmp|   0|  0|    12|           4|           3|
    |icmp_ln26_332_fu_8811_p2          |      icmp|   0|  0|    12|           4|           3|
    |icmp_ln26_333_fu_8861_p2          |      icmp|   0|  0|    12|           4|           2|
    |icmp_ln26_334_fu_8867_p2          |      icmp|   0|  0|    12|           4|           3|
    |icmp_ln26_335_fu_8873_p2          |      icmp|   0|  0|    12|           4|           3|
    |icmp_ln26_336_fu_8889_p2          |      icmp|   0|  0|    12|           4|           2|
    |icmp_ln26_337_fu_8895_p2          |      icmp|   0|  0|    12|           4|           3|
    |icmp_ln26_338_fu_8901_p2          |      icmp|   0|  0|    12|           4|           3|
    |icmp_ln26_339_fu_8951_p2          |      icmp|   0|  0|    12|           4|           2|
    |icmp_ln26_33_fu_4361_p2           |      icmp|   0|  0|    12|           4|           2|
    |icmp_ln26_340_fu_8957_p2          |      icmp|   0|  0|    12|           4|           3|
    |icmp_ln26_341_fu_8963_p2          |      icmp|   0|  0|    12|           4|           3|
    |icmp_ln26_342_fu_8979_p2          |      icmp|   0|  0|    12|           4|           2|
    |icmp_ln26_343_fu_8985_p2          |      icmp|   0|  0|    12|           4|           3|
    |icmp_ln26_344_fu_8991_p2          |      icmp|   0|  0|    12|           4|           3|
    |icmp_ln26_345_fu_9041_p2          |      icmp|   0|  0|    12|           4|           2|
    |icmp_ln26_346_fu_9047_p2          |      icmp|   0|  0|    12|           4|           3|
    |icmp_ln26_347_fu_9053_p2          |      icmp|   0|  0|    12|           4|           3|
    |icmp_ln26_348_fu_9069_p2          |      icmp|   0|  0|    12|           4|           2|
    |icmp_ln26_349_fu_9075_p2          |      icmp|   0|  0|    12|           4|           3|
    |icmp_ln26_34_fu_4367_p2           |      icmp|   0|  0|    12|           4|           3|
    |icmp_ln26_350_fu_9081_p2          |      icmp|   0|  0|    12|           4|           3|
    |icmp_ln26_351_fu_9131_p2          |      icmp|   0|  0|    12|           4|           2|
    |icmp_ln26_352_fu_9137_p2          |      icmp|   0|  0|    12|           4|           3|
    |icmp_ln26_353_fu_9143_p2          |      icmp|   0|  0|    12|           4|           3|
    |icmp_ln26_354_fu_9159_p2          |      icmp|   0|  0|    12|           4|           2|
    |icmp_ln26_355_fu_9165_p2          |      icmp|   0|  0|    12|           4|           3|
    |icmp_ln26_356_fu_9171_p2          |      icmp|   0|  0|    12|           4|           3|
    |icmp_ln26_357_fu_9221_p2          |      icmp|   0|  0|    12|           4|           2|
    |icmp_ln26_358_fu_9227_p2          |      icmp|   0|  0|    12|           4|           3|
    |icmp_ln26_359_fu_9233_p2          |      icmp|   0|  0|    12|           4|           3|
    |icmp_ln26_35_fu_4373_p2           |      icmp|   0|  0|    12|           4|           3|
    |icmp_ln26_360_fu_9249_p2          |      icmp|   0|  0|    12|           4|           2|
    |icmp_ln26_361_fu_9255_p2          |      icmp|   0|  0|    12|           4|           3|
    |icmp_ln26_362_fu_9261_p2          |      icmp|   0|  0|    12|           4|           3|
    |icmp_ln26_363_fu_9311_p2          |      icmp|   0|  0|    12|           4|           2|
    |icmp_ln26_364_fu_9317_p2          |      icmp|   0|  0|    12|           4|           3|
    |icmp_ln26_365_fu_9323_p2          |      icmp|   0|  0|    12|           4|           3|
    |icmp_ln26_366_fu_9339_p2          |      icmp|   0|  0|    12|           4|           2|
    |icmp_ln26_367_fu_9345_p2          |      icmp|   0|  0|    12|           4|           3|
    |icmp_ln26_368_fu_9351_p2          |      icmp|   0|  0|    12|           4|           3|
    |icmp_ln26_369_fu_9401_p2          |      icmp|   0|  0|    12|           4|           2|
    |icmp_ln26_36_fu_4389_p2           |      icmp|   0|  0|    12|           4|           2|
    |icmp_ln26_370_fu_9407_p2          |      icmp|   0|  0|    12|           4|           3|
    |icmp_ln26_371_fu_9413_p2          |      icmp|   0|  0|    12|           4|           3|
    |icmp_ln26_372_fu_9429_p2          |      icmp|   0|  0|    12|           4|           2|
    |icmp_ln26_373_fu_9435_p2          |      icmp|   0|  0|    12|           4|           3|
    |icmp_ln26_374_fu_9441_p2          |      icmp|   0|  0|    12|           4|           3|
    |icmp_ln26_375_fu_9491_p2          |      icmp|   0|  0|    12|           4|           2|
    |icmp_ln26_376_fu_9497_p2          |      icmp|   0|  0|    12|           4|           3|
    |icmp_ln26_377_fu_9503_p2          |      icmp|   0|  0|    12|           4|           3|
    |icmp_ln26_378_fu_9519_p2          |      icmp|   0|  0|    12|           4|           2|
    |icmp_ln26_379_fu_9525_p2          |      icmp|   0|  0|    12|           4|           3|
    |icmp_ln26_37_fu_4395_p2           |      icmp|   0|  0|    12|           4|           3|
    |icmp_ln26_380_fu_9531_p2          |      icmp|   0|  0|    12|           4|           3|
    |icmp_ln26_381_fu_9581_p2          |      icmp|   0|  0|    12|           4|           2|
    |icmp_ln26_382_fu_9587_p2          |      icmp|   0|  0|    12|           4|           3|
    |icmp_ln26_383_fu_9593_p2          |      icmp|   0|  0|    12|           4|           3|
    |icmp_ln26_384_fu_9609_p2          |      icmp|   0|  0|    12|           4|           2|
    |icmp_ln26_385_fu_9615_p2          |      icmp|   0|  0|    12|           4|           3|
    |icmp_ln26_386_fu_9621_p2          |      icmp|   0|  0|    12|           4|           3|
    |icmp_ln26_387_fu_9671_p2          |      icmp|   0|  0|    12|           4|           2|
    |icmp_ln26_388_fu_9677_p2          |      icmp|   0|  0|    12|           4|           3|
    |icmp_ln26_389_fu_9683_p2          |      icmp|   0|  0|    12|           4|           3|
    |icmp_ln26_38_fu_4401_p2           |      icmp|   0|  0|    12|           4|           3|
    |icmp_ln26_390_fu_9699_p2          |      icmp|   0|  0|    12|           4|           2|
    |icmp_ln26_391_fu_9705_p2          |      icmp|   0|  0|    12|           4|           3|
    |icmp_ln26_392_fu_9711_p2          |      icmp|   0|  0|    12|           4|           3|
    |icmp_ln26_393_fu_9761_p2          |      icmp|   0|  0|    12|           4|           2|
    |icmp_ln26_394_fu_9767_p2          |      icmp|   0|  0|    12|           4|           3|
    |icmp_ln26_395_fu_9773_p2          |      icmp|   0|  0|    12|           4|           3|
    |icmp_ln26_396_fu_9789_p2          |      icmp|   0|  0|    12|           4|           2|
    |icmp_ln26_397_fu_9795_p2          |      icmp|   0|  0|    12|           4|           3|
    |icmp_ln26_398_fu_9801_p2          |      icmp|   0|  0|    12|           4|           3|
    |icmp_ln26_399_fu_9851_p2          |      icmp|   0|  0|    12|           4|           2|
    |icmp_ln26_39_fu_4451_p2           |      icmp|   0|  0|    12|           4|           2|
    |icmp_ln26_3_fu_3911_p2            |      icmp|   0|  0|    12|           4|           2|
    |icmp_ln26_400_fu_9857_p2          |      icmp|   0|  0|    12|           4|           3|
    |icmp_ln26_401_fu_9863_p2          |      icmp|   0|  0|    12|           4|           3|
    |icmp_ln26_402_fu_9879_p2          |      icmp|   0|  0|    12|           4|           2|
    |icmp_ln26_403_fu_9885_p2          |      icmp|   0|  0|    12|           4|           3|
    |icmp_ln26_404_fu_9891_p2          |      icmp|   0|  0|    12|           4|           3|
    |icmp_ln26_405_fu_9941_p2          |      icmp|   0|  0|    12|           4|           2|
    |icmp_ln26_406_fu_9947_p2          |      icmp|   0|  0|    12|           4|           3|
    |icmp_ln26_407_fu_9953_p2          |      icmp|   0|  0|    12|           4|           3|
    |icmp_ln26_408_fu_9969_p2          |      icmp|   0|  0|    12|           4|           2|
    |icmp_ln26_409_fu_9975_p2          |      icmp|   0|  0|    12|           4|           3|
    |icmp_ln26_40_fu_4457_p2           |      icmp|   0|  0|    12|           4|           3|
    |icmp_ln26_410_fu_9981_p2          |      icmp|   0|  0|    12|           4|           3|
    |icmp_ln26_411_fu_10031_p2         |      icmp|   0|  0|    12|           4|           2|
    |icmp_ln26_412_fu_10037_p2         |      icmp|   0|  0|    12|           4|           3|
    |icmp_ln26_413_fu_10043_p2         |      icmp|   0|  0|    12|           4|           3|
    |icmp_ln26_414_fu_10059_p2         |      icmp|   0|  0|    12|           4|           2|
    |icmp_ln26_415_fu_10065_p2         |      icmp|   0|  0|    12|           4|           3|
    |icmp_ln26_416_fu_10071_p2         |      icmp|   0|  0|    12|           4|           3|
    |icmp_ln26_417_fu_10121_p2         |      icmp|   0|  0|    12|           4|           2|
    |icmp_ln26_418_fu_10127_p2         |      icmp|   0|  0|    12|           4|           3|
    |icmp_ln26_419_fu_10133_p2         |      icmp|   0|  0|    12|           4|           3|
    |icmp_ln26_41_fu_4463_p2           |      icmp|   0|  0|    12|           4|           3|
    |icmp_ln26_420_fu_10149_p2         |      icmp|   0|  0|    12|           4|           2|
    |icmp_ln26_421_fu_10155_p2         |      icmp|   0|  0|    12|           4|           3|
    |icmp_ln26_422_fu_10161_p2         |      icmp|   0|  0|    12|           4|           3|
    |icmp_ln26_423_fu_10211_p2         |      icmp|   0|  0|    12|           4|           2|
    |icmp_ln26_424_fu_10217_p2         |      icmp|   0|  0|    12|           4|           3|
    |icmp_ln26_425_fu_10223_p2         |      icmp|   0|  0|    12|           4|           3|
    |icmp_ln26_426_fu_10239_p2         |      icmp|   0|  0|    12|           4|           2|
    |icmp_ln26_427_fu_10245_p2         |      icmp|   0|  0|    12|           4|           3|
    |icmp_ln26_428_fu_10251_p2         |      icmp|   0|  0|    12|           4|           3|
    |icmp_ln26_429_fu_10301_p2         |      icmp|   0|  0|    12|           4|           2|
    |icmp_ln26_42_fu_4479_p2           |      icmp|   0|  0|    12|           4|           2|
    |icmp_ln26_430_fu_10307_p2         |      icmp|   0|  0|    12|           4|           3|
    |icmp_ln26_431_fu_10313_p2         |      icmp|   0|  0|    12|           4|           3|
    |icmp_ln26_432_fu_10329_p2         |      icmp|   0|  0|    12|           4|           2|
    |icmp_ln26_433_fu_10335_p2         |      icmp|   0|  0|    12|           4|           3|
    |icmp_ln26_434_fu_10341_p2         |      icmp|   0|  0|    12|           4|           3|
    |icmp_ln26_435_fu_10391_p2         |      icmp|   0|  0|    12|           4|           2|
    |icmp_ln26_436_fu_10397_p2         |      icmp|   0|  0|    12|           4|           3|
    |icmp_ln26_437_fu_10403_p2         |      icmp|   0|  0|    12|           4|           3|
    |icmp_ln26_438_fu_10419_p2         |      icmp|   0|  0|    12|           4|           2|
    |icmp_ln26_439_fu_10425_p2         |      icmp|   0|  0|    12|           4|           3|
    |icmp_ln26_43_fu_4485_p2           |      icmp|   0|  0|    12|           4|           3|
    |icmp_ln26_440_fu_10431_p2         |      icmp|   0|  0|    12|           4|           3|
    |icmp_ln26_441_fu_10481_p2         |      icmp|   0|  0|    12|           4|           2|
    |icmp_ln26_442_fu_10487_p2         |      icmp|   0|  0|    12|           4|           3|
    |icmp_ln26_443_fu_10493_p2         |      icmp|   0|  0|    12|           4|           3|
    |icmp_ln26_444_fu_10509_p2         |      icmp|   0|  0|    12|           4|           2|
    |icmp_ln26_445_fu_10515_p2         |      icmp|   0|  0|    12|           4|           3|
    |icmp_ln26_446_fu_10521_p2         |      icmp|   0|  0|    12|           4|           3|
    |icmp_ln26_447_fu_10571_p2         |      icmp|   0|  0|    12|           4|           2|
    |icmp_ln26_448_fu_10577_p2         |      icmp|   0|  0|    12|           4|           3|
    |icmp_ln26_449_fu_10583_p2         |      icmp|   0|  0|    12|           4|           3|
    |icmp_ln26_44_fu_4491_p2           |      icmp|   0|  0|    12|           4|           3|
    |icmp_ln26_450_fu_10599_p2         |      icmp|   0|  0|    12|           4|           2|
    |icmp_ln26_451_fu_10605_p2         |      icmp|   0|  0|    12|           4|           3|
    |icmp_ln26_452_fu_10611_p2         |      icmp|   0|  0|    12|           4|           3|
    |icmp_ln26_453_fu_10661_p2         |      icmp|   0|  0|    12|           4|           2|
    |icmp_ln26_454_fu_10667_p2         |      icmp|   0|  0|    12|           4|           3|
    |icmp_ln26_455_fu_10673_p2         |      icmp|   0|  0|    12|           4|           3|
    |icmp_ln26_456_fu_10689_p2         |      icmp|   0|  0|    12|           4|           2|
    |icmp_ln26_457_fu_10695_p2         |      icmp|   0|  0|    12|           4|           3|
    |icmp_ln26_458_fu_10701_p2         |      icmp|   0|  0|    12|           4|           3|
    |icmp_ln26_459_fu_10751_p2         |      icmp|   0|  0|    12|           4|           2|
    |icmp_ln26_45_fu_4541_p2           |      icmp|   0|  0|    12|           4|           2|
    |icmp_ln26_460_fu_10757_p2         |      icmp|   0|  0|    12|           4|           3|
    |icmp_ln26_461_fu_10763_p2         |      icmp|   0|  0|    12|           4|           3|
    |icmp_ln26_462_fu_10779_p2         |      icmp|   0|  0|    12|           4|           2|
    |icmp_ln26_463_fu_10785_p2         |      icmp|   0|  0|    12|           4|           3|
    |icmp_ln26_464_fu_10791_p2         |      icmp|   0|  0|    12|           4|           3|
    |icmp_ln26_465_fu_10841_p2         |      icmp|   0|  0|    12|           4|           2|
    |icmp_ln26_466_fu_10847_p2         |      icmp|   0|  0|    12|           4|           3|
    |icmp_ln26_467_fu_10853_p2         |      icmp|   0|  0|    12|           4|           3|
    |icmp_ln26_468_fu_10869_p2         |      icmp|   0|  0|    12|           4|           2|
    |icmp_ln26_469_fu_10875_p2         |      icmp|   0|  0|    12|           4|           3|
    |icmp_ln26_46_fu_4547_p2           |      icmp|   0|  0|    12|           4|           3|
    |icmp_ln26_470_fu_10881_p2         |      icmp|   0|  0|    12|           4|           3|
    |icmp_ln26_471_fu_10931_p2         |      icmp|   0|  0|    12|           4|           2|
    |icmp_ln26_472_fu_10937_p2         |      icmp|   0|  0|    12|           4|           3|
    |icmp_ln26_473_fu_10943_p2         |      icmp|   0|  0|    12|           4|           3|
    |icmp_ln26_474_fu_10959_p2         |      icmp|   0|  0|    12|           4|           2|
    |icmp_ln26_475_fu_10965_p2         |      icmp|   0|  0|    12|           4|           3|
    |icmp_ln26_476_fu_10971_p2         |      icmp|   0|  0|    12|           4|           3|
    |icmp_ln26_477_fu_11021_p2         |      icmp|   0|  0|    12|           4|           2|
    |icmp_ln26_478_fu_11027_p2         |      icmp|   0|  0|    12|           4|           3|
    |icmp_ln26_479_fu_11033_p2         |      icmp|   0|  0|    12|           4|           3|
    |icmp_ln26_47_fu_4553_p2           |      icmp|   0|  0|    12|           4|           3|
    |icmp_ln26_480_fu_11049_p2         |      icmp|   0|  0|    12|           4|           2|
    |icmp_ln26_481_fu_11055_p2         |      icmp|   0|  0|    12|           4|           3|
    |icmp_ln26_482_fu_11061_p2         |      icmp|   0|  0|    12|           4|           3|
    |icmp_ln26_483_fu_11111_p2         |      icmp|   0|  0|    12|           4|           2|
    |icmp_ln26_484_fu_11117_p2         |      icmp|   0|  0|    12|           4|           3|
    |icmp_ln26_485_fu_11123_p2         |      icmp|   0|  0|    12|           4|           3|
    |icmp_ln26_486_fu_11139_p2         |      icmp|   0|  0|    12|           4|           2|
    |icmp_ln26_487_fu_11145_p2         |      icmp|   0|  0|    12|           4|           3|
    |icmp_ln26_488_fu_11151_p2         |      icmp|   0|  0|    12|           4|           3|
    |icmp_ln26_489_fu_11201_p2         |      icmp|   0|  0|    12|           4|           2|
    |icmp_ln26_48_fu_4569_p2           |      icmp|   0|  0|    12|           4|           2|
    |icmp_ln26_490_fu_11207_p2         |      icmp|   0|  0|    12|           4|           3|
    |icmp_ln26_491_fu_11213_p2         |      icmp|   0|  0|    12|           4|           3|
    |icmp_ln26_492_fu_11229_p2         |      icmp|   0|  0|    12|           4|           2|
    |icmp_ln26_493_fu_11235_p2         |      icmp|   0|  0|    12|           4|           3|
    |icmp_ln26_494_fu_11241_p2         |      icmp|   0|  0|    12|           4|           3|
    |icmp_ln26_495_fu_11291_p2         |      icmp|   0|  0|    12|           4|           2|
    |icmp_ln26_496_fu_11297_p2         |      icmp|   0|  0|    12|           4|           3|
    |icmp_ln26_497_fu_11303_p2         |      icmp|   0|  0|    12|           4|           3|
    |icmp_ln26_498_fu_11319_p2         |      icmp|   0|  0|    12|           4|           2|
    |icmp_ln26_499_fu_11325_p2         |      icmp|   0|  0|    12|           4|           3|
    |icmp_ln26_49_fu_4575_p2           |      icmp|   0|  0|    12|           4|           3|
    |icmp_ln26_4_fu_3917_p2            |      icmp|   0|  0|    12|           4|           3|
    |icmp_ln26_500_fu_11331_p2         |      icmp|   0|  0|    12|           4|           3|
    |icmp_ln26_501_fu_11381_p2         |      icmp|   0|  0|    12|           4|           2|
    |icmp_ln26_502_fu_11387_p2         |      icmp|   0|  0|    12|           4|           3|
    |icmp_ln26_503_fu_11393_p2         |      icmp|   0|  0|    12|           4|           3|
    |icmp_ln26_504_fu_11409_p2         |      icmp|   0|  0|    12|           4|           2|
    |icmp_ln26_505_fu_11415_p2         |      icmp|   0|  0|    12|           4|           3|
    |icmp_ln26_506_fu_11421_p2         |      icmp|   0|  0|    12|           4|           3|
    |icmp_ln26_507_fu_11471_p2         |      icmp|   0|  0|    12|           4|           2|
    |icmp_ln26_508_fu_11477_p2         |      icmp|   0|  0|    12|           4|           3|
    |icmp_ln26_509_fu_11483_p2         |      icmp|   0|  0|    12|           4|           3|
    |icmp_ln26_50_fu_4581_p2           |      icmp|   0|  0|    12|           4|           3|
    |icmp_ln26_510_fu_11499_p2         |      icmp|   0|  0|    12|           4|           2|
    |icmp_ln26_511_fu_11505_p2         |      icmp|   0|  0|    12|           4|           3|
    |icmp_ln26_512_fu_11511_p2         |      icmp|   0|  0|    12|           4|           3|
    |icmp_ln26_513_fu_11561_p2         |      icmp|   0|  0|    12|           4|           2|
    |icmp_ln26_514_fu_11567_p2         |      icmp|   0|  0|    12|           4|           3|
    |icmp_ln26_515_fu_11573_p2         |      icmp|   0|  0|    12|           4|           3|
    |icmp_ln26_516_fu_11589_p2         |      icmp|   0|  0|    12|           4|           2|
    |icmp_ln26_517_fu_11595_p2         |      icmp|   0|  0|    12|           4|           3|
    |icmp_ln26_518_fu_11601_p2         |      icmp|   0|  0|    12|           4|           3|
    |icmp_ln26_519_fu_11651_p2         |      icmp|   0|  0|    12|           4|           2|
    |icmp_ln26_51_fu_4631_p2           |      icmp|   0|  0|    12|           4|           2|
    |icmp_ln26_520_fu_11657_p2         |      icmp|   0|  0|    12|           4|           3|
    |icmp_ln26_521_fu_11663_p2         |      icmp|   0|  0|    12|           4|           3|
    |icmp_ln26_522_fu_11679_p2         |      icmp|   0|  0|    12|           4|           2|
    |icmp_ln26_523_fu_11685_p2         |      icmp|   0|  0|    12|           4|           3|
    |icmp_ln26_524_fu_11691_p2         |      icmp|   0|  0|    12|           4|           3|
    |icmp_ln26_525_fu_11741_p2         |      icmp|   0|  0|    12|           4|           2|
    |icmp_ln26_526_fu_11747_p2         |      icmp|   0|  0|    12|           4|           3|
    |icmp_ln26_527_fu_11753_p2         |      icmp|   0|  0|    12|           4|           3|
    |icmp_ln26_528_fu_11769_p2         |      icmp|   0|  0|    12|           4|           2|
    |icmp_ln26_529_fu_11775_p2         |      icmp|   0|  0|    12|           4|           3|
    |icmp_ln26_52_fu_4637_p2           |      icmp|   0|  0|    12|           4|           3|
    |icmp_ln26_530_fu_11781_p2         |      icmp|   0|  0|    12|           4|           3|
    |icmp_ln26_531_fu_11831_p2         |      icmp|   0|  0|    12|           4|           2|
    |icmp_ln26_532_fu_11837_p2         |      icmp|   0|  0|    12|           4|           3|
    |icmp_ln26_533_fu_11843_p2         |      icmp|   0|  0|    12|           4|           3|
    |icmp_ln26_534_fu_11859_p2         |      icmp|   0|  0|    12|           4|           2|
    |icmp_ln26_535_fu_11865_p2         |      icmp|   0|  0|    12|           4|           3|
    |icmp_ln26_536_fu_11871_p2         |      icmp|   0|  0|    12|           4|           3|
    |icmp_ln26_537_fu_11921_p2         |      icmp|   0|  0|    12|           4|           2|
    |icmp_ln26_538_fu_11927_p2         |      icmp|   0|  0|    12|           4|           3|
    |icmp_ln26_539_fu_11933_p2         |      icmp|   0|  0|    12|           4|           3|
    |icmp_ln26_53_fu_4643_p2           |      icmp|   0|  0|    12|           4|           3|
    |icmp_ln26_540_fu_11949_p2         |      icmp|   0|  0|    12|           4|           2|
    |icmp_ln26_541_fu_11955_p2         |      icmp|   0|  0|    12|           4|           3|
    |icmp_ln26_542_fu_11961_p2         |      icmp|   0|  0|    12|           4|           3|
    |icmp_ln26_543_fu_12011_p2         |      icmp|   0|  0|    12|           4|           2|
    |icmp_ln26_544_fu_12017_p2         |      icmp|   0|  0|    12|           4|           3|
    |icmp_ln26_545_fu_12023_p2         |      icmp|   0|  0|    12|           4|           3|
    |icmp_ln26_546_fu_12039_p2         |      icmp|   0|  0|    12|           4|           2|
    |icmp_ln26_547_fu_12045_p2         |      icmp|   0|  0|    12|           4|           3|
    |icmp_ln26_548_fu_12051_p2         |      icmp|   0|  0|    12|           4|           3|
    |icmp_ln26_549_fu_12101_p2         |      icmp|   0|  0|    12|           4|           2|
    |icmp_ln26_54_fu_4659_p2           |      icmp|   0|  0|    12|           4|           2|
    |icmp_ln26_550_fu_12107_p2         |      icmp|   0|  0|    12|           4|           3|
    |icmp_ln26_551_fu_12113_p2         |      icmp|   0|  0|    12|           4|           3|
    |icmp_ln26_552_fu_12129_p2         |      icmp|   0|  0|    12|           4|           2|
    |icmp_ln26_553_fu_12135_p2         |      icmp|   0|  0|    12|           4|           3|
    |icmp_ln26_554_fu_12141_p2         |      icmp|   0|  0|    12|           4|           3|
    |icmp_ln26_555_fu_12191_p2         |      icmp|   0|  0|    12|           4|           2|
    |icmp_ln26_556_fu_12197_p2         |      icmp|   0|  0|    12|           4|           3|
    |icmp_ln26_557_fu_12203_p2         |      icmp|   0|  0|    12|           4|           3|
    |icmp_ln26_558_fu_12219_p2         |      icmp|   0|  0|    12|           4|           2|
    |icmp_ln26_559_fu_12225_p2         |      icmp|   0|  0|    12|           4|           3|
    |icmp_ln26_55_fu_4665_p2           |      icmp|   0|  0|    12|           4|           3|
    |icmp_ln26_560_fu_12231_p2         |      icmp|   0|  0|    12|           4|           3|
    |icmp_ln26_561_fu_12281_p2         |      icmp|   0|  0|    12|           4|           2|
    |icmp_ln26_562_fu_12287_p2         |      icmp|   0|  0|    12|           4|           3|
    |icmp_ln26_563_fu_12293_p2         |      icmp|   0|  0|    12|           4|           3|
    |icmp_ln26_564_fu_12309_p2         |      icmp|   0|  0|    12|           4|           2|
    |icmp_ln26_565_fu_12315_p2         |      icmp|   0|  0|    12|           4|           3|
    |icmp_ln26_566_fu_12321_p2         |      icmp|   0|  0|    12|           4|           3|
    |icmp_ln26_567_fu_12371_p2         |      icmp|   0|  0|    12|           4|           2|
    |icmp_ln26_568_fu_12377_p2         |      icmp|   0|  0|    12|           4|           3|
    |icmp_ln26_569_fu_12383_p2         |      icmp|   0|  0|    12|           4|           3|
    |icmp_ln26_56_fu_4671_p2           |      icmp|   0|  0|    12|           4|           3|
    |icmp_ln26_570_fu_12399_p2         |      icmp|   0|  0|    12|           4|           2|
    |icmp_ln26_571_fu_12405_p2         |      icmp|   0|  0|    12|           4|           3|
    |icmp_ln26_572_fu_12411_p2         |      icmp|   0|  0|    12|           4|           3|
    |icmp_ln26_573_fu_12461_p2         |      icmp|   0|  0|    12|           4|           2|
    |icmp_ln26_574_fu_12467_p2         |      icmp|   0|  0|    12|           4|           3|
    |icmp_ln26_575_fu_12473_p2         |      icmp|   0|  0|    12|           4|           3|
    |icmp_ln26_576_fu_12489_p2         |      icmp|   0|  0|    12|           4|           2|
    |icmp_ln26_577_fu_12495_p2         |      icmp|   0|  0|    12|           4|           3|
    |icmp_ln26_578_fu_12501_p2         |      icmp|   0|  0|    12|           4|           3|
    |icmp_ln26_579_fu_12551_p2         |      icmp|   0|  0|    12|           4|           2|
    |icmp_ln26_57_fu_4721_p2           |      icmp|   0|  0|    12|           4|           2|
    |icmp_ln26_580_fu_12557_p2         |      icmp|   0|  0|    12|           4|           3|
    |icmp_ln26_581_fu_12563_p2         |      icmp|   0|  0|    12|           4|           3|
    |icmp_ln26_582_fu_12579_p2         |      icmp|   0|  0|    12|           4|           2|
    |icmp_ln26_583_fu_12585_p2         |      icmp|   0|  0|    12|           4|           3|
    |icmp_ln26_584_fu_12591_p2         |      icmp|   0|  0|    12|           4|           3|
    |icmp_ln26_585_fu_12641_p2         |      icmp|   0|  0|    12|           4|           2|
    |icmp_ln26_586_fu_12647_p2         |      icmp|   0|  0|    12|           4|           3|
    |icmp_ln26_587_fu_12653_p2         |      icmp|   0|  0|    12|           4|           3|
    |icmp_ln26_588_fu_12669_p2         |      icmp|   0|  0|    12|           4|           2|
    |icmp_ln26_589_fu_12675_p2         |      icmp|   0|  0|    12|           4|           3|
    |icmp_ln26_58_fu_4727_p2           |      icmp|   0|  0|    12|           4|           3|
    |icmp_ln26_590_fu_12681_p2         |      icmp|   0|  0|    12|           4|           3|
    |icmp_ln26_591_fu_12731_p2         |      icmp|   0|  0|    12|           4|           2|
    |icmp_ln26_592_fu_12737_p2         |      icmp|   0|  0|    12|           4|           3|
    |icmp_ln26_593_fu_12743_p2         |      icmp|   0|  0|    12|           4|           3|
    |icmp_ln26_594_fu_12759_p2         |      icmp|   0|  0|    12|           4|           2|
    |icmp_ln26_595_fu_12765_p2         |      icmp|   0|  0|    12|           4|           3|
    |icmp_ln26_596_fu_12771_p2         |      icmp|   0|  0|    12|           4|           3|
    |icmp_ln26_597_fu_12821_p2         |      icmp|   0|  0|    12|           4|           2|
    |icmp_ln26_598_fu_12827_p2         |      icmp|   0|  0|    12|           4|           3|
    |icmp_ln26_599_fu_12833_p2         |      icmp|   0|  0|    12|           4|           3|
    |icmp_ln26_59_fu_4733_p2           |      icmp|   0|  0|    12|           4|           3|
    |icmp_ln26_5_fu_3923_p2            |      icmp|   0|  0|    12|           4|           3|
    |icmp_ln26_600_fu_12849_p2         |      icmp|   0|  0|    12|           4|           2|
    |icmp_ln26_601_fu_12855_p2         |      icmp|   0|  0|    12|           4|           3|
    |icmp_ln26_602_fu_12861_p2         |      icmp|   0|  0|    12|           4|           3|
    |icmp_ln26_603_fu_12911_p2         |      icmp|   0|  0|    12|           4|           2|
    |icmp_ln26_604_fu_12917_p2         |      icmp|   0|  0|    12|           4|           3|
    |icmp_ln26_605_fu_12923_p2         |      icmp|   0|  0|    12|           4|           3|
    |icmp_ln26_606_fu_12939_p2         |      icmp|   0|  0|    12|           4|           2|
    |icmp_ln26_607_fu_12945_p2         |      icmp|   0|  0|    12|           4|           3|
    |icmp_ln26_608_fu_12951_p2         |      icmp|   0|  0|    12|           4|           3|
    |icmp_ln26_609_fu_13001_p2         |      icmp|   0|  0|    12|           4|           2|
    |icmp_ln26_60_fu_4749_p2           |      icmp|   0|  0|    12|           4|           2|
    |icmp_ln26_610_fu_13007_p2         |      icmp|   0|  0|    12|           4|           3|
    |icmp_ln26_611_fu_13013_p2         |      icmp|   0|  0|    12|           4|           3|
    |icmp_ln26_612_fu_13029_p2         |      icmp|   0|  0|    12|           4|           2|
    |icmp_ln26_613_fu_13035_p2         |      icmp|   0|  0|    12|           4|           3|
    |icmp_ln26_614_fu_13041_p2         |      icmp|   0|  0|    12|           4|           3|
    |icmp_ln26_615_fu_13091_p2         |      icmp|   0|  0|    12|           4|           2|
    |icmp_ln26_616_fu_13097_p2         |      icmp|   0|  0|    12|           4|           3|
    |icmp_ln26_617_fu_13103_p2         |      icmp|   0|  0|    12|           4|           3|
    |icmp_ln26_618_fu_13119_p2         |      icmp|   0|  0|    12|           4|           2|
    |icmp_ln26_619_fu_13125_p2         |      icmp|   0|  0|    12|           4|           3|
    |icmp_ln26_61_fu_4755_p2           |      icmp|   0|  0|    12|           4|           3|
    |icmp_ln26_620_fu_13131_p2         |      icmp|   0|  0|    12|           4|           3|
    |icmp_ln26_621_fu_13181_p2         |      icmp|   0|  0|    12|           4|           2|
    |icmp_ln26_622_fu_13187_p2         |      icmp|   0|  0|    12|           4|           3|
    |icmp_ln26_623_fu_13193_p2         |      icmp|   0|  0|    12|           4|           3|
    |icmp_ln26_624_fu_13209_p2         |      icmp|   0|  0|    12|           4|           2|
    |icmp_ln26_625_fu_13215_p2         |      icmp|   0|  0|    12|           4|           3|
    |icmp_ln26_626_fu_13221_p2         |      icmp|   0|  0|    12|           4|           3|
    |icmp_ln26_627_fu_13271_p2         |      icmp|   0|  0|    12|           4|           2|
    |icmp_ln26_628_fu_13277_p2         |      icmp|   0|  0|    12|           4|           3|
    |icmp_ln26_629_fu_13283_p2         |      icmp|   0|  0|    12|           4|           3|
    |icmp_ln26_62_fu_4761_p2           |      icmp|   0|  0|    12|           4|           3|
    |icmp_ln26_630_fu_13299_p2         |      icmp|   0|  0|    12|           4|           2|
    |icmp_ln26_631_fu_13305_p2         |      icmp|   0|  0|    12|           4|           3|
    |icmp_ln26_632_fu_13311_p2         |      icmp|   0|  0|    12|           4|           3|
    |icmp_ln26_633_fu_13361_p2         |      icmp|   0|  0|    12|           4|           2|
    |icmp_ln26_634_fu_13367_p2         |      icmp|   0|  0|    12|           4|           3|
    |icmp_ln26_635_fu_13373_p2         |      icmp|   0|  0|    12|           4|           3|
    |icmp_ln26_636_fu_13389_p2         |      icmp|   0|  0|    12|           4|           2|
    |icmp_ln26_637_fu_13395_p2         |      icmp|   0|  0|    12|           4|           3|
    |icmp_ln26_638_fu_13401_p2         |      icmp|   0|  0|    12|           4|           3|
    |icmp_ln26_639_fu_13451_p2         |      icmp|   0|  0|    12|           4|           2|
    |icmp_ln26_63_fu_4811_p2           |      icmp|   0|  0|    12|           4|           2|
    |icmp_ln26_640_fu_13457_p2         |      icmp|   0|  0|    12|           4|           3|
    |icmp_ln26_641_fu_13463_p2         |      icmp|   0|  0|    12|           4|           3|
    |icmp_ln26_642_fu_13479_p2         |      icmp|   0|  0|    12|           4|           2|
    |icmp_ln26_643_fu_13485_p2         |      icmp|   0|  0|    12|           4|           3|
    |icmp_ln26_644_fu_13491_p2         |      icmp|   0|  0|    12|           4|           3|
    |icmp_ln26_645_fu_13541_p2         |      icmp|   0|  0|    12|           4|           2|
    |icmp_ln26_646_fu_13547_p2         |      icmp|   0|  0|    12|           4|           3|
    |icmp_ln26_647_fu_13553_p2         |      icmp|   0|  0|    12|           4|           3|
    |icmp_ln26_648_fu_13569_p2         |      icmp|   0|  0|    12|           4|           2|
    |icmp_ln26_649_fu_13575_p2         |      icmp|   0|  0|    12|           4|           3|
    |icmp_ln26_64_fu_4817_p2           |      icmp|   0|  0|    12|           4|           3|
    |icmp_ln26_650_fu_13581_p2         |      icmp|   0|  0|    12|           4|           3|
    |icmp_ln26_651_fu_13631_p2         |      icmp|   0|  0|    12|           4|           2|
    |icmp_ln26_652_fu_13637_p2         |      icmp|   0|  0|    12|           4|           3|
    |icmp_ln26_653_fu_13643_p2         |      icmp|   0|  0|    12|           4|           3|
    |icmp_ln26_654_fu_13659_p2         |      icmp|   0|  0|    12|           4|           2|
    |icmp_ln26_655_fu_13665_p2         |      icmp|   0|  0|    12|           4|           3|
    |icmp_ln26_656_fu_13671_p2         |      icmp|   0|  0|    12|           4|           3|
    |icmp_ln26_657_fu_13721_p2         |      icmp|   0|  0|    12|           4|           2|
    |icmp_ln26_658_fu_13727_p2         |      icmp|   0|  0|    12|           4|           3|
    |icmp_ln26_659_fu_13733_p2         |      icmp|   0|  0|    12|           4|           3|
    |icmp_ln26_65_fu_4823_p2           |      icmp|   0|  0|    12|           4|           3|
    |icmp_ln26_660_fu_13749_p2         |      icmp|   0|  0|    12|           4|           2|
    |icmp_ln26_661_fu_13755_p2         |      icmp|   0|  0|    12|           4|           3|
    |icmp_ln26_662_fu_13761_p2         |      icmp|   0|  0|    12|           4|           3|
    |icmp_ln26_663_fu_13811_p2         |      icmp|   0|  0|    12|           4|           2|
    |icmp_ln26_664_fu_13817_p2         |      icmp|   0|  0|    12|           4|           3|
    |icmp_ln26_665_fu_13823_p2         |      icmp|   0|  0|    12|           4|           3|
    |icmp_ln26_666_fu_13839_p2         |      icmp|   0|  0|    12|           4|           2|
    |icmp_ln26_667_fu_13845_p2         |      icmp|   0|  0|    12|           4|           3|
    |icmp_ln26_668_fu_13851_p2         |      icmp|   0|  0|    12|           4|           3|
    |icmp_ln26_669_fu_13901_p2         |      icmp|   0|  0|    12|           4|           2|
    |icmp_ln26_66_fu_4839_p2           |      icmp|   0|  0|    12|           4|           2|
    |icmp_ln26_670_fu_13907_p2         |      icmp|   0|  0|    12|           4|           3|
    |icmp_ln26_671_fu_13913_p2         |      icmp|   0|  0|    12|           4|           3|
    |icmp_ln26_672_fu_13929_p2         |      icmp|   0|  0|    12|           4|           2|
    |icmp_ln26_673_fu_13935_p2         |      icmp|   0|  0|    12|           4|           3|
    |icmp_ln26_674_fu_13941_p2         |      icmp|   0|  0|    12|           4|           3|
    |icmp_ln26_675_fu_13991_p2         |      icmp|   0|  0|    12|           4|           2|
    |icmp_ln26_676_fu_13997_p2         |      icmp|   0|  0|    12|           4|           3|
    |icmp_ln26_677_fu_14003_p2         |      icmp|   0|  0|    12|           4|           3|
    |icmp_ln26_678_fu_14019_p2         |      icmp|   0|  0|    12|           4|           2|
    |icmp_ln26_679_fu_14025_p2         |      icmp|   0|  0|    12|           4|           3|
    |icmp_ln26_67_fu_4845_p2           |      icmp|   0|  0|    12|           4|           3|
    |icmp_ln26_680_fu_14031_p2         |      icmp|   0|  0|    12|           4|           3|
    |icmp_ln26_681_fu_14081_p2         |      icmp|   0|  0|    12|           4|           2|
    |icmp_ln26_682_fu_14087_p2         |      icmp|   0|  0|    12|           4|           3|
    |icmp_ln26_683_fu_14093_p2         |      icmp|   0|  0|    12|           4|           3|
    |icmp_ln26_684_fu_14109_p2         |      icmp|   0|  0|    12|           4|           2|
    |icmp_ln26_685_fu_14115_p2         |      icmp|   0|  0|    12|           4|           3|
    |icmp_ln26_686_fu_14121_p2         |      icmp|   0|  0|    12|           4|           3|
    |icmp_ln26_687_fu_14171_p2         |      icmp|   0|  0|    12|           4|           2|
    |icmp_ln26_688_fu_14177_p2         |      icmp|   0|  0|    12|           4|           3|
    |icmp_ln26_689_fu_14183_p2         |      icmp|   0|  0|    12|           4|           3|
    |icmp_ln26_68_fu_4851_p2           |      icmp|   0|  0|    12|           4|           3|
    |icmp_ln26_690_fu_14199_p2         |      icmp|   0|  0|    12|           4|           2|
    |icmp_ln26_691_fu_14205_p2         |      icmp|   0|  0|    12|           4|           3|
    |icmp_ln26_692_fu_14211_p2         |      icmp|   0|  0|    12|           4|           3|
    |icmp_ln26_693_fu_14261_p2         |      icmp|   0|  0|    12|           4|           2|
    |icmp_ln26_694_fu_14267_p2         |      icmp|   0|  0|    12|           4|           3|
    |icmp_ln26_695_fu_14273_p2         |      icmp|   0|  0|    12|           4|           3|
    |icmp_ln26_696_fu_14289_p2         |      icmp|   0|  0|    12|           4|           2|
    |icmp_ln26_697_fu_14295_p2         |      icmp|   0|  0|    12|           4|           3|
    |icmp_ln26_698_fu_14301_p2         |      icmp|   0|  0|    12|           4|           3|
    |icmp_ln26_699_fu_14351_p2         |      icmp|   0|  0|    12|           4|           2|
    |icmp_ln26_69_fu_4901_p2           |      icmp|   0|  0|    12|           4|           2|
    |icmp_ln26_6_fu_3939_p2            |      icmp|   0|  0|    12|           4|           2|
    |icmp_ln26_700_fu_14357_p2         |      icmp|   0|  0|    12|           4|           3|
    |icmp_ln26_701_fu_14363_p2         |      icmp|   0|  0|    12|           4|           3|
    |icmp_ln26_702_fu_14379_p2         |      icmp|   0|  0|    12|           4|           2|
    |icmp_ln26_703_fu_14385_p2         |      icmp|   0|  0|    12|           4|           3|
    |icmp_ln26_704_fu_14391_p2         |      icmp|   0|  0|    12|           4|           3|
    |icmp_ln26_705_fu_14441_p2         |      icmp|   0|  0|    12|           4|           2|
    |icmp_ln26_706_fu_14447_p2         |      icmp|   0|  0|    12|           4|           3|
    |icmp_ln26_707_fu_14453_p2         |      icmp|   0|  0|    12|           4|           3|
    |icmp_ln26_708_fu_14469_p2         |      icmp|   0|  0|    12|           4|           2|
    |icmp_ln26_709_fu_14475_p2         |      icmp|   0|  0|    12|           4|           3|
    |icmp_ln26_70_fu_4907_p2           |      icmp|   0|  0|    12|           4|           3|
    |icmp_ln26_710_fu_14481_p2         |      icmp|   0|  0|    12|           4|           3|
    |icmp_ln26_711_fu_14531_p2         |      icmp|   0|  0|    12|           4|           2|
    |icmp_ln26_712_fu_14537_p2         |      icmp|   0|  0|    12|           4|           3|
    |icmp_ln26_713_fu_14543_p2         |      icmp|   0|  0|    12|           4|           3|
    |icmp_ln26_714_fu_14559_p2         |      icmp|   0|  0|    12|           4|           2|
    |icmp_ln26_715_fu_14565_p2         |      icmp|   0|  0|    12|           4|           3|
    |icmp_ln26_716_fu_14571_p2         |      icmp|   0|  0|    12|           4|           3|
    |icmp_ln26_717_fu_14621_p2         |      icmp|   0|  0|    12|           4|           2|
    |icmp_ln26_718_fu_14627_p2         |      icmp|   0|  0|    12|           4|           3|
    |icmp_ln26_719_fu_14633_p2         |      icmp|   0|  0|    12|           4|           3|
    |icmp_ln26_71_fu_4913_p2           |      icmp|   0|  0|    12|           4|           3|
    |icmp_ln26_720_fu_14649_p2         |      icmp|   0|  0|    12|           4|           2|
    |icmp_ln26_721_fu_14655_p2         |      icmp|   0|  0|    12|           4|           3|
    |icmp_ln26_722_fu_14661_p2         |      icmp|   0|  0|    12|           4|           3|
    |icmp_ln26_723_fu_14711_p2         |      icmp|   0|  0|    12|           4|           2|
    |icmp_ln26_724_fu_14717_p2         |      icmp|   0|  0|    12|           4|           3|
    |icmp_ln26_725_fu_14723_p2         |      icmp|   0|  0|    12|           4|           3|
    |icmp_ln26_726_fu_14739_p2         |      icmp|   0|  0|    12|           4|           2|
    |icmp_ln26_727_fu_14745_p2         |      icmp|   0|  0|    12|           4|           3|
    |icmp_ln26_728_fu_14751_p2         |      icmp|   0|  0|    12|           4|           3|
    |icmp_ln26_729_fu_14801_p2         |      icmp|   0|  0|    12|           4|           2|
    |icmp_ln26_72_fu_4929_p2           |      icmp|   0|  0|    12|           4|           2|
    |icmp_ln26_730_fu_14807_p2         |      icmp|   0|  0|    12|           4|           3|
    |icmp_ln26_731_fu_14813_p2         |      icmp|   0|  0|    12|           4|           3|
    |icmp_ln26_732_fu_14829_p2         |      icmp|   0|  0|    12|           4|           2|
    |icmp_ln26_733_fu_14835_p2         |      icmp|   0|  0|    12|           4|           3|
    |icmp_ln26_734_fu_14841_p2         |      icmp|   0|  0|    12|           4|           3|
    |icmp_ln26_735_fu_14891_p2         |      icmp|   0|  0|    12|           4|           2|
    |icmp_ln26_736_fu_14897_p2         |      icmp|   0|  0|    12|           4|           3|
    |icmp_ln26_737_fu_14903_p2         |      icmp|   0|  0|    12|           4|           3|
    |icmp_ln26_738_fu_14919_p2         |      icmp|   0|  0|    12|           4|           2|
    |icmp_ln26_739_fu_14925_p2         |      icmp|   0|  0|    12|           4|           3|
    |icmp_ln26_73_fu_4935_p2           |      icmp|   0|  0|    12|           4|           3|
    |icmp_ln26_740_fu_14931_p2         |      icmp|   0|  0|    12|           4|           3|
    |icmp_ln26_741_fu_14981_p2         |      icmp|   0|  0|    12|           4|           2|
    |icmp_ln26_742_fu_14987_p2         |      icmp|   0|  0|    12|           4|           3|
    |icmp_ln26_743_fu_14993_p2         |      icmp|   0|  0|    12|           4|           3|
    |icmp_ln26_744_fu_15009_p2         |      icmp|   0|  0|    12|           4|           2|
    |icmp_ln26_745_fu_15015_p2         |      icmp|   0|  0|    12|           4|           3|
    |icmp_ln26_746_fu_15021_p2         |      icmp|   0|  0|    12|           4|           3|
    |icmp_ln26_747_fu_15071_p2         |      icmp|   0|  0|    12|           4|           2|
    |icmp_ln26_748_fu_15077_p2         |      icmp|   0|  0|    12|           4|           3|
    |icmp_ln26_749_fu_15083_p2         |      icmp|   0|  0|    12|           4|           3|
    |icmp_ln26_74_fu_4941_p2           |      icmp|   0|  0|    12|           4|           3|
    |icmp_ln26_750_fu_15099_p2         |      icmp|   0|  0|    12|           4|           2|
    |icmp_ln26_751_fu_15105_p2         |      icmp|   0|  0|    12|           4|           3|
    |icmp_ln26_752_fu_15111_p2         |      icmp|   0|  0|    12|           4|           3|
    |icmp_ln26_753_fu_15161_p2         |      icmp|   0|  0|    12|           4|           2|
    |icmp_ln26_754_fu_15167_p2         |      icmp|   0|  0|    12|           4|           3|
    |icmp_ln26_755_fu_15173_p2         |      icmp|   0|  0|    12|           4|           3|
    |icmp_ln26_756_fu_15189_p2         |      icmp|   0|  0|    12|           4|           2|
    |icmp_ln26_757_fu_15195_p2         |      icmp|   0|  0|    12|           4|           3|
    |icmp_ln26_758_fu_15201_p2         |      icmp|   0|  0|    12|           4|           3|
    |icmp_ln26_759_fu_15251_p2         |      icmp|   0|  0|    12|           4|           2|
    |icmp_ln26_75_fu_4991_p2           |      icmp|   0|  0|    12|           4|           2|
    |icmp_ln26_760_fu_15257_p2         |      icmp|   0|  0|    12|           4|           3|
    |icmp_ln26_761_fu_15263_p2         |      icmp|   0|  0|    12|           4|           3|
    |icmp_ln26_762_fu_15279_p2         |      icmp|   0|  0|    12|           4|           2|
    |icmp_ln26_763_fu_15285_p2         |      icmp|   0|  0|    12|           4|           3|
    |icmp_ln26_764_fu_15291_p2         |      icmp|   0|  0|    12|           4|           3|
    |icmp_ln26_765_fu_15341_p2         |      icmp|   0|  0|    10|           3|           2|
    |icmp_ln26_766_fu_15347_p2         |      icmp|   0|  0|    10|           3|           3|
    |icmp_ln26_767_fu_15353_p2         |      icmp|   0|  0|    10|           3|           3|
    |icmp_ln26_76_fu_4997_p2           |      icmp|   0|  0|    12|           4|           3|
    |icmp_ln26_77_fu_5003_p2           |      icmp|   0|  0|    12|           4|           3|
    |icmp_ln26_78_fu_5019_p2           |      icmp|   0|  0|    12|           4|           2|
    |icmp_ln26_79_fu_5025_p2           |      icmp|   0|  0|    12|           4|           3|
    |icmp_ln26_7_fu_3945_p2            |      icmp|   0|  0|    12|           4|           3|
    |icmp_ln26_80_fu_5031_p2           |      icmp|   0|  0|    12|           4|           3|
    |icmp_ln26_81_fu_5081_p2           |      icmp|   0|  0|    12|           4|           2|
    |icmp_ln26_82_fu_5087_p2           |      icmp|   0|  0|    12|           4|           3|
    |icmp_ln26_83_fu_5093_p2           |      icmp|   0|  0|    12|           4|           3|
    |icmp_ln26_84_fu_5109_p2           |      icmp|   0|  0|    12|           4|           2|
    |icmp_ln26_85_fu_5115_p2           |      icmp|   0|  0|    12|           4|           3|
    |icmp_ln26_86_fu_5121_p2           |      icmp|   0|  0|    12|           4|           3|
    |icmp_ln26_87_fu_5171_p2           |      icmp|   0|  0|    12|           4|           2|
    |icmp_ln26_88_fu_5177_p2           |      icmp|   0|  0|    12|           4|           3|
    |icmp_ln26_89_fu_5183_p2           |      icmp|   0|  0|    12|           4|           3|
    |icmp_ln26_8_fu_3951_p2            |      icmp|   0|  0|    12|           4|           3|
    |icmp_ln26_90_fu_5199_p2           |      icmp|   0|  0|    12|           4|           2|
    |icmp_ln26_91_fu_5205_p2           |      icmp|   0|  0|    12|           4|           3|
    |icmp_ln26_92_fu_5211_p2           |      icmp|   0|  0|    12|           4|           3|
    |icmp_ln26_93_fu_5261_p2           |      icmp|   0|  0|    12|           4|           2|
    |icmp_ln26_94_fu_5267_p2           |      icmp|   0|  0|    12|           4|           3|
    |icmp_ln26_95_fu_5273_p2           |      icmp|   0|  0|    12|           4|           3|
    |icmp_ln26_96_fu_5289_p2           |      icmp|   0|  0|    12|           4|           2|
    |icmp_ln26_97_fu_5295_p2           |      icmp|   0|  0|    12|           4|           3|
    |icmp_ln26_98_fu_5301_p2           |      icmp|   0|  0|    12|           4|           3|
    |icmp_ln26_99_fu_5351_p2           |      icmp|   0|  0|    12|           4|           2|
    |icmp_ln26_9_fu_4001_p2            |      icmp|   0|  0|    12|           4|           2|
    |icmp_ln26_fu_3821_p2              |      icmp|   0|  0|    12|           4|           2|
    |icmp_ln46_fu_3757_p2              |      icmp|   0|  0|    16|           9|           8|
    |lshr_ln23_1_fu_3891_p2            |      lshr|   0|  0|  2171|       12544|       12544|
    |lshr_ln23_fu_3779_p2              |      lshr|   0|  0|  2171|       12544|       12544|
    |ap_block_pp0_stage0_11001         |        or|   0|  0|     2|           1|           1|
    |ap_block_state1                   |        or|   0|  0|     2|           1|           1|
    |or_ln26_100_fu_8379_p2            |        or|   0|  0|     2|           1|           1|
    |or_ln26_101_fu_22896_p2           |        or|   0|  0|     2|           1|           1|
    |or_ln26_102_fu_8469_p2            |        or|   0|  0|     2|           1|           1|
    |or_ln26_103_fu_23045_p2           |        or|   0|  0|     2|           1|           1|
    |or_ln26_104_fu_8559_p2            |        or|   0|  0|     2|           1|           1|
    |or_ln26_105_fu_23194_p2           |        or|   0|  0|     2|           1|           1|
    |or_ln26_106_fu_8649_p2            |        or|   0|  0|     2|           1|           1|
    |or_ln26_107_fu_23343_p2           |        or|   0|  0|     2|           1|           1|
    |or_ln26_108_fu_8739_p2            |        or|   0|  0|     2|           1|           1|
    |or_ln26_109_fu_23492_p2           |        or|   0|  0|     2|           1|           1|
    |or_ln26_10_fu_4329_p2             |        or|   0|  0|     2|           1|           1|
    |or_ln26_110_fu_8829_p2            |        or|   0|  0|     2|           1|           1|
    |or_ln26_111_fu_23641_p2           |        or|   0|  0|     2|           1|           1|
    |or_ln26_112_fu_8919_p2            |        or|   0|  0|     2|           1|           1|
    |or_ln26_113_fu_23790_p2           |        or|   0|  0|     2|           1|           1|
    |or_ln26_114_fu_9009_p2            |        or|   0|  0|     2|           1|           1|
    |or_ln26_115_fu_23939_p2           |        or|   0|  0|     2|           1|           1|
    |or_ln26_116_fu_9099_p2            |        or|   0|  0|     2|           1|           1|
    |or_ln26_117_fu_24088_p2           |        or|   0|  0|     2|           1|           1|
    |or_ln26_118_fu_9189_p2            |        or|   0|  0|     2|           1|           1|
    |or_ln26_119_fu_24237_p2           |        or|   0|  0|     2|           1|           1|
    |or_ln26_11_fu_16191_p2            |        or|   0|  0|     2|           1|           1|
    |or_ln26_120_fu_9279_p2            |        or|   0|  0|     2|           1|           1|
    |or_ln26_121_fu_24386_p2           |        or|   0|  0|     2|           1|           1|
    |or_ln26_122_fu_9369_p2            |        or|   0|  0|     2|           1|           1|
    |or_ln26_123_fu_24535_p2           |        or|   0|  0|     2|           1|           1|
    |or_ln26_124_fu_9459_p2            |        or|   0|  0|     2|           1|           1|
    |or_ln26_125_fu_24684_p2           |        or|   0|  0|     2|           1|           1|
    |or_ln26_126_fu_9549_p2            |        or|   0|  0|     2|           1|           1|
    |or_ln26_127_fu_24833_p2           |        or|   0|  0|     2|           1|           1|
    |or_ln26_128_fu_9639_p2            |        or|   0|  0|     2|           1|           1|
    |or_ln26_129_fu_24982_p2           |        or|   0|  0|     2|           1|           1|
    |or_ln26_12_fu_4419_p2             |        or|   0|  0|     2|           1|           1|
    |or_ln26_130_fu_9729_p2            |        or|   0|  0|     2|           1|           1|
    |or_ln26_131_fu_25131_p2           |        or|   0|  0|     2|           1|           1|
    |or_ln26_132_fu_9819_p2            |        or|   0|  0|     2|           1|           1|
    |or_ln26_133_fu_25280_p2           |        or|   0|  0|     2|           1|           1|
    |or_ln26_134_fu_9909_p2            |        or|   0|  0|     2|           1|           1|
    |or_ln26_135_fu_25429_p2           |        or|   0|  0|     2|           1|           1|
    |or_ln26_136_fu_9999_p2            |        or|   0|  0|     2|           1|           1|
    |or_ln26_137_fu_25578_p2           |        or|   0|  0|     2|           1|           1|
    |or_ln26_138_fu_10089_p2           |        or|   0|  0|     2|           1|           1|
    |or_ln26_139_fu_25727_p2           |        or|   0|  0|     2|           1|           1|
    |or_ln26_13_fu_16340_p2            |        or|   0|  0|     2|           1|           1|
    |or_ln26_140_fu_10179_p2           |        or|   0|  0|     2|           1|           1|
    |or_ln26_141_fu_25876_p2           |        or|   0|  0|     2|           1|           1|
    |or_ln26_142_fu_10269_p2           |        or|   0|  0|     2|           1|           1|
    |or_ln26_143_fu_26025_p2           |        or|   0|  0|     2|           1|           1|
    |or_ln26_144_fu_10359_p2           |        or|   0|  0|     2|           1|           1|
    |or_ln26_145_fu_26174_p2           |        or|   0|  0|     2|           1|           1|
    |or_ln26_146_fu_10449_p2           |        or|   0|  0|     2|           1|           1|
    |or_ln26_147_fu_26323_p2           |        or|   0|  0|     2|           1|           1|
    |or_ln26_148_fu_10539_p2           |        or|   0|  0|     2|           1|           1|
    |or_ln26_149_fu_26472_p2           |        or|   0|  0|     2|           1|           1|
    |or_ln26_14_fu_4509_p2             |        or|   0|  0|     2|           1|           1|
    |or_ln26_150_fu_10629_p2           |        or|   0|  0|     2|           1|           1|
    |or_ln26_151_fu_26621_p2           |        or|   0|  0|     2|           1|           1|
    |or_ln26_152_fu_10719_p2           |        or|   0|  0|     2|           1|           1|
    |or_ln26_153_fu_26770_p2           |        or|   0|  0|     2|           1|           1|
    |or_ln26_154_fu_10809_p2           |        or|   0|  0|     2|           1|           1|
    |or_ln26_155_fu_26919_p2           |        or|   0|  0|     2|           1|           1|
    |or_ln26_156_fu_10899_p2           |        or|   0|  0|     2|           1|           1|
    |or_ln26_157_fu_27068_p2           |        or|   0|  0|     2|           1|           1|
    |or_ln26_158_fu_10989_p2           |        or|   0|  0|     2|           1|           1|
    |or_ln26_159_fu_27217_p2           |        or|   0|  0|     2|           1|           1|
    |or_ln26_15_fu_16489_p2            |        or|   0|  0|     2|           1|           1|
    |or_ln26_160_fu_11079_p2           |        or|   0|  0|     2|           1|           1|
    |or_ln26_161_fu_27366_p2           |        or|   0|  0|     2|           1|           1|
    |or_ln26_162_fu_11169_p2           |        or|   0|  0|     2|           1|           1|
    |or_ln26_163_fu_27515_p2           |        or|   0|  0|     2|           1|           1|
    |or_ln26_164_fu_11259_p2           |        or|   0|  0|     2|           1|           1|
    |or_ln26_165_fu_27664_p2           |        or|   0|  0|     2|           1|           1|
    |or_ln26_166_fu_11349_p2           |        or|   0|  0|     2|           1|           1|
    |or_ln26_167_fu_27813_p2           |        or|   0|  0|     2|           1|           1|
    |or_ln26_168_fu_11439_p2           |        or|   0|  0|     2|           1|           1|
    |or_ln26_169_fu_27962_p2           |        or|   0|  0|     2|           1|           1|
    |or_ln26_16_fu_4599_p2             |        or|   0|  0|     2|           1|           1|
    |or_ln26_170_fu_11529_p2           |        or|   0|  0|     2|           1|           1|
    |or_ln26_171_fu_28111_p2           |        or|   0|  0|     2|           1|           1|
    |or_ln26_172_fu_11619_p2           |        or|   0|  0|     2|           1|           1|
    |or_ln26_173_fu_28260_p2           |        or|   0|  0|     2|           1|           1|
    |or_ln26_174_fu_11709_p2           |        or|   0|  0|     2|           1|           1|
    |or_ln26_175_fu_28409_p2           |        or|   0|  0|     2|           1|           1|
    |or_ln26_176_fu_11799_p2           |        or|   0|  0|     2|           1|           1|
    |or_ln26_177_fu_28558_p2           |        or|   0|  0|     2|           1|           1|
    |or_ln26_178_fu_11889_p2           |        or|   0|  0|     2|           1|           1|
    |or_ln26_179_fu_28707_p2           |        or|   0|  0|     2|           1|           1|
    |or_ln26_17_fu_16638_p2            |        or|   0|  0|     2|           1|           1|
    |or_ln26_180_fu_11979_p2           |        or|   0|  0|     2|           1|           1|
    |or_ln26_181_fu_28856_p2           |        or|   0|  0|     2|           1|           1|
    |or_ln26_182_fu_12069_p2           |        or|   0|  0|     2|           1|           1|
    |or_ln26_183_fu_29005_p2           |        or|   0|  0|     2|           1|           1|
    |or_ln26_184_fu_12159_p2           |        or|   0|  0|     2|           1|           1|
    |or_ln26_185_fu_29154_p2           |        or|   0|  0|     2|           1|           1|
    |or_ln26_186_fu_12249_p2           |        or|   0|  0|     2|           1|           1|
    |or_ln26_187_fu_29303_p2           |        or|   0|  0|     2|           1|           1|
    |or_ln26_188_fu_12339_p2           |        or|   0|  0|     2|           1|           1|
    |or_ln26_189_fu_29452_p2           |        or|   0|  0|     2|           1|           1|
    |or_ln26_18_fu_4689_p2             |        or|   0|  0|     2|           1|           1|
    |or_ln26_190_fu_12429_p2           |        or|   0|  0|     2|           1|           1|
    |or_ln26_191_fu_29601_p2           |        or|   0|  0|     2|           1|           1|
    |or_ln26_192_fu_12519_p2           |        or|   0|  0|     2|           1|           1|
    |or_ln26_193_fu_29750_p2           |        or|   0|  0|     2|           1|           1|
    |or_ln26_194_fu_12609_p2           |        or|   0|  0|     2|           1|           1|
    |or_ln26_195_fu_29899_p2           |        or|   0|  0|     2|           1|           1|
    |or_ln26_196_fu_12699_p2           |        or|   0|  0|     2|           1|           1|
    |or_ln26_197_fu_30048_p2           |        or|   0|  0|     2|           1|           1|
    |or_ln26_198_fu_12789_p2           |        or|   0|  0|     2|           1|           1|
    |or_ln26_199_fu_30197_p2           |        or|   0|  0|     2|           1|           1|
    |or_ln26_19_fu_16787_p2            |        or|   0|  0|     2|           1|           1|
    |or_ln26_1_fu_15446_p2             |        or|   0|  0|     2|           1|           1|
    |or_ln26_200_fu_12879_p2           |        or|   0|  0|     2|           1|           1|
    |or_ln26_201_fu_30346_p2           |        or|   0|  0|     2|           1|           1|
    |or_ln26_202_fu_12969_p2           |        or|   0|  0|     2|           1|           1|
    |or_ln26_203_fu_30495_p2           |        or|   0|  0|     2|           1|           1|
    |or_ln26_204_fu_13059_p2           |        or|   0|  0|     2|           1|           1|
    |or_ln26_205_fu_30644_p2           |        or|   0|  0|     2|           1|           1|
    |or_ln26_206_fu_13149_p2           |        or|   0|  0|     2|           1|           1|
    |or_ln26_207_fu_30793_p2           |        or|   0|  0|     2|           1|           1|
    |or_ln26_208_fu_13239_p2           |        or|   0|  0|     2|           1|           1|
    |or_ln26_209_fu_30942_p2           |        or|   0|  0|     2|           1|           1|
    |or_ln26_20_fu_4779_p2             |        or|   0|  0|     2|           1|           1|
    |or_ln26_210_fu_13329_p2           |        or|   0|  0|     2|           1|           1|
    |or_ln26_211_fu_31091_p2           |        or|   0|  0|     2|           1|           1|
    |or_ln26_212_fu_13419_p2           |        or|   0|  0|     2|           1|           1|
    |or_ln26_213_fu_31240_p2           |        or|   0|  0|     2|           1|           1|
    |or_ln26_214_fu_13509_p2           |        or|   0|  0|     2|           1|           1|
    |or_ln26_215_fu_31389_p2           |        or|   0|  0|     2|           1|           1|
    |or_ln26_216_fu_13599_p2           |        or|   0|  0|     2|           1|           1|
    |or_ln26_217_fu_31538_p2           |        or|   0|  0|     2|           1|           1|
    |or_ln26_218_fu_13689_p2           |        or|   0|  0|     2|           1|           1|
    |or_ln26_219_fu_31687_p2           |        or|   0|  0|     2|           1|           1|
    |or_ln26_21_fu_16936_p2            |        or|   0|  0|     2|           1|           1|
    |or_ln26_220_fu_13779_p2           |        or|   0|  0|     2|           1|           1|
    |or_ln26_221_fu_31836_p2           |        or|   0|  0|     2|           1|           1|
    |or_ln26_222_fu_13869_p2           |        or|   0|  0|     2|           1|           1|
    |or_ln26_223_fu_31985_p2           |        or|   0|  0|     2|           1|           1|
    |or_ln26_224_fu_13959_p2           |        or|   0|  0|     2|           1|           1|
    |or_ln26_225_fu_32134_p2           |        or|   0|  0|     2|           1|           1|
    |or_ln26_226_fu_14049_p2           |        or|   0|  0|     2|           1|           1|
    |or_ln26_227_fu_32283_p2           |        or|   0|  0|     2|           1|           1|
    |or_ln26_228_fu_14139_p2           |        or|   0|  0|     2|           1|           1|
    |or_ln26_229_fu_32432_p2           |        or|   0|  0|     2|           1|           1|
    |or_ln26_22_fu_4869_p2             |        or|   0|  0|     2|           1|           1|
    |or_ln26_230_fu_14229_p2           |        or|   0|  0|     2|           1|           1|
    |or_ln26_231_fu_32581_p2           |        or|   0|  0|     2|           1|           1|
    |or_ln26_232_fu_14319_p2           |        or|   0|  0|     2|           1|           1|
    |or_ln26_233_fu_32730_p2           |        or|   0|  0|     2|           1|           1|
    |or_ln26_234_fu_14409_p2           |        or|   0|  0|     2|           1|           1|
    |or_ln26_235_fu_32879_p2           |        or|   0|  0|     2|           1|           1|
    |or_ln26_236_fu_14499_p2           |        or|   0|  0|     2|           1|           1|
    |or_ln26_237_fu_33028_p2           |        or|   0|  0|     2|           1|           1|
    |or_ln26_238_fu_14589_p2           |        or|   0|  0|     2|           1|           1|
    |or_ln26_239_fu_33177_p2           |        or|   0|  0|     2|           1|           1|
    |or_ln26_23_fu_17085_p2            |        or|   0|  0|     2|           1|           1|
    |or_ln26_240_fu_14679_p2           |        or|   0|  0|     2|           1|           1|
    |or_ln26_241_fu_33326_p2           |        or|   0|  0|     2|           1|           1|
    |or_ln26_242_fu_14769_p2           |        or|   0|  0|     2|           1|           1|
    |or_ln26_243_fu_33475_p2           |        or|   0|  0|     2|           1|           1|
    |or_ln26_244_fu_14859_p2           |        or|   0|  0|     2|           1|           1|
    |or_ln26_245_fu_33624_p2           |        or|   0|  0|     2|           1|           1|
    |or_ln26_246_fu_14949_p2           |        or|   0|  0|     2|           1|           1|
    |or_ln26_247_fu_33773_p2           |        or|   0|  0|     2|           1|           1|
    |or_ln26_248_fu_15039_p2           |        or|   0|  0|     2|           1|           1|
    |or_ln26_249_fu_33922_p2           |        or|   0|  0|     2|           1|           1|
    |or_ln26_24_fu_4959_p2             |        or|   0|  0|     2|           1|           1|
    |or_ln26_250_fu_15129_p2           |        or|   0|  0|     2|           1|           1|
    |or_ln26_251_fu_34071_p2           |        or|   0|  0|     2|           1|           1|
    |or_ln26_252_fu_15219_p2           |        or|   0|  0|     2|           1|           1|
    |or_ln26_253_fu_34220_p2           |        or|   0|  0|     2|           1|           1|
    |or_ln26_254_fu_15309_p2           |        or|   0|  0|     2|           1|           1|
    |or_ln26_255_fu_34369_p2           |        or|   0|  0|     2|           1|           1|
    |or_ln26_25_fu_17234_p2            |        or|   0|  0|     2|           1|           1|
    |or_ln26_26_fu_5049_p2             |        or|   0|  0|     2|           1|           1|
    |or_ln26_27_fu_17383_p2            |        or|   0|  0|     2|           1|           1|
    |or_ln26_28_fu_5139_p2             |        or|   0|  0|     2|           1|           1|
    |or_ln26_29_fu_17532_p2            |        or|   0|  0|     2|           1|           1|
    |or_ln26_2_fu_3969_p2              |        or|   0|  0|     2|           1|           1|
    |or_ln26_30_fu_5229_p2             |        or|   0|  0|     2|           1|           1|
    |or_ln26_31_fu_17681_p2            |        or|   0|  0|     2|           1|           1|
    |or_ln26_32_fu_5319_p2             |        or|   0|  0|     2|           1|           1|
    |or_ln26_33_fu_17830_p2            |        or|   0|  0|     2|           1|           1|
    |or_ln26_34_fu_5409_p2             |        or|   0|  0|     2|           1|           1|
    |or_ln26_35_fu_17979_p2            |        or|   0|  0|     2|           1|           1|
    |or_ln26_36_fu_5499_p2             |        or|   0|  0|     2|           1|           1|
    |or_ln26_37_fu_18128_p2            |        or|   0|  0|     2|           1|           1|
    |or_ln26_38_fu_5589_p2             |        or|   0|  0|     2|           1|           1|
    |or_ln26_39_fu_18277_p2            |        or|   0|  0|     2|           1|           1|
    |or_ln26_3_fu_15595_p2             |        or|   0|  0|     2|           1|           1|
    |or_ln26_40_fu_5679_p2             |        or|   0|  0|     2|           1|           1|
    |or_ln26_41_fu_18426_p2            |        or|   0|  0|     2|           1|           1|
    |or_ln26_42_fu_5769_p2             |        or|   0|  0|     2|           1|           1|
    |or_ln26_43_fu_18575_p2            |        or|   0|  0|     2|           1|           1|
    |or_ln26_44_fu_5859_p2             |        or|   0|  0|     2|           1|           1|
    |or_ln26_45_fu_18724_p2            |        or|   0|  0|     2|           1|           1|
    |or_ln26_46_fu_5949_p2             |        or|   0|  0|     2|           1|           1|
    |or_ln26_47_fu_18873_p2            |        or|   0|  0|     2|           1|           1|
    |or_ln26_48_fu_6039_p2             |        or|   0|  0|     2|           1|           1|
    |or_ln26_49_fu_19022_p2            |        or|   0|  0|     2|           1|           1|
    |or_ln26_4_fu_4059_p2              |        or|   0|  0|     2|           1|           1|
    |or_ln26_50_fu_6129_p2             |        or|   0|  0|     2|           1|           1|
    |or_ln26_51_fu_19171_p2            |        or|   0|  0|     2|           1|           1|
    |or_ln26_52_fu_6219_p2             |        or|   0|  0|     2|           1|           1|
    |or_ln26_53_fu_19320_p2            |        or|   0|  0|     2|           1|           1|
    |or_ln26_54_fu_6309_p2             |        or|   0|  0|     2|           1|           1|
    |or_ln26_55_fu_19469_p2            |        or|   0|  0|     2|           1|           1|
    |or_ln26_56_fu_6399_p2             |        or|   0|  0|     2|           1|           1|
    |or_ln26_57_fu_19618_p2            |        or|   0|  0|     2|           1|           1|
    |or_ln26_58_fu_6489_p2             |        or|   0|  0|     2|           1|           1|
    |or_ln26_59_fu_19767_p2            |        or|   0|  0|     2|           1|           1|
    |or_ln26_5_fu_15744_p2             |        or|   0|  0|     2|           1|           1|
    |or_ln26_60_fu_6579_p2             |        or|   0|  0|     2|           1|           1|
    |or_ln26_61_fu_19916_p2            |        or|   0|  0|     2|           1|           1|
    |or_ln26_62_fu_6669_p2             |        or|   0|  0|     2|           1|           1|
    |or_ln26_63_fu_20065_p2            |        or|   0|  0|     2|           1|           1|
    |or_ln26_64_fu_6759_p2             |        or|   0|  0|     2|           1|           1|
    |or_ln26_65_fu_20214_p2            |        or|   0|  0|     2|           1|           1|
    |or_ln26_66_fu_6849_p2             |        or|   0|  0|     2|           1|           1|
    |or_ln26_67_fu_20363_p2            |        or|   0|  0|     2|           1|           1|
    |or_ln26_68_fu_6939_p2             |        or|   0|  0|     2|           1|           1|
    |or_ln26_69_fu_20512_p2            |        or|   0|  0|     2|           1|           1|
    |or_ln26_6_fu_4149_p2              |        or|   0|  0|     2|           1|           1|
    |or_ln26_70_fu_7029_p2             |        or|   0|  0|     2|           1|           1|
    |or_ln26_71_fu_20661_p2            |        or|   0|  0|     2|           1|           1|
    |or_ln26_72_fu_7119_p2             |        or|   0|  0|     2|           1|           1|
    |or_ln26_73_fu_20810_p2            |        or|   0|  0|     2|           1|           1|
    |or_ln26_74_fu_7209_p2             |        or|   0|  0|     2|           1|           1|
    |or_ln26_75_fu_20959_p2            |        or|   0|  0|     2|           1|           1|
    |or_ln26_76_fu_7299_p2             |        or|   0|  0|     2|           1|           1|
    |or_ln26_77_fu_21108_p2            |        or|   0|  0|     2|           1|           1|
    |or_ln26_78_fu_7389_p2             |        or|   0|  0|     2|           1|           1|
    |or_ln26_79_fu_21257_p2            |        or|   0|  0|     2|           1|           1|
    |or_ln26_7_fu_15893_p2             |        or|   0|  0|     2|           1|           1|
    |or_ln26_80_fu_7479_p2             |        or|   0|  0|     2|           1|           1|
    |or_ln26_81_fu_21406_p2            |        or|   0|  0|     2|           1|           1|
    |or_ln26_82_fu_7569_p2             |        or|   0|  0|     2|           1|           1|
    |or_ln26_83_fu_21555_p2            |        or|   0|  0|     2|           1|           1|
    |or_ln26_84_fu_7659_p2             |        or|   0|  0|     2|           1|           1|
    |or_ln26_85_fu_21704_p2            |        or|   0|  0|     2|           1|           1|
    |or_ln26_86_fu_7749_p2             |        or|   0|  0|     2|           1|           1|
    |or_ln26_87_fu_21853_p2            |        or|   0|  0|     2|           1|           1|
    |or_ln26_88_fu_7839_p2             |        or|   0|  0|     2|           1|           1|
    |or_ln26_89_fu_22002_p2            |        or|   0|  0|     2|           1|           1|
    |or_ln26_8_fu_4239_p2              |        or|   0|  0|     2|           1|           1|
    |or_ln26_90_fu_7929_p2             |        or|   0|  0|     2|           1|           1|
    |or_ln26_91_fu_22151_p2            |        or|   0|  0|     2|           1|           1|
    |or_ln26_92_fu_8019_p2             |        or|   0|  0|     2|           1|           1|
    |or_ln26_93_fu_22300_p2            |        or|   0|  0|     2|           1|           1|
    |or_ln26_94_fu_8109_p2             |        or|   0|  0|     2|           1|           1|
    |or_ln26_95_fu_22449_p2            |        or|   0|  0|     2|           1|           1|
    |or_ln26_96_fu_8199_p2             |        or|   0|  0|     2|           1|           1|
    |or_ln26_97_fu_22598_p2            |        or|   0|  0|     2|           1|           1|
    |or_ln26_98_fu_8289_p2             |        or|   0|  0|     2|           1|           1|
    |or_ln26_99_fu_22747_p2            |        or|   0|  0|     2|           1|           1|
    |or_ln26_9_fu_16042_p2             |        or|   0|  0|     2|           1|           1|
    |or_ln26_fu_3851_p2                |        or|   0|  0|     2|           1|           1|
    |select_ln20_100_fu_22851_p3       |    select|   0|  0|    26|           1|          26|
    |select_ln20_101_fu_22933_p3       |    select|   0|  0|    26|           1|          26|
    |select_ln20_102_fu_23000_p3       |    select|   0|  0|    26|           1|          26|
    |select_ln20_103_fu_23082_p3       |    select|   0|  0|    26|           1|          26|
    |select_ln20_104_fu_23149_p3       |    select|   0|  0|    26|           1|          26|
    |select_ln20_105_fu_23231_p3       |    select|   0|  0|    26|           1|          26|
    |select_ln20_106_fu_23298_p3       |    select|   0|  0|    26|           1|          26|
    |select_ln20_107_fu_23380_p3       |    select|   0|  0|    26|           1|          26|
    |select_ln20_108_fu_23447_p3       |    select|   0|  0|    26|           1|          26|
    |select_ln20_109_fu_23529_p3       |    select|   0|  0|    26|           1|          26|
    |select_ln20_10_fu_16146_p3        |    select|   0|  0|    26|           1|          26|
    |select_ln20_110_fu_23596_p3       |    select|   0|  0|    26|           1|          26|
    |select_ln20_111_fu_23678_p3       |    select|   0|  0|    26|           1|          26|
    |select_ln20_112_fu_23745_p3       |    select|   0|  0|    26|           1|          26|
    |select_ln20_113_fu_23827_p3       |    select|   0|  0|    26|           1|          26|
    |select_ln20_114_fu_23894_p3       |    select|   0|  0|    26|           1|          26|
    |select_ln20_115_fu_23976_p3       |    select|   0|  0|    26|           1|          26|
    |select_ln20_116_fu_24043_p3       |    select|   0|  0|    26|           1|          26|
    |select_ln20_117_fu_24125_p3       |    select|   0|  0|    26|           1|          26|
    |select_ln20_118_fu_24192_p3       |    select|   0|  0|    26|           1|          26|
    |select_ln20_119_fu_24274_p3       |    select|   0|  0|    26|           1|          26|
    |select_ln20_11_fu_16228_p3        |    select|   0|  0|    26|           1|          26|
    |select_ln20_120_fu_24341_p3       |    select|   0|  0|    26|           1|          26|
    |select_ln20_121_fu_24423_p3       |    select|   0|  0|    26|           1|          26|
    |select_ln20_122_fu_24490_p3       |    select|   0|  0|    26|           1|          26|
    |select_ln20_123_fu_24572_p3       |    select|   0|  0|    26|           1|          26|
    |select_ln20_124_fu_24639_p3       |    select|   0|  0|    26|           1|          26|
    |select_ln20_125_fu_24721_p3       |    select|   0|  0|    26|           1|          26|
    |select_ln20_126_fu_24788_p3       |    select|   0|  0|    26|           1|          26|
    |select_ln20_127_fu_24870_p3       |    select|   0|  0|    26|           1|          26|
    |select_ln20_128_fu_24937_p3       |    select|   0|  0|    26|           1|          26|
    |select_ln20_129_fu_25019_p3       |    select|   0|  0|    26|           1|          26|
    |select_ln20_12_fu_16295_p3        |    select|   0|  0|    26|           1|          26|
    |select_ln20_130_fu_25086_p3       |    select|   0|  0|    26|           1|          26|
    |select_ln20_131_fu_25168_p3       |    select|   0|  0|    26|           1|          26|
    |select_ln20_132_fu_25235_p3       |    select|   0|  0|    26|           1|          26|
    |select_ln20_133_fu_25317_p3       |    select|   0|  0|    26|           1|          26|
    |select_ln20_134_fu_25384_p3       |    select|   0|  0|    26|           1|          26|
    |select_ln20_135_fu_25466_p3       |    select|   0|  0|    26|           1|          26|
    |select_ln20_136_fu_25533_p3       |    select|   0|  0|    26|           1|          26|
    |select_ln20_137_fu_25615_p3       |    select|   0|  0|    26|           1|          26|
    |select_ln20_138_fu_25682_p3       |    select|   0|  0|    26|           1|          26|
    |select_ln20_139_fu_25764_p3       |    select|   0|  0|    26|           1|          26|
    |select_ln20_13_fu_16377_p3        |    select|   0|  0|    26|           1|          26|
    |select_ln20_140_fu_25831_p3       |    select|   0|  0|    26|           1|          26|
    |select_ln20_141_fu_25913_p3       |    select|   0|  0|    26|           1|          26|
    |select_ln20_142_fu_25980_p3       |    select|   0|  0|    26|           1|          26|
    |select_ln20_143_fu_26062_p3       |    select|   0|  0|    26|           1|          26|
    |select_ln20_144_fu_26129_p3       |    select|   0|  0|    26|           1|          26|
    |select_ln20_145_fu_26211_p3       |    select|   0|  0|    26|           1|          26|
    |select_ln20_146_fu_26278_p3       |    select|   0|  0|    26|           1|          26|
    |select_ln20_147_fu_26360_p3       |    select|   0|  0|    26|           1|          26|
    |select_ln20_148_fu_26427_p3       |    select|   0|  0|    26|           1|          26|
    |select_ln20_149_fu_26509_p3       |    select|   0|  0|    26|           1|          26|
    |select_ln20_14_fu_16444_p3        |    select|   0|  0|    26|           1|          26|
    |select_ln20_150_fu_26576_p3       |    select|   0|  0|    26|           1|          26|
    |select_ln20_151_fu_26658_p3       |    select|   0|  0|    26|           1|          26|
    |select_ln20_152_fu_26725_p3       |    select|   0|  0|    26|           1|          26|
    |select_ln20_153_fu_26807_p3       |    select|   0|  0|    26|           1|          26|
    |select_ln20_154_fu_26874_p3       |    select|   0|  0|    26|           1|          26|
    |select_ln20_155_fu_26956_p3       |    select|   0|  0|    26|           1|          26|
    |select_ln20_156_fu_27023_p3       |    select|   0|  0|    26|           1|          26|
    |select_ln20_157_fu_27105_p3       |    select|   0|  0|    26|           1|          26|
    |select_ln20_158_fu_27172_p3       |    select|   0|  0|    26|           1|          26|
    |select_ln20_159_fu_27254_p3       |    select|   0|  0|    26|           1|          26|
    |select_ln20_15_fu_16526_p3        |    select|   0|  0|    26|           1|          26|
    |select_ln20_160_fu_27321_p3       |    select|   0|  0|    26|           1|          26|
    |select_ln20_161_fu_27403_p3       |    select|   0|  0|    26|           1|          26|
    |select_ln20_162_fu_27470_p3       |    select|   0|  0|    26|           1|          26|
    |select_ln20_163_fu_27552_p3       |    select|   0|  0|    26|           1|          26|
    |select_ln20_164_fu_27619_p3       |    select|   0|  0|    26|           1|          26|
    |select_ln20_165_fu_27701_p3       |    select|   0|  0|    26|           1|          26|
    |select_ln20_166_fu_27768_p3       |    select|   0|  0|    26|           1|          26|
    |select_ln20_167_fu_27850_p3       |    select|   0|  0|    26|           1|          26|
    |select_ln20_168_fu_27917_p3       |    select|   0|  0|    26|           1|          26|
    |select_ln20_169_fu_27999_p3       |    select|   0|  0|    26|           1|          26|
    |select_ln20_16_fu_16593_p3        |    select|   0|  0|    26|           1|          26|
    |select_ln20_170_fu_28066_p3       |    select|   0|  0|    26|           1|          26|
    |select_ln20_171_fu_28148_p3       |    select|   0|  0|    26|           1|          26|
    |select_ln20_172_fu_28215_p3       |    select|   0|  0|    26|           1|          26|
    |select_ln20_173_fu_28297_p3       |    select|   0|  0|    26|           1|          26|
    |select_ln20_174_fu_28364_p3       |    select|   0|  0|    26|           1|          26|
    |select_ln20_175_fu_28446_p3       |    select|   0|  0|    26|           1|          26|
    |select_ln20_176_fu_28513_p3       |    select|   0|  0|    26|           1|          26|
    |select_ln20_177_fu_28595_p3       |    select|   0|  0|    26|           1|          26|
    |select_ln20_178_fu_28662_p3       |    select|   0|  0|    26|           1|          26|
    |select_ln20_179_fu_28744_p3       |    select|   0|  0|    26|           1|          26|
    |select_ln20_17_fu_16675_p3        |    select|   0|  0|    26|           1|          26|
    |select_ln20_180_fu_28811_p3       |    select|   0|  0|    26|           1|          26|
    |select_ln20_181_fu_28893_p3       |    select|   0|  0|    26|           1|          26|
    |select_ln20_182_fu_28960_p3       |    select|   0|  0|    26|           1|          26|
    |select_ln20_183_fu_29042_p3       |    select|   0|  0|    26|           1|          26|
    |select_ln20_184_fu_29109_p3       |    select|   0|  0|    26|           1|          26|
    |select_ln20_185_fu_29191_p3       |    select|   0|  0|    26|           1|          26|
    |select_ln20_186_fu_29258_p3       |    select|   0|  0|    26|           1|          26|
    |select_ln20_187_fu_29340_p3       |    select|   0|  0|    26|           1|          26|
    |select_ln20_188_fu_29407_p3       |    select|   0|  0|    26|           1|          26|
    |select_ln20_189_fu_29489_p3       |    select|   0|  0|    26|           1|          26|
    |select_ln20_18_fu_16742_p3        |    select|   0|  0|    26|           1|          26|
    |select_ln20_190_fu_29556_p3       |    select|   0|  0|    26|           1|          26|
    |select_ln20_191_fu_29638_p3       |    select|   0|  0|    26|           1|          26|
    |select_ln20_192_fu_29705_p3       |    select|   0|  0|    26|           1|          26|
    |select_ln20_193_fu_29787_p3       |    select|   0|  0|    26|           1|          26|
    |select_ln20_194_fu_29854_p3       |    select|   0|  0|    26|           1|          26|
    |select_ln20_195_fu_29936_p3       |    select|   0|  0|    26|           1|          26|
    |select_ln20_196_fu_30003_p3       |    select|   0|  0|    26|           1|          26|
    |select_ln20_197_fu_30085_p3       |    select|   0|  0|    26|           1|          26|
    |select_ln20_198_fu_30152_p3       |    select|   0|  0|    26|           1|          26|
    |select_ln20_199_fu_30234_p3       |    select|   0|  0|    26|           1|          26|
    |select_ln20_19_fu_16824_p3        |    select|   0|  0|    26|           1|          26|
    |select_ln20_1_fu_15483_p3         |    select|   0|  0|    26|           1|          26|
    |select_ln20_200_fu_30301_p3       |    select|   0|  0|    26|           1|          26|
    |select_ln20_201_fu_30383_p3       |    select|   0|  0|    26|           1|          26|
    |select_ln20_202_fu_30450_p3       |    select|   0|  0|    26|           1|          26|
    |select_ln20_203_fu_30532_p3       |    select|   0|  0|    26|           1|          26|
    |select_ln20_204_fu_30599_p3       |    select|   0|  0|    26|           1|          26|
    |select_ln20_205_fu_30681_p3       |    select|   0|  0|    26|           1|          26|
    |select_ln20_206_fu_30748_p3       |    select|   0|  0|    26|           1|          26|
    |select_ln20_207_fu_30830_p3       |    select|   0|  0|    26|           1|          26|
    |select_ln20_208_fu_30897_p3       |    select|   0|  0|    26|           1|          26|
    |select_ln20_209_fu_30979_p3       |    select|   0|  0|    26|           1|          26|
    |select_ln20_20_fu_16891_p3        |    select|   0|  0|    26|           1|          26|
    |select_ln20_210_fu_31046_p3       |    select|   0|  0|    26|           1|          26|
    |select_ln20_211_fu_31128_p3       |    select|   0|  0|    26|           1|          26|
    |select_ln20_212_fu_31195_p3       |    select|   0|  0|    26|           1|          26|
    |select_ln20_213_fu_31277_p3       |    select|   0|  0|    26|           1|          26|
    |select_ln20_214_fu_31344_p3       |    select|   0|  0|    26|           1|          26|
    |select_ln20_215_fu_31426_p3       |    select|   0|  0|    26|           1|          26|
    |select_ln20_216_fu_31493_p3       |    select|   0|  0|    26|           1|          26|
    |select_ln20_217_fu_31575_p3       |    select|   0|  0|    26|           1|          26|
    |select_ln20_218_fu_31642_p3       |    select|   0|  0|    26|           1|          26|
    |select_ln20_219_fu_31724_p3       |    select|   0|  0|    26|           1|          26|
    |select_ln20_21_fu_16973_p3        |    select|   0|  0|    26|           1|          26|
    |select_ln20_220_fu_31791_p3       |    select|   0|  0|    26|           1|          26|
    |select_ln20_221_fu_31873_p3       |    select|   0|  0|    26|           1|          26|
    |select_ln20_222_fu_31940_p3       |    select|   0|  0|    26|           1|          26|
    |select_ln20_223_fu_32022_p3       |    select|   0|  0|    26|           1|          26|
    |select_ln20_224_fu_32089_p3       |    select|   0|  0|    26|           1|          26|
    |select_ln20_225_fu_32171_p3       |    select|   0|  0|    26|           1|          26|
    |select_ln20_226_fu_32238_p3       |    select|   0|  0|    26|           1|          26|
    |select_ln20_227_fu_32320_p3       |    select|   0|  0|    26|           1|          26|
    |select_ln20_228_fu_32387_p3       |    select|   0|  0|    26|           1|          26|
    |select_ln20_229_fu_32469_p3       |    select|   0|  0|    26|           1|          26|
    |select_ln20_22_fu_17040_p3        |    select|   0|  0|    26|           1|          26|
    |select_ln20_230_fu_32536_p3       |    select|   0|  0|    26|           1|          26|
    |select_ln20_231_fu_32618_p3       |    select|   0|  0|    26|           1|          26|
    |select_ln20_232_fu_32685_p3       |    select|   0|  0|    26|           1|          26|
    |select_ln20_233_fu_32767_p3       |    select|   0|  0|    26|           1|          26|
    |select_ln20_234_fu_32834_p3       |    select|   0|  0|    26|           1|          26|
    |select_ln20_235_fu_32916_p3       |    select|   0|  0|    26|           1|          26|
    |select_ln20_236_fu_32983_p3       |    select|   0|  0|    26|           1|          26|
    |select_ln20_237_fu_33065_p3       |    select|   0|  0|    26|           1|          26|
    |select_ln20_238_fu_33132_p3       |    select|   0|  0|    26|           1|          26|
    |select_ln20_239_fu_33214_p3       |    select|   0|  0|    26|           1|          26|
    |select_ln20_23_fu_17122_p3        |    select|   0|  0|    26|           1|          26|
    |select_ln20_240_fu_33281_p3       |    select|   0|  0|    26|           1|          26|
    |select_ln20_241_fu_33363_p3       |    select|   0|  0|    26|           1|          26|
    |select_ln20_242_fu_33430_p3       |    select|   0|  0|    26|           1|          26|
    |select_ln20_243_fu_33512_p3       |    select|   0|  0|    26|           1|          26|
    |select_ln20_244_fu_33579_p3       |    select|   0|  0|    26|           1|          26|
    |select_ln20_245_fu_33661_p3       |    select|   0|  0|    26|           1|          26|
    |select_ln20_246_fu_33728_p3       |    select|   0|  0|    26|           1|          26|
    |select_ln20_247_fu_33810_p3       |    select|   0|  0|    26|           1|          26|
    |select_ln20_248_fu_33877_p3       |    select|   0|  0|    26|           1|          26|
    |select_ln20_249_fu_33959_p3       |    select|   0|  0|    26|           1|          26|
    |select_ln20_24_fu_17189_p3        |    select|   0|  0|    26|           1|          26|
    |select_ln20_250_fu_34026_p3       |    select|   0|  0|    26|           1|          26|
    |select_ln20_251_fu_34108_p3       |    select|   0|  0|    26|           1|          26|
    |select_ln20_252_fu_34175_p3       |    select|   0|  0|    26|           1|          26|
    |select_ln20_253_fu_34257_p3       |    select|   0|  0|    26|           1|          26|
    |select_ln20_254_fu_34324_p3       |    select|   0|  0|    26|           1|          26|
    |select_ln20_255_fu_34406_p3       |    select|   0|  0|    26|           1|          26|
    |select_ln20_25_fu_17271_p3        |    select|   0|  0|    26|           1|          26|
    |select_ln20_26_fu_17338_p3        |    select|   0|  0|    26|           1|          26|
    |select_ln20_27_fu_17420_p3        |    select|   0|  0|    26|           1|          26|
    |select_ln20_28_fu_17487_p3        |    select|   0|  0|    26|           1|          26|
    |select_ln20_29_fu_17569_p3        |    select|   0|  0|    26|           1|          26|
    |select_ln20_2_fu_15550_p3         |    select|   0|  0|    26|           1|          26|
    |select_ln20_30_fu_17636_p3        |    select|   0|  0|    26|           1|          26|
    |select_ln20_31_fu_17718_p3        |    select|   0|  0|    26|           1|          26|
    |select_ln20_32_fu_17785_p3        |    select|   0|  0|    26|           1|          26|
    |select_ln20_33_fu_17867_p3        |    select|   0|  0|    26|           1|          26|
    |select_ln20_34_fu_17934_p3        |    select|   0|  0|    26|           1|          26|
    |select_ln20_35_fu_18016_p3        |    select|   0|  0|    26|           1|          26|
    |select_ln20_36_fu_18083_p3        |    select|   0|  0|    26|           1|          26|
    |select_ln20_37_fu_18165_p3        |    select|   0|  0|    26|           1|          26|
    |select_ln20_38_fu_18232_p3        |    select|   0|  0|    26|           1|          26|
    |select_ln20_39_fu_18314_p3        |    select|   0|  0|    26|           1|          26|
    |select_ln20_3_fu_15632_p3         |    select|   0|  0|    26|           1|          26|
    |select_ln20_40_fu_18381_p3        |    select|   0|  0|    26|           1|          26|
    |select_ln20_41_fu_18463_p3        |    select|   0|  0|    26|           1|          26|
    |select_ln20_42_fu_18530_p3        |    select|   0|  0|    26|           1|          26|
    |select_ln20_43_fu_18612_p3        |    select|   0|  0|    26|           1|          26|
    |select_ln20_44_fu_18679_p3        |    select|   0|  0|    26|           1|          26|
    |select_ln20_45_fu_18761_p3        |    select|   0|  0|    26|           1|          26|
    |select_ln20_46_fu_18828_p3        |    select|   0|  0|    26|           1|          26|
    |select_ln20_47_fu_18910_p3        |    select|   0|  0|    26|           1|          26|
    |select_ln20_48_fu_18977_p3        |    select|   0|  0|    26|           1|          26|
    |select_ln20_49_fu_19059_p3        |    select|   0|  0|    26|           1|          26|
    |select_ln20_4_fu_15699_p3         |    select|   0|  0|    26|           1|          26|
    |select_ln20_50_fu_19126_p3        |    select|   0|  0|    26|           1|          26|
    |select_ln20_51_fu_19208_p3        |    select|   0|  0|    26|           1|          26|
    |select_ln20_52_fu_19275_p3        |    select|   0|  0|    26|           1|          26|
    |select_ln20_53_fu_19357_p3        |    select|   0|  0|    26|           1|          26|
    |select_ln20_54_fu_19424_p3        |    select|   0|  0|    26|           1|          26|
    |select_ln20_55_fu_19506_p3        |    select|   0|  0|    26|           1|          26|
    |select_ln20_56_fu_19573_p3        |    select|   0|  0|    26|           1|          26|
    |select_ln20_57_fu_19655_p3        |    select|   0|  0|    26|           1|          26|
    |select_ln20_58_fu_19722_p3        |    select|   0|  0|    26|           1|          26|
    |select_ln20_59_fu_19804_p3        |    select|   0|  0|    26|           1|          26|
    |select_ln20_5_fu_15781_p3         |    select|   0|  0|    26|           1|          26|
    |select_ln20_60_fu_19871_p3        |    select|   0|  0|    26|           1|          26|
    |select_ln20_61_fu_19953_p3        |    select|   0|  0|    26|           1|          26|
    |select_ln20_62_fu_20020_p3        |    select|   0|  0|    26|           1|          26|
    |select_ln20_63_fu_20102_p3        |    select|   0|  0|    26|           1|          26|
    |select_ln20_64_fu_20169_p3        |    select|   0|  0|    26|           1|          26|
    |select_ln20_65_fu_20251_p3        |    select|   0|  0|    26|           1|          26|
    |select_ln20_66_fu_20318_p3        |    select|   0|  0|    26|           1|          26|
    |select_ln20_67_fu_20400_p3        |    select|   0|  0|    26|           1|          26|
    |select_ln20_68_fu_20467_p3        |    select|   0|  0|    26|           1|          26|
    |select_ln20_69_fu_20549_p3        |    select|   0|  0|    26|           1|          26|
    |select_ln20_6_fu_15848_p3         |    select|   0|  0|    26|           1|          26|
    |select_ln20_70_fu_20616_p3        |    select|   0|  0|    26|           1|          26|
    |select_ln20_71_fu_20698_p3        |    select|   0|  0|    26|           1|          26|
    |select_ln20_72_fu_20765_p3        |    select|   0|  0|    26|           1|          26|
    |select_ln20_73_fu_20847_p3        |    select|   0|  0|    26|           1|          26|
    |select_ln20_74_fu_20914_p3        |    select|   0|  0|    26|           1|          26|
    |select_ln20_75_fu_20996_p3        |    select|   0|  0|    26|           1|          26|
    |select_ln20_76_fu_21063_p3        |    select|   0|  0|    26|           1|          26|
    |select_ln20_77_fu_21145_p3        |    select|   0|  0|    26|           1|          26|
    |select_ln20_78_fu_21212_p3        |    select|   0|  0|    26|           1|          26|
    |select_ln20_79_fu_21294_p3        |    select|   0|  0|    26|           1|          26|
    |select_ln20_7_fu_15930_p3         |    select|   0|  0|    26|           1|          26|
    |select_ln20_80_fu_21361_p3        |    select|   0|  0|    26|           1|          26|
    |select_ln20_81_fu_21443_p3        |    select|   0|  0|    26|           1|          26|
    |select_ln20_82_fu_21510_p3        |    select|   0|  0|    26|           1|          26|
    |select_ln20_83_fu_21592_p3        |    select|   0|  0|    26|           1|          26|
    |select_ln20_84_fu_21659_p3        |    select|   0|  0|    26|           1|          26|
    |select_ln20_85_fu_21741_p3        |    select|   0|  0|    26|           1|          26|
    |select_ln20_86_fu_21808_p3        |    select|   0|  0|    26|           1|          26|
    |select_ln20_87_fu_21890_p3        |    select|   0|  0|    26|           1|          26|
    |select_ln20_88_fu_21957_p3        |    select|   0|  0|    26|           1|          26|
    |select_ln20_89_fu_22039_p3        |    select|   0|  0|    26|           1|          26|
    |select_ln20_8_fu_15997_p3         |    select|   0|  0|    26|           1|          26|
    |select_ln20_90_fu_22106_p3        |    select|   0|  0|    26|           1|          26|
    |select_ln20_91_fu_22188_p3        |    select|   0|  0|    26|           1|          26|
    |select_ln20_92_fu_22255_p3        |    select|   0|  0|    26|           1|          26|
    |select_ln20_93_fu_22337_p3        |    select|   0|  0|    26|           1|          26|
    |select_ln20_94_fu_22404_p3        |    select|   0|  0|    26|           1|          26|
    |select_ln20_95_fu_22486_p3        |    select|   0|  0|    26|           1|          26|
    |select_ln20_96_fu_22553_p3        |    select|   0|  0|    26|           1|          26|
    |select_ln20_97_fu_22635_p3        |    select|   0|  0|    26|           1|          26|
    |select_ln20_98_fu_22702_p3        |    select|   0|  0|    26|           1|          26|
    |select_ln20_99_fu_22784_p3        |    select|   0|  0|    26|           1|          26|
    |select_ln20_9_fu_16079_p3         |    select|   0|  0|    26|           1|          26|
    |select_ln20_fu_15376_p3           |    select|   0|  0|    26|           1|          26|
    |select_ln26_100_fu_17834_p3       |    select|   0|  0|    25|           1|          25|
    |select_ln26_102_fu_5397_p3        |    select|   0|  0|    24|           1|          24|
    |select_ln26_103_fu_5415_p3        |    select|   0|  0|    25|           1|          25|
    |select_ln26_105_fu_17968_p3       |    select|   0|  0|    24|           1|          24|
    |select_ln26_106_fu_17983_p3       |    select|   0|  0|    25|           1|          25|
    |select_ln26_108_fu_5487_p3        |    select|   0|  0|    24|           1|          24|
    |select_ln26_109_fu_5505_p3        |    select|   0|  0|    25|           1|          25|
    |select_ln26_10_fu_15599_p3        |    select|   0|  0|    25|           1|          25|
    |select_ln26_111_fu_18117_p3       |    select|   0|  0|    24|           1|          24|
    |select_ln26_112_fu_18132_p3       |    select|   0|  0|    25|           1|          25|
    |select_ln26_114_fu_5577_p3        |    select|   0|  0|    24|           1|          24|
    |select_ln26_115_fu_5595_p3        |    select|   0|  0|    25|           1|          25|
    |select_ln26_117_fu_18266_p3       |    select|   0|  0|    24|           1|          24|
    |select_ln26_118_fu_18281_p3       |    select|   0|  0|    25|           1|          25|
    |select_ln26_120_fu_5667_p3        |    select|   0|  0|    24|           1|          24|
    |select_ln26_121_fu_5685_p3        |    select|   0|  0|    25|           1|          25|
    |select_ln26_123_fu_18415_p3       |    select|   0|  0|    24|           1|          24|
    |select_ln26_124_fu_18430_p3       |    select|   0|  0|    25|           1|          25|
    |select_ln26_126_fu_5757_p3        |    select|   0|  0|    24|           1|          24|
    |select_ln26_127_fu_5775_p3        |    select|   0|  0|    25|           1|          25|
    |select_ln26_129_fu_18564_p3       |    select|   0|  0|    24|           1|          24|
    |select_ln26_12_fu_4047_p3         |    select|   0|  0|    24|           1|          24|
    |select_ln26_130_fu_18579_p3       |    select|   0|  0|    25|           1|          25|
    |select_ln26_132_fu_5847_p3        |    select|   0|  0|    24|           1|          24|
    |select_ln26_133_fu_5865_p3        |    select|   0|  0|    25|           1|          25|
    |select_ln26_135_fu_18713_p3       |    select|   0|  0|    24|           1|          24|
    |select_ln26_136_fu_18728_p3       |    select|   0|  0|    25|           1|          25|
    |select_ln26_138_fu_5937_p3        |    select|   0|  0|    24|           1|          24|
    |select_ln26_139_fu_5955_p3        |    select|   0|  0|    25|           1|          25|
    |select_ln26_13_fu_4065_p3         |    select|   0|  0|    25|           1|          25|
    |select_ln26_141_fu_18862_p3       |    select|   0|  0|    24|           1|          24|
    |select_ln26_142_fu_18877_p3       |    select|   0|  0|    25|           1|          25|
    |select_ln26_144_fu_6027_p3        |    select|   0|  0|    24|           1|          24|
    |select_ln26_145_fu_6045_p3        |    select|   0|  0|    25|           1|          25|
    |select_ln26_147_fu_19011_p3       |    select|   0|  0|    24|           1|          24|
    |select_ln26_148_fu_19026_p3       |    select|   0|  0|    25|           1|          25|
    |select_ln26_150_fu_6117_p3        |    select|   0|  0|    24|           1|          24|
    |select_ln26_151_fu_6135_p3        |    select|   0|  0|    25|           1|          25|
    |select_ln26_153_fu_19160_p3       |    select|   0|  0|    24|           1|          24|
    |select_ln26_154_fu_19175_p3       |    select|   0|  0|    25|           1|          25|
    |select_ln26_156_fu_6207_p3        |    select|   0|  0|    24|           1|          24|
    |select_ln26_157_fu_6225_p3        |    select|   0|  0|    25|           1|          25|
    |select_ln26_159_fu_19309_p3       |    select|   0|  0|    24|           1|          24|
    |select_ln26_15_fu_15733_p3        |    select|   0|  0|    24|           1|          24|
    |select_ln26_160_fu_19324_p3       |    select|   0|  0|    25|           1|          25|
    |select_ln26_162_fu_6297_p3        |    select|   0|  0|    24|           1|          24|
    |select_ln26_163_fu_6315_p3        |    select|   0|  0|    25|           1|          25|
    |select_ln26_165_fu_19458_p3       |    select|   0|  0|    24|           1|          24|
    |select_ln26_166_fu_19473_p3       |    select|   0|  0|    25|           1|          25|
    |select_ln26_168_fu_6387_p3        |    select|   0|  0|    24|           1|          24|
    |select_ln26_169_fu_6405_p3        |    select|   0|  0|    25|           1|          25|
    |select_ln26_16_fu_15748_p3        |    select|   0|  0|    25|           1|          25|
    |select_ln26_171_fu_19607_p3       |    select|   0|  0|    24|           1|          24|
    |select_ln26_172_fu_19622_p3       |    select|   0|  0|    25|           1|          25|
    |select_ln26_174_fu_6477_p3        |    select|   0|  0|    24|           1|          24|
    |select_ln26_175_fu_6495_p3        |    select|   0|  0|    25|           1|          25|
    |select_ln26_177_fu_19756_p3       |    select|   0|  0|    24|           1|          24|
    |select_ln26_178_fu_19771_p3       |    select|   0|  0|    25|           1|          25|
    |select_ln26_180_fu_6567_p3        |    select|   0|  0|    24|           1|          24|
    |select_ln26_181_fu_6585_p3        |    select|   0|  0|    25|           1|          25|
    |select_ln26_183_fu_19905_p3       |    select|   0|  0|    24|           1|          24|
    |select_ln26_184_fu_19920_p3       |    select|   0|  0|    25|           1|          25|
    |select_ln26_186_fu_6657_p3        |    select|   0|  0|    24|           1|          24|
    |select_ln26_187_fu_6675_p3        |    select|   0|  0|    25|           1|          25|
    |select_ln26_189_fu_20054_p3       |    select|   0|  0|    24|           1|          24|
    |select_ln26_18_fu_4137_p3         |    select|   0|  0|    24|           1|          24|
    |select_ln26_190_fu_20069_p3       |    select|   0|  0|    25|           1|          25|
    |select_ln26_192_fu_6747_p3        |    select|   0|  0|    24|           1|          24|
    |select_ln26_193_fu_6765_p3        |    select|   0|  0|    25|           1|          25|
    |select_ln26_195_fu_20203_p3       |    select|   0|  0|    24|           1|          24|
    |select_ln26_196_fu_20218_p3       |    select|   0|  0|    25|           1|          25|
    |select_ln26_198_fu_6837_p3        |    select|   0|  0|    24|           1|          24|
    |select_ln26_199_fu_6855_p3        |    select|   0|  0|    25|           1|          25|
    |select_ln26_19_fu_4155_p3         |    select|   0|  0|    25|           1|          25|
    |select_ln26_1_fu_3857_p3          |    select|   0|  0|    25|           1|          25|
    |select_ln26_201_fu_20352_p3       |    select|   0|  0|    24|           1|          24|
    |select_ln26_202_fu_20367_p3       |    select|   0|  0|    25|           1|          25|
    |select_ln26_204_fu_6927_p3        |    select|   0|  0|    24|           1|          24|
    |select_ln26_205_fu_6945_p3        |    select|   0|  0|    25|           1|          25|
    |select_ln26_207_fu_20501_p3       |    select|   0|  0|    24|           1|          24|
    |select_ln26_208_fu_20516_p3       |    select|   0|  0|    25|           1|          25|
    |select_ln26_210_fu_7017_p3        |    select|   0|  0|    24|           1|          24|
    |select_ln26_211_fu_7035_p3        |    select|   0|  0|    25|           1|          25|
    |select_ln26_213_fu_20650_p3       |    select|   0|  0|    24|           1|          24|
    |select_ln26_214_fu_20665_p3       |    select|   0|  0|    25|           1|          25|
    |select_ln26_216_fu_7107_p3        |    select|   0|  0|    24|           1|          24|
    |select_ln26_217_fu_7125_p3        |    select|   0|  0|    25|           1|          25|
    |select_ln26_219_fu_20799_p3       |    select|   0|  0|    24|           1|          24|
    |select_ln26_21_fu_15882_p3        |    select|   0|  0|    24|           1|          24|
    |select_ln26_220_fu_20814_p3       |    select|   0|  0|    25|           1|          25|
    |select_ln26_222_fu_7197_p3        |    select|   0|  0|    24|           1|          24|
    |select_ln26_223_fu_7215_p3        |    select|   0|  0|    25|           1|          25|
    |select_ln26_225_fu_20948_p3       |    select|   0|  0|    24|           1|          24|
    |select_ln26_226_fu_20963_p3       |    select|   0|  0|    25|           1|          25|
    |select_ln26_228_fu_7287_p3        |    select|   0|  0|    24|           1|          24|
    |select_ln26_229_fu_7305_p3        |    select|   0|  0|    25|           1|          25|
    |select_ln26_22_fu_15897_p3        |    select|   0|  0|    25|           1|          25|
    |select_ln26_231_fu_21097_p3       |    select|   0|  0|    24|           1|          24|
    |select_ln26_232_fu_21112_p3       |    select|   0|  0|    25|           1|          25|
    |select_ln26_234_fu_7377_p3        |    select|   0|  0|    24|           1|          24|
    |select_ln26_235_fu_7395_p3        |    select|   0|  0|    25|           1|          25|
    |select_ln26_237_fu_21246_p3       |    select|   0|  0|    24|           1|          24|
    |select_ln26_238_fu_21261_p3       |    select|   0|  0|    25|           1|          25|
    |select_ln26_240_fu_7467_p3        |    select|   0|  0|    24|           1|          24|
    |select_ln26_241_fu_7485_p3        |    select|   0|  0|    25|           1|          25|
    |select_ln26_243_fu_21395_p3       |    select|   0|  0|    24|           1|          24|
    |select_ln26_244_fu_21410_p3       |    select|   0|  0|    25|           1|          25|
    |select_ln26_246_fu_7557_p3        |    select|   0|  0|    24|           1|          24|
    |select_ln26_247_fu_7575_p3        |    select|   0|  0|    25|           1|          25|
    |select_ln26_249_fu_21544_p3       |    select|   0|  0|    24|           1|          24|
    |select_ln26_24_fu_4227_p3         |    select|   0|  0|    24|           1|          24|
    |select_ln26_250_fu_21559_p3       |    select|   0|  0|    25|           1|          25|
    |select_ln26_252_fu_7647_p3        |    select|   0|  0|    24|           1|          24|
    |select_ln26_253_fu_7665_p3        |    select|   0|  0|    25|           1|          25|
    |select_ln26_255_fu_21693_p3       |    select|   0|  0|    24|           1|          24|
    |select_ln26_256_fu_21708_p3       |    select|   0|  0|    25|           1|          25|
    |select_ln26_258_fu_7737_p3        |    select|   0|  0|    24|           1|          24|
    |select_ln26_259_fu_7755_p3        |    select|   0|  0|    25|           1|          25|
    |select_ln26_25_fu_4245_p3         |    select|   0|  0|    25|           1|          25|
    |select_ln26_261_fu_21842_p3       |    select|   0|  0|    24|           1|          24|
    |select_ln26_262_fu_21857_p3       |    select|   0|  0|    25|           1|          25|
    |select_ln26_264_fu_7827_p3        |    select|   0|  0|    24|           1|          24|
    |select_ln26_265_fu_7845_p3        |    select|   0|  0|    25|           1|          25|
    |select_ln26_267_fu_21991_p3       |    select|   0|  0|    24|           1|          24|
    |select_ln26_268_fu_22006_p3       |    select|   0|  0|    25|           1|          25|
    |select_ln26_270_fu_7917_p3        |    select|   0|  0|    24|           1|          24|
    |select_ln26_271_fu_7935_p3        |    select|   0|  0|    25|           1|          25|
    |select_ln26_273_fu_22140_p3       |    select|   0|  0|    24|           1|          24|
    |select_ln26_274_fu_22155_p3       |    select|   0|  0|    25|           1|          25|
    |select_ln26_276_fu_8007_p3        |    select|   0|  0|    24|           1|          24|
    |select_ln26_277_fu_8025_p3        |    select|   0|  0|    25|           1|          25|
    |select_ln26_279_fu_22289_p3       |    select|   0|  0|    24|           1|          24|
    |select_ln26_27_fu_16031_p3        |    select|   0|  0|    24|           1|          24|
    |select_ln26_280_fu_22304_p3       |    select|   0|  0|    25|           1|          25|
    |select_ln26_282_fu_8097_p3        |    select|   0|  0|    24|           1|          24|
    |select_ln26_283_fu_8115_p3        |    select|   0|  0|    25|           1|          25|
    |select_ln26_285_fu_22438_p3       |    select|   0|  0|    24|           1|          24|
    |select_ln26_286_fu_22453_p3       |    select|   0|  0|    25|           1|          25|
    |select_ln26_288_fu_8187_p3        |    select|   0|  0|    24|           1|          24|
    |select_ln26_289_fu_8205_p3        |    select|   0|  0|    25|           1|          25|
    |select_ln26_28_fu_16046_p3        |    select|   0|  0|    25|           1|          25|
    |select_ln26_291_fu_22587_p3       |    select|   0|  0|    24|           1|          24|
    |select_ln26_292_fu_22602_p3       |    select|   0|  0|    25|           1|          25|
    |select_ln26_294_fu_8277_p3        |    select|   0|  0|    24|           1|          24|
    |select_ln26_295_fu_8295_p3        |    select|   0|  0|    25|           1|          25|
    |select_ln26_297_fu_22736_p3       |    select|   0|  0|    24|           1|          24|
    |select_ln26_298_fu_22751_p3       |    select|   0|  0|    25|           1|          25|
    |select_ln26_300_fu_8367_p3        |    select|   0|  0|    24|           1|          24|
    |select_ln26_301_fu_8385_p3        |    select|   0|  0|    25|           1|          25|
    |select_ln26_303_fu_22885_p3       |    select|   0|  0|    24|           1|          24|
    |select_ln26_304_fu_22900_p3       |    select|   0|  0|    25|           1|          25|
    |select_ln26_306_fu_8457_p3        |    select|   0|  0|    24|           1|          24|
    |select_ln26_307_fu_8475_p3        |    select|   0|  0|    25|           1|          25|
    |select_ln26_309_fu_23034_p3       |    select|   0|  0|    24|           1|          24|
    |select_ln26_30_fu_4317_p3         |    select|   0|  0|    24|           1|          24|
    |select_ln26_310_fu_23049_p3       |    select|   0|  0|    25|           1|          25|
    |select_ln26_312_fu_8547_p3        |    select|   0|  0|    24|           1|          24|
    |select_ln26_313_fu_8565_p3        |    select|   0|  0|    25|           1|          25|
    |select_ln26_315_fu_23183_p3       |    select|   0|  0|    24|           1|          24|
    |select_ln26_316_fu_23198_p3       |    select|   0|  0|    25|           1|          25|
    |select_ln26_318_fu_8637_p3        |    select|   0|  0|    24|           1|          24|
    |select_ln26_319_fu_8655_p3        |    select|   0|  0|    25|           1|          25|
    |select_ln26_31_fu_4335_p3         |    select|   0|  0|    25|           1|          25|
    |select_ln26_321_fu_23332_p3       |    select|   0|  0|    24|           1|          24|
    |select_ln26_322_fu_23347_p3       |    select|   0|  0|    25|           1|          25|
    |select_ln26_324_fu_8727_p3        |    select|   0|  0|    24|           1|          24|
    |select_ln26_325_fu_8745_p3        |    select|   0|  0|    25|           1|          25|
    |select_ln26_327_fu_23481_p3       |    select|   0|  0|    24|           1|          24|
    |select_ln26_328_fu_23496_p3       |    select|   0|  0|    25|           1|          25|
    |select_ln26_330_fu_8817_p3        |    select|   0|  0|    24|           1|          24|
    |select_ln26_331_fu_8835_p3        |    select|   0|  0|    25|           1|          25|
    |select_ln26_333_fu_23630_p3       |    select|   0|  0|    24|           1|          24|
    |select_ln26_334_fu_23645_p3       |    select|   0|  0|    25|           1|          25|
    |select_ln26_336_fu_8907_p3        |    select|   0|  0|    24|           1|          24|
    |select_ln26_337_fu_8925_p3        |    select|   0|  0|    25|           1|          25|
    |select_ln26_339_fu_23779_p3       |    select|   0|  0|    24|           1|          24|
    |select_ln26_33_fu_16180_p3        |    select|   0|  0|    24|           1|          24|
    |select_ln26_340_fu_23794_p3       |    select|   0|  0|    25|           1|          25|
    |select_ln26_342_fu_8997_p3        |    select|   0|  0|    24|           1|          24|
    |select_ln26_343_fu_9015_p3        |    select|   0|  0|    25|           1|          25|
    |select_ln26_345_fu_23928_p3       |    select|   0|  0|    24|           1|          24|
    |select_ln26_346_fu_23943_p3       |    select|   0|  0|    25|           1|          25|
    |select_ln26_348_fu_9087_p3        |    select|   0|  0|    24|           1|          24|
    |select_ln26_349_fu_9105_p3        |    select|   0|  0|    25|           1|          25|
    |select_ln26_34_fu_16195_p3        |    select|   0|  0|    25|           1|          25|
    |select_ln26_351_fu_24077_p3       |    select|   0|  0|    24|           1|          24|
    |select_ln26_352_fu_24092_p3       |    select|   0|  0|    25|           1|          25|
    |select_ln26_354_fu_9177_p3        |    select|   0|  0|    24|           1|          24|
    |select_ln26_355_fu_9195_p3        |    select|   0|  0|    25|           1|          25|
    |select_ln26_357_fu_24226_p3       |    select|   0|  0|    24|           1|          24|
    |select_ln26_358_fu_24241_p3       |    select|   0|  0|    25|           1|          25|
    |select_ln26_360_fu_9267_p3        |    select|   0|  0|    24|           1|          24|
    |select_ln26_361_fu_9285_p3        |    select|   0|  0|    25|           1|          25|
    |select_ln26_363_fu_24375_p3       |    select|   0|  0|    24|           1|          24|
    |select_ln26_364_fu_24390_p3       |    select|   0|  0|    25|           1|          25|
    |select_ln26_366_fu_9357_p3        |    select|   0|  0|    24|           1|          24|
    |select_ln26_367_fu_9375_p3        |    select|   0|  0|    25|           1|          25|
    |select_ln26_369_fu_24524_p3       |    select|   0|  0|    24|           1|          24|
    |select_ln26_36_fu_4407_p3         |    select|   0|  0|    24|           1|          24|
    |select_ln26_370_fu_24539_p3       |    select|   0|  0|    25|           1|          25|
    |select_ln26_372_fu_9447_p3        |    select|   0|  0|    24|           1|          24|
    |select_ln26_373_fu_9465_p3        |    select|   0|  0|    25|           1|          25|
    |select_ln26_375_fu_24673_p3       |    select|   0|  0|    24|           1|          24|
    |select_ln26_376_fu_24688_p3       |    select|   0|  0|    25|           1|          25|
    |select_ln26_378_fu_9537_p3        |    select|   0|  0|    24|           1|          24|
    |select_ln26_379_fu_9555_p3        |    select|   0|  0|    25|           1|          25|
    |select_ln26_37_fu_4425_p3         |    select|   0|  0|    25|           1|          25|
    |select_ln26_381_fu_24822_p3       |    select|   0|  0|    24|           1|          24|
    |select_ln26_382_fu_24837_p3       |    select|   0|  0|    25|           1|          25|
    |select_ln26_384_fu_9627_p3        |    select|   0|  0|    24|           1|          24|
    |select_ln26_385_fu_9645_p3        |    select|   0|  0|    25|           1|          25|
    |select_ln26_387_fu_24971_p3       |    select|   0|  0|    24|           1|          24|
    |select_ln26_388_fu_24986_p3       |    select|   0|  0|    25|           1|          25|
    |select_ln26_390_fu_9717_p3        |    select|   0|  0|    24|           1|          24|
    |select_ln26_391_fu_9735_p3        |    select|   0|  0|    25|           1|          25|
    |select_ln26_393_fu_25120_p3       |    select|   0|  0|    24|           1|          24|
    |select_ln26_394_fu_25135_p3       |    select|   0|  0|    25|           1|          25|
    |select_ln26_396_fu_9807_p3        |    select|   0|  0|    24|           1|          24|
    |select_ln26_397_fu_9825_p3        |    select|   0|  0|    25|           1|          25|
    |select_ln26_399_fu_25269_p3       |    select|   0|  0|    24|           1|          24|
    |select_ln26_39_fu_16329_p3        |    select|   0|  0|    24|           1|          24|
    |select_ln26_3_fu_15435_p3         |    select|   0|  0|    24|           1|          24|
    |select_ln26_400_fu_25284_p3       |    select|   0|  0|    25|           1|          25|
    |select_ln26_402_fu_9897_p3        |    select|   0|  0|    24|           1|          24|
    |select_ln26_403_fu_9915_p3        |    select|   0|  0|    25|           1|          25|
    |select_ln26_405_fu_25418_p3       |    select|   0|  0|    24|           1|          24|
    |select_ln26_406_fu_25433_p3       |    select|   0|  0|    25|           1|          25|
    |select_ln26_408_fu_9987_p3        |    select|   0|  0|    24|           1|          24|
    |select_ln26_409_fu_10005_p3       |    select|   0|  0|    25|           1|          25|
    |select_ln26_40_fu_16344_p3        |    select|   0|  0|    25|           1|          25|
    |select_ln26_411_fu_25567_p3       |    select|   0|  0|    24|           1|          24|
    |select_ln26_412_fu_25582_p3       |    select|   0|  0|    25|           1|          25|
    |select_ln26_414_fu_10077_p3       |    select|   0|  0|    24|           1|          24|
    |select_ln26_415_fu_10095_p3       |    select|   0|  0|    25|           1|          25|
    |select_ln26_417_fu_25716_p3       |    select|   0|  0|    24|           1|          24|
    |select_ln26_418_fu_25731_p3       |    select|   0|  0|    25|           1|          25|
    |select_ln26_420_fu_10167_p3       |    select|   0|  0|    24|           1|          24|
    |select_ln26_421_fu_10185_p3       |    select|   0|  0|    25|           1|          25|
    |select_ln26_423_fu_25865_p3       |    select|   0|  0|    24|           1|          24|
    |select_ln26_424_fu_25880_p3       |    select|   0|  0|    25|           1|          25|
    |select_ln26_426_fu_10257_p3       |    select|   0|  0|    24|           1|          24|
    |select_ln26_427_fu_10275_p3       |    select|   0|  0|    25|           1|          25|
    |select_ln26_429_fu_26014_p3       |    select|   0|  0|    24|           1|          24|
    |select_ln26_42_fu_4497_p3         |    select|   0|  0|    24|           1|          24|
    |select_ln26_430_fu_26029_p3       |    select|   0|  0|    25|           1|          25|
    |select_ln26_432_fu_10347_p3       |    select|   0|  0|    24|           1|          24|
    |select_ln26_433_fu_10365_p3       |    select|   0|  0|    25|           1|          25|
    |select_ln26_435_fu_26163_p3       |    select|   0|  0|    24|           1|          24|
    |select_ln26_436_fu_26178_p3       |    select|   0|  0|    25|           1|          25|
    |select_ln26_438_fu_10437_p3       |    select|   0|  0|    24|           1|          24|
    |select_ln26_439_fu_10455_p3       |    select|   0|  0|    25|           1|          25|
    |select_ln26_43_fu_4515_p3         |    select|   0|  0|    25|           1|          25|
    |select_ln26_441_fu_26312_p3       |    select|   0|  0|    24|           1|          24|
    |select_ln26_442_fu_26327_p3       |    select|   0|  0|    25|           1|          25|
    |select_ln26_444_fu_10527_p3       |    select|   0|  0|    24|           1|          24|
    |select_ln26_445_fu_10545_p3       |    select|   0|  0|    25|           1|          25|
    |select_ln26_447_fu_26461_p3       |    select|   0|  0|    24|           1|          24|
    |select_ln26_448_fu_26476_p3       |    select|   0|  0|    25|           1|          25|
    |select_ln26_450_fu_10617_p3       |    select|   0|  0|    24|           1|          24|
    |select_ln26_451_fu_10635_p3       |    select|   0|  0|    25|           1|          25|
    |select_ln26_453_fu_26610_p3       |    select|   0|  0|    24|           1|          24|
    |select_ln26_454_fu_26625_p3       |    select|   0|  0|    25|           1|          25|
    |select_ln26_456_fu_10707_p3       |    select|   0|  0|    24|           1|          24|
    |select_ln26_457_fu_10725_p3       |    select|   0|  0|    25|           1|          25|
    |select_ln26_459_fu_26759_p3       |    select|   0|  0|    24|           1|          24|
    |select_ln26_45_fu_16478_p3        |    select|   0|  0|    24|           1|          24|
    |select_ln26_460_fu_26774_p3       |    select|   0|  0|    25|           1|          25|
    |select_ln26_462_fu_10797_p3       |    select|   0|  0|    24|           1|          24|
    |select_ln26_463_fu_10815_p3       |    select|   0|  0|    25|           1|          25|
    |select_ln26_465_fu_26908_p3       |    select|   0|  0|    24|           1|          24|
    |select_ln26_466_fu_26923_p3       |    select|   0|  0|    25|           1|          25|
    |select_ln26_468_fu_10887_p3       |    select|   0|  0|    24|           1|          24|
    |select_ln26_469_fu_10905_p3       |    select|   0|  0|    25|           1|          25|
    |select_ln26_46_fu_16493_p3        |    select|   0|  0|    25|           1|          25|
    |select_ln26_471_fu_27057_p3       |    select|   0|  0|    24|           1|          24|
    |select_ln26_472_fu_27072_p3       |    select|   0|  0|    25|           1|          25|
    |select_ln26_474_fu_10977_p3       |    select|   0|  0|    24|           1|          24|
    |select_ln26_475_fu_10995_p3       |    select|   0|  0|    25|           1|          25|
    |select_ln26_477_fu_27206_p3       |    select|   0|  0|    24|           1|          24|
    |select_ln26_478_fu_27221_p3       |    select|   0|  0|    25|           1|          25|
    |select_ln26_480_fu_11067_p3       |    select|   0|  0|    24|           1|          24|
    |select_ln26_481_fu_11085_p3       |    select|   0|  0|    25|           1|          25|
    |select_ln26_483_fu_27355_p3       |    select|   0|  0|    24|           1|          24|
    |select_ln26_484_fu_27370_p3       |    select|   0|  0|    25|           1|          25|
    |select_ln26_486_fu_11157_p3       |    select|   0|  0|    24|           1|          24|
    |select_ln26_487_fu_11175_p3       |    select|   0|  0|    25|           1|          25|
    |select_ln26_489_fu_27504_p3       |    select|   0|  0|    24|           1|          24|
    |select_ln26_48_fu_4587_p3         |    select|   0|  0|    24|           1|          24|
    |select_ln26_490_fu_27519_p3       |    select|   0|  0|    25|           1|          25|
    |select_ln26_492_fu_11247_p3       |    select|   0|  0|    24|           1|          24|
    |select_ln26_493_fu_11265_p3       |    select|   0|  0|    25|           1|          25|
    |select_ln26_495_fu_27653_p3       |    select|   0|  0|    24|           1|          24|
    |select_ln26_496_fu_27668_p3       |    select|   0|  0|    25|           1|          25|
    |select_ln26_498_fu_11337_p3       |    select|   0|  0|    24|           1|          24|
    |select_ln26_499_fu_11355_p3       |    select|   0|  0|    25|           1|          25|
    |select_ln26_49_fu_4605_p3         |    select|   0|  0|    25|           1|          25|
    |select_ln26_4_fu_15450_p3         |    select|   0|  0|    25|           1|          25|
    |select_ln26_501_fu_27802_p3       |    select|   0|  0|    24|           1|          24|
    |select_ln26_502_fu_27817_p3       |    select|   0|  0|    25|           1|          25|
    |select_ln26_504_fu_11427_p3       |    select|   0|  0|    24|           1|          24|
    |select_ln26_505_fu_11445_p3       |    select|   0|  0|    25|           1|          25|
    |select_ln26_507_fu_27951_p3       |    select|   0|  0|    24|           1|          24|
    |select_ln26_508_fu_27966_p3       |    select|   0|  0|    25|           1|          25|
    |select_ln26_510_fu_11517_p3       |    select|   0|  0|    24|           1|          24|
    |select_ln26_511_fu_11535_p3       |    select|   0|  0|    25|           1|          25|
    |select_ln26_513_fu_28100_p3       |    select|   0|  0|    24|           1|          24|
    |select_ln26_514_fu_28115_p3       |    select|   0|  0|    25|           1|          25|
    |select_ln26_516_fu_11607_p3       |    select|   0|  0|    24|           1|          24|
    |select_ln26_517_fu_11625_p3       |    select|   0|  0|    25|           1|          25|
    |select_ln26_519_fu_28249_p3       |    select|   0|  0|    24|           1|          24|
    |select_ln26_51_fu_16627_p3        |    select|   0|  0|    24|           1|          24|
    |select_ln26_520_fu_28264_p3       |    select|   0|  0|    25|           1|          25|
    |select_ln26_522_fu_11697_p3       |    select|   0|  0|    24|           1|          24|
    |select_ln26_523_fu_11715_p3       |    select|   0|  0|    25|           1|          25|
    |select_ln26_525_fu_28398_p3       |    select|   0|  0|    24|           1|          24|
    |select_ln26_526_fu_28413_p3       |    select|   0|  0|    25|           1|          25|
    |select_ln26_528_fu_11787_p3       |    select|   0|  0|    24|           1|          24|
    |select_ln26_529_fu_11805_p3       |    select|   0|  0|    25|           1|          25|
    |select_ln26_52_fu_16642_p3        |    select|   0|  0|    25|           1|          25|
    |select_ln26_531_fu_28547_p3       |    select|   0|  0|    24|           1|          24|
    |select_ln26_532_fu_28562_p3       |    select|   0|  0|    25|           1|          25|
    |select_ln26_534_fu_11877_p3       |    select|   0|  0|    24|           1|          24|
    |select_ln26_535_fu_11895_p3       |    select|   0|  0|    25|           1|          25|
    |select_ln26_537_fu_28696_p3       |    select|   0|  0|    24|           1|          24|
    |select_ln26_538_fu_28711_p3       |    select|   0|  0|    25|           1|          25|
    |select_ln26_540_fu_11967_p3       |    select|   0|  0|    24|           1|          24|
    |select_ln26_541_fu_11985_p3       |    select|   0|  0|    25|           1|          25|
    |select_ln26_543_fu_28845_p3       |    select|   0|  0|    24|           1|          24|
    |select_ln26_544_fu_28860_p3       |    select|   0|  0|    25|           1|          25|
    |select_ln26_546_fu_12057_p3       |    select|   0|  0|    24|           1|          24|
    |select_ln26_547_fu_12075_p3       |    select|   0|  0|    25|           1|          25|
    |select_ln26_549_fu_28994_p3       |    select|   0|  0|    24|           1|          24|
    |select_ln26_54_fu_4677_p3         |    select|   0|  0|    24|           1|          24|
    |select_ln26_550_fu_29009_p3       |    select|   0|  0|    25|           1|          25|
    |select_ln26_552_fu_12147_p3       |    select|   0|  0|    24|           1|          24|
    |select_ln26_553_fu_12165_p3       |    select|   0|  0|    25|           1|          25|
    |select_ln26_555_fu_29143_p3       |    select|   0|  0|    24|           1|          24|
    |select_ln26_556_fu_29158_p3       |    select|   0|  0|    25|           1|          25|
    |select_ln26_558_fu_12237_p3       |    select|   0|  0|    24|           1|          24|
    |select_ln26_559_fu_12255_p3       |    select|   0|  0|    25|           1|          25|
    |select_ln26_55_fu_4695_p3         |    select|   0|  0|    25|           1|          25|
    |select_ln26_561_fu_29292_p3       |    select|   0|  0|    24|           1|          24|
    |select_ln26_562_fu_29307_p3       |    select|   0|  0|    25|           1|          25|
    |select_ln26_564_fu_12327_p3       |    select|   0|  0|    24|           1|          24|
    |select_ln26_565_fu_12345_p3       |    select|   0|  0|    25|           1|          25|
    |select_ln26_567_fu_29441_p3       |    select|   0|  0|    24|           1|          24|
    |select_ln26_568_fu_29456_p3       |    select|   0|  0|    25|           1|          25|
    |select_ln26_570_fu_12417_p3       |    select|   0|  0|    24|           1|          24|
    |select_ln26_571_fu_12435_p3       |    select|   0|  0|    25|           1|          25|
    |select_ln26_573_fu_29590_p3       |    select|   0|  0|    24|           1|          24|
    |select_ln26_574_fu_29605_p3       |    select|   0|  0|    25|           1|          25|
    |select_ln26_576_fu_12507_p3       |    select|   0|  0|    24|           1|          24|
    |select_ln26_577_fu_12525_p3       |    select|   0|  0|    25|           1|          25|
    |select_ln26_579_fu_29739_p3       |    select|   0|  0|    24|           1|          24|
    |select_ln26_57_fu_16776_p3        |    select|   0|  0|    24|           1|          24|
    |select_ln26_580_fu_29754_p3       |    select|   0|  0|    25|           1|          25|
    |select_ln26_582_fu_12597_p3       |    select|   0|  0|    24|           1|          24|
    |select_ln26_583_fu_12615_p3       |    select|   0|  0|    25|           1|          25|
    |select_ln26_585_fu_29888_p3       |    select|   0|  0|    24|           1|          24|
    |select_ln26_586_fu_29903_p3       |    select|   0|  0|    25|           1|          25|
    |select_ln26_588_fu_12687_p3       |    select|   0|  0|    24|           1|          24|
    |select_ln26_589_fu_12705_p3       |    select|   0|  0|    25|           1|          25|
    |select_ln26_58_fu_16791_p3        |    select|   0|  0|    25|           1|          25|
    |select_ln26_591_fu_30037_p3       |    select|   0|  0|    24|           1|          24|
    |select_ln26_592_fu_30052_p3       |    select|   0|  0|    25|           1|          25|
    |select_ln26_594_fu_12777_p3       |    select|   0|  0|    24|           1|          24|
    |select_ln26_595_fu_12795_p3       |    select|   0|  0|    25|           1|          25|
    |select_ln26_597_fu_30186_p3       |    select|   0|  0|    24|           1|          24|
    |select_ln26_598_fu_30201_p3       |    select|   0|  0|    25|           1|          25|
    |select_ln26_600_fu_12867_p3       |    select|   0|  0|    24|           1|          24|
    |select_ln26_601_fu_12885_p3       |    select|   0|  0|    25|           1|          25|
    |select_ln26_603_fu_30335_p3       |    select|   0|  0|    24|           1|          24|
    |select_ln26_604_fu_30350_p3       |    select|   0|  0|    25|           1|          25|
    |select_ln26_606_fu_12957_p3       |    select|   0|  0|    24|           1|          24|
    |select_ln26_607_fu_12975_p3       |    select|   0|  0|    25|           1|          25|
    |select_ln26_609_fu_30484_p3       |    select|   0|  0|    24|           1|          24|
    |select_ln26_60_fu_4767_p3         |    select|   0|  0|    24|           1|          24|
    |select_ln26_610_fu_30499_p3       |    select|   0|  0|    25|           1|          25|
    |select_ln26_612_fu_13047_p3       |    select|   0|  0|    24|           1|          24|
    |select_ln26_613_fu_13065_p3       |    select|   0|  0|    25|           1|          25|
    |select_ln26_615_fu_30633_p3       |    select|   0|  0|    24|           1|          24|
    |select_ln26_616_fu_30648_p3       |    select|   0|  0|    25|           1|          25|
    |select_ln26_618_fu_13137_p3       |    select|   0|  0|    24|           1|          24|
    |select_ln26_619_fu_13155_p3       |    select|   0|  0|    25|           1|          25|
    |select_ln26_61_fu_4785_p3         |    select|   0|  0|    25|           1|          25|
    |select_ln26_621_fu_30782_p3       |    select|   0|  0|    24|           1|          24|
    |select_ln26_622_fu_30797_p3       |    select|   0|  0|    25|           1|          25|
    |select_ln26_624_fu_13227_p3       |    select|   0|  0|    24|           1|          24|
    |select_ln26_625_fu_13245_p3       |    select|   0|  0|    25|           1|          25|
    |select_ln26_627_fu_30931_p3       |    select|   0|  0|    24|           1|          24|
    |select_ln26_628_fu_30946_p3       |    select|   0|  0|    25|           1|          25|
    |select_ln26_630_fu_13317_p3       |    select|   0|  0|    24|           1|          24|
    |select_ln26_631_fu_13335_p3       |    select|   0|  0|    25|           1|          25|
    |select_ln26_633_fu_31080_p3       |    select|   0|  0|    24|           1|          24|
    |select_ln26_634_fu_31095_p3       |    select|   0|  0|    25|           1|          25|
    |select_ln26_636_fu_13407_p3       |    select|   0|  0|    24|           1|          24|
    |select_ln26_637_fu_13425_p3       |    select|   0|  0|    25|           1|          25|
    |select_ln26_639_fu_31229_p3       |    select|   0|  0|    24|           1|          24|
    |select_ln26_63_fu_16925_p3        |    select|   0|  0|    24|           1|          24|
    |select_ln26_640_fu_31244_p3       |    select|   0|  0|    25|           1|          25|
    |select_ln26_642_fu_13497_p3       |    select|   0|  0|    24|           1|          24|
    |select_ln26_643_fu_13515_p3       |    select|   0|  0|    25|           1|          25|
    |select_ln26_645_fu_31378_p3       |    select|   0|  0|    24|           1|          24|
    |select_ln26_646_fu_31393_p3       |    select|   0|  0|    25|           1|          25|
    |select_ln26_648_fu_13587_p3       |    select|   0|  0|    24|           1|          24|
    |select_ln26_649_fu_13605_p3       |    select|   0|  0|    25|           1|          25|
    |select_ln26_64_fu_16940_p3        |    select|   0|  0|    25|           1|          25|
    |select_ln26_651_fu_31527_p3       |    select|   0|  0|    24|           1|          24|
    |select_ln26_652_fu_31542_p3       |    select|   0|  0|    25|           1|          25|
    |select_ln26_654_fu_13677_p3       |    select|   0|  0|    24|           1|          24|
    |select_ln26_655_fu_13695_p3       |    select|   0|  0|    25|           1|          25|
    |select_ln26_657_fu_31676_p3       |    select|   0|  0|    24|           1|          24|
    |select_ln26_658_fu_31691_p3       |    select|   0|  0|    25|           1|          25|
    |select_ln26_660_fu_13767_p3       |    select|   0|  0|    24|           1|          24|
    |select_ln26_661_fu_13785_p3       |    select|   0|  0|    25|           1|          25|
    |select_ln26_663_fu_31825_p3       |    select|   0|  0|    24|           1|          24|
    |select_ln26_664_fu_31840_p3       |    select|   0|  0|    25|           1|          25|
    |select_ln26_666_fu_13857_p3       |    select|   0|  0|    24|           1|          24|
    |select_ln26_667_fu_13875_p3       |    select|   0|  0|    25|           1|          25|
    |select_ln26_669_fu_31974_p3       |    select|   0|  0|    24|           1|          24|
    |select_ln26_66_fu_4857_p3         |    select|   0|  0|    24|           1|          24|
    |select_ln26_670_fu_31989_p3       |    select|   0|  0|    25|           1|          25|
    |select_ln26_672_fu_13947_p3       |    select|   0|  0|    24|           1|          24|
    |select_ln26_673_fu_13965_p3       |    select|   0|  0|    25|           1|          25|
    |select_ln26_675_fu_32123_p3       |    select|   0|  0|    24|           1|          24|
    |select_ln26_676_fu_32138_p3       |    select|   0|  0|    25|           1|          25|
    |select_ln26_678_fu_14037_p3       |    select|   0|  0|    24|           1|          24|
    |select_ln26_679_fu_14055_p3       |    select|   0|  0|    25|           1|          25|
    |select_ln26_67_fu_4875_p3         |    select|   0|  0|    25|           1|          25|
    |select_ln26_681_fu_32272_p3       |    select|   0|  0|    24|           1|          24|
    |select_ln26_682_fu_32287_p3       |    select|   0|  0|    25|           1|          25|
    |select_ln26_684_fu_14127_p3       |    select|   0|  0|    24|           1|          24|
    |select_ln26_685_fu_14145_p3       |    select|   0|  0|    25|           1|          25|
    |select_ln26_687_fu_32421_p3       |    select|   0|  0|    24|           1|          24|
    |select_ln26_688_fu_32436_p3       |    select|   0|  0|    25|           1|          25|
    |select_ln26_690_fu_14217_p3       |    select|   0|  0|    24|           1|          24|
    |select_ln26_691_fu_14235_p3       |    select|   0|  0|    25|           1|          25|
    |select_ln26_693_fu_32570_p3       |    select|   0|  0|    24|           1|          24|
    |select_ln26_694_fu_32585_p3       |    select|   0|  0|    25|           1|          25|
    |select_ln26_696_fu_14307_p3       |    select|   0|  0|    24|           1|          24|
    |select_ln26_697_fu_14325_p3       |    select|   0|  0|    25|           1|          25|
    |select_ln26_699_fu_32719_p3       |    select|   0|  0|    24|           1|          24|
    |select_ln26_69_fu_17074_p3        |    select|   0|  0|    24|           1|          24|
    |select_ln26_6_fu_3957_p3          |    select|   0|  0|    24|           1|          24|
    |select_ln26_700_fu_32734_p3       |    select|   0|  0|    25|           1|          25|
    |select_ln26_702_fu_14397_p3       |    select|   0|  0|    24|           1|          24|
    |select_ln26_703_fu_14415_p3       |    select|   0|  0|    25|           1|          25|
    |select_ln26_705_fu_32868_p3       |    select|   0|  0|    24|           1|          24|
    |select_ln26_706_fu_32883_p3       |    select|   0|  0|    25|           1|          25|
    |select_ln26_708_fu_14487_p3       |    select|   0|  0|    24|           1|          24|
    |select_ln26_709_fu_14505_p3       |    select|   0|  0|    25|           1|          25|
    |select_ln26_70_fu_17089_p3        |    select|   0|  0|    25|           1|          25|
    |select_ln26_711_fu_33017_p3       |    select|   0|  0|    24|           1|          24|
    |select_ln26_712_fu_33032_p3       |    select|   0|  0|    25|           1|          25|
    |select_ln26_714_fu_14577_p3       |    select|   0|  0|    24|           1|          24|
    |select_ln26_715_fu_14595_p3       |    select|   0|  0|    25|           1|          25|
    |select_ln26_717_fu_33166_p3       |    select|   0|  0|    24|           1|          24|
    |select_ln26_718_fu_33181_p3       |    select|   0|  0|    25|           1|          25|
    |select_ln26_720_fu_14667_p3       |    select|   0|  0|    24|           1|          24|
    |select_ln26_721_fu_14685_p3       |    select|   0|  0|    25|           1|          25|
    |select_ln26_723_fu_33315_p3       |    select|   0|  0|    24|           1|          24|
    |select_ln26_724_fu_33330_p3       |    select|   0|  0|    25|           1|          25|
    |select_ln26_726_fu_14757_p3       |    select|   0|  0|    24|           1|          24|
    |select_ln26_727_fu_14775_p3       |    select|   0|  0|    25|           1|          25|
    |select_ln26_729_fu_33464_p3       |    select|   0|  0|    24|           1|          24|
    |select_ln26_72_fu_4947_p3         |    select|   0|  0|    24|           1|          24|
    |select_ln26_730_fu_33479_p3       |    select|   0|  0|    25|           1|          25|
    |select_ln26_732_fu_14847_p3       |    select|   0|  0|    24|           1|          24|
    |select_ln26_733_fu_14865_p3       |    select|   0|  0|    25|           1|          25|
    |select_ln26_735_fu_33613_p3       |    select|   0|  0|    24|           1|          24|
    |select_ln26_736_fu_33628_p3       |    select|   0|  0|    25|           1|          25|
    |select_ln26_738_fu_14937_p3       |    select|   0|  0|    24|           1|          24|
    |select_ln26_739_fu_14955_p3       |    select|   0|  0|    25|           1|          25|
    |select_ln26_73_fu_4965_p3         |    select|   0|  0|    25|           1|          25|
    |select_ln26_741_fu_33762_p3       |    select|   0|  0|    24|           1|          24|
    |select_ln26_742_fu_33777_p3       |    select|   0|  0|    25|           1|          25|
    |select_ln26_744_fu_15027_p3       |    select|   0|  0|    24|           1|          24|
    |select_ln26_745_fu_15045_p3       |    select|   0|  0|    25|           1|          25|
    |select_ln26_747_fu_33911_p3       |    select|   0|  0|    24|           1|          24|
    |select_ln26_748_fu_33926_p3       |    select|   0|  0|    25|           1|          25|
    |select_ln26_750_fu_15117_p3       |    select|   0|  0|    24|           1|          24|
    |select_ln26_751_fu_15135_p3       |    select|   0|  0|    25|           1|          25|
    |select_ln26_753_fu_34060_p3       |    select|   0|  0|    24|           1|          24|
    |select_ln26_754_fu_34075_p3       |    select|   0|  0|    25|           1|          25|
    |select_ln26_756_fu_15207_p3       |    select|   0|  0|    24|           1|          24|
    |select_ln26_757_fu_15225_p3       |    select|   0|  0|    25|           1|          25|
    |select_ln26_759_fu_34209_p3       |    select|   0|  0|    24|           1|          24|
    |select_ln26_75_fu_17223_p3        |    select|   0|  0|    24|           1|          24|
    |select_ln26_760_fu_34224_p3       |    select|   0|  0|    25|           1|          25|
    |select_ln26_762_fu_15297_p3       |    select|   0|  0|    24|           1|          24|
    |select_ln26_763_fu_15315_p3       |    select|   0|  0|    25|           1|          25|
    |select_ln26_765_fu_34358_p3       |    select|   0|  0|    24|           1|          24|
    |select_ln26_766_fu_34373_p3       |    select|   0|  0|    25|           1|          25|
    |select_ln26_76_fu_17238_p3        |    select|   0|  0|    25|           1|          25|
    |select_ln26_78_fu_5037_p3         |    select|   0|  0|    24|           1|          24|
    |select_ln26_79_fu_5055_p3         |    select|   0|  0|    25|           1|          25|
    |select_ln26_7_fu_3975_p3          |    select|   0|  0|    25|           1|          25|
    |select_ln26_81_fu_17372_p3        |    select|   0|  0|    24|           1|          24|
    |select_ln26_82_fu_17387_p3        |    select|   0|  0|    25|           1|          25|
    |select_ln26_84_fu_5127_p3         |    select|   0|  0|    24|           1|          24|
    |select_ln26_85_fu_5145_p3         |    select|   0|  0|    25|           1|          25|
    |select_ln26_87_fu_17521_p3        |    select|   0|  0|    24|           1|          24|
    |select_ln26_88_fu_17536_p3        |    select|   0|  0|    25|           1|          25|
    |select_ln26_90_fu_5217_p3         |    select|   0|  0|    24|           1|          24|
    |select_ln26_91_fu_5235_p3         |    select|   0|  0|    25|           1|          25|
    |select_ln26_93_fu_17670_p3        |    select|   0|  0|    24|           1|          24|
    |select_ln26_94_fu_17685_p3        |    select|   0|  0|    25|           1|          25|
    |select_ln26_96_fu_5307_p3         |    select|   0|  0|    24|           1|          24|
    |select_ln26_97_fu_5325_p3         |    select|   0|  0|    25|           1|          25|
    |select_ln26_99_fu_17819_p3        |    select|   0|  0|    24|           1|          24|
    |select_ln26_9_fu_15584_p3         |    select|   0|  0|    24|           1|          24|
    |select_ln26_fu_3839_p3            |    select|   0|  0|    24|           1|          24|
    |select_ln47_100_fu_22865_p3       |    select|   0|  0|    26|           1|          26|
    |select_ln47_101_fu_22947_p3       |    select|   0|  0|    26|           1|          26|
    |select_ln47_102_fu_23014_p3       |    select|   0|  0|    26|           1|          26|
    |select_ln47_103_fu_23096_p3       |    select|   0|  0|    26|           1|          26|
    |select_ln47_104_fu_23163_p3       |    select|   0|  0|    26|           1|          26|
    |select_ln47_105_fu_23245_p3       |    select|   0|  0|    26|           1|          26|
    |select_ln47_106_fu_23312_p3       |    select|   0|  0|    26|           1|          26|
    |select_ln47_107_fu_23394_p3       |    select|   0|  0|    26|           1|          26|
    |select_ln47_108_fu_23461_p3       |    select|   0|  0|    26|           1|          26|
    |select_ln47_109_fu_23543_p3       |    select|   0|  0|    26|           1|          26|
    |select_ln47_10_fu_16160_p3        |    select|   0|  0|    26|           1|          26|
    |select_ln47_110_fu_23610_p3       |    select|   0|  0|    26|           1|          26|
    |select_ln47_111_fu_23692_p3       |    select|   0|  0|    26|           1|          26|
    |select_ln47_112_fu_23759_p3       |    select|   0|  0|    26|           1|          26|
    |select_ln47_113_fu_23841_p3       |    select|   0|  0|    26|           1|          26|
    |select_ln47_114_fu_23908_p3       |    select|   0|  0|    26|           1|          26|
    |select_ln47_115_fu_23990_p3       |    select|   0|  0|    26|           1|          26|
    |select_ln47_116_fu_24057_p3       |    select|   0|  0|    26|           1|          26|
    |select_ln47_117_fu_24139_p3       |    select|   0|  0|    26|           1|          26|
    |select_ln47_118_fu_24206_p3       |    select|   0|  0|    26|           1|          26|
    |select_ln47_119_fu_24288_p3       |    select|   0|  0|    26|           1|          26|
    |select_ln47_11_fu_16242_p3        |    select|   0|  0|    26|           1|          26|
    |select_ln47_120_fu_24355_p3       |    select|   0|  0|    26|           1|          26|
    |select_ln47_121_fu_24437_p3       |    select|   0|  0|    26|           1|          26|
    |select_ln47_122_fu_24504_p3       |    select|   0|  0|    26|           1|          26|
    |select_ln47_123_fu_24586_p3       |    select|   0|  0|    26|           1|          26|
    |select_ln47_124_fu_24653_p3       |    select|   0|  0|    26|           1|          26|
    |select_ln47_125_fu_24735_p3       |    select|   0|  0|    26|           1|          26|
    |select_ln47_126_fu_24802_p3       |    select|   0|  0|    26|           1|          26|
    |select_ln47_127_fu_24884_p3       |    select|   0|  0|    26|           1|          26|
    |select_ln47_128_fu_24951_p3       |    select|   0|  0|    26|           1|          26|
    |select_ln47_129_fu_25033_p3       |    select|   0|  0|    26|           1|          26|
    |select_ln47_12_fu_16309_p3        |    select|   0|  0|    26|           1|          26|
    |select_ln47_130_fu_25100_p3       |    select|   0|  0|    26|           1|          26|
    |select_ln47_131_fu_25182_p3       |    select|   0|  0|    26|           1|          26|
    |select_ln47_132_fu_25249_p3       |    select|   0|  0|    26|           1|          26|
    |select_ln47_133_fu_25331_p3       |    select|   0|  0|    26|           1|          26|
    |select_ln47_134_fu_25398_p3       |    select|   0|  0|    26|           1|          26|
    |select_ln47_135_fu_25480_p3       |    select|   0|  0|    26|           1|          26|
    |select_ln47_136_fu_25547_p3       |    select|   0|  0|    26|           1|          26|
    |select_ln47_137_fu_25629_p3       |    select|   0|  0|    26|           1|          26|
    |select_ln47_138_fu_25696_p3       |    select|   0|  0|    26|           1|          26|
    |select_ln47_139_fu_25778_p3       |    select|   0|  0|    26|           1|          26|
    |select_ln47_13_fu_16391_p3        |    select|   0|  0|    26|           1|          26|
    |select_ln47_140_fu_25845_p3       |    select|   0|  0|    26|           1|          26|
    |select_ln47_141_fu_25927_p3       |    select|   0|  0|    26|           1|          26|
    |select_ln47_142_fu_25994_p3       |    select|   0|  0|    26|           1|          26|
    |select_ln47_143_fu_26076_p3       |    select|   0|  0|    26|           1|          26|
    |select_ln47_144_fu_26143_p3       |    select|   0|  0|    26|           1|          26|
    |select_ln47_145_fu_26225_p3       |    select|   0|  0|    26|           1|          26|
    |select_ln47_146_fu_26292_p3       |    select|   0|  0|    26|           1|          26|
    |select_ln47_147_fu_26374_p3       |    select|   0|  0|    26|           1|          26|
    |select_ln47_148_fu_26441_p3       |    select|   0|  0|    26|           1|          26|
    |select_ln47_149_fu_26523_p3       |    select|   0|  0|    26|           1|          26|
    |select_ln47_14_fu_16458_p3        |    select|   0|  0|    26|           1|          26|
    |select_ln47_150_fu_26590_p3       |    select|   0|  0|    26|           1|          26|
    |select_ln47_151_fu_26672_p3       |    select|   0|  0|    26|           1|          26|
    |select_ln47_152_fu_26739_p3       |    select|   0|  0|    26|           1|          26|
    |select_ln47_153_fu_26821_p3       |    select|   0|  0|    26|           1|          26|
    |select_ln47_154_fu_26888_p3       |    select|   0|  0|    26|           1|          26|
    |select_ln47_155_fu_26970_p3       |    select|   0|  0|    26|           1|          26|
    |select_ln47_156_fu_27037_p3       |    select|   0|  0|    26|           1|          26|
    |select_ln47_157_fu_27119_p3       |    select|   0|  0|    26|           1|          26|
    |select_ln47_158_fu_27186_p3       |    select|   0|  0|    26|           1|          26|
    |select_ln47_159_fu_27268_p3       |    select|   0|  0|    26|           1|          26|
    |select_ln47_15_fu_16540_p3        |    select|   0|  0|    26|           1|          26|
    |select_ln47_160_fu_27335_p3       |    select|   0|  0|    26|           1|          26|
    |select_ln47_161_fu_27417_p3       |    select|   0|  0|    26|           1|          26|
    |select_ln47_162_fu_27484_p3       |    select|   0|  0|    26|           1|          26|
    |select_ln47_163_fu_27566_p3       |    select|   0|  0|    26|           1|          26|
    |select_ln47_164_fu_27633_p3       |    select|   0|  0|    26|           1|          26|
    |select_ln47_165_fu_27715_p3       |    select|   0|  0|    26|           1|          26|
    |select_ln47_166_fu_27782_p3       |    select|   0|  0|    26|           1|          26|
    |select_ln47_167_fu_27864_p3       |    select|   0|  0|    26|           1|          26|
    |select_ln47_168_fu_27931_p3       |    select|   0|  0|    26|           1|          26|
    |select_ln47_169_fu_28013_p3       |    select|   0|  0|    26|           1|          26|
    |select_ln47_16_fu_16607_p3        |    select|   0|  0|    26|           1|          26|
    |select_ln47_170_fu_28080_p3       |    select|   0|  0|    26|           1|          26|
    |select_ln47_171_fu_28162_p3       |    select|   0|  0|    26|           1|          26|
    |select_ln47_172_fu_28229_p3       |    select|   0|  0|    26|           1|          26|
    |select_ln47_173_fu_28311_p3       |    select|   0|  0|    26|           1|          26|
    |select_ln47_174_fu_28378_p3       |    select|   0|  0|    26|           1|          26|
    |select_ln47_175_fu_28460_p3       |    select|   0|  0|    26|           1|          26|
    |select_ln47_176_fu_28527_p3       |    select|   0|  0|    26|           1|          26|
    |select_ln47_177_fu_28609_p3       |    select|   0|  0|    26|           1|          26|
    |select_ln47_178_fu_28676_p3       |    select|   0|  0|    26|           1|          26|
    |select_ln47_179_fu_28758_p3       |    select|   0|  0|    26|           1|          26|
    |select_ln47_17_fu_16689_p3        |    select|   0|  0|    26|           1|          26|
    |select_ln47_180_fu_28825_p3       |    select|   0|  0|    26|           1|          26|
    |select_ln47_181_fu_28907_p3       |    select|   0|  0|    26|           1|          26|
    |select_ln47_182_fu_28974_p3       |    select|   0|  0|    26|           1|          26|
    |select_ln47_183_fu_29056_p3       |    select|   0|  0|    26|           1|          26|
    |select_ln47_184_fu_29123_p3       |    select|   0|  0|    26|           1|          26|
    |select_ln47_185_fu_29205_p3       |    select|   0|  0|    26|           1|          26|
    |select_ln47_186_fu_29272_p3       |    select|   0|  0|    26|           1|          26|
    |select_ln47_187_fu_29354_p3       |    select|   0|  0|    26|           1|          26|
    |select_ln47_188_fu_29421_p3       |    select|   0|  0|    26|           1|          26|
    |select_ln47_189_fu_29503_p3       |    select|   0|  0|    26|           1|          26|
    |select_ln47_18_fu_16756_p3        |    select|   0|  0|    26|           1|          26|
    |select_ln47_190_fu_29570_p3       |    select|   0|  0|    26|           1|          26|
    |select_ln47_191_fu_29652_p3       |    select|   0|  0|    26|           1|          26|
    |select_ln47_192_fu_29719_p3       |    select|   0|  0|    26|           1|          26|
    |select_ln47_193_fu_29801_p3       |    select|   0|  0|    26|           1|          26|
    |select_ln47_194_fu_29868_p3       |    select|   0|  0|    26|           1|          26|
    |select_ln47_195_fu_29950_p3       |    select|   0|  0|    26|           1|          26|
    |select_ln47_196_fu_30017_p3       |    select|   0|  0|    26|           1|          26|
    |select_ln47_197_fu_30099_p3       |    select|   0|  0|    26|           1|          26|
    |select_ln47_198_fu_30166_p3       |    select|   0|  0|    26|           1|          26|
    |select_ln47_199_fu_30248_p3       |    select|   0|  0|    26|           1|          26|
    |select_ln47_19_fu_16838_p3        |    select|   0|  0|    26|           1|          26|
    |select_ln47_1_fu_15497_p3         |    select|   0|  0|    26|           1|          26|
    |select_ln47_200_fu_30315_p3       |    select|   0|  0|    26|           1|          26|
    |select_ln47_201_fu_30397_p3       |    select|   0|  0|    26|           1|          26|
    |select_ln47_202_fu_30464_p3       |    select|   0|  0|    26|           1|          26|
    |select_ln47_203_fu_30546_p3       |    select|   0|  0|    26|           1|          26|
    |select_ln47_204_fu_30613_p3       |    select|   0|  0|    26|           1|          26|
    |select_ln47_205_fu_30695_p3       |    select|   0|  0|    26|           1|          26|
    |select_ln47_206_fu_30762_p3       |    select|   0|  0|    26|           1|          26|
    |select_ln47_207_fu_30844_p3       |    select|   0|  0|    26|           1|          26|
    |select_ln47_208_fu_30911_p3       |    select|   0|  0|    26|           1|          26|
    |select_ln47_209_fu_30993_p3       |    select|   0|  0|    26|           1|          26|
    |select_ln47_20_fu_16905_p3        |    select|   0|  0|    26|           1|          26|
    |select_ln47_210_fu_31060_p3       |    select|   0|  0|    26|           1|          26|
    |select_ln47_211_fu_31142_p3       |    select|   0|  0|    26|           1|          26|
    |select_ln47_212_fu_31209_p3       |    select|   0|  0|    26|           1|          26|
    |select_ln47_213_fu_31291_p3       |    select|   0|  0|    26|           1|          26|
    |select_ln47_214_fu_31358_p3       |    select|   0|  0|    26|           1|          26|
    |select_ln47_215_fu_31440_p3       |    select|   0|  0|    26|           1|          26|
    |select_ln47_216_fu_31507_p3       |    select|   0|  0|    26|           1|          26|
    |select_ln47_217_fu_31589_p3       |    select|   0|  0|    26|           1|          26|
    |select_ln47_218_fu_31656_p3       |    select|   0|  0|    26|           1|          26|
    |select_ln47_219_fu_31738_p3       |    select|   0|  0|    26|           1|          26|
    |select_ln47_21_fu_16987_p3        |    select|   0|  0|    26|           1|          26|
    |select_ln47_220_fu_31805_p3       |    select|   0|  0|    26|           1|          26|
    |select_ln47_221_fu_31887_p3       |    select|   0|  0|    26|           1|          26|
    |select_ln47_222_fu_31954_p3       |    select|   0|  0|    26|           1|          26|
    |select_ln47_223_fu_32036_p3       |    select|   0|  0|    26|           1|          26|
    |select_ln47_224_fu_32103_p3       |    select|   0|  0|    26|           1|          26|
    |select_ln47_225_fu_32185_p3       |    select|   0|  0|    26|           1|          26|
    |select_ln47_226_fu_32252_p3       |    select|   0|  0|    26|           1|          26|
    |select_ln47_227_fu_32334_p3       |    select|   0|  0|    26|           1|          26|
    |select_ln47_228_fu_32401_p3       |    select|   0|  0|    26|           1|          26|
    |select_ln47_229_fu_32483_p3       |    select|   0|  0|    26|           1|          26|
    |select_ln47_22_fu_17054_p3        |    select|   0|  0|    26|           1|          26|
    |select_ln47_230_fu_32550_p3       |    select|   0|  0|    26|           1|          26|
    |select_ln47_231_fu_32632_p3       |    select|   0|  0|    26|           1|          26|
    |select_ln47_232_fu_32699_p3       |    select|   0|  0|    26|           1|          26|
    |select_ln47_233_fu_32781_p3       |    select|   0|  0|    26|           1|          26|
    |select_ln47_234_fu_32848_p3       |    select|   0|  0|    26|           1|          26|
    |select_ln47_235_fu_32930_p3       |    select|   0|  0|    26|           1|          26|
    |select_ln47_236_fu_32997_p3       |    select|   0|  0|    26|           1|          26|
    |select_ln47_237_fu_33079_p3       |    select|   0|  0|    26|           1|          26|
    |select_ln47_238_fu_33146_p3       |    select|   0|  0|    26|           1|          26|
    |select_ln47_239_fu_33228_p3       |    select|   0|  0|    26|           1|          26|
    |select_ln47_23_fu_17136_p3        |    select|   0|  0|    26|           1|          26|
    |select_ln47_240_fu_33295_p3       |    select|   0|  0|    26|           1|          26|
    |select_ln47_241_fu_33377_p3       |    select|   0|  0|    26|           1|          26|
    |select_ln47_242_fu_33444_p3       |    select|   0|  0|    26|           1|          26|
    |select_ln47_243_fu_33526_p3       |    select|   0|  0|    26|           1|          26|
    |select_ln47_244_fu_33593_p3       |    select|   0|  0|    26|           1|          26|
    |select_ln47_245_fu_33675_p3       |    select|   0|  0|    26|           1|          26|
    |select_ln47_246_fu_33742_p3       |    select|   0|  0|    26|           1|          26|
    |select_ln47_247_fu_33824_p3       |    select|   0|  0|    26|           1|          26|
    |select_ln47_248_fu_33891_p3       |    select|   0|  0|    26|           1|          26|
    |select_ln47_249_fu_33973_p3       |    select|   0|  0|    26|           1|          26|
    |select_ln47_24_fu_17203_p3        |    select|   0|  0|    26|           1|          26|
    |select_ln47_250_fu_34040_p3       |    select|   0|  0|    26|           1|          26|
    |select_ln47_251_fu_34122_p3       |    select|   0|  0|    26|           1|          26|
    |select_ln47_252_fu_34189_p3       |    select|   0|  0|    26|           1|          26|
    |select_ln47_253_fu_34271_p3       |    select|   0|  0|    26|           1|          26|
    |select_ln47_254_fu_34338_p3       |    select|   0|  0|    26|           1|          26|
    |select_ln47_255_fu_34420_p3       |    select|   0|  0|    26|           1|          26|
    |select_ln47_25_fu_17285_p3        |    select|   0|  0|    26|           1|          26|
    |select_ln47_26_fu_17352_p3        |    select|   0|  0|    26|           1|          26|
    |select_ln47_27_fu_17434_p3        |    select|   0|  0|    26|           1|          26|
    |select_ln47_28_fu_17501_p3        |    select|   0|  0|    26|           1|          26|
    |select_ln47_29_fu_17583_p3        |    select|   0|  0|    26|           1|          26|
    |select_ln47_2_fu_15564_p3         |    select|   0|  0|    26|           1|          26|
    |select_ln47_30_fu_17650_p3        |    select|   0|  0|    26|           1|          26|
    |select_ln47_31_fu_17732_p3        |    select|   0|  0|    26|           1|          26|
    |select_ln47_32_fu_17799_p3        |    select|   0|  0|    26|           1|          26|
    |select_ln47_33_fu_17881_p3        |    select|   0|  0|    26|           1|          26|
    |select_ln47_34_fu_17948_p3        |    select|   0|  0|    26|           1|          26|
    |select_ln47_35_fu_18030_p3        |    select|   0|  0|    26|           1|          26|
    |select_ln47_36_fu_18097_p3        |    select|   0|  0|    26|           1|          26|
    |select_ln47_37_fu_18179_p3        |    select|   0|  0|    26|           1|          26|
    |select_ln47_38_fu_18246_p3        |    select|   0|  0|    26|           1|          26|
    |select_ln47_39_fu_18328_p3        |    select|   0|  0|    26|           1|          26|
    |select_ln47_3_fu_15646_p3         |    select|   0|  0|    26|           1|          26|
    |select_ln47_40_fu_18395_p3        |    select|   0|  0|    26|           1|          26|
    |select_ln47_41_fu_18477_p3        |    select|   0|  0|    26|           1|          26|
    |select_ln47_42_fu_18544_p3        |    select|   0|  0|    26|           1|          26|
    |select_ln47_43_fu_18626_p3        |    select|   0|  0|    26|           1|          26|
    |select_ln47_44_fu_18693_p3        |    select|   0|  0|    26|           1|          26|
    |select_ln47_45_fu_18775_p3        |    select|   0|  0|    26|           1|          26|
    |select_ln47_46_fu_18842_p3        |    select|   0|  0|    26|           1|          26|
    |select_ln47_47_fu_18924_p3        |    select|   0|  0|    26|           1|          26|
    |select_ln47_48_fu_18991_p3        |    select|   0|  0|    26|           1|          26|
    |select_ln47_49_fu_19073_p3        |    select|   0|  0|    26|           1|          26|
    |select_ln47_4_fu_15713_p3         |    select|   0|  0|    26|           1|          26|
    |select_ln47_50_fu_19140_p3        |    select|   0|  0|    26|           1|          26|
    |select_ln47_51_fu_19222_p3        |    select|   0|  0|    26|           1|          26|
    |select_ln47_52_fu_19289_p3        |    select|   0|  0|    26|           1|          26|
    |select_ln47_53_fu_19371_p3        |    select|   0|  0|    26|           1|          26|
    |select_ln47_54_fu_19438_p3        |    select|   0|  0|    26|           1|          26|
    |select_ln47_55_fu_19520_p3        |    select|   0|  0|    26|           1|          26|
    |select_ln47_56_fu_19587_p3        |    select|   0|  0|    26|           1|          26|
    |select_ln47_57_fu_19669_p3        |    select|   0|  0|    26|           1|          26|
    |select_ln47_58_fu_19736_p3        |    select|   0|  0|    26|           1|          26|
    |select_ln47_59_fu_19818_p3        |    select|   0|  0|    26|           1|          26|
    |select_ln47_5_fu_15795_p3         |    select|   0|  0|    26|           1|          26|
    |select_ln47_60_fu_19885_p3        |    select|   0|  0|    26|           1|          26|
    |select_ln47_61_fu_19967_p3        |    select|   0|  0|    26|           1|          26|
    |select_ln47_62_fu_20034_p3        |    select|   0|  0|    26|           1|          26|
    |select_ln47_63_fu_20116_p3        |    select|   0|  0|    26|           1|          26|
    |select_ln47_64_fu_20183_p3        |    select|   0|  0|    26|           1|          26|
    |select_ln47_65_fu_20265_p3        |    select|   0|  0|    26|           1|          26|
    |select_ln47_66_fu_20332_p3        |    select|   0|  0|    26|           1|          26|
    |select_ln47_67_fu_20414_p3        |    select|   0|  0|    26|           1|          26|
    |select_ln47_68_fu_20481_p3        |    select|   0|  0|    26|           1|          26|
    |select_ln47_69_fu_20563_p3        |    select|   0|  0|    26|           1|          26|
    |select_ln47_6_fu_15862_p3         |    select|   0|  0|    26|           1|          26|
    |select_ln47_70_fu_20630_p3        |    select|   0|  0|    26|           1|          26|
    |select_ln47_71_fu_20712_p3        |    select|   0|  0|    26|           1|          26|
    |select_ln47_72_fu_20779_p3        |    select|   0|  0|    26|           1|          26|
    |select_ln47_73_fu_20861_p3        |    select|   0|  0|    26|           1|          26|
    |select_ln47_74_fu_20928_p3        |    select|   0|  0|    26|           1|          26|
    |select_ln47_75_fu_21010_p3        |    select|   0|  0|    26|           1|          26|
    |select_ln47_76_fu_21077_p3        |    select|   0|  0|    26|           1|          26|
    |select_ln47_77_fu_21159_p3        |    select|   0|  0|    26|           1|          26|
    |select_ln47_78_fu_21226_p3        |    select|   0|  0|    26|           1|          26|
    |select_ln47_79_fu_21308_p3        |    select|   0|  0|    26|           1|          26|
    |select_ln47_7_fu_15944_p3         |    select|   0|  0|    26|           1|          26|
    |select_ln47_80_fu_21375_p3        |    select|   0|  0|    26|           1|          26|
    |select_ln47_81_fu_21457_p3        |    select|   0|  0|    26|           1|          26|
    |select_ln47_82_fu_21524_p3        |    select|   0|  0|    26|           1|          26|
    |select_ln47_83_fu_21606_p3        |    select|   0|  0|    26|           1|          26|
    |select_ln47_84_fu_21673_p3        |    select|   0|  0|    26|           1|          26|
    |select_ln47_85_fu_21755_p3        |    select|   0|  0|    26|           1|          26|
    |select_ln47_86_fu_21822_p3        |    select|   0|  0|    26|           1|          26|
    |select_ln47_87_fu_21904_p3        |    select|   0|  0|    26|           1|          26|
    |select_ln47_88_fu_21971_p3        |    select|   0|  0|    26|           1|          26|
    |select_ln47_89_fu_22053_p3        |    select|   0|  0|    26|           1|          26|
    |select_ln47_8_fu_16011_p3         |    select|   0|  0|    26|           1|          26|
    |select_ln47_90_fu_22120_p3        |    select|   0|  0|    26|           1|          26|
    |select_ln47_91_fu_22202_p3        |    select|   0|  0|    26|           1|          26|
    |select_ln47_92_fu_22269_p3        |    select|   0|  0|    26|           1|          26|
    |select_ln47_93_fu_22351_p3        |    select|   0|  0|    26|           1|          26|
    |select_ln47_94_fu_22418_p3        |    select|   0|  0|    26|           1|          26|
    |select_ln47_95_fu_22500_p3        |    select|   0|  0|    26|           1|          26|
    |select_ln47_96_fu_22567_p3        |    select|   0|  0|    26|           1|          26|
    |select_ln47_97_fu_22649_p3        |    select|   0|  0|    26|           1|          26|
    |select_ln47_98_fu_22716_p3        |    select|   0|  0|    26|           1|          26|
    |select_ln47_99_fu_22798_p3        |    select|   0|  0|    26|           1|          26|
    |select_ln47_9_fu_16093_p3         |    select|   0|  0|    26|           1|          26|
    |select_ln47_fu_15390_p3           |    select|   0|  0|    26|           1|          26|
    |y_100_fu_18884_p3                 |    select|   0|  0|    25|           1|          25|
    |y_102_fu_6053_p3                  |    select|   0|  0|    25|           1|          25|
    |y_104_fu_19033_p3                 |    select|   0|  0|    25|           1|          25|
    |y_106_fu_6143_p3                  |    select|   0|  0|    25|           1|          25|
    |y_108_fu_19182_p3                 |    select|   0|  0|    25|           1|          25|
    |y_10_fu_3983_p3                   |    select|   0|  0|    25|           1|          25|
    |y_110_fu_6233_p3                  |    select|   0|  0|    25|           1|          25|
    |y_112_fu_19331_p3                 |    select|   0|  0|    25|           1|          25|
    |y_114_fu_6323_p3                  |    select|   0|  0|    25|           1|          25|
    |y_116_fu_19480_p3                 |    select|   0|  0|    25|           1|          25|
    |y_118_fu_6413_p3                  |    select|   0|  0|    25|           1|          25|
    |y_120_fu_19629_p3                 |    select|   0|  0|    25|           1|          25|
    |y_122_fu_6503_p3                  |    select|   0|  0|    25|           1|          25|
    |y_124_fu_19778_p3                 |    select|   0|  0|    25|           1|          25|
    |y_126_fu_6593_p3                  |    select|   0|  0|    25|           1|          25|
    |y_128_fu_19927_p3                 |    select|   0|  0|    25|           1|          25|
    |y_12_fu_15606_p3                  |    select|   0|  0|    25|           1|          25|
    |y_130_fu_6683_p3                  |    select|   0|  0|    25|           1|          25|
    |y_132_fu_20076_p3                 |    select|   0|  0|    25|           1|          25|
    |y_134_fu_6773_p3                  |    select|   0|  0|    25|           1|          25|
    |y_136_fu_20225_p3                 |    select|   0|  0|    25|           1|          25|
    |y_138_fu_6863_p3                  |    select|   0|  0|    25|           1|          25|
    |y_140_fu_20374_p3                 |    select|   0|  0|    25|           1|          25|
    |y_142_fu_6953_p3                  |    select|   0|  0|    25|           1|          25|
    |y_144_fu_20523_p3                 |    select|   0|  0|    25|           1|          25|
    |y_146_fu_7043_p3                  |    select|   0|  0|    25|           1|          25|
    |y_148_fu_20672_p3                 |    select|   0|  0|    25|           1|          25|
    |y_14_fu_4073_p3                   |    select|   0|  0|    25|           1|          25|
    |y_150_fu_7133_p3                  |    select|   0|  0|    25|           1|          25|
    |y_152_fu_20821_p3                 |    select|   0|  0|    25|           1|          25|
    |y_154_fu_7223_p3                  |    select|   0|  0|    25|           1|          25|
    |y_156_fu_20970_p3                 |    select|   0|  0|    25|           1|          25|
    |y_158_fu_7313_p3                  |    select|   0|  0|    25|           1|          25|
    |y_160_fu_21119_p3                 |    select|   0|  0|    25|           1|          25|
    |y_162_fu_7403_p3                  |    select|   0|  0|    25|           1|          25|
    |y_164_fu_21268_p3                 |    select|   0|  0|    25|           1|          25|
    |y_166_fu_7493_p3                  |    select|   0|  0|    25|           1|          25|
    |y_168_fu_21417_p3                 |    select|   0|  0|    25|           1|          25|
    |y_16_fu_15755_p3                  |    select|   0|  0|    25|           1|          25|
    |y_170_fu_7583_p3                  |    select|   0|  0|    25|           1|          25|
    |y_172_fu_21566_p3                 |    select|   0|  0|    25|           1|          25|
    |y_174_fu_7673_p3                  |    select|   0|  0|    25|           1|          25|
    |y_176_fu_21715_p3                 |    select|   0|  0|    25|           1|          25|
    |y_178_fu_7763_p3                  |    select|   0|  0|    25|           1|          25|
    |y_180_fu_21864_p3                 |    select|   0|  0|    25|           1|          25|
    |y_182_fu_7853_p3                  |    select|   0|  0|    25|           1|          25|
    |y_184_fu_22013_p3                 |    select|   0|  0|    25|           1|          25|
    |y_186_fu_7943_p3                  |    select|   0|  0|    25|           1|          25|
    |y_188_fu_22162_p3                 |    select|   0|  0|    25|           1|          25|
    |y_18_fu_4163_p3                   |    select|   0|  0|    25|           1|          25|
    |y_190_fu_8033_p3                  |    select|   0|  0|    25|           1|          25|
    |y_192_fu_22311_p3                 |    select|   0|  0|    25|           1|          25|
    |y_194_fu_8123_p3                  |    select|   0|  0|    25|           1|          25|
    |y_196_fu_22460_p3                 |    select|   0|  0|    25|           1|          25|
    |y_198_fu_8213_p3                  |    select|   0|  0|    25|           1|          25|
    |y_200_fu_22609_p3                 |    select|   0|  0|    25|           1|          25|
    |y_202_fu_8303_p3                  |    select|   0|  0|    25|           1|          25|
    |y_204_fu_22758_p3                 |    select|   0|  0|    25|           1|          25|
    |y_206_fu_8393_p3                  |    select|   0|  0|    25|           1|          25|
    |y_208_fu_22907_p3                 |    select|   0|  0|    25|           1|          25|
    |y_20_fu_15904_p3                  |    select|   0|  0|    25|           1|          25|
    |y_210_fu_8483_p3                  |    select|   0|  0|    25|           1|          25|
    |y_212_fu_23056_p3                 |    select|   0|  0|    25|           1|          25|
    |y_214_fu_8573_p3                  |    select|   0|  0|    25|           1|          25|
    |y_216_fu_23205_p3                 |    select|   0|  0|    25|           1|          25|
    |y_218_fu_8663_p3                  |    select|   0|  0|    25|           1|          25|
    |y_220_fu_23354_p3                 |    select|   0|  0|    25|           1|          25|
    |y_222_fu_8753_p3                  |    select|   0|  0|    25|           1|          25|
    |y_224_fu_23503_p3                 |    select|   0|  0|    25|           1|          25|
    |y_226_fu_8843_p3                  |    select|   0|  0|    25|           1|          25|
    |y_228_fu_23652_p3                 |    select|   0|  0|    25|           1|          25|
    |y_22_fu_4253_p3                   |    select|   0|  0|    25|           1|          25|
    |y_230_fu_8933_p3                  |    select|   0|  0|    25|           1|          25|
    |y_232_fu_23801_p3                 |    select|   0|  0|    25|           1|          25|
    |y_234_fu_9023_p3                  |    select|   0|  0|    25|           1|          25|
    |y_236_fu_23950_p3                 |    select|   0|  0|    25|           1|          25|
    |y_238_fu_9113_p3                  |    select|   0|  0|    25|           1|          25|
    |y_240_fu_24099_p3                 |    select|   0|  0|    25|           1|          25|
    |y_242_fu_9203_p3                  |    select|   0|  0|    25|           1|          25|
    |y_244_fu_24248_p3                 |    select|   0|  0|    25|           1|          25|
    |y_246_fu_9293_p3                  |    select|   0|  0|    25|           1|          25|
    |y_248_fu_24397_p3                 |    select|   0|  0|    25|           1|          25|
    |y_24_fu_16053_p3                  |    select|   0|  0|    25|           1|          25|
    |y_250_fu_9383_p3                  |    select|   0|  0|    25|           1|          25|
    |y_252_fu_24546_p3                 |    select|   0|  0|    25|           1|          25|
    |y_254_fu_9473_p3                  |    select|   0|  0|    25|           1|          25|
    |y_256_fu_24695_p3                 |    select|   0|  0|    25|           1|          25|
    |y_258_fu_9563_p3                  |    select|   0|  0|    25|           1|          25|
    |y_260_fu_24844_p3                 |    select|   0|  0|    25|           1|          25|
    |y_262_fu_9653_p3                  |    select|   0|  0|    25|           1|          25|
    |y_264_fu_24993_p3                 |    select|   0|  0|    25|           1|          25|
    |y_266_fu_9743_p3                  |    select|   0|  0|    25|           1|          25|
    |y_268_fu_25142_p3                 |    select|   0|  0|    25|           1|          25|
    |y_26_fu_4343_p3                   |    select|   0|  0|    25|           1|          25|
    |y_270_fu_9833_p3                  |    select|   0|  0|    25|           1|          25|
    |y_272_fu_25291_p3                 |    select|   0|  0|    25|           1|          25|
    |y_274_fu_9923_p3                  |    select|   0|  0|    25|           1|          25|
    |y_276_fu_25440_p3                 |    select|   0|  0|    25|           1|          25|
    |y_278_fu_10013_p3                 |    select|   0|  0|    25|           1|          25|
    |y_280_fu_25589_p3                 |    select|   0|  0|    25|           1|          25|
    |y_282_fu_10103_p3                 |    select|   0|  0|    25|           1|          25|
    |y_284_fu_25738_p3                 |    select|   0|  0|    25|           1|          25|
    |y_286_fu_10193_p3                 |    select|   0|  0|    25|           1|          25|
    |y_288_fu_25887_p3                 |    select|   0|  0|    25|           1|          25|
    |y_28_fu_16202_p3                  |    select|   0|  0|    25|           1|          25|
    |y_290_fu_10283_p3                 |    select|   0|  0|    25|           1|          25|
    |y_292_fu_26036_p3                 |    select|   0|  0|    25|           1|          25|
    |y_294_fu_10373_p3                 |    select|   0|  0|    25|           1|          25|
    |y_296_fu_26185_p3                 |    select|   0|  0|    25|           1|          25|
    |y_298_fu_10463_p3                 |    select|   0|  0|    25|           1|          25|
    |y_300_fu_26334_p3                 |    select|   0|  0|    25|           1|          25|
    |y_302_fu_10553_p3                 |    select|   0|  0|    25|           1|          25|
    |y_304_fu_26483_p3                 |    select|   0|  0|    25|           1|          25|
    |y_306_fu_10643_p3                 |    select|   0|  0|    25|           1|          25|
    |y_308_fu_26632_p3                 |    select|   0|  0|    25|           1|          25|
    |y_30_fu_4433_p3                   |    select|   0|  0|    25|           1|          25|
    |y_310_fu_10733_p3                 |    select|   0|  0|    25|           1|          25|
    |y_312_fu_26781_p3                 |    select|   0|  0|    25|           1|          25|
    |y_314_fu_10823_p3                 |    select|   0|  0|    25|           1|          25|
    |y_316_fu_26930_p3                 |    select|   0|  0|    25|           1|          25|
    |y_318_fu_10913_p3                 |    select|   0|  0|    25|           1|          25|
    |y_320_fu_27079_p3                 |    select|   0|  0|    25|           1|          25|
    |y_322_fu_11003_p3                 |    select|   0|  0|    25|           1|          25|
    |y_324_fu_27228_p3                 |    select|   0|  0|    25|           1|          25|
    |y_326_fu_11093_p3                 |    select|   0|  0|    25|           1|          25|
    |y_328_fu_27377_p3                 |    select|   0|  0|    25|           1|          25|
    |y_32_fu_16351_p3                  |    select|   0|  0|    25|           1|          25|
    |y_330_fu_11183_p3                 |    select|   0|  0|    25|           1|          25|
    |y_332_fu_27526_p3                 |    select|   0|  0|    25|           1|          25|
    |y_334_fu_11273_p3                 |    select|   0|  0|    25|           1|          25|
    |y_336_fu_27675_p3                 |    select|   0|  0|    25|           1|          25|
    |y_338_fu_11363_p3                 |    select|   0|  0|    25|           1|          25|
    |y_340_fu_27824_p3                 |    select|   0|  0|    25|           1|          25|
    |y_342_fu_11453_p3                 |    select|   0|  0|    25|           1|          25|
    |y_344_fu_27973_p3                 |    select|   0|  0|    25|           1|          25|
    |y_346_fu_11543_p3                 |    select|   0|  0|    25|           1|          25|
    |y_348_fu_28122_p3                 |    select|   0|  0|    25|           1|          25|
    |y_34_fu_4523_p3                   |    select|   0|  0|    25|           1|          25|
    |y_350_fu_11633_p3                 |    select|   0|  0|    25|           1|          25|
    |y_352_fu_28271_p3                 |    select|   0|  0|    25|           1|          25|
    |y_354_fu_11723_p3                 |    select|   0|  0|    25|           1|          25|
    |y_356_fu_28420_p3                 |    select|   0|  0|    25|           1|          25|
    |y_358_fu_11813_p3                 |    select|   0|  0|    25|           1|          25|
    |y_360_fu_28569_p3                 |    select|   0|  0|    25|           1|          25|
    |y_362_fu_11903_p3                 |    select|   0|  0|    25|           1|          25|
    |y_364_fu_28718_p3                 |    select|   0|  0|    25|           1|          25|
    |y_366_fu_11993_p3                 |    select|   0|  0|    25|           1|          25|
    |y_368_fu_28867_p3                 |    select|   0|  0|    25|           1|          25|
    |y_36_fu_16500_p3                  |    select|   0|  0|    25|           1|          25|
    |y_370_fu_12083_p3                 |    select|   0|  0|    25|           1|          25|
    |y_372_fu_29016_p3                 |    select|   0|  0|    25|           1|          25|
    |y_374_fu_12173_p3                 |    select|   0|  0|    25|           1|          25|
    |y_376_fu_29165_p3                 |    select|   0|  0|    25|           1|          25|
    |y_378_fu_12263_p3                 |    select|   0|  0|    25|           1|          25|
    |y_380_fu_29314_p3                 |    select|   0|  0|    25|           1|          25|
    |y_382_fu_12353_p3                 |    select|   0|  0|    25|           1|          25|
    |y_384_fu_29463_p3                 |    select|   0|  0|    25|           1|          25|
    |y_386_fu_12443_p3                 |    select|   0|  0|    25|           1|          25|
    |y_388_fu_29612_p3                 |    select|   0|  0|    25|           1|          25|
    |y_38_fu_4613_p3                   |    select|   0|  0|    25|           1|          25|
    |y_390_fu_12533_p3                 |    select|   0|  0|    25|           1|          25|
    |y_392_fu_29761_p3                 |    select|   0|  0|    25|           1|          25|
    |y_394_fu_12623_p3                 |    select|   0|  0|    25|           1|          25|
    |y_396_fu_29910_p3                 |    select|   0|  0|    25|           1|          25|
    |y_398_fu_12713_p3                 |    select|   0|  0|    25|           1|          25|
    |y_3_fu_3865_p3                    |    select|   0|  0|    25|           1|          25|
    |y_400_fu_30059_p3                 |    select|   0|  0|    25|           1|          25|
    |y_402_fu_12803_p3                 |    select|   0|  0|    25|           1|          25|
    |y_404_fu_30208_p3                 |    select|   0|  0|    25|           1|          25|
    |y_406_fu_12893_p3                 |    select|   0|  0|    25|           1|          25|
    |y_408_fu_30357_p3                 |    select|   0|  0|    25|           1|          25|
    |y_40_fu_16649_p3                  |    select|   0|  0|    25|           1|          25|
    |y_410_fu_12983_p3                 |    select|   0|  0|    25|           1|          25|
    |y_412_fu_30506_p3                 |    select|   0|  0|    25|           1|          25|
    |y_414_fu_13073_p3                 |    select|   0|  0|    25|           1|          25|
    |y_416_fu_30655_p3                 |    select|   0|  0|    25|           1|          25|
    |y_418_fu_13163_p3                 |    select|   0|  0|    25|           1|          25|
    |y_420_fu_30804_p3                 |    select|   0|  0|    25|           1|          25|
    |y_422_fu_13253_p3                 |    select|   0|  0|    25|           1|          25|
    |y_424_fu_30953_p3                 |    select|   0|  0|    25|           1|          25|
    |y_426_fu_13343_p3                 |    select|   0|  0|    25|           1|          25|
    |y_428_fu_31102_p3                 |    select|   0|  0|    25|           1|          25|
    |y_42_fu_4703_p3                   |    select|   0|  0|    25|           1|          25|
    |y_430_fu_13433_p3                 |    select|   0|  0|    25|           1|          25|
    |y_432_fu_31251_p3                 |    select|   0|  0|    25|           1|          25|
    |y_434_fu_13523_p3                 |    select|   0|  0|    25|           1|          25|
    |y_436_fu_31400_p3                 |    select|   0|  0|    25|           1|          25|
    |y_438_fu_13613_p3                 |    select|   0|  0|    25|           1|          25|
    |y_440_fu_31549_p3                 |    select|   0|  0|    25|           1|          25|
    |y_442_fu_13703_p3                 |    select|   0|  0|    25|           1|          25|
    |y_444_fu_31698_p3                 |    select|   0|  0|    25|           1|          25|
    |y_446_fu_13793_p3                 |    select|   0|  0|    25|           1|          25|
    |y_448_fu_31847_p3                 |    select|   0|  0|    25|           1|          25|
    |y_44_fu_16798_p3                  |    select|   0|  0|    25|           1|          25|
    |y_450_fu_13883_p3                 |    select|   0|  0|    25|           1|          25|
    |y_452_fu_31996_p3                 |    select|   0|  0|    25|           1|          25|
    |y_454_fu_13973_p3                 |    select|   0|  0|    25|           1|          25|
    |y_456_fu_32145_p3                 |    select|   0|  0|    25|           1|          25|
    |y_458_fu_14063_p3                 |    select|   0|  0|    25|           1|          25|
    |y_460_fu_32294_p3                 |    select|   0|  0|    25|           1|          25|
    |y_462_fu_14153_p3                 |    select|   0|  0|    25|           1|          25|
    |y_464_fu_32443_p3                 |    select|   0|  0|    25|           1|          25|
    |y_466_fu_14243_p3                 |    select|   0|  0|    25|           1|          25|
    |y_468_fu_32592_p3                 |    select|   0|  0|    25|           1|          25|
    |y_46_fu_4793_p3                   |    select|   0|  0|    25|           1|          25|
    |y_470_fu_14333_p3                 |    select|   0|  0|    25|           1|          25|
    |y_472_fu_32741_p3                 |    select|   0|  0|    25|           1|          25|
    |y_474_fu_14423_p3                 |    select|   0|  0|    25|           1|          25|
    |y_476_fu_32890_p3                 |    select|   0|  0|    25|           1|          25|
    |y_478_fu_14513_p3                 |    select|   0|  0|    25|           1|          25|
    |y_480_fu_33039_p3                 |    select|   0|  0|    25|           1|          25|
    |y_482_fu_14603_p3                 |    select|   0|  0|    25|           1|          25|
    |y_484_fu_33188_p3                 |    select|   0|  0|    25|           1|          25|
    |y_486_fu_14693_p3                 |    select|   0|  0|    25|           1|          25|
    |y_488_fu_33337_p3                 |    select|   0|  0|    25|           1|          25|
    |y_48_fu_16947_p3                  |    select|   0|  0|    25|           1|          25|
    |y_490_fu_14783_p3                 |    select|   0|  0|    25|           1|          25|
    |y_492_fu_33486_p3                 |    select|   0|  0|    25|           1|          25|
    |y_494_fu_14873_p3                 |    select|   0|  0|    25|           1|          25|
    |y_496_fu_33635_p3                 |    select|   0|  0|    25|           1|          25|
    |y_498_fu_14963_p3                 |    select|   0|  0|    25|           1|          25|
    |y_500_fu_33784_p3                 |    select|   0|  0|    25|           1|          25|
    |y_502_fu_15053_p3                 |    select|   0|  0|    25|           1|          25|
    |y_504_fu_33933_p3                 |    select|   0|  0|    25|           1|          25|
    |y_506_fu_15143_p3                 |    select|   0|  0|    25|           1|          25|
    |y_508_fu_34082_p3                 |    select|   0|  0|    25|           1|          25|
    |y_50_fu_4883_p3                   |    select|   0|  0|    25|           1|          25|
    |y_510_fu_15233_p3                 |    select|   0|  0|    25|           1|          25|
    |y_512_fu_34231_p3                 |    select|   0|  0|    25|           1|          25|
    |y_514_fu_15323_p3                 |    select|   0|  0|    25|           1|          25|
    |y_516_fu_34380_p3                 |    select|   0|  0|    25|           1|          25|
    |y_52_fu_17096_p3                  |    select|   0|  0|    25|           1|          25|
    |y_54_fu_4973_p3                   |    select|   0|  0|    25|           1|          25|
    |y_56_fu_17245_p3                  |    select|   0|  0|    25|           1|          25|
    |y_58_fu_5063_p3                   |    select|   0|  0|    25|           1|          25|
    |y_60_fu_17394_p3                  |    select|   0|  0|    25|           1|          25|
    |y_62_fu_5153_p3                   |    select|   0|  0|    25|           1|          25|
    |y_64_fu_17543_p3                  |    select|   0|  0|    25|           1|          25|
    |y_66_fu_5243_p3                   |    select|   0|  0|    25|           1|          25|
    |y_68_fu_17692_p3                  |    select|   0|  0|    25|           1|          25|
    |y_70_fu_5333_p3                   |    select|   0|  0|    25|           1|          25|
    |y_72_fu_17841_p3                  |    select|   0|  0|    25|           1|          25|
    |y_74_fu_5423_p3                   |    select|   0|  0|    25|           1|          25|
    |y_76_fu_17990_p3                  |    select|   0|  0|    25|           1|          25|
    |y_78_fu_5513_p3                   |    select|   0|  0|    25|           1|          25|
    |y_80_fu_18139_p3                  |    select|   0|  0|    25|           1|          25|
    |y_82_fu_5603_p3                   |    select|   0|  0|    25|           1|          25|
    |y_84_fu_18288_p3                  |    select|   0|  0|    25|           1|          25|
    |y_86_fu_5693_p3                   |    select|   0|  0|    25|           1|          25|
    |y_88_fu_18437_p3                  |    select|   0|  0|    25|           1|          25|
    |y_8_fu_15457_p3                   |    select|   0|  0|    25|           1|          25|
    |y_90_fu_5783_p3                   |    select|   0|  0|    25|           1|          25|
    |y_92_fu_18586_p3                  |    select|   0|  0|    25|           1|          25|
    |y_94_fu_5873_p3                   |    select|   0|  0|    25|           1|          25|
    |y_96_fu_18735_p3                  |    select|   0|  0|    25|           1|          25|
    |y_98_fu_5963_p3                   |    select|   0|  0|    25|           1|          25|
    |ap_enable_pp0                     |       xor|   0|  0|     2|           1|           2|
    +----------------------------------+----------+----+---+------+------------+------------+
    |Total                             |          |   0|  0| 65071|       38176|       74522|
    +----------------------------------+----------+----+---+------+------------+------------+

    * Multiplexer: 
    +----------------------------------------------------+----+-----------+-------+-----------+
    |                        Name                        | LUT| Input Size|  Bits | Total Bits|
    +----------------------------------------------------+----+-----------+-------+-----------+
    |acc143_reg_1954                                     |   9|          2|     35|         70|
    |acc_10042_reg_3354                                  |   9|          2|     35|         70|
    |acc_10133_reg_2094                                  |   9|          2|     35|         70|
    |acc_10141_reg_3368                                  |   9|          2|     35|         70|
    |acc_10240_reg_3382                                  |   9|          2|     35|         70|
    |acc_10339_reg_3396                                  |   9|          2|     35|         70|
    |acc_10438_reg_3410                                  |   9|          2|     35|         70|
    |acc_10537_reg_3424                                  |   9|          2|     35|         70|
    |acc_10636_reg_3438                                  |   9|          2|     35|         70|
    |acc_10735_reg_3452                                  |   9|          2|     35|         70|
    |acc_10834_reg_3466                                  |   9|          2|     35|         70|
    |acc_10933_reg_3480                                  |   9|          2|     35|         70|
    |acc_11032_reg_3494                                  |   9|          2|     35|         70|
    |acc_11131_reg_3508                                  |   9|          2|     35|         70|
    |acc_11132_reg_2108                                  |   9|          2|     35|         70|
    |acc_11230_reg_3522                                  |   9|          2|     35|         70|
    |acc_11329_reg_3536                                  |   9|          2|     35|         70|
    |acc_11428_reg_3550                                  |   9|          2|     35|         70|
    |acc_1142_reg_1968                                   |   9|          2|     35|         70|
    |acc_11527_reg_3564                                  |   9|          2|     35|         70|
    |acc_11626_reg_3578                                  |   9|          2|     35|         70|
    |acc_11725_reg_3592                                  |   9|          2|     35|         70|
    |acc_11824_reg_3606                                  |   9|          2|     35|         70|
    |acc_11923_reg_3620                                  |   9|          2|     35|         70|
    |acc_12022_reg_3634                                  |   9|          2|     35|         70|
    |acc_12121_reg_3648                                  |   9|          2|     35|         70|
    |acc_12130_reg_2122                                  |   9|          2|     35|         70|
    |acc_12220_reg_3662                                  |   9|          2|     35|         70|
    |acc_12319_reg_3676                                  |   9|          2|     35|         70|
    |acc_12418_reg_3690                                  |   9|          2|     35|         70|
    |acc_12517_reg_3704                                  |   9|          2|     35|         70|
    |acc_12616_reg_3718                                  |   9|          2|     35|         70|
    |acc_12715_reg_3732                                  |   9|          2|     35|         70|
    |acc_13129_reg_2136                                  |   9|          2|     35|         70|
    |acc_14128_reg_2150                                  |   9|          2|     35|         70|
    |acc_15127_reg_2164                                  |   9|          2|     35|         70|
    |acc_16126_reg_2178                                  |   9|          2|     35|         70|
    |acc_17125_reg_2192                                  |   9|          2|     35|         70|
    |acc_18124_reg_2206                                  |   9|          2|     35|         70|
    |acc_19123_reg_2220                                  |   9|          2|     35|         70|
    |acc_20122_reg_2234                                  |   9|          2|     35|         70|
    |acc_21121_reg_2248                                  |   9|          2|     35|         70|
    |acc_2141_reg_1982                                   |   9|          2|     35|         70|
    |acc_22120_reg_2262                                  |   9|          2|     35|         70|
    |acc_23119_reg_2276                                  |   9|          2|     35|         70|
    |acc_24118_reg_2290                                  |   9|          2|     35|         70|
    |acc_25117_reg_2304                                  |   9|          2|     35|         70|
    |acc_26116_reg_2318                                  |   9|          2|     35|         70|
    |acc_27115_reg_2332                                  |   9|          2|     35|         70|
    |acc_28114_reg_2346                                  |   9|          2|     35|         70|
    |acc_29113_reg_2360                                  |   9|          2|     35|         70|
    |acc_30112_reg_2374                                  |   9|          2|     35|         70|
    |acc_31111_reg_2388                                  |   9|          2|     35|         70|
    |acc_3140_reg_1996                                   |   9|          2|     35|         70|
    |acc_32110_reg_2402                                  |   9|          2|     35|         70|
    |acc_33109_reg_2416                                  |   9|          2|     35|         70|
    |acc_34108_reg_2430                                  |   9|          2|     35|         70|
    |acc_35107_reg_2444                                  |   9|          2|     35|         70|
    |acc_36106_reg_2458                                  |   9|          2|     35|         70|
    |acc_37105_reg_2472                                  |   9|          2|     35|         70|
    |acc_38104_reg_2486                                  |   9|          2|     35|         70|
    |acc_39103_reg_2500                                  |   9|          2|     35|         70|
    |acc_40102_reg_2514                                  |   9|          2|     35|         70|
    |acc_41101_reg_2528                                  |   9|          2|     35|         70|
    |acc_4139_reg_2010                                   |   9|          2|     35|         70|
    |acc_42100_reg_2542                                  |   9|          2|     35|         70|
    |acc_4399_reg_2556                                   |   9|          2|     35|         70|
    |acc_4498_reg_2570                                   |   9|          2|     35|         70|
    |acc_4597_reg_2584                                   |   9|          2|     35|         70|
    |acc_4696_reg_2598                                   |   9|          2|     35|         70|
    |acc_4795_reg_2612                                   |   9|          2|     35|         70|
    |acc_4894_reg_2626                                   |   9|          2|     35|         70|
    |acc_4993_reg_2640                                   |   9|          2|     35|         70|
    |acc_5092_reg_2654                                   |   9|          2|     35|         70|
    |acc_5138_reg_2024                                   |   9|          2|     35|         70|
    |acc_5191_reg_2668                                   |   9|          2|     35|         70|
    |acc_5290_reg_2682                                   |   9|          2|     35|         70|
    |acc_5389_reg_2696                                   |   9|          2|     35|         70|
    |acc_5488_reg_2710                                   |   9|          2|     35|         70|
    |acc_5587_reg_2724                                   |   9|          2|     35|         70|
    |acc_5686_reg_2738                                   |   9|          2|     35|         70|
    |acc_5785_reg_2752                                   |   9|          2|     35|         70|
    |acc_5884_reg_2766                                   |   9|          2|     35|         70|
    |acc_5983_reg_2780                                   |   9|          2|     35|         70|
    |acc_6082_reg_2794                                   |   9|          2|     35|         70|
    |acc_6137_reg_2038                                   |   9|          2|     35|         70|
    |acc_6181_reg_2808                                   |   9|          2|     35|         70|
    |acc_6280_reg_2822                                   |   9|          2|     35|         70|
    |acc_6379_reg_2836                                   |   9|          2|     35|         70|
    |acc_6478_reg_2850                                   |   9|          2|     35|         70|
    |acc_6577_reg_2864                                   |   9|          2|     35|         70|
    |acc_6676_reg_2878                                   |   9|          2|     35|         70|
    |acc_6775_reg_2892                                   |   9|          2|     35|         70|
    |acc_6874_reg_2906                                   |   9|          2|     35|         70|
    |acc_6973_reg_2920                                   |   9|          2|     35|         70|
    |acc_7072_reg_2934                                   |   9|          2|     35|         70|
    |acc_7136_reg_2052                                   |   9|          2|     35|         70|
    |acc_7171_reg_2948                                   |   9|          2|     35|         70|
    |acc_7270_reg_2962                                   |   9|          2|     35|         70|
    |acc_7369_reg_2976                                   |   9|          2|     35|         70|
    |acc_7468_reg_2990                                   |   9|          2|     35|         70|
    |acc_7567_reg_3004                                   |   9|          2|     35|         70|
    |acc_7666_reg_3018                                   |   9|          2|     35|         70|
    |acc_7765_reg_3032                                   |   9|          2|     35|         70|
    |acc_7864_reg_3046                                   |   9|          2|     35|         70|
    |acc_7963_reg_3060                                   |   9|          2|     35|         70|
    |acc_8062_reg_3074                                   |   9|          2|     35|         70|
    |acc_8135_reg_2066                                   |   9|          2|     35|         70|
    |acc_8161_reg_3088                                   |   9|          2|     35|         70|
    |acc_8260_reg_3102                                   |   9|          2|     35|         70|
    |acc_8359_reg_3116                                   |   9|          2|     35|         70|
    |acc_8458_reg_3130                                   |   9|          2|     35|         70|
    |acc_8557_reg_3144                                   |   9|          2|     35|         70|
    |acc_8656_reg_3158                                   |   9|          2|     35|         70|
    |acc_8755_reg_3172                                   |   9|          2|     35|         70|
    |acc_8854_reg_3186                                   |   9|          2|     35|         70|
    |acc_8953_reg_3200                                   |   9|          2|     35|         70|
    |acc_9052_reg_3214                                   |   9|          2|     35|         70|
    |acc_9134_reg_2080                                   |   9|          2|     35|         70|
    |acc_9151_reg_3228                                   |   9|          2|     35|         70|
    |acc_9250_reg_3242                                   |   9|          2|     35|         70|
    |acc_9349_reg_3256                                   |   9|          2|     35|         70|
    |acc_9448_reg_3270                                   |   9|          2|     35|         70|
    |acc_9547_reg_3284                                   |   9|          2|     35|         70|
    |acc_9646_reg_3298                                   |   9|          2|     35|         70|
    |acc_9745_reg_3312                                   |   9|          2|     35|         70|
    |acc_9844_reg_3326                                   |   9|          2|     35|         70|
    |acc_9943_reg_3340                                   |   9|          2|     35|         70|
    |ap_NS_fsm                                           |  14|          3|      1|          3|
    |ap_done                                             |   9|          2|      1|          2|
    |ap_enable_reg_pp0_iter1                             |   9|          2|      1|          2|
    |ap_enable_reg_pp0_iter2                             |   9|          2|      1|          2|
    |ap_phi_mux_do_init_phi_fu_1901_p6                   |  14|          3|      1|          3|
    |ap_phi_mux_input_layer_load_phi_phi_fu_1946_p4      |   9|          2|  12544|      25088|
    |ap_phi_mux_w_index144_phi_fu_1917_p6                |  14|          3|      9|         27|
    |ap_phi_reg_pp0_iter1_input_layer_load_phi_reg_1942  |   9|          2|  12544|      25088|
    |ap_return_0                                         |   9|          2|     43|         86|
    |ap_return_1                                         |   9|          2|     43|         86|
    |ap_return_10                                        |   9|          2|     43|         86|
    |ap_return_100                                       |   9|          2|     43|         86|
    |ap_return_101                                       |   9|          2|     43|         86|
    |ap_return_102                                       |   9|          2|     43|         86|
    |ap_return_103                                       |   9|          2|     43|         86|
    |ap_return_104                                       |   9|          2|     43|         86|
    |ap_return_105                                       |   9|          2|     43|         86|
    |ap_return_106                                       |   9|          2|     43|         86|
    |ap_return_107                                       |   9|          2|     43|         86|
    |ap_return_108                                       |   9|          2|     43|         86|
    |ap_return_109                                       |   9|          2|     43|         86|
    |ap_return_11                                        |   9|          2|     43|         86|
    |ap_return_110                                       |   9|          2|     43|         86|
    |ap_return_111                                       |   9|          2|     43|         86|
    |ap_return_112                                       |   9|          2|     43|         86|
    |ap_return_113                                       |   9|          2|     43|         86|
    |ap_return_114                                       |   9|          2|     43|         86|
    |ap_return_115                                       |   9|          2|     43|         86|
    |ap_return_116                                       |   9|          2|     43|         86|
    |ap_return_117                                       |   9|          2|     43|         86|
    |ap_return_118                                       |   9|          2|     43|         86|
    |ap_return_119                                       |   9|          2|     43|         86|
    |ap_return_12                                        |   9|          2|     43|         86|
    |ap_return_120                                       |   9|          2|     43|         86|
    |ap_return_121                                       |   9|          2|     43|         86|
    |ap_return_122                                       |   9|          2|     43|         86|
    |ap_return_123                                       |   9|          2|     43|         86|
    |ap_return_124                                       |   9|          2|     43|         86|
    |ap_return_125                                       |   9|          2|     43|         86|
    |ap_return_126                                       |   9|          2|     43|         86|
    |ap_return_127                                       |   9|          2|     43|         86|
    |ap_return_13                                        |   9|          2|     43|         86|
    |ap_return_14                                        |   9|          2|     43|         86|
    |ap_return_15                                        |   9|          2|     43|         86|
    |ap_return_16                                        |   9|          2|     43|         86|
    |ap_return_17                                        |   9|          2|     43|         86|
    |ap_return_18                                        |   9|          2|     43|         86|
    |ap_return_19                                        |   9|          2|     43|         86|
    |ap_return_2                                         |   9|          2|     43|         86|
    |ap_return_20                                        |   9|          2|     43|         86|
    |ap_return_21                                        |   9|          2|     43|         86|
    |ap_return_22                                        |   9|          2|     43|         86|
    |ap_return_23                                        |   9|          2|     43|         86|
    |ap_return_24                                        |   9|          2|     43|         86|
    |ap_return_25                                        |   9|          2|     43|         86|
    |ap_return_26                                        |   9|          2|     43|         86|
    |ap_return_27                                        |   9|          2|     43|         86|
    |ap_return_28                                        |   9|          2|     43|         86|
    |ap_return_29                                        |   9|          2|     43|         86|
    |ap_return_3                                         |   9|          2|     43|         86|
    |ap_return_30                                        |   9|          2|     43|         86|
    |ap_return_31                                        |   9|          2|     43|         86|
    |ap_return_32                                        |   9|          2|     43|         86|
    |ap_return_33                                        |   9|          2|     43|         86|
    |ap_return_34                                        |   9|          2|     43|         86|
    |ap_return_35                                        |   9|          2|     43|         86|
    |ap_return_36                                        |   9|          2|     43|         86|
    |ap_return_37                                        |   9|          2|     43|         86|
    |ap_return_38                                        |   9|          2|     43|         86|
    |ap_return_39                                        |   9|          2|     43|         86|
    |ap_return_4                                         |   9|          2|     43|         86|
    |ap_return_40                                        |   9|          2|     43|         86|
    |ap_return_41                                        |   9|          2|     43|         86|
    |ap_return_42                                        |   9|          2|     43|         86|
    |ap_return_43                                        |   9|          2|     43|         86|
    |ap_return_44                                        |   9|          2|     43|         86|
    |ap_return_45                                        |   9|          2|     43|         86|
    |ap_return_46                                        |   9|          2|     43|         86|
    |ap_return_47                                        |   9|          2|     43|         86|
    |ap_return_48                                        |   9|          2|     43|         86|
    |ap_return_49                                        |   9|          2|     43|         86|
    |ap_return_5                                         |   9|          2|     43|         86|
    |ap_return_50                                        |   9|          2|     43|         86|
    |ap_return_51                                        |   9|          2|     43|         86|
    |ap_return_52                                        |   9|          2|     43|         86|
    |ap_return_53                                        |   9|          2|     43|         86|
    |ap_return_54                                        |   9|          2|     43|         86|
    |ap_return_55                                        |   9|          2|     43|         86|
    |ap_return_56                                        |   9|          2|     43|         86|
    |ap_return_57                                        |   9|          2|     43|         86|
    |ap_return_58                                        |   9|          2|     43|         86|
    |ap_return_59                                        |   9|          2|     43|         86|
    |ap_return_6                                         |   9|          2|     43|         86|
    |ap_return_60                                        |   9|          2|     43|         86|
    |ap_return_61                                        |   9|          2|     43|         86|
    |ap_return_62                                        |   9|          2|     43|         86|
    |ap_return_63                                        |   9|          2|     43|         86|
    |ap_return_64                                        |   9|          2|     43|         86|
    |ap_return_65                                        |   9|          2|     43|         86|
    |ap_return_66                                        |   9|          2|     43|         86|
    |ap_return_67                                        |   9|          2|     43|         86|
    |ap_return_68                                        |   9|          2|     43|         86|
    |ap_return_69                                        |   9|          2|     43|         86|
    |ap_return_7                                         |   9|          2|     43|         86|
    |ap_return_70                                        |   9|          2|     43|         86|
    |ap_return_71                                        |   9|          2|     43|         86|
    |ap_return_72                                        |   9|          2|     43|         86|
    |ap_return_73                                        |   9|          2|     43|         86|
    |ap_return_74                                        |   9|          2|     43|         86|
    |ap_return_75                                        |   9|          2|     43|         86|
    |ap_return_76                                        |   9|          2|     43|         86|
    |ap_return_77                                        |   9|          2|     43|         86|
    |ap_return_78                                        |   9|          2|     43|         86|
    |ap_return_79                                        |   9|          2|     43|         86|
    |ap_return_8                                         |   9|          2|     43|         86|
    |ap_return_80                                        |   9|          2|     43|         86|
    |ap_return_81                                        |   9|          2|     43|         86|
    |ap_return_82                                        |   9|          2|     43|         86|
    |ap_return_83                                        |   9|          2|     43|         86|
    |ap_return_84                                        |   9|          2|     43|         86|
    |ap_return_85                                        |   9|          2|     43|         86|
    |ap_return_86                                        |   9|          2|     43|         86|
    |ap_return_87                                        |   9|          2|     43|         86|
    |ap_return_88                                        |   9|          2|     43|         86|
    |ap_return_89                                        |   9|          2|     43|         86|
    |ap_return_9                                         |   9|          2|     43|         86|
    |ap_return_90                                        |   9|          2|     43|         86|
    |ap_return_91                                        |   9|          2|     43|         86|
    |ap_return_92                                        |   9|          2|     43|         86|
    |ap_return_93                                        |   9|          2|     43|         86|
    |ap_return_94                                        |   9|          2|     43|         86|
    |ap_return_95                                        |   9|          2|     43|         86|
    |ap_return_96                                        |   9|          2|     43|         86|
    |ap_return_97                                        |   9|          2|     43|         86|
    |ap_return_98                                        |   9|          2|     43|         86|
    |ap_return_99                                        |   9|          2|     43|         86|
    |input_layer_blk_n                                   |   9|          2|      1|          2|
    |input_layer_load_phi_reg_1942                       |   9|          2|  12544|      25088|
    |w_index144_reg_1913                                 |   9|          2|      9|         18|
    +----------------------------------------------------+----+-----------+-------+-----------+
    |Total                                               |2418|        537|  47640|      95291|
    +----------------------------------------------------+----+-----------+-------+-----------+

    * Register: 
    +----------------------------------------------------+-------+----+-------+-----------+
    |                        Name                        |   FF  | LUT|  Bits | Const Bits|
    +----------------------------------------------------+-------+----+-------+-----------+
    |acc143_reg_1954                                     |     35|   0|     35|          0|
    |acc_10042_reg_3354                                  |     35|   0|     35|          0|
    |acc_10133_reg_2094                                  |     35|   0|     35|          0|
    |acc_10141_reg_3368                                  |     35|   0|     35|          0|
    |acc_10240_reg_3382                                  |     35|   0|     35|          0|
    |acc_10339_reg_3396                                  |     35|   0|     35|          0|
    |acc_10438_reg_3410                                  |     35|   0|     35|          0|
    |acc_10537_reg_3424                                  |     35|   0|     35|          0|
    |acc_10636_reg_3438                                  |     35|   0|     35|          0|
    |acc_10735_reg_3452                                  |     35|   0|     35|          0|
    |acc_10834_reg_3466                                  |     35|   0|     35|          0|
    |acc_10933_reg_3480                                  |     35|   0|     35|          0|
    |acc_11032_reg_3494                                  |     35|   0|     35|          0|
    |acc_11131_reg_3508                                  |     35|   0|     35|          0|
    |acc_11132_reg_2108                                  |     35|   0|     35|          0|
    |acc_11230_reg_3522                                  |     35|   0|     35|          0|
    |acc_11329_reg_3536                                  |     35|   0|     35|          0|
    |acc_11428_reg_3550                                  |     35|   0|     35|          0|
    |acc_1142_reg_1968                                   |     35|   0|     35|          0|
    |acc_11527_reg_3564                                  |     35|   0|     35|          0|
    |acc_11626_reg_3578                                  |     35|   0|     35|          0|
    |acc_11725_reg_3592                                  |     35|   0|     35|          0|
    |acc_11824_reg_3606                                  |     35|   0|     35|          0|
    |acc_11923_reg_3620                                  |     35|   0|     35|          0|
    |acc_12022_reg_3634                                  |     35|   0|     35|          0|
    |acc_12121_reg_3648                                  |     35|   0|     35|          0|
    |acc_12130_reg_2122                                  |     35|   0|     35|          0|
    |acc_12220_reg_3662                                  |     35|   0|     35|          0|
    |acc_12319_reg_3676                                  |     35|   0|     35|          0|
    |acc_12418_reg_3690                                  |     35|   0|     35|          0|
    |acc_12517_reg_3704                                  |     35|   0|     35|          0|
    |acc_12616_reg_3718                                  |     35|   0|     35|          0|
    |acc_12715_reg_3732                                  |     35|   0|     35|          0|
    |acc_13129_reg_2136                                  |     35|   0|     35|          0|
    |acc_14128_reg_2150                                  |     35|   0|     35|          0|
    |acc_15127_reg_2164                                  |     35|   0|     35|          0|
    |acc_16126_reg_2178                                  |     35|   0|     35|          0|
    |acc_17125_reg_2192                                  |     35|   0|     35|          0|
    |acc_18124_reg_2206                                  |     35|   0|     35|          0|
    |acc_19123_reg_2220                                  |     35|   0|     35|          0|
    |acc_20122_reg_2234                                  |     35|   0|     35|          0|
    |acc_21121_reg_2248                                  |     35|   0|     35|          0|
    |acc_2141_reg_1982                                   |     35|   0|     35|          0|
    |acc_22120_reg_2262                                  |     35|   0|     35|          0|
    |acc_23119_reg_2276                                  |     35|   0|     35|          0|
    |acc_24118_reg_2290                                  |     35|   0|     35|          0|
    |acc_25117_reg_2304                                  |     35|   0|     35|          0|
    |acc_26116_reg_2318                                  |     35|   0|     35|          0|
    |acc_27115_reg_2332                                  |     35|   0|     35|          0|
    |acc_28114_reg_2346                                  |     35|   0|     35|          0|
    |acc_29113_reg_2360                                  |     35|   0|     35|          0|
    |acc_30112_reg_2374                                  |     35|   0|     35|          0|
    |acc_31111_reg_2388                                  |     35|   0|     35|          0|
    |acc_3140_reg_1996                                   |     35|   0|     35|          0|
    |acc_32110_reg_2402                                  |     35|   0|     35|          0|
    |acc_33109_reg_2416                                  |     35|   0|     35|          0|
    |acc_34108_reg_2430                                  |     35|   0|     35|          0|
    |acc_35107_reg_2444                                  |     35|   0|     35|          0|
    |acc_36106_reg_2458                                  |     35|   0|     35|          0|
    |acc_37105_reg_2472                                  |     35|   0|     35|          0|
    |acc_38104_reg_2486                                  |     35|   0|     35|          0|
    |acc_39103_reg_2500                                  |     35|   0|     35|          0|
    |acc_40102_reg_2514                                  |     35|   0|     35|          0|
    |acc_41101_reg_2528                                  |     35|   0|     35|          0|
    |acc_4139_reg_2010                                   |     35|   0|     35|          0|
    |acc_42100_reg_2542                                  |     35|   0|     35|          0|
    |acc_4399_reg_2556                                   |     35|   0|     35|          0|
    |acc_4498_reg_2570                                   |     35|   0|     35|          0|
    |acc_4597_reg_2584                                   |     35|   0|     35|          0|
    |acc_4696_reg_2598                                   |     35|   0|     35|          0|
    |acc_4795_reg_2612                                   |     35|   0|     35|          0|
    |acc_4894_reg_2626                                   |     35|   0|     35|          0|
    |acc_4993_reg_2640                                   |     35|   0|     35|          0|
    |acc_5092_reg_2654                                   |     35|   0|     35|          0|
    |acc_5138_reg_2024                                   |     35|   0|     35|          0|
    |acc_5191_reg_2668                                   |     35|   0|     35|          0|
    |acc_5290_reg_2682                                   |     35|   0|     35|          0|
    |acc_5389_reg_2696                                   |     35|   0|     35|          0|
    |acc_5488_reg_2710                                   |     35|   0|     35|          0|
    |acc_5587_reg_2724                                   |     35|   0|     35|          0|
    |acc_5686_reg_2738                                   |     35|   0|     35|          0|
    |acc_5785_reg_2752                                   |     35|   0|     35|          0|
    |acc_5884_reg_2766                                   |     35|   0|     35|          0|
    |acc_5983_reg_2780                                   |     35|   0|     35|          0|
    |acc_6082_reg_2794                                   |     35|   0|     35|          0|
    |acc_6137_reg_2038                                   |     35|   0|     35|          0|
    |acc_6181_reg_2808                                   |     35|   0|     35|          0|
    |acc_6280_reg_2822                                   |     35|   0|     35|          0|
    |acc_6379_reg_2836                                   |     35|   0|     35|          0|
    |acc_6478_reg_2850                                   |     35|   0|     35|          0|
    |acc_6577_reg_2864                                   |     35|   0|     35|          0|
    |acc_6676_reg_2878                                   |     35|   0|     35|          0|
    |acc_6775_reg_2892                                   |     35|   0|     35|          0|
    |acc_6874_reg_2906                                   |     35|   0|     35|          0|
    |acc_6973_reg_2920                                   |     35|   0|     35|          0|
    |acc_7072_reg_2934                                   |     35|   0|     35|          0|
    |acc_7136_reg_2052                                   |     35|   0|     35|          0|
    |acc_7171_reg_2948                                   |     35|   0|     35|          0|
    |acc_7270_reg_2962                                   |     35|   0|     35|          0|
    |acc_7369_reg_2976                                   |     35|   0|     35|          0|
    |acc_7468_reg_2990                                   |     35|   0|     35|          0|
    |acc_7567_reg_3004                                   |     35|   0|     35|          0|
    |acc_7666_reg_3018                                   |     35|   0|     35|          0|
    |acc_7765_reg_3032                                   |     35|   0|     35|          0|
    |acc_7864_reg_3046                                   |     35|   0|     35|          0|
    |acc_7963_reg_3060                                   |     35|   0|     35|          0|
    |acc_8062_reg_3074                                   |     35|   0|     35|          0|
    |acc_8135_reg_2066                                   |     35|   0|     35|          0|
    |acc_8161_reg_3088                                   |     35|   0|     35|          0|
    |acc_8260_reg_3102                                   |     35|   0|     35|          0|
    |acc_8359_reg_3116                                   |     35|   0|     35|          0|
    |acc_8458_reg_3130                                   |     35|   0|     35|          0|
    |acc_8557_reg_3144                                   |     35|   0|     35|          0|
    |acc_8656_reg_3158                                   |     35|   0|     35|          0|
    |acc_8755_reg_3172                                   |     35|   0|     35|          0|
    |acc_8854_reg_3186                                   |     35|   0|     35|          0|
    |acc_8953_reg_3200                                   |     35|   0|     35|          0|
    |acc_9052_reg_3214                                   |     35|   0|     35|          0|
    |acc_9134_reg_2080                                   |     35|   0|     35|          0|
    |acc_9151_reg_3228                                   |     35|   0|     35|          0|
    |acc_9250_reg_3242                                   |     35|   0|     35|          0|
    |acc_9349_reg_3256                                   |     35|   0|     35|          0|
    |acc_9448_reg_3270                                   |     35|   0|     35|          0|
    |acc_9547_reg_3284                                   |     35|   0|     35|          0|
    |acc_9646_reg_3298                                   |     35|   0|     35|          0|
    |acc_9745_reg_3312                                   |     35|   0|     35|          0|
    |acc_9844_reg_3326                                   |     35|   0|     35|          0|
    |acc_9943_reg_3340                                   |     35|   0|     35|          0|
    |ap_CS_fsm                                           |      2|   0|      2|          0|
    |ap_done_reg                                         |      1|   0|      1|          0|
    |ap_enable_reg_pp0_iter1                             |      1|   0|      1|          0|
    |ap_enable_reg_pp0_iter2                             |      1|   0|      1|          0|
    |ap_phi_reg_pp0_iter1_input_layer_load_phi_reg_1942  |  12544|   0|  12544|          0|
    |ap_return_0_preg                                    |     43|   0|     43|          0|
    |ap_return_100_preg                                  |     43|   0|     43|          0|
    |ap_return_101_preg                                  |     43|   0|     43|          0|
    |ap_return_102_preg                                  |     43|   0|     43|          0|
    |ap_return_103_preg                                  |     43|   0|     43|          0|
    |ap_return_104_preg                                  |     43|   0|     43|          0|
    |ap_return_105_preg                                  |     43|   0|     43|          0|
    |ap_return_106_preg                                  |     43|   0|     43|          0|
    |ap_return_107_preg                                  |     43|   0|     43|          0|
    |ap_return_108_preg                                  |     43|   0|     43|          0|
    |ap_return_109_preg                                  |     43|   0|     43|          0|
    |ap_return_10_preg                                   |     43|   0|     43|          0|
    |ap_return_110_preg                                  |     43|   0|     43|          0|
    |ap_return_111_preg                                  |     43|   0|     43|          0|
    |ap_return_112_preg                                  |     43|   0|     43|          0|
    |ap_return_113_preg                                  |     43|   0|     43|          0|
    |ap_return_114_preg                                  |     43|   0|     43|          0|
    |ap_return_115_preg                                  |     43|   0|     43|          0|
    |ap_return_116_preg                                  |     43|   0|     43|          0|
    |ap_return_117_preg                                  |     43|   0|     43|          0|
    |ap_return_118_preg                                  |     43|   0|     43|          0|
    |ap_return_119_preg                                  |     43|   0|     43|          0|
    |ap_return_11_preg                                   |     43|   0|     43|          0|
    |ap_return_120_preg                                  |     43|   0|     43|          0|
    |ap_return_121_preg                                  |     43|   0|     43|          0|
    |ap_return_122_preg                                  |     43|   0|     43|          0|
    |ap_return_123_preg                                  |     43|   0|     43|          0|
    |ap_return_124_preg                                  |     43|   0|     43|          0|
    |ap_return_125_preg                                  |     43|   0|     43|          0|
    |ap_return_126_preg                                  |     43|   0|     43|          0|
    |ap_return_127_preg                                  |     43|   0|     43|          0|
    |ap_return_12_preg                                   |     43|   0|     43|          0|
    |ap_return_13_preg                                   |     43|   0|     43|          0|
    |ap_return_14_preg                                   |     43|   0|     43|          0|
    |ap_return_15_preg                                   |     43|   0|     43|          0|
    |ap_return_16_preg                                   |     43|   0|     43|          0|
    |ap_return_17_preg                                   |     43|   0|     43|          0|
    |ap_return_18_preg                                   |     43|   0|     43|          0|
    |ap_return_19_preg                                   |     43|   0|     43|          0|
    |ap_return_1_preg                                    |     43|   0|     43|          0|
    |ap_return_20_preg                                   |     43|   0|     43|          0|
    |ap_return_21_preg                                   |     43|   0|     43|          0|
    |ap_return_22_preg                                   |     43|   0|     43|          0|
    |ap_return_23_preg                                   |     43|   0|     43|          0|
    |ap_return_24_preg                                   |     43|   0|     43|          0|
    |ap_return_25_preg                                   |     43|   0|     43|          0|
    |ap_return_26_preg                                   |     43|   0|     43|          0|
    |ap_return_27_preg                                   |     43|   0|     43|          0|
    |ap_return_28_preg                                   |     43|   0|     43|          0|
    |ap_return_29_preg                                   |     43|   0|     43|          0|
    |ap_return_2_preg                                    |     43|   0|     43|          0|
    |ap_return_30_preg                                   |     43|   0|     43|          0|
    |ap_return_31_preg                                   |     43|   0|     43|          0|
    |ap_return_32_preg                                   |     43|   0|     43|          0|
    |ap_return_33_preg                                   |     43|   0|     43|          0|
    |ap_return_34_preg                                   |     43|   0|     43|          0|
    |ap_return_35_preg                                   |     43|   0|     43|          0|
    |ap_return_36_preg                                   |     43|   0|     43|          0|
    |ap_return_37_preg                                   |     43|   0|     43|          0|
    |ap_return_38_preg                                   |     43|   0|     43|          0|
    |ap_return_39_preg                                   |     43|   0|     43|          0|
    |ap_return_3_preg                                    |     43|   0|     43|          0|
    |ap_return_40_preg                                   |     43|   0|     43|          0|
    |ap_return_41_preg                                   |     43|   0|     43|          0|
    |ap_return_42_preg                                   |     43|   0|     43|          0|
    |ap_return_43_preg                                   |     43|   0|     43|          0|
    |ap_return_44_preg                                   |     43|   0|     43|          0|
    |ap_return_45_preg                                   |     43|   0|     43|          0|
    |ap_return_46_preg                                   |     43|   0|     43|          0|
    |ap_return_47_preg                                   |     43|   0|     43|          0|
    |ap_return_48_preg                                   |     43|   0|     43|          0|
    |ap_return_49_preg                                   |     43|   0|     43|          0|
    |ap_return_4_preg                                    |     43|   0|     43|          0|
    |ap_return_50_preg                                   |     43|   0|     43|          0|
    |ap_return_51_preg                                   |     43|   0|     43|          0|
    |ap_return_52_preg                                   |     43|   0|     43|          0|
    |ap_return_53_preg                                   |     43|   0|     43|          0|
    |ap_return_54_preg                                   |     43|   0|     43|          0|
    |ap_return_55_preg                                   |     43|   0|     43|          0|
    |ap_return_56_preg                                   |     43|   0|     43|          0|
    |ap_return_57_preg                                   |     43|   0|     43|          0|
    |ap_return_58_preg                                   |     43|   0|     43|          0|
    |ap_return_59_preg                                   |     43|   0|     43|          0|
    |ap_return_5_preg                                    |     43|   0|     43|          0|
    |ap_return_60_preg                                   |     43|   0|     43|          0|
    |ap_return_61_preg                                   |     43|   0|     43|          0|
    |ap_return_62_preg                                   |     43|   0|     43|          0|
    |ap_return_63_preg                                   |     43|   0|     43|          0|
    |ap_return_64_preg                                   |     43|   0|     43|          0|
    |ap_return_65_preg                                   |     43|   0|     43|          0|
    |ap_return_66_preg                                   |     43|   0|     43|          0|
    |ap_return_67_preg                                   |     43|   0|     43|          0|
    |ap_return_68_preg                                   |     43|   0|     43|          0|
    |ap_return_69_preg                                   |     43|   0|     43|          0|
    |ap_return_6_preg                                    |     43|   0|     43|          0|
    |ap_return_70_preg                                   |     43|   0|     43|          0|
    |ap_return_71_preg                                   |     43|   0|     43|          0|
    |ap_return_72_preg                                   |     43|   0|     43|          0|
    |ap_return_73_preg                                   |     43|   0|     43|          0|
    |ap_return_74_preg                                   |     43|   0|     43|          0|
    |ap_return_75_preg                                   |     43|   0|     43|          0|
    |ap_return_76_preg                                   |     43|   0|     43|          0|
    |ap_return_77_preg                                   |     43|   0|     43|          0|
    |ap_return_78_preg                                   |     43|   0|     43|          0|
    |ap_return_79_preg                                   |     43|   0|     43|          0|
    |ap_return_7_preg                                    |     43|   0|     43|          0|
    |ap_return_80_preg                                   |     43|   0|     43|          0|
    |ap_return_81_preg                                   |     43|   0|     43|          0|
    |ap_return_82_preg                                   |     43|   0|     43|          0|
    |ap_return_83_preg                                   |     43|   0|     43|          0|
    |ap_return_84_preg                                   |     43|   0|     43|          0|
    |ap_return_85_preg                                   |     43|   0|     43|          0|
    |ap_return_86_preg                                   |     43|   0|     43|          0|
    |ap_return_87_preg                                   |     43|   0|     43|          0|
    |ap_return_88_preg                                   |     43|   0|     43|          0|
    |ap_return_89_preg                                   |     43|   0|     43|          0|
    |ap_return_8_preg                                    |     43|   0|     43|          0|
    |ap_return_90_preg                                   |     43|   0|     43|          0|
    |ap_return_91_preg                                   |     43|   0|     43|          0|
    |ap_return_92_preg                                   |     43|   0|     43|          0|
    |ap_return_93_preg                                   |     43|   0|     43|          0|
    |ap_return_94_preg                                   |     43|   0|     43|          0|
    |ap_return_95_preg                                   |     43|   0|     43|          0|
    |ap_return_96_preg                                   |     43|   0|     43|          0|
    |ap_return_97_preg                                   |     43|   0|     43|          0|
    |ap_return_98_preg                                   |     43|   0|     43|          0|
    |ap_return_99_preg                                   |     43|   0|     43|          0|
    |ap_return_9_preg                                    |     43|   0|     43|          0|
    |do_init_reg_1897                                    |      1|   0|      1|          0|
    |icmp_ln26_100_reg_36120                             |      1|   0|      1|          0|
    |icmp_ln26_101_reg_36125                             |      1|   0|      1|          0|
    |icmp_ln26_105_reg_36136                             |      1|   0|      1|          0|
    |icmp_ln26_106_reg_36141                             |      1|   0|      1|          0|
    |icmp_ln26_107_reg_36146                             |      1|   0|      1|          0|
    |icmp_ln26_10_reg_35805                              |      1|   0|      1|          0|
    |icmp_ln26_111_reg_36157                             |      1|   0|      1|          0|
    |icmp_ln26_112_reg_36162                             |      1|   0|      1|          0|
    |icmp_ln26_113_reg_36167                             |      1|   0|      1|          0|
    |icmp_ln26_117_reg_36178                             |      1|   0|      1|          0|
    |icmp_ln26_118_reg_36183                             |      1|   0|      1|          0|
    |icmp_ln26_119_reg_36188                             |      1|   0|      1|          0|
    |icmp_ln26_11_reg_35810                              |      1|   0|      1|          0|
    |icmp_ln26_123_reg_36199                             |      1|   0|      1|          0|
    |icmp_ln26_124_reg_36204                             |      1|   0|      1|          0|
    |icmp_ln26_125_reg_36209                             |      1|   0|      1|          0|
    |icmp_ln26_129_reg_36220                             |      1|   0|      1|          0|
    |icmp_ln26_130_reg_36225                             |      1|   0|      1|          0|
    |icmp_ln26_131_reg_36230                             |      1|   0|      1|          0|
    |icmp_ln26_135_reg_36241                             |      1|   0|      1|          0|
    |icmp_ln26_136_reg_36246                             |      1|   0|      1|          0|
    |icmp_ln26_137_reg_36251                             |      1|   0|      1|          0|
    |icmp_ln26_141_reg_36262                             |      1|   0|      1|          0|
    |icmp_ln26_142_reg_36267                             |      1|   0|      1|          0|
    |icmp_ln26_143_reg_36272                             |      1|   0|      1|          0|
    |icmp_ln26_147_reg_36283                             |      1|   0|      1|          0|
    |icmp_ln26_148_reg_36288                             |      1|   0|      1|          0|
    |icmp_ln26_149_reg_36293                             |      1|   0|      1|          0|
    |icmp_ln26_153_reg_36304                             |      1|   0|      1|          0|
    |icmp_ln26_154_reg_36309                             |      1|   0|      1|          0|
    |icmp_ln26_155_reg_36314                             |      1|   0|      1|          0|
    |icmp_ln26_159_reg_36325                             |      1|   0|      1|          0|
    |icmp_ln26_15_reg_35821                              |      1|   0|      1|          0|
    |icmp_ln26_160_reg_36330                             |      1|   0|      1|          0|
    |icmp_ln26_161_reg_36335                             |      1|   0|      1|          0|
    |icmp_ln26_165_reg_36346                             |      1|   0|      1|          0|
    |icmp_ln26_166_reg_36351                             |      1|   0|      1|          0|
    |icmp_ln26_167_reg_36356                             |      1|   0|      1|          0|
    |icmp_ln26_16_reg_35826                              |      1|   0|      1|          0|
    |icmp_ln26_171_reg_36367                             |      1|   0|      1|          0|
    |icmp_ln26_172_reg_36372                             |      1|   0|      1|          0|
    |icmp_ln26_173_reg_36377                             |      1|   0|      1|          0|
    |icmp_ln26_177_reg_36388                             |      1|   0|      1|          0|
    |icmp_ln26_178_reg_36393                             |      1|   0|      1|          0|
    |icmp_ln26_179_reg_36398                             |      1|   0|      1|          0|
    |icmp_ln26_17_reg_35831                              |      1|   0|      1|          0|
    |icmp_ln26_183_reg_36409                             |      1|   0|      1|          0|
    |icmp_ln26_184_reg_36414                             |      1|   0|      1|          0|
    |icmp_ln26_185_reg_36419                             |      1|   0|      1|          0|
    |icmp_ln26_189_reg_36430                             |      1|   0|      1|          0|
    |icmp_ln26_190_reg_36435                             |      1|   0|      1|          0|
    |icmp_ln26_191_reg_36440                             |      1|   0|      1|          0|
    |icmp_ln26_195_reg_36451                             |      1|   0|      1|          0|
    |icmp_ln26_196_reg_36456                             |      1|   0|      1|          0|
    |icmp_ln26_197_reg_36461                             |      1|   0|      1|          0|
    |icmp_ln26_201_reg_36472                             |      1|   0|      1|          0|
    |icmp_ln26_202_reg_36477                             |      1|   0|      1|          0|
    |icmp_ln26_203_reg_36482                             |      1|   0|      1|          0|
    |icmp_ln26_207_reg_36493                             |      1|   0|      1|          0|
    |icmp_ln26_208_reg_36498                             |      1|   0|      1|          0|
    |icmp_ln26_209_reg_36503                             |      1|   0|      1|          0|
    |icmp_ln26_213_reg_36514                             |      1|   0|      1|          0|
    |icmp_ln26_214_reg_36519                             |      1|   0|      1|          0|
    |icmp_ln26_215_reg_36524                             |      1|   0|      1|          0|
    |icmp_ln26_219_reg_36535                             |      1|   0|      1|          0|
    |icmp_ln26_21_reg_35842                              |      1|   0|      1|          0|
    |icmp_ln26_220_reg_36540                             |      1|   0|      1|          0|
    |icmp_ln26_221_reg_36545                             |      1|   0|      1|          0|
    |icmp_ln26_225_reg_36556                             |      1|   0|      1|          0|
    |icmp_ln26_226_reg_36561                             |      1|   0|      1|          0|
    |icmp_ln26_227_reg_36566                             |      1|   0|      1|          0|
    |icmp_ln26_22_reg_35847                              |      1|   0|      1|          0|
    |icmp_ln26_231_reg_36577                             |      1|   0|      1|          0|
    |icmp_ln26_232_reg_36582                             |      1|   0|      1|          0|
    |icmp_ln26_233_reg_36587                             |      1|   0|      1|          0|
    |icmp_ln26_237_reg_36598                             |      1|   0|      1|          0|
    |icmp_ln26_238_reg_36603                             |      1|   0|      1|          0|
    |icmp_ln26_239_reg_36608                             |      1|   0|      1|          0|
    |icmp_ln26_23_reg_35852                              |      1|   0|      1|          0|
    |icmp_ln26_243_reg_36619                             |      1|   0|      1|          0|
    |icmp_ln26_244_reg_36624                             |      1|   0|      1|          0|
    |icmp_ln26_245_reg_36629                             |      1|   0|      1|          0|
    |icmp_ln26_249_reg_36640                             |      1|   0|      1|          0|
    |icmp_ln26_250_reg_36645                             |      1|   0|      1|          0|
    |icmp_ln26_251_reg_36650                             |      1|   0|      1|          0|
    |icmp_ln26_255_reg_36661                             |      1|   0|      1|          0|
    |icmp_ln26_256_reg_36666                             |      1|   0|      1|          0|
    |icmp_ln26_257_reg_36671                             |      1|   0|      1|          0|
    |icmp_ln26_261_reg_36682                             |      1|   0|      1|          0|
    |icmp_ln26_262_reg_36687                             |      1|   0|      1|          0|
    |icmp_ln26_263_reg_36692                             |      1|   0|      1|          0|
    |icmp_ln26_267_reg_36703                             |      1|   0|      1|          0|
    |icmp_ln26_268_reg_36708                             |      1|   0|      1|          0|
    |icmp_ln26_269_reg_36713                             |      1|   0|      1|          0|
    |icmp_ln26_273_reg_36724                             |      1|   0|      1|          0|
    |icmp_ln26_274_reg_36729                             |      1|   0|      1|          0|
    |icmp_ln26_275_reg_36734                             |      1|   0|      1|          0|
    |icmp_ln26_279_reg_36745                             |      1|   0|      1|          0|
    |icmp_ln26_27_reg_35863                              |      1|   0|      1|          0|
    |icmp_ln26_280_reg_36750                             |      1|   0|      1|          0|
    |icmp_ln26_281_reg_36755                             |      1|   0|      1|          0|
    |icmp_ln26_285_reg_36766                             |      1|   0|      1|          0|
    |icmp_ln26_286_reg_36771                             |      1|   0|      1|          0|
    |icmp_ln26_287_reg_36776                             |      1|   0|      1|          0|
    |icmp_ln26_28_reg_35868                              |      1|   0|      1|          0|
    |icmp_ln26_291_reg_36787                             |      1|   0|      1|          0|
    |icmp_ln26_292_reg_36792                             |      1|   0|      1|          0|
    |icmp_ln26_293_reg_36797                             |      1|   0|      1|          0|
    |icmp_ln26_297_reg_36808                             |      1|   0|      1|          0|
    |icmp_ln26_298_reg_36813                             |      1|   0|      1|          0|
    |icmp_ln26_299_reg_36818                             |      1|   0|      1|          0|
    |icmp_ln26_29_reg_35873                              |      1|   0|      1|          0|
    |icmp_ln26_303_reg_36829                             |      1|   0|      1|          0|
    |icmp_ln26_304_reg_36834                             |      1|   0|      1|          0|
    |icmp_ln26_305_reg_36839                             |      1|   0|      1|          0|
    |icmp_ln26_309_reg_36850                             |      1|   0|      1|          0|
    |icmp_ln26_310_reg_36855                             |      1|   0|      1|          0|
    |icmp_ln26_311_reg_36860                             |      1|   0|      1|          0|
    |icmp_ln26_315_reg_36871                             |      1|   0|      1|          0|
    |icmp_ln26_316_reg_36876                             |      1|   0|      1|          0|
    |icmp_ln26_317_reg_36881                             |      1|   0|      1|          0|
    |icmp_ln26_321_reg_36892                             |      1|   0|      1|          0|
    |icmp_ln26_322_reg_36897                             |      1|   0|      1|          0|
    |icmp_ln26_323_reg_36902                             |      1|   0|      1|          0|
    |icmp_ln26_327_reg_36913                             |      1|   0|      1|          0|
    |icmp_ln26_328_reg_36918                             |      1|   0|      1|          0|
    |icmp_ln26_329_reg_36923                             |      1|   0|      1|          0|
    |icmp_ln26_333_reg_36934                             |      1|   0|      1|          0|
    |icmp_ln26_334_reg_36939                             |      1|   0|      1|          0|
    |icmp_ln26_335_reg_36944                             |      1|   0|      1|          0|
    |icmp_ln26_339_reg_36955                             |      1|   0|      1|          0|
    |icmp_ln26_33_reg_35884                              |      1|   0|      1|          0|
    |icmp_ln26_340_reg_36960                             |      1|   0|      1|          0|
    |icmp_ln26_341_reg_36965                             |      1|   0|      1|          0|
    |icmp_ln26_345_reg_36976                             |      1|   0|      1|          0|
    |icmp_ln26_346_reg_36981                             |      1|   0|      1|          0|
    |icmp_ln26_347_reg_36986                             |      1|   0|      1|          0|
    |icmp_ln26_34_reg_35889                              |      1|   0|      1|          0|
    |icmp_ln26_351_reg_36997                             |      1|   0|      1|          0|
    |icmp_ln26_352_reg_37002                             |      1|   0|      1|          0|
    |icmp_ln26_353_reg_37007                             |      1|   0|      1|          0|
    |icmp_ln26_357_reg_37018                             |      1|   0|      1|          0|
    |icmp_ln26_358_reg_37023                             |      1|   0|      1|          0|
    |icmp_ln26_359_reg_37028                             |      1|   0|      1|          0|
    |icmp_ln26_35_reg_35894                              |      1|   0|      1|          0|
    |icmp_ln26_363_reg_37039                             |      1|   0|      1|          0|
    |icmp_ln26_364_reg_37044                             |      1|   0|      1|          0|
    |icmp_ln26_365_reg_37049                             |      1|   0|      1|          0|
    |icmp_ln26_369_reg_37060                             |      1|   0|      1|          0|
    |icmp_ln26_370_reg_37065                             |      1|   0|      1|          0|
    |icmp_ln26_371_reg_37070                             |      1|   0|      1|          0|
    |icmp_ln26_375_reg_37081                             |      1|   0|      1|          0|
    |icmp_ln26_376_reg_37086                             |      1|   0|      1|          0|
    |icmp_ln26_377_reg_37091                             |      1|   0|      1|          0|
    |icmp_ln26_381_reg_37102                             |      1|   0|      1|          0|
    |icmp_ln26_382_reg_37107                             |      1|   0|      1|          0|
    |icmp_ln26_383_reg_37112                             |      1|   0|      1|          0|
    |icmp_ln26_387_reg_37123                             |      1|   0|      1|          0|
    |icmp_ln26_388_reg_37128                             |      1|   0|      1|          0|
    |icmp_ln26_389_reg_37133                             |      1|   0|      1|          0|
    |icmp_ln26_393_reg_37144                             |      1|   0|      1|          0|
    |icmp_ln26_394_reg_37149                             |      1|   0|      1|          0|
    |icmp_ln26_395_reg_37154                             |      1|   0|      1|          0|
    |icmp_ln26_399_reg_37165                             |      1|   0|      1|          0|
    |icmp_ln26_39_reg_35905                              |      1|   0|      1|          0|
    |icmp_ln26_3_reg_35779                               |      1|   0|      1|          0|
    |icmp_ln26_400_reg_37170                             |      1|   0|      1|          0|
    |icmp_ln26_401_reg_37175                             |      1|   0|      1|          0|
    |icmp_ln26_405_reg_37186                             |      1|   0|      1|          0|
    |icmp_ln26_406_reg_37191                             |      1|   0|      1|          0|
    |icmp_ln26_407_reg_37196                             |      1|   0|      1|          0|
    |icmp_ln26_40_reg_35910                              |      1|   0|      1|          0|
    |icmp_ln26_411_reg_37207                             |      1|   0|      1|          0|
    |icmp_ln26_412_reg_37212                             |      1|   0|      1|          0|
    |icmp_ln26_413_reg_37217                             |      1|   0|      1|          0|
    |icmp_ln26_417_reg_37228                             |      1|   0|      1|          0|
    |icmp_ln26_418_reg_37233                             |      1|   0|      1|          0|
    |icmp_ln26_419_reg_37238                             |      1|   0|      1|          0|
    |icmp_ln26_41_reg_35915                              |      1|   0|      1|          0|
    |icmp_ln26_423_reg_37249                             |      1|   0|      1|          0|
    |icmp_ln26_424_reg_37254                             |      1|   0|      1|          0|
    |icmp_ln26_425_reg_37259                             |      1|   0|      1|          0|
    |icmp_ln26_429_reg_37270                             |      1|   0|      1|          0|
    |icmp_ln26_430_reg_37275                             |      1|   0|      1|          0|
    |icmp_ln26_431_reg_37280                             |      1|   0|      1|          0|
    |icmp_ln26_435_reg_37291                             |      1|   0|      1|          0|
    |icmp_ln26_436_reg_37296                             |      1|   0|      1|          0|
    |icmp_ln26_437_reg_37301                             |      1|   0|      1|          0|
    |icmp_ln26_441_reg_37312                             |      1|   0|      1|          0|
    |icmp_ln26_442_reg_37317                             |      1|   0|      1|          0|
    |icmp_ln26_443_reg_37322                             |      1|   0|      1|          0|
    |icmp_ln26_447_reg_37333                             |      1|   0|      1|          0|
    |icmp_ln26_448_reg_37338                             |      1|   0|      1|          0|
    |icmp_ln26_449_reg_37343                             |      1|   0|      1|          0|
    |icmp_ln26_453_reg_37354                             |      1|   0|      1|          0|
    |icmp_ln26_454_reg_37359                             |      1|   0|      1|          0|
    |icmp_ln26_455_reg_37364                             |      1|   0|      1|          0|
    |icmp_ln26_459_reg_37375                             |      1|   0|      1|          0|
    |icmp_ln26_45_reg_35926                              |      1|   0|      1|          0|
    |icmp_ln26_460_reg_37380                             |      1|   0|      1|          0|
    |icmp_ln26_461_reg_37385                             |      1|   0|      1|          0|
    |icmp_ln26_465_reg_37396                             |      1|   0|      1|          0|
    |icmp_ln26_466_reg_37401                             |      1|   0|      1|          0|
    |icmp_ln26_467_reg_37406                             |      1|   0|      1|          0|
    |icmp_ln26_46_reg_35931                              |      1|   0|      1|          0|
    |icmp_ln26_471_reg_37417                             |      1|   0|      1|          0|
    |icmp_ln26_472_reg_37422                             |      1|   0|      1|          0|
    |icmp_ln26_473_reg_37427                             |      1|   0|      1|          0|
    |icmp_ln26_477_reg_37438                             |      1|   0|      1|          0|
    |icmp_ln26_478_reg_37443                             |      1|   0|      1|          0|
    |icmp_ln26_479_reg_37448                             |      1|   0|      1|          0|
    |icmp_ln26_47_reg_35936                              |      1|   0|      1|          0|
    |icmp_ln26_483_reg_37459                             |      1|   0|      1|          0|
    |icmp_ln26_484_reg_37464                             |      1|   0|      1|          0|
    |icmp_ln26_485_reg_37469                             |      1|   0|      1|          0|
    |icmp_ln26_489_reg_37480                             |      1|   0|      1|          0|
    |icmp_ln26_490_reg_37485                             |      1|   0|      1|          0|
    |icmp_ln26_491_reg_37490                             |      1|   0|      1|          0|
    |icmp_ln26_495_reg_37501                             |      1|   0|      1|          0|
    |icmp_ln26_496_reg_37506                             |      1|   0|      1|          0|
    |icmp_ln26_497_reg_37511                             |      1|   0|      1|          0|
    |icmp_ln26_4_reg_35784                               |      1|   0|      1|          0|
    |icmp_ln26_501_reg_37522                             |      1|   0|      1|          0|
    |icmp_ln26_502_reg_37527                             |      1|   0|      1|          0|
    |icmp_ln26_503_reg_37532                             |      1|   0|      1|          0|
    |icmp_ln26_507_reg_37543                             |      1|   0|      1|          0|
    |icmp_ln26_508_reg_37548                             |      1|   0|      1|          0|
    |icmp_ln26_509_reg_37553                             |      1|   0|      1|          0|
    |icmp_ln26_513_reg_37564                             |      1|   0|      1|          0|
    |icmp_ln26_514_reg_37569                             |      1|   0|      1|          0|
    |icmp_ln26_515_reg_37574                             |      1|   0|      1|          0|
    |icmp_ln26_519_reg_37585                             |      1|   0|      1|          0|
    |icmp_ln26_51_reg_35947                              |      1|   0|      1|          0|
    |icmp_ln26_520_reg_37590                             |      1|   0|      1|          0|
    |icmp_ln26_521_reg_37595                             |      1|   0|      1|          0|
    |icmp_ln26_525_reg_37606                             |      1|   0|      1|          0|
    |icmp_ln26_526_reg_37611                             |      1|   0|      1|          0|
    |icmp_ln26_527_reg_37616                             |      1|   0|      1|          0|
    |icmp_ln26_52_reg_35952                              |      1|   0|      1|          0|
    |icmp_ln26_531_reg_37627                             |      1|   0|      1|          0|
    |icmp_ln26_532_reg_37632                             |      1|   0|      1|          0|
    |icmp_ln26_533_reg_37637                             |      1|   0|      1|          0|
    |icmp_ln26_537_reg_37648                             |      1|   0|      1|          0|
    |icmp_ln26_538_reg_37653                             |      1|   0|      1|          0|
    |icmp_ln26_539_reg_37658                             |      1|   0|      1|          0|
    |icmp_ln26_53_reg_35957                              |      1|   0|      1|          0|
    |icmp_ln26_543_reg_37669                             |      1|   0|      1|          0|
    |icmp_ln26_544_reg_37674                             |      1|   0|      1|          0|
    |icmp_ln26_545_reg_37679                             |      1|   0|      1|          0|
    |icmp_ln26_549_reg_37690                             |      1|   0|      1|          0|
    |icmp_ln26_550_reg_37695                             |      1|   0|      1|          0|
    |icmp_ln26_551_reg_37700                             |      1|   0|      1|          0|
    |icmp_ln26_555_reg_37711                             |      1|   0|      1|          0|
    |icmp_ln26_556_reg_37716                             |      1|   0|      1|          0|
    |icmp_ln26_557_reg_37721                             |      1|   0|      1|          0|
    |icmp_ln26_561_reg_37732                             |      1|   0|      1|          0|
    |icmp_ln26_562_reg_37737                             |      1|   0|      1|          0|
    |icmp_ln26_563_reg_37742                             |      1|   0|      1|          0|
    |icmp_ln26_567_reg_37753                             |      1|   0|      1|          0|
    |icmp_ln26_568_reg_37758                             |      1|   0|      1|          0|
    |icmp_ln26_569_reg_37763                             |      1|   0|      1|          0|
    |icmp_ln26_573_reg_37774                             |      1|   0|      1|          0|
    |icmp_ln26_574_reg_37779                             |      1|   0|      1|          0|
    |icmp_ln26_575_reg_37784                             |      1|   0|      1|          0|
    |icmp_ln26_579_reg_37795                             |      1|   0|      1|          0|
    |icmp_ln26_57_reg_35968                              |      1|   0|      1|          0|
    |icmp_ln26_580_reg_37800                             |      1|   0|      1|          0|
    |icmp_ln26_581_reg_37805                             |      1|   0|      1|          0|
    |icmp_ln26_585_reg_37816                             |      1|   0|      1|          0|
    |icmp_ln26_586_reg_37821                             |      1|   0|      1|          0|
    |icmp_ln26_587_reg_37826                             |      1|   0|      1|          0|
    |icmp_ln26_58_reg_35973                              |      1|   0|      1|          0|
    |icmp_ln26_591_reg_37837                             |      1|   0|      1|          0|
    |icmp_ln26_592_reg_37842                             |      1|   0|      1|          0|
    |icmp_ln26_593_reg_37847                             |      1|   0|      1|          0|
    |icmp_ln26_597_reg_37858                             |      1|   0|      1|          0|
    |icmp_ln26_598_reg_37863                             |      1|   0|      1|          0|
    |icmp_ln26_599_reg_37868                             |      1|   0|      1|          0|
    |icmp_ln26_59_reg_35978                              |      1|   0|      1|          0|
    |icmp_ln26_5_reg_35789                               |      1|   0|      1|          0|
    |icmp_ln26_603_reg_37879                             |      1|   0|      1|          0|
    |icmp_ln26_604_reg_37884                             |      1|   0|      1|          0|
    |icmp_ln26_605_reg_37889                             |      1|   0|      1|          0|
    |icmp_ln26_609_reg_37900                             |      1|   0|      1|          0|
    |icmp_ln26_610_reg_37905                             |      1|   0|      1|          0|
    |icmp_ln26_611_reg_37910                             |      1|   0|      1|          0|
    |icmp_ln26_615_reg_37921                             |      1|   0|      1|          0|
    |icmp_ln26_616_reg_37926                             |      1|   0|      1|          0|
    |icmp_ln26_617_reg_37931                             |      1|   0|      1|          0|
    |icmp_ln26_621_reg_37942                             |      1|   0|      1|          0|
    |icmp_ln26_622_reg_37947                             |      1|   0|      1|          0|
    |icmp_ln26_623_reg_37952                             |      1|   0|      1|          0|
    |icmp_ln26_627_reg_37963                             |      1|   0|      1|          0|
    |icmp_ln26_628_reg_37968                             |      1|   0|      1|          0|
    |icmp_ln26_629_reg_37973                             |      1|   0|      1|          0|
    |icmp_ln26_633_reg_37984                             |      1|   0|      1|          0|
    |icmp_ln26_634_reg_37989                             |      1|   0|      1|          0|
    |icmp_ln26_635_reg_37994                             |      1|   0|      1|          0|
    |icmp_ln26_639_reg_38005                             |      1|   0|      1|          0|
    |icmp_ln26_63_reg_35989                              |      1|   0|      1|          0|
    |icmp_ln26_640_reg_38010                             |      1|   0|      1|          0|
    |icmp_ln26_641_reg_38015                             |      1|   0|      1|          0|
    |icmp_ln26_645_reg_38026                             |      1|   0|      1|          0|
    |icmp_ln26_646_reg_38031                             |      1|   0|      1|          0|
    |icmp_ln26_647_reg_38036                             |      1|   0|      1|          0|
    |icmp_ln26_64_reg_35994                              |      1|   0|      1|          0|
    |icmp_ln26_651_reg_38047                             |      1|   0|      1|          0|
    |icmp_ln26_652_reg_38052                             |      1|   0|      1|          0|
    |icmp_ln26_653_reg_38057                             |      1|   0|      1|          0|
    |icmp_ln26_657_reg_38068                             |      1|   0|      1|          0|
    |icmp_ln26_658_reg_38073                             |      1|   0|      1|          0|
    |icmp_ln26_659_reg_38078                             |      1|   0|      1|          0|
    |icmp_ln26_65_reg_35999                              |      1|   0|      1|          0|
    |icmp_ln26_663_reg_38089                             |      1|   0|      1|          0|
    |icmp_ln26_664_reg_38094                             |      1|   0|      1|          0|
    |icmp_ln26_665_reg_38099                             |      1|   0|      1|          0|
    |icmp_ln26_669_reg_38110                             |      1|   0|      1|          0|
    |icmp_ln26_670_reg_38115                             |      1|   0|      1|          0|
    |icmp_ln26_671_reg_38120                             |      1|   0|      1|          0|
    |icmp_ln26_675_reg_38131                             |      1|   0|      1|          0|
    |icmp_ln26_676_reg_38136                             |      1|   0|      1|          0|
    |icmp_ln26_677_reg_38141                             |      1|   0|      1|          0|
    |icmp_ln26_681_reg_38152                             |      1|   0|      1|          0|
    |icmp_ln26_682_reg_38157                             |      1|   0|      1|          0|
    |icmp_ln26_683_reg_38162                             |      1|   0|      1|          0|
    |icmp_ln26_687_reg_38173                             |      1|   0|      1|          0|
    |icmp_ln26_688_reg_38178                             |      1|   0|      1|          0|
    |icmp_ln26_689_reg_38183                             |      1|   0|      1|          0|
    |icmp_ln26_693_reg_38194                             |      1|   0|      1|          0|
    |icmp_ln26_694_reg_38199                             |      1|   0|      1|          0|
    |icmp_ln26_695_reg_38204                             |      1|   0|      1|          0|
    |icmp_ln26_699_reg_38215                             |      1|   0|      1|          0|
    |icmp_ln26_69_reg_36010                              |      1|   0|      1|          0|
    |icmp_ln26_700_reg_38220                             |      1|   0|      1|          0|
    |icmp_ln26_701_reg_38225                             |      1|   0|      1|          0|
    |icmp_ln26_705_reg_38236                             |      1|   0|      1|          0|
    |icmp_ln26_706_reg_38241                             |      1|   0|      1|          0|
    |icmp_ln26_707_reg_38246                             |      1|   0|      1|          0|
    |icmp_ln26_70_reg_36015                              |      1|   0|      1|          0|
    |icmp_ln26_711_reg_38257                             |      1|   0|      1|          0|
    |icmp_ln26_712_reg_38262                             |      1|   0|      1|          0|
    |icmp_ln26_713_reg_38267                             |      1|   0|      1|          0|
    |icmp_ln26_717_reg_38278                             |      1|   0|      1|          0|
    |icmp_ln26_718_reg_38283                             |      1|   0|      1|          0|
    |icmp_ln26_719_reg_38288                             |      1|   0|      1|          0|
    |icmp_ln26_71_reg_36020                              |      1|   0|      1|          0|
    |icmp_ln26_723_reg_38299                             |      1|   0|      1|          0|
    |icmp_ln26_724_reg_38304                             |      1|   0|      1|          0|
    |icmp_ln26_725_reg_38309                             |      1|   0|      1|          0|
    |icmp_ln26_729_reg_38320                             |      1|   0|      1|          0|
    |icmp_ln26_730_reg_38325                             |      1|   0|      1|          0|
    |icmp_ln26_731_reg_38330                             |      1|   0|      1|          0|
    |icmp_ln26_735_reg_38341                             |      1|   0|      1|          0|
    |icmp_ln26_736_reg_38346                             |      1|   0|      1|          0|
    |icmp_ln26_737_reg_38351                             |      1|   0|      1|          0|
    |icmp_ln26_741_reg_38362                             |      1|   0|      1|          0|
    |icmp_ln26_742_reg_38367                             |      1|   0|      1|          0|
    |icmp_ln26_743_reg_38372                             |      1|   0|      1|          0|
    |icmp_ln26_747_reg_38383                             |      1|   0|      1|          0|
    |icmp_ln26_748_reg_38388                             |      1|   0|      1|          0|
    |icmp_ln26_749_reg_38393                             |      1|   0|      1|          0|
    |icmp_ln26_753_reg_38404                             |      1|   0|      1|          0|
    |icmp_ln26_754_reg_38409                             |      1|   0|      1|          0|
    |icmp_ln26_755_reg_38414                             |      1|   0|      1|          0|
    |icmp_ln26_759_reg_38425                             |      1|   0|      1|          0|
    |icmp_ln26_75_reg_36031                              |      1|   0|      1|          0|
    |icmp_ln26_760_reg_38430                             |      1|   0|      1|          0|
    |icmp_ln26_761_reg_38435                             |      1|   0|      1|          0|
    |icmp_ln26_765_reg_38446                             |      1|   0|      1|          0|
    |icmp_ln26_766_reg_38451                             |      1|   0|      1|          0|
    |icmp_ln26_767_reg_38456                             |      1|   0|      1|          0|
    |icmp_ln26_76_reg_36036                              |      1|   0|      1|          0|
    |icmp_ln26_77_reg_36041                              |      1|   0|      1|          0|
    |icmp_ln26_81_reg_36052                              |      1|   0|      1|          0|
    |icmp_ln26_82_reg_36057                              |      1|   0|      1|          0|
    |icmp_ln26_83_reg_36062                              |      1|   0|      1|          0|
    |icmp_ln26_87_reg_36073                              |      1|   0|      1|          0|
    |icmp_ln26_88_reg_36078                              |      1|   0|      1|          0|
    |icmp_ln26_89_reg_36083                              |      1|   0|      1|          0|
    |icmp_ln26_93_reg_36094                              |      1|   0|      1|          0|
    |icmp_ln26_94_reg_36099                              |      1|   0|      1|          0|
    |icmp_ln26_95_reg_36104                              |      1|   0|      1|          0|
    |icmp_ln26_99_reg_36115                              |      1|   0|      1|          0|
    |icmp_ln26_9_reg_35800                               |      1|   0|      1|          0|
    |icmp_ln46_reg_35753                                 |      1|   0|      1|          0|
    |icmp_ln46_reg_35753_pp0_iter1_reg                   |      1|   0|      1|          0|
    |input_layer_load_phi_reg_1942                       |  12544|   0|  12544|          0|
    |w_index144_reg_1913                                 |      9|   0|      9|          0|
    |w_index_reg_35748                                   |      9|   0|      9|          0|
    |x_1_reg_35772                                       |     16|   0|     16|          0|
    |y_102_reg_36278                                     |     18|   0|     25|          7|
    |y_106_reg_36299                                     |     18|   0|     25|          7|
    |y_10_reg_35795                                      |     18|   0|     25|          7|
    |y_110_reg_36320                                     |     18|   0|     25|          7|
    |y_114_reg_36341                                     |     18|   0|     25|          7|
    |y_118_reg_36362                                     |     18|   0|     25|          7|
    |y_122_reg_36383                                     |     18|   0|     25|          7|
    |y_126_reg_36404                                     |     18|   0|     25|          7|
    |y_130_reg_36425                                     |     18|   0|     25|          7|
    |y_134_reg_36446                                     |     18|   0|     25|          7|
    |y_138_reg_36467                                     |     18|   0|     25|          7|
    |y_142_reg_36488                                     |     18|   0|     25|          7|
    |y_146_reg_36509                                     |     18|   0|     25|          7|
    |y_14_reg_35816                                      |     18|   0|     25|          7|
    |y_150_reg_36530                                     |     18|   0|     25|          7|
    |y_154_reg_36551                                     |     18|   0|     25|          7|
    |y_158_reg_36572                                     |     18|   0|     25|          7|
    |y_162_reg_36593                                     |     18|   0|     25|          7|
    |y_166_reg_36614                                     |     18|   0|     25|          7|
    |y_170_reg_36635                                     |     18|   0|     25|          7|
    |y_174_reg_36656                                     |     18|   0|     25|          7|
    |y_178_reg_36677                                     |     18|   0|     25|          7|
    |y_182_reg_36698                                     |     18|   0|     25|          7|
    |y_186_reg_36719                                     |     18|   0|     25|          7|
    |y_18_reg_35837                                      |     18|   0|     25|          7|
    |y_190_reg_36740                                     |     18|   0|     25|          7|
    |y_194_reg_36761                                     |     18|   0|     25|          7|
    |y_198_reg_36782                                     |     18|   0|     25|          7|
    |y_202_reg_36803                                     |     18|   0|     25|          7|
    |y_206_reg_36824                                     |     18|   0|     25|          7|
    |y_210_reg_36845                                     |     18|   0|     25|          7|
    |y_214_reg_36866                                     |     18|   0|     25|          7|
    |y_218_reg_36887                                     |     18|   0|     25|          7|
    |y_222_reg_36908                                     |     18|   0|     25|          7|
    |y_226_reg_36929                                     |     18|   0|     25|          7|
    |y_22_reg_35858                                      |     18|   0|     25|          7|
    |y_230_reg_36950                                     |     18|   0|     25|          7|
    |y_234_reg_36971                                     |     18|   0|     25|          7|
    |y_238_reg_36992                                     |     18|   0|     25|          7|
    |y_242_reg_37013                                     |     18|   0|     25|          7|
    |y_246_reg_37034                                     |     18|   0|     25|          7|
    |y_250_reg_37055                                     |     18|   0|     25|          7|
    |y_254_reg_37076                                     |     18|   0|     25|          7|
    |y_258_reg_37097                                     |     18|   0|     25|          7|
    |y_262_reg_37118                                     |     18|   0|     25|          7|
    |y_266_reg_37139                                     |     18|   0|     25|          7|
    |y_26_reg_35879                                      |     18|   0|     25|          7|
    |y_270_reg_37160                                     |     18|   0|     25|          7|
    |y_274_reg_37181                                     |     18|   0|     25|          7|
    |y_278_reg_37202                                     |     18|   0|     25|          7|
    |y_282_reg_37223                                     |     18|   0|     25|          7|
    |y_286_reg_37244                                     |     18|   0|     25|          7|
    |y_290_reg_37265                                     |     18|   0|     25|          7|
    |y_294_reg_37286                                     |     18|   0|     25|          7|
    |y_298_reg_37307                                     |     18|   0|     25|          7|
    |y_302_reg_37328                                     |     18|   0|     25|          7|
    |y_306_reg_37349                                     |     18|   0|     25|          7|
    |y_30_reg_35900                                      |     18|   0|     25|          7|
    |y_310_reg_37370                                     |     18|   0|     25|          7|
    |y_314_reg_37391                                     |     18|   0|     25|          7|
    |y_318_reg_37412                                     |     18|   0|     25|          7|
    |y_322_reg_37433                                     |     18|   0|     25|          7|
    |y_326_reg_37454                                     |     18|   0|     25|          7|
    |y_330_reg_37475                                     |     18|   0|     25|          7|
    |y_334_reg_37496                                     |     18|   0|     25|          7|
    |y_338_reg_37517                                     |     18|   0|     25|          7|
    |y_342_reg_37538                                     |     18|   0|     25|          7|
    |y_346_reg_37559                                     |     18|   0|     25|          7|
    |y_34_reg_35921                                      |     18|   0|     25|          7|
    |y_350_reg_37580                                     |     18|   0|     25|          7|
    |y_354_reg_37601                                     |     18|   0|     25|          7|
    |y_358_reg_37622                                     |     18|   0|     25|          7|
    |y_362_reg_37643                                     |     18|   0|     25|          7|
    |y_366_reg_37664                                     |     18|   0|     25|          7|
    |y_370_reg_37685                                     |     18|   0|     25|          7|
    |y_374_reg_37706                                     |     18|   0|     25|          7|
    |y_378_reg_37727                                     |     18|   0|     25|          7|
    |y_382_reg_37748                                     |     18|   0|     25|          7|
    |y_386_reg_37769                                     |     18|   0|     25|          7|
    |y_38_reg_35942                                      |     18|   0|     25|          7|
    |y_390_reg_37790                                     |     18|   0|     25|          7|
    |y_394_reg_37811                                     |     18|   0|     25|          7|
    |y_398_reg_37832                                     |     18|   0|     25|          7|
    |y_3_reg_35762                                       |     18|   0|     25|          7|
    |y_402_reg_37853                                     |     18|   0|     25|          7|
    |y_406_reg_37874                                     |     18|   0|     25|          7|
    |y_410_reg_37895                                     |     18|   0|     25|          7|
    |y_414_reg_37916                                     |     18|   0|     25|          7|
    |y_418_reg_37937                                     |     18|   0|     25|          7|
    |y_422_reg_37958                                     |     18|   0|     25|          7|
    |y_426_reg_37979                                     |     18|   0|     25|          7|
    |y_42_reg_35963                                      |     18|   0|     25|          7|
    |y_430_reg_38000                                     |     18|   0|     25|          7|
    |y_434_reg_38021                                     |     18|   0|     25|          7|
    |y_438_reg_38042                                     |     18|   0|     25|          7|
    |y_442_reg_38063                                     |     18|   0|     25|          7|
    |y_446_reg_38084                                     |     18|   0|     25|          7|
    |y_450_reg_38105                                     |     18|   0|     25|          7|
    |y_454_reg_38126                                     |     18|   0|     25|          7|
    |y_458_reg_38147                                     |     18|   0|     25|          7|
    |y_462_reg_38168                                     |     18|   0|     25|          7|
    |y_466_reg_38189                                     |     18|   0|     25|          7|
    |y_46_reg_35984                                      |     18|   0|     25|          7|
    |y_470_reg_38210                                     |     18|   0|     25|          7|
    |y_474_reg_38231                                     |     18|   0|     25|          7|
    |y_478_reg_38252                                     |     18|   0|     25|          7|
    |y_482_reg_38273                                     |     18|   0|     25|          7|
    |y_486_reg_38294                                     |     18|   0|     25|          7|
    |y_490_reg_38315                                     |     18|   0|     25|          7|
    |y_494_reg_38336                                     |     18|   0|     25|          7|
    |y_498_reg_38357                                     |     18|   0|     25|          7|
    |y_502_reg_38378                                     |     18|   0|     25|          7|
    |y_506_reg_38399                                     |     18|   0|     25|          7|
    |y_50_reg_36005                                      |     18|   0|     25|          7|
    |y_510_reg_38420                                     |     18|   0|     25|          7|
    |y_514_reg_38441                                     |     18|   0|     25|          7|
    |y_54_reg_36026                                      |     18|   0|     25|          7|
    |y_58_reg_36047                                      |     18|   0|     25|          7|
    |y_62_reg_36068                                      |     18|   0|     25|          7|
    |y_66_reg_36089                                      |     18|   0|     25|          7|
    |y_70_reg_36110                                      |     18|   0|     25|          7|
    |y_74_reg_36131                                      |     18|   0|     25|          7|
    |y_78_reg_36152                                      |     18|   0|     25|          7|
    |y_82_reg_36173                                      |     18|   0|     25|          7|
    |y_86_reg_36194                                      |     18|   0|     25|          7|
    |y_90_reg_36215                                      |     18|   0|     25|          7|
    |y_94_reg_36236                                      |     18|   0|     25|          7|
    |y_98_reg_36257                                      |     18|   0|     25|          7|
    |zext_ln46_reg_35737                                 |      9|   0|     64|         55|
    +----------------------------------------------------+-------+----+-------+-----------+
    |Total                                               |  37811|   0|  38762|        951|
    +----------------------------------------------------+-------+----+-------+-----------+



================================================================
== Interface
================================================================
* Summary: 
+--------------------+-----+-------+------------+-------------------------------------------------------------------+--------------+
|      RTL Ports     | Dir |  Bits |  Protocol  |                           Source Object                           |    C Type    |
+--------------------+-----+-------+------------+-------------------------------------------------------------------+--------------+
|ap_clk              |   in|      1|  ap_ctrl_hs|  dense_resource_rf_leq_nin<ap_fixed,ap_fixed<43,23,5,3,0>,config3>|  return value|
|ap_rst              |   in|      1|  ap_ctrl_hs|  dense_resource_rf_leq_nin<ap_fixed,ap_fixed<43,23,5,3,0>,config3>|  return value|
|ap_start            |   in|      1|  ap_ctrl_hs|  dense_resource_rf_leq_nin<ap_fixed,ap_fixed<43,23,5,3,0>,config3>|  return value|
|ap_done             |  out|      1|  ap_ctrl_hs|  dense_resource_rf_leq_nin<ap_fixed,ap_fixed<43,23,5,3,0>,config3>|  return value|
|ap_continue         |   in|      1|  ap_ctrl_hs|  dense_resource_rf_leq_nin<ap_fixed,ap_fixed<43,23,5,3,0>,config3>|  return value|
|ap_idle             |  out|      1|  ap_ctrl_hs|  dense_resource_rf_leq_nin<ap_fixed,ap_fixed<43,23,5,3,0>,config3>|  return value|
|ap_ready            |  out|      1|  ap_ctrl_hs|  dense_resource_rf_leq_nin<ap_fixed,ap_fixed<43,23,5,3,0>,config3>|  return value|
|ap_return_0         |  out|     43|  ap_ctrl_hs|  dense_resource_rf_leq_nin<ap_fixed,ap_fixed<43,23,5,3,0>,config3>|  return value|
|ap_return_1         |  out|     43|  ap_ctrl_hs|  dense_resource_rf_leq_nin<ap_fixed,ap_fixed<43,23,5,3,0>,config3>|  return value|
|ap_return_2         |  out|     43|  ap_ctrl_hs|  dense_resource_rf_leq_nin<ap_fixed,ap_fixed<43,23,5,3,0>,config3>|  return value|
|ap_return_3         |  out|     43|  ap_ctrl_hs|  dense_resource_rf_leq_nin<ap_fixed,ap_fixed<43,23,5,3,0>,config3>|  return value|
|ap_return_4         |  out|     43|  ap_ctrl_hs|  dense_resource_rf_leq_nin<ap_fixed,ap_fixed<43,23,5,3,0>,config3>|  return value|
|ap_return_5         |  out|     43|  ap_ctrl_hs|  dense_resource_rf_leq_nin<ap_fixed,ap_fixed<43,23,5,3,0>,config3>|  return value|
|ap_return_6         |  out|     43|  ap_ctrl_hs|  dense_resource_rf_leq_nin<ap_fixed,ap_fixed<43,23,5,3,0>,config3>|  return value|
|ap_return_7         |  out|     43|  ap_ctrl_hs|  dense_resource_rf_leq_nin<ap_fixed,ap_fixed<43,23,5,3,0>,config3>|  return value|
|ap_return_8         |  out|     43|  ap_ctrl_hs|  dense_resource_rf_leq_nin<ap_fixed,ap_fixed<43,23,5,3,0>,config3>|  return value|
|ap_return_9         |  out|     43|  ap_ctrl_hs|  dense_resource_rf_leq_nin<ap_fixed,ap_fixed<43,23,5,3,0>,config3>|  return value|
|ap_return_10        |  out|     43|  ap_ctrl_hs|  dense_resource_rf_leq_nin<ap_fixed,ap_fixed<43,23,5,3,0>,config3>|  return value|
|ap_return_11        |  out|     43|  ap_ctrl_hs|  dense_resource_rf_leq_nin<ap_fixed,ap_fixed<43,23,5,3,0>,config3>|  return value|
|ap_return_12        |  out|     43|  ap_ctrl_hs|  dense_resource_rf_leq_nin<ap_fixed,ap_fixed<43,23,5,3,0>,config3>|  return value|
|ap_return_13        |  out|     43|  ap_ctrl_hs|  dense_resource_rf_leq_nin<ap_fixed,ap_fixed<43,23,5,3,0>,config3>|  return value|
|ap_return_14        |  out|     43|  ap_ctrl_hs|  dense_resource_rf_leq_nin<ap_fixed,ap_fixed<43,23,5,3,0>,config3>|  return value|
|ap_return_15        |  out|     43|  ap_ctrl_hs|  dense_resource_rf_leq_nin<ap_fixed,ap_fixed<43,23,5,3,0>,config3>|  return value|
|ap_return_16        |  out|     43|  ap_ctrl_hs|  dense_resource_rf_leq_nin<ap_fixed,ap_fixed<43,23,5,3,0>,config3>|  return value|
|ap_return_17        |  out|     43|  ap_ctrl_hs|  dense_resource_rf_leq_nin<ap_fixed,ap_fixed<43,23,5,3,0>,config3>|  return value|
|ap_return_18        |  out|     43|  ap_ctrl_hs|  dense_resource_rf_leq_nin<ap_fixed,ap_fixed<43,23,5,3,0>,config3>|  return value|
|ap_return_19        |  out|     43|  ap_ctrl_hs|  dense_resource_rf_leq_nin<ap_fixed,ap_fixed<43,23,5,3,0>,config3>|  return value|
|ap_return_20        |  out|     43|  ap_ctrl_hs|  dense_resource_rf_leq_nin<ap_fixed,ap_fixed<43,23,5,3,0>,config3>|  return value|
|ap_return_21        |  out|     43|  ap_ctrl_hs|  dense_resource_rf_leq_nin<ap_fixed,ap_fixed<43,23,5,3,0>,config3>|  return value|
|ap_return_22        |  out|     43|  ap_ctrl_hs|  dense_resource_rf_leq_nin<ap_fixed,ap_fixed<43,23,5,3,0>,config3>|  return value|
|ap_return_23        |  out|     43|  ap_ctrl_hs|  dense_resource_rf_leq_nin<ap_fixed,ap_fixed<43,23,5,3,0>,config3>|  return value|
|ap_return_24        |  out|     43|  ap_ctrl_hs|  dense_resource_rf_leq_nin<ap_fixed,ap_fixed<43,23,5,3,0>,config3>|  return value|
|ap_return_25        |  out|     43|  ap_ctrl_hs|  dense_resource_rf_leq_nin<ap_fixed,ap_fixed<43,23,5,3,0>,config3>|  return value|
|ap_return_26        |  out|     43|  ap_ctrl_hs|  dense_resource_rf_leq_nin<ap_fixed,ap_fixed<43,23,5,3,0>,config3>|  return value|
|ap_return_27        |  out|     43|  ap_ctrl_hs|  dense_resource_rf_leq_nin<ap_fixed,ap_fixed<43,23,5,3,0>,config3>|  return value|
|ap_return_28        |  out|     43|  ap_ctrl_hs|  dense_resource_rf_leq_nin<ap_fixed,ap_fixed<43,23,5,3,0>,config3>|  return value|
|ap_return_29        |  out|     43|  ap_ctrl_hs|  dense_resource_rf_leq_nin<ap_fixed,ap_fixed<43,23,5,3,0>,config3>|  return value|
|ap_return_30        |  out|     43|  ap_ctrl_hs|  dense_resource_rf_leq_nin<ap_fixed,ap_fixed<43,23,5,3,0>,config3>|  return value|
|ap_return_31        |  out|     43|  ap_ctrl_hs|  dense_resource_rf_leq_nin<ap_fixed,ap_fixed<43,23,5,3,0>,config3>|  return value|
|ap_return_32        |  out|     43|  ap_ctrl_hs|  dense_resource_rf_leq_nin<ap_fixed,ap_fixed<43,23,5,3,0>,config3>|  return value|
|ap_return_33        |  out|     43|  ap_ctrl_hs|  dense_resource_rf_leq_nin<ap_fixed,ap_fixed<43,23,5,3,0>,config3>|  return value|
|ap_return_34        |  out|     43|  ap_ctrl_hs|  dense_resource_rf_leq_nin<ap_fixed,ap_fixed<43,23,5,3,0>,config3>|  return value|
|ap_return_35        |  out|     43|  ap_ctrl_hs|  dense_resource_rf_leq_nin<ap_fixed,ap_fixed<43,23,5,3,0>,config3>|  return value|
|ap_return_36        |  out|     43|  ap_ctrl_hs|  dense_resource_rf_leq_nin<ap_fixed,ap_fixed<43,23,5,3,0>,config3>|  return value|
|ap_return_37        |  out|     43|  ap_ctrl_hs|  dense_resource_rf_leq_nin<ap_fixed,ap_fixed<43,23,5,3,0>,config3>|  return value|
|ap_return_38        |  out|     43|  ap_ctrl_hs|  dense_resource_rf_leq_nin<ap_fixed,ap_fixed<43,23,5,3,0>,config3>|  return value|
|ap_return_39        |  out|     43|  ap_ctrl_hs|  dense_resource_rf_leq_nin<ap_fixed,ap_fixed<43,23,5,3,0>,config3>|  return value|
|ap_return_40        |  out|     43|  ap_ctrl_hs|  dense_resource_rf_leq_nin<ap_fixed,ap_fixed<43,23,5,3,0>,config3>|  return value|
|ap_return_41        |  out|     43|  ap_ctrl_hs|  dense_resource_rf_leq_nin<ap_fixed,ap_fixed<43,23,5,3,0>,config3>|  return value|
|ap_return_42        |  out|     43|  ap_ctrl_hs|  dense_resource_rf_leq_nin<ap_fixed,ap_fixed<43,23,5,3,0>,config3>|  return value|
|ap_return_43        |  out|     43|  ap_ctrl_hs|  dense_resource_rf_leq_nin<ap_fixed,ap_fixed<43,23,5,3,0>,config3>|  return value|
|ap_return_44        |  out|     43|  ap_ctrl_hs|  dense_resource_rf_leq_nin<ap_fixed,ap_fixed<43,23,5,3,0>,config3>|  return value|
|ap_return_45        |  out|     43|  ap_ctrl_hs|  dense_resource_rf_leq_nin<ap_fixed,ap_fixed<43,23,5,3,0>,config3>|  return value|
|ap_return_46        |  out|     43|  ap_ctrl_hs|  dense_resource_rf_leq_nin<ap_fixed,ap_fixed<43,23,5,3,0>,config3>|  return value|
|ap_return_47        |  out|     43|  ap_ctrl_hs|  dense_resource_rf_leq_nin<ap_fixed,ap_fixed<43,23,5,3,0>,config3>|  return value|
|ap_return_48        |  out|     43|  ap_ctrl_hs|  dense_resource_rf_leq_nin<ap_fixed,ap_fixed<43,23,5,3,0>,config3>|  return value|
|ap_return_49        |  out|     43|  ap_ctrl_hs|  dense_resource_rf_leq_nin<ap_fixed,ap_fixed<43,23,5,3,0>,config3>|  return value|
|ap_return_50        |  out|     43|  ap_ctrl_hs|  dense_resource_rf_leq_nin<ap_fixed,ap_fixed<43,23,5,3,0>,config3>|  return value|
|ap_return_51        |  out|     43|  ap_ctrl_hs|  dense_resource_rf_leq_nin<ap_fixed,ap_fixed<43,23,5,3,0>,config3>|  return value|
|ap_return_52        |  out|     43|  ap_ctrl_hs|  dense_resource_rf_leq_nin<ap_fixed,ap_fixed<43,23,5,3,0>,config3>|  return value|
|ap_return_53        |  out|     43|  ap_ctrl_hs|  dense_resource_rf_leq_nin<ap_fixed,ap_fixed<43,23,5,3,0>,config3>|  return value|
|ap_return_54        |  out|     43|  ap_ctrl_hs|  dense_resource_rf_leq_nin<ap_fixed,ap_fixed<43,23,5,3,0>,config3>|  return value|
|ap_return_55        |  out|     43|  ap_ctrl_hs|  dense_resource_rf_leq_nin<ap_fixed,ap_fixed<43,23,5,3,0>,config3>|  return value|
|ap_return_56        |  out|     43|  ap_ctrl_hs|  dense_resource_rf_leq_nin<ap_fixed,ap_fixed<43,23,5,3,0>,config3>|  return value|
|ap_return_57        |  out|     43|  ap_ctrl_hs|  dense_resource_rf_leq_nin<ap_fixed,ap_fixed<43,23,5,3,0>,config3>|  return value|
|ap_return_58        |  out|     43|  ap_ctrl_hs|  dense_resource_rf_leq_nin<ap_fixed,ap_fixed<43,23,5,3,0>,config3>|  return value|
|ap_return_59        |  out|     43|  ap_ctrl_hs|  dense_resource_rf_leq_nin<ap_fixed,ap_fixed<43,23,5,3,0>,config3>|  return value|
|ap_return_60        |  out|     43|  ap_ctrl_hs|  dense_resource_rf_leq_nin<ap_fixed,ap_fixed<43,23,5,3,0>,config3>|  return value|
|ap_return_61        |  out|     43|  ap_ctrl_hs|  dense_resource_rf_leq_nin<ap_fixed,ap_fixed<43,23,5,3,0>,config3>|  return value|
|ap_return_62        |  out|     43|  ap_ctrl_hs|  dense_resource_rf_leq_nin<ap_fixed,ap_fixed<43,23,5,3,0>,config3>|  return value|
|ap_return_63        |  out|     43|  ap_ctrl_hs|  dense_resource_rf_leq_nin<ap_fixed,ap_fixed<43,23,5,3,0>,config3>|  return value|
|ap_return_64        |  out|     43|  ap_ctrl_hs|  dense_resource_rf_leq_nin<ap_fixed,ap_fixed<43,23,5,3,0>,config3>|  return value|
|ap_return_65        |  out|     43|  ap_ctrl_hs|  dense_resource_rf_leq_nin<ap_fixed,ap_fixed<43,23,5,3,0>,config3>|  return value|
|ap_return_66        |  out|     43|  ap_ctrl_hs|  dense_resource_rf_leq_nin<ap_fixed,ap_fixed<43,23,5,3,0>,config3>|  return value|
|ap_return_67        |  out|     43|  ap_ctrl_hs|  dense_resource_rf_leq_nin<ap_fixed,ap_fixed<43,23,5,3,0>,config3>|  return value|
|ap_return_68        |  out|     43|  ap_ctrl_hs|  dense_resource_rf_leq_nin<ap_fixed,ap_fixed<43,23,5,3,0>,config3>|  return value|
|ap_return_69        |  out|     43|  ap_ctrl_hs|  dense_resource_rf_leq_nin<ap_fixed,ap_fixed<43,23,5,3,0>,config3>|  return value|
|ap_return_70        |  out|     43|  ap_ctrl_hs|  dense_resource_rf_leq_nin<ap_fixed,ap_fixed<43,23,5,3,0>,config3>|  return value|
|ap_return_71        |  out|     43|  ap_ctrl_hs|  dense_resource_rf_leq_nin<ap_fixed,ap_fixed<43,23,5,3,0>,config3>|  return value|
|ap_return_72        |  out|     43|  ap_ctrl_hs|  dense_resource_rf_leq_nin<ap_fixed,ap_fixed<43,23,5,3,0>,config3>|  return value|
|ap_return_73        |  out|     43|  ap_ctrl_hs|  dense_resource_rf_leq_nin<ap_fixed,ap_fixed<43,23,5,3,0>,config3>|  return value|
|ap_return_74        |  out|     43|  ap_ctrl_hs|  dense_resource_rf_leq_nin<ap_fixed,ap_fixed<43,23,5,3,0>,config3>|  return value|
|ap_return_75        |  out|     43|  ap_ctrl_hs|  dense_resource_rf_leq_nin<ap_fixed,ap_fixed<43,23,5,3,0>,config3>|  return value|
|ap_return_76        |  out|     43|  ap_ctrl_hs|  dense_resource_rf_leq_nin<ap_fixed,ap_fixed<43,23,5,3,0>,config3>|  return value|
|ap_return_77        |  out|     43|  ap_ctrl_hs|  dense_resource_rf_leq_nin<ap_fixed,ap_fixed<43,23,5,3,0>,config3>|  return value|
|ap_return_78        |  out|     43|  ap_ctrl_hs|  dense_resource_rf_leq_nin<ap_fixed,ap_fixed<43,23,5,3,0>,config3>|  return value|
|ap_return_79        |  out|     43|  ap_ctrl_hs|  dense_resource_rf_leq_nin<ap_fixed,ap_fixed<43,23,5,3,0>,config3>|  return value|
|ap_return_80        |  out|     43|  ap_ctrl_hs|  dense_resource_rf_leq_nin<ap_fixed,ap_fixed<43,23,5,3,0>,config3>|  return value|
|ap_return_81        |  out|     43|  ap_ctrl_hs|  dense_resource_rf_leq_nin<ap_fixed,ap_fixed<43,23,5,3,0>,config3>|  return value|
|ap_return_82        |  out|     43|  ap_ctrl_hs|  dense_resource_rf_leq_nin<ap_fixed,ap_fixed<43,23,5,3,0>,config3>|  return value|
|ap_return_83        |  out|     43|  ap_ctrl_hs|  dense_resource_rf_leq_nin<ap_fixed,ap_fixed<43,23,5,3,0>,config3>|  return value|
|ap_return_84        |  out|     43|  ap_ctrl_hs|  dense_resource_rf_leq_nin<ap_fixed,ap_fixed<43,23,5,3,0>,config3>|  return value|
|ap_return_85        |  out|     43|  ap_ctrl_hs|  dense_resource_rf_leq_nin<ap_fixed,ap_fixed<43,23,5,3,0>,config3>|  return value|
|ap_return_86        |  out|     43|  ap_ctrl_hs|  dense_resource_rf_leq_nin<ap_fixed,ap_fixed<43,23,5,3,0>,config3>|  return value|
|ap_return_87        |  out|     43|  ap_ctrl_hs|  dense_resource_rf_leq_nin<ap_fixed,ap_fixed<43,23,5,3,0>,config3>|  return value|
|ap_return_88        |  out|     43|  ap_ctrl_hs|  dense_resource_rf_leq_nin<ap_fixed,ap_fixed<43,23,5,3,0>,config3>|  return value|
|ap_return_89        |  out|     43|  ap_ctrl_hs|  dense_resource_rf_leq_nin<ap_fixed,ap_fixed<43,23,5,3,0>,config3>|  return value|
|ap_return_90        |  out|     43|  ap_ctrl_hs|  dense_resource_rf_leq_nin<ap_fixed,ap_fixed<43,23,5,3,0>,config3>|  return value|
|ap_return_91        |  out|     43|  ap_ctrl_hs|  dense_resource_rf_leq_nin<ap_fixed,ap_fixed<43,23,5,3,0>,config3>|  return value|
|ap_return_92        |  out|     43|  ap_ctrl_hs|  dense_resource_rf_leq_nin<ap_fixed,ap_fixed<43,23,5,3,0>,config3>|  return value|
|ap_return_93        |  out|     43|  ap_ctrl_hs|  dense_resource_rf_leq_nin<ap_fixed,ap_fixed<43,23,5,3,0>,config3>|  return value|
|ap_return_94        |  out|     43|  ap_ctrl_hs|  dense_resource_rf_leq_nin<ap_fixed,ap_fixed<43,23,5,3,0>,config3>|  return value|
|ap_return_95        |  out|     43|  ap_ctrl_hs|  dense_resource_rf_leq_nin<ap_fixed,ap_fixed<43,23,5,3,0>,config3>|  return value|
|ap_return_96        |  out|     43|  ap_ctrl_hs|  dense_resource_rf_leq_nin<ap_fixed,ap_fixed<43,23,5,3,0>,config3>|  return value|
|ap_return_97        |  out|     43|  ap_ctrl_hs|  dense_resource_rf_leq_nin<ap_fixed,ap_fixed<43,23,5,3,0>,config3>|  return value|
|ap_return_98        |  out|     43|  ap_ctrl_hs|  dense_resource_rf_leq_nin<ap_fixed,ap_fixed<43,23,5,3,0>,config3>|  return value|
|ap_return_99        |  out|     43|  ap_ctrl_hs|  dense_resource_rf_leq_nin<ap_fixed,ap_fixed<43,23,5,3,0>,config3>|  return value|
|ap_return_100       |  out|     43|  ap_ctrl_hs|  dense_resource_rf_leq_nin<ap_fixed,ap_fixed<43,23,5,3,0>,config3>|  return value|
|ap_return_101       |  out|     43|  ap_ctrl_hs|  dense_resource_rf_leq_nin<ap_fixed,ap_fixed<43,23,5,3,0>,config3>|  return value|
|ap_return_102       |  out|     43|  ap_ctrl_hs|  dense_resource_rf_leq_nin<ap_fixed,ap_fixed<43,23,5,3,0>,config3>|  return value|
|ap_return_103       |  out|     43|  ap_ctrl_hs|  dense_resource_rf_leq_nin<ap_fixed,ap_fixed<43,23,5,3,0>,config3>|  return value|
|ap_return_104       |  out|     43|  ap_ctrl_hs|  dense_resource_rf_leq_nin<ap_fixed,ap_fixed<43,23,5,3,0>,config3>|  return value|
|ap_return_105       |  out|     43|  ap_ctrl_hs|  dense_resource_rf_leq_nin<ap_fixed,ap_fixed<43,23,5,3,0>,config3>|  return value|
|ap_return_106       |  out|     43|  ap_ctrl_hs|  dense_resource_rf_leq_nin<ap_fixed,ap_fixed<43,23,5,3,0>,config3>|  return value|
|ap_return_107       |  out|     43|  ap_ctrl_hs|  dense_resource_rf_leq_nin<ap_fixed,ap_fixed<43,23,5,3,0>,config3>|  return value|
|ap_return_108       |  out|     43|  ap_ctrl_hs|  dense_resource_rf_leq_nin<ap_fixed,ap_fixed<43,23,5,3,0>,config3>|  return value|
|ap_return_109       |  out|     43|  ap_ctrl_hs|  dense_resource_rf_leq_nin<ap_fixed,ap_fixed<43,23,5,3,0>,config3>|  return value|
|ap_return_110       |  out|     43|  ap_ctrl_hs|  dense_resource_rf_leq_nin<ap_fixed,ap_fixed<43,23,5,3,0>,config3>|  return value|
|ap_return_111       |  out|     43|  ap_ctrl_hs|  dense_resource_rf_leq_nin<ap_fixed,ap_fixed<43,23,5,3,0>,config3>|  return value|
|ap_return_112       |  out|     43|  ap_ctrl_hs|  dense_resource_rf_leq_nin<ap_fixed,ap_fixed<43,23,5,3,0>,config3>|  return value|
|ap_return_113       |  out|     43|  ap_ctrl_hs|  dense_resource_rf_leq_nin<ap_fixed,ap_fixed<43,23,5,3,0>,config3>|  return value|
|ap_return_114       |  out|     43|  ap_ctrl_hs|  dense_resource_rf_leq_nin<ap_fixed,ap_fixed<43,23,5,3,0>,config3>|  return value|
|ap_return_115       |  out|     43|  ap_ctrl_hs|  dense_resource_rf_leq_nin<ap_fixed,ap_fixed<43,23,5,3,0>,config3>|  return value|
|ap_return_116       |  out|     43|  ap_ctrl_hs|  dense_resource_rf_leq_nin<ap_fixed,ap_fixed<43,23,5,3,0>,config3>|  return value|
|ap_return_117       |  out|     43|  ap_ctrl_hs|  dense_resource_rf_leq_nin<ap_fixed,ap_fixed<43,23,5,3,0>,config3>|  return value|
|ap_return_118       |  out|     43|  ap_ctrl_hs|  dense_resource_rf_leq_nin<ap_fixed,ap_fixed<43,23,5,3,0>,config3>|  return value|
|ap_return_119       |  out|     43|  ap_ctrl_hs|  dense_resource_rf_leq_nin<ap_fixed,ap_fixed<43,23,5,3,0>,config3>|  return value|
|ap_return_120       |  out|     43|  ap_ctrl_hs|  dense_resource_rf_leq_nin<ap_fixed,ap_fixed<43,23,5,3,0>,config3>|  return value|
|ap_return_121       |  out|     43|  ap_ctrl_hs|  dense_resource_rf_leq_nin<ap_fixed,ap_fixed<43,23,5,3,0>,config3>|  return value|
|ap_return_122       |  out|     43|  ap_ctrl_hs|  dense_resource_rf_leq_nin<ap_fixed,ap_fixed<43,23,5,3,0>,config3>|  return value|
|ap_return_123       |  out|     43|  ap_ctrl_hs|  dense_resource_rf_leq_nin<ap_fixed,ap_fixed<43,23,5,3,0>,config3>|  return value|
|ap_return_124       |  out|     43|  ap_ctrl_hs|  dense_resource_rf_leq_nin<ap_fixed,ap_fixed<43,23,5,3,0>,config3>|  return value|
|ap_return_125       |  out|     43|  ap_ctrl_hs|  dense_resource_rf_leq_nin<ap_fixed,ap_fixed<43,23,5,3,0>,config3>|  return value|
|ap_return_126       |  out|     43|  ap_ctrl_hs|  dense_resource_rf_leq_nin<ap_fixed,ap_fixed<43,23,5,3,0>,config3>|  return value|
|ap_return_127       |  out|     43|  ap_ctrl_hs|  dense_resource_rf_leq_nin<ap_fixed,ap_fixed<43,23,5,3,0>,config3>|  return value|
|input_layer_ap_vld  |   in|      1|      ap_vld|                                                        input_layer|       pointer|
|input_layer         |   in|  12544|      ap_vld|                                                        input_layer|       pointer|
+--------------------+-----+-------+------------+-------------------------------------------------------------------+--------------+

