

================================================================
== Vitis HLS Report for 'myproject'
================================================================
* Date:           Sun Sep  6 12:18:05 2026

* Version:        2023.2 (Build 4023990 on Oct 11 2023)
* Project:        myproject_prj
* Solution:       solution1 (Vivado IP Flow Target)
* Product family: virtexuplus
* Target device:  xcu250-figd2104-2L-e


================================================================
== Performance Estimates
================================================================
+ Timing: 
    * Summary: 
    +--------+---------+----------+------------+
    |  Clock |  Target | Estimated| Uncertainty|
    +--------+---------+----------+------------+
    |ap_clk  |  5.00 ns|  3.558 ns|     1.35 ns|
    +--------+---------+----------+------------+

+ Latency: 
    * Summary: 
    +---------+---------+----------+----------+-----+-----+----------+
    |  Latency (cycles) |  Latency (absolute) |  Interval | Pipeline |
    |   min   |   max   |    min   |    max   | min | max |   Type   |
    +---------+---------+----------+----------+-----+-----+----------+
    |     1036|     1038|  5.180 us|  5.190 us|  640|  640|  dataflow|
    +---------+---------+----------+----------+-----+-----+----------+

    + Detail: 
        * Instance: 
        +------------------------------------------------------------------------+-----------------------------------------------------------------------+---------+---------+----------+----------+-----+-----+------------------------------------------+
        |                                                                        |                                                                       |  Latency (cycles) |  Latency (absolute) |  Interval |                 Pipeline                 |
        |                                Instance                                |                                 Module                                |   min   |   max   |    min   |    max   | min | max |                   Type                   |
        +------------------------------------------------------------------------+-----------------------------------------------------------------------+---------+---------+----------+----------+-----+-----+------------------------------------------+
        |dense_resource_rf_leq_nin_ap_fixed_ap_fixed_43_23_5_3_0_config3_U0      |dense_resource_rf_leq_nin_ap_fixed_ap_fixed_43_23_5_3_0_config3_s      |      393|      394|  1.965 us|  1.970 us|  392|  392|  loop rewind stp(delay=0 clock cycles(s))|
        |relu_ap_fixed_43_23_5_3_0_ap_fixed_16_6_5_3_0_relu_config4_U0           |relu_ap_fixed_43_23_5_3_0_ap_fixed_16_6_5_3_0_relu_config4_s           |        0|        0|      0 ns|      0 ns|    1|    1|                                       yes|
        |dense_resource_rf_gt_nin_rem0_ap_fixed_ap_fixed_40_20_5_3_0_config6_U0  |dense_resource_rf_gt_nin_rem0_ap_fixed_ap_fixed_40_20_5_3_0_config6_s  |      641|      642|  3.205 us|  3.210 us|  640|  640|  loop rewind stp(delay=0 clock cycles(s))|
        +------------------------------------------------------------------------+-----------------------------------------------------------------------+---------+---------+----------+----------+-----+-----+------------------------------------------+

        * Loop: 
        N/A



================================================================
== Utilization Estimates
================================================================
* Summary: 
+---------------------+---------+-------+---------+---------+------+
|         Name        | BRAM_18K|  DSP  |    FF   |   LUT   | URAM |
+---------------------+---------+-------+---------+---------+------+
|DSP                  |        -|      -|        -|        -|     -|
|Expression           |        -|      -|        0|     1034|     -|
|FIFO                 |        -|      -|    21632|    12288|     -|
|Instance             |       44|      -|    44898|    82893|     -|
|Memory               |        -|      -|        -|        -|     -|
|Multiplexer          |        -|      -|        -|     2304|     -|
|Register             |        -|      -|      256|        -|     -|
+---------------------+---------+-------+---------+---------+------+
|Total                |       44|      0|    66786|    98519|     0|
+---------------------+---------+-------+---------+---------+------+
|Available SLR        |     1344|   3072|   864000|   432000|   320|
+---------------------+---------+-------+---------+---------+------+
|Utilization SLR (%)  |        3|      0|        7|       22|     0|
+---------------------+---------+-------+---------+---------+------+
|Available            |     5376|  12288|  3456000|  1728000|  1280|
+---------------------+---------+-------+---------+---------+------+
|Utilization (%)      |       ~0|      0|        1|        5|     0|
+---------------------+---------+-------+---------+---------+------+

+ Detail: 
    * Instance: 
    +------------------------------------------------------------------------+-----------------------------------------------------------------------+---------+----+-------+-------+-----+
    |                                Instance                                |                                 Module                                | BRAM_18K| DSP|   FF  |  LUT  | URAM|
    +------------------------------------------------------------------------+-----------------------------------------------------------------------+---------+----+-------+-------+-----+
    |dense_resource_rf_gt_nin_rem0_ap_fixed_ap_fixed_40_20_5_3_0_config6_U0  |dense_resource_rf_gt_nin_rem0_ap_fixed_ap_fixed_40_20_5_3_0_config6_s  |        4|   0|   5037|   5793|    0|
    |dense_resource_rf_leq_nin_ap_fixed_ap_fixed_43_23_5_3_0_config3_U0      |dense_resource_rf_leq_nin_ap_fixed_ap_fixed_43_23_5_3_0_config3_s      |       40|   0|  37811|  67489|    0|
    |relu_ap_fixed_43_23_5_3_0_ap_fixed_16_6_5_3_0_relu_config4_U0           |relu_ap_fixed_43_23_5_3_0_ap_fixed_16_6_5_3_0_relu_config4_s           |        0|   0|   2050|   9611|    0|
    +------------------------------------------------------------------------+-----------------------------------------------------------------------+---------+----+-------+-------+-----+
    |Total                                                                   |                                                                       |       44|   0|  44898|  82893|    0|
    +------------------------------------------------------------------------+-----------------------------------------------------------------------+---------+----+-------+-------+-----+

    * DSP: 
    N/A

    * Memory: 
    N/A

    * FIFO: 
    +------------------+---------+-----+----+-----+------+-----+---------+
    |       Name       | BRAM_18K|  FF | LUT| URAM| Depth| Bits| Size:D*B|
    +------------------+---------+-----+----+-----+------+-----+---------+
    |layer3_out_100_U  |        0|  133|   0|    -|     2|   43|       86|
    |layer3_out_101_U  |        0|  133|   0|    -|     2|   43|       86|
    |layer3_out_102_U  |        0|  133|   0|    -|     2|   43|       86|
    |layer3_out_103_U  |        0|  133|   0|    -|     2|   43|       86|
    |layer3_out_104_U  |        0|  133|   0|    -|     2|   43|       86|
    |layer3_out_105_U  |        0|  133|   0|    -|     2|   43|       86|
    |layer3_out_106_U  |        0|  133|   0|    -|     2|   43|       86|
    |layer3_out_107_U  |        0|  133|   0|    -|     2|   43|       86|
    |layer3_out_108_U  |        0|  133|   0|    -|     2|   43|       86|
    |layer3_out_109_U  |        0|  133|   0|    -|     2|   43|       86|
    |layer3_out_10_U   |        0|  133|   0|    -|     2|   43|       86|
    |layer3_out_110_U  |        0|  133|   0|    -|     2|   43|       86|
    |layer3_out_111_U  |        0|  133|   0|    -|     2|   43|       86|
    |layer3_out_112_U  |        0|  133|   0|    -|     2|   43|       86|
    |layer3_out_113_U  |        0|  133|   0|    -|     2|   43|       86|
    |layer3_out_114_U  |        0|  133|   0|    -|     2|   43|       86|
    |layer3_out_115_U  |        0|  133|   0|    -|     2|   43|       86|
    |layer3_out_116_U  |        0|  133|   0|    -|     2|   43|       86|
    |layer3_out_117_U  |        0|  133|   0|    -|     2|   43|       86|
    |layer3_out_118_U  |        0|  133|   0|    -|     2|   43|       86|
    |layer3_out_119_U  |        0|  133|   0|    -|     2|   43|       86|
    |layer3_out_11_U   |        0|  133|   0|    -|     2|   43|       86|
    |layer3_out_120_U  |        0|  133|   0|    -|     2|   43|       86|
    |layer3_out_121_U  |        0|  133|   0|    -|     2|   43|       86|
    |layer3_out_122_U  |        0|  133|   0|    -|     2|   43|       86|
    |layer3_out_123_U  |        0|  133|   0|    -|     2|   43|       86|
    |layer3_out_124_U  |        0|  133|   0|    -|     2|   43|       86|
    |layer3_out_125_U  |        0|  133|   0|    -|     2|   43|       86|
    |layer3_out_126_U  |        0|  133|   0|    -|     2|   43|       86|
    |layer3_out_127_U  |        0|  133|   0|    -|     2|   43|       86|
    |layer3_out_12_U   |        0|  133|   0|    -|     2|   43|       86|
    |layer3_out_13_U   |        0|  133|   0|    -|     2|   43|       86|
    |layer3_out_14_U   |        0|  133|   0|    -|     2|   43|       86|
    |layer3_out_15_U   |        0|  133|   0|    -|     2|   43|       86|
    |layer3_out_16_U   |        0|  133|   0|    -|     2|   43|       86|
    |layer3_out_17_U   |        0|  133|   0|    -|     2|   43|       86|
    |layer3_out_18_U   |        0|  133|   0|    -|     2|   43|       86|
    |layer3_out_19_U   |        0|  133|   0|    -|     2|   43|       86|
    |layer3_out_1_U    |        0|  133|   0|    -|     2|   43|       86|
    |layer3_out_20_U   |        0|  133|   0|    -|     2|   43|       86|
    |layer3_out_21_U   |        0|  133|   0|    -|     2|   43|       86|
    |layer3_out_22_U   |        0|  133|   0|    -|     2|   43|       86|
    |layer3_out_23_U   |        0|  133|   0|    -|     2|   43|       86|
    |layer3_out_24_U   |        0|  133|   0|    -|     2|   43|       86|
    |layer3_out_25_U   |        0|  133|   0|    -|     2|   43|       86|
    |layer3_out_26_U   |        0|  133|   0|    -|     2|   43|       86|
    |layer3_out_27_U   |        0|  133|   0|    -|     2|   43|       86|
    |layer3_out_28_U   |        0|  133|   0|    -|     2|   43|       86|
    |layer3_out_29_U   |        0|  133|   0|    -|     2|   43|       86|
    |layer3_out_2_U    |        0|  133|   0|    -|     2|   43|       86|
    |layer3_out_30_U   |        0|  133|   0|    -|     2|   43|       86|
    |layer3_out_31_U   |        0|  133|   0|    -|     2|   43|       86|
    |layer3_out_32_U   |        0|  133|   0|    -|     2|   43|       86|
    |layer3_out_33_U   |        0|  133|   0|    -|     2|   43|       86|
    |layer3_out_34_U   |        0|  133|   0|    -|     2|   43|       86|
    |layer3_out_35_U   |        0|  133|   0|    -|     2|   43|       86|
    |layer3_out_36_U   |        0|  133|   0|    -|     2|   43|       86|
    |layer3_out_37_U   |        0|  133|   0|    -|     2|   43|       86|
    |layer3_out_38_U   |        0|  133|   0|    -|     2|   43|       86|
    |layer3_out_39_U   |        0|  133|   0|    -|     2|   43|       86|
    |layer3_out_3_U    |        0|  133|   0|    -|     2|   43|       86|
    |layer3_out_40_U   |        0|  133|   0|    -|     2|   43|       86|
    |layer3_out_41_U   |        0|  133|   0|    -|     2|   43|       86|
    |layer3_out_42_U   |        0|  133|   0|    -|     2|   43|       86|
    |layer3_out_43_U   |        0|  133|   0|    -|     2|   43|       86|
    |layer3_out_44_U   |        0|  133|   0|    -|     2|   43|       86|
    |layer3_out_45_U   |        0|  133|   0|    -|     2|   43|       86|
    |layer3_out_46_U   |        0|  133|   0|    -|     2|   43|       86|
    |layer3_out_47_U   |        0|  133|   0|    -|     2|   43|       86|
    |layer3_out_48_U   |        0|  133|   0|    -|     2|   43|       86|
    |layer3_out_49_U   |        0|  133|   0|    -|     2|   43|       86|
    |layer3_out_4_U    |        0|  133|   0|    -|     2|   43|       86|
    |layer3_out_50_U   |        0|  133|   0|    -|     2|   43|       86|
    |layer3_out_51_U   |        0|  133|   0|    -|     2|   43|       86|
    |layer3_out_52_U   |        0|  133|   0|    -|     2|   43|       86|
    |layer3_out_53_U   |        0|  133|   0|    -|     2|   43|       86|
    |layer3_out_54_U   |        0|  133|   0|    -|     2|   43|       86|
    |layer3_out_55_U   |        0|  133|   0|    -|     2|   43|       86|
    |layer3_out_56_U   |        0|  133|   0|    -|     2|   43|       86|
    |layer3_out_57_U   |        0|  133|   0|    -|     2|   43|       86|
    |layer3_out_58_U   |        0|  133|   0|    -|     2|   43|       86|
    |layer3_out_59_U   |        0|  133|   0|    -|     2|   43|       86|
    |layer3_out_5_U    |        0|  133|   0|    -|     2|   43|       86|
    |layer3_out_60_U   |        0|  133|   0|    -|     2|   43|       86|
    |layer3_out_61_U   |        0|  133|   0|    -|     2|   43|       86|
    |layer3_out_62_U   |        0|  133|   0|    -|     2|   43|       86|
    |layer3_out_63_U   |        0|  133|   0|    -|     2|   43|       86|
    |layer3_out_64_U   |        0|  133|   0|    -|     2|   43|       86|
    |layer3_out_65_U   |        0|  133|   0|    -|     2|   43|       86|
    |layer3_out_66_U   |        0|  133|   0|    -|     2|   43|       86|
    |layer3_out_67_U   |        0|  133|   0|    -|     2|   43|       86|
    |layer3_out_68_U   |        0|  133|   0|    -|     2|   43|       86|
    |layer3_out_69_U   |        0|  133|   0|    -|     2|   43|       86|
    |layer3_out_6_U    |        0|  133|   0|    -|     2|   43|       86|
    |layer3_out_70_U   |        0|  133|   0|    -|     2|   43|       86|
    |layer3_out_71_U   |        0|  133|   0|    -|     2|   43|       86|
    |layer3_out_72_U   |        0|  133|   0|    -|     2|   43|       86|
    |layer3_out_73_U   |        0|  133|   0|    -|     2|   43|       86|
    |layer3_out_74_U   |        0|  133|   0|    -|     2|   43|       86|
    |layer3_out_75_U   |        0|  133|   0|    -|     2|   43|       86|
    |layer3_out_76_U   |        0|  133|   0|    -|     2|   43|       86|
    |layer3_out_77_U   |        0|  133|   0|    -|     2|   43|       86|
    |layer3_out_78_U   |        0|  133|   0|    -|     2|   43|       86|
    |layer3_out_79_U   |        0|  133|   0|    -|     2|   43|       86|
    |layer3_out_7_U    |        0|  133|   0|    -|     2|   43|       86|
    |layer3_out_80_U   |        0|  133|   0|    -|     2|   43|       86|
    |layer3_out_81_U   |        0|  133|   0|    -|     2|   43|       86|
    |layer3_out_82_U   |        0|  133|   0|    -|     2|   43|       86|
    |layer3_out_83_U   |        0|  133|   0|    -|     2|   43|       86|
    |layer3_out_84_U   |        0|  133|   0|    -|     2|   43|       86|
    |layer3_out_85_U   |        0|  133|   0|    -|     2|   43|       86|
    |layer3_out_86_U   |        0|  133|   0|    -|     2|   43|       86|
    |layer3_out_87_U   |        0|  133|   0|    -|     2|   43|       86|
    |layer3_out_88_U   |        0|  133|   0|    -|     2|   43|       86|
    |layer3_out_89_U   |        0|  133|   0|    -|     2|   43|       86|
    |layer3_out_8_U    |        0|  133|   0|    -|     2|   43|       86|
    |layer3_out_90_U   |        0|  133|   0|    -|     2|   43|       86|
    |layer3_out_91_U   |        0|  133|   0|    -|     2|   43|       86|
    |layer3_out_92_U   |        0|  133|   0|    -|     2|   43|       86|
    |layer3_out_93_U   |        0|  133|   0|    -|     2|   43|       86|
    |layer3_out_94_U   |        0|  133|   0|    -|     2|   43|       86|
    |layer3_out_95_U   |        0|  133|   0|    -|     2|   43|       86|
    |layer3_out_96_U   |        0|  133|   0|    -|     2|   43|       86|
    |layer3_out_97_U   |        0|  133|   0|    -|     2|   43|       86|
    |layer3_out_98_U   |        0|  133|   0|    -|     2|   43|       86|
    |layer3_out_99_U   |        0|  133|   0|    -|     2|   43|       86|
    |layer3_out_9_U    |        0|  133|   0|    -|     2|   43|       86|
    |layer3_out_U      |        0|  133|   0|    -|     2|   43|       86|
    |layer4_out_100_U  |        0|   36|   0|    -|     2|   16|       32|
    |layer4_out_101_U  |        0|   36|   0|    -|     2|   16|       32|
    |layer4_out_102_U  |        0|   36|   0|    -|     2|   16|       32|
    |layer4_out_103_U  |        0|   36|   0|    -|     2|   16|       32|
    |layer4_out_104_U  |        0|   36|   0|    -|     2|   16|       32|
    |layer4_out_105_U  |        0|   36|   0|    -|     2|   16|       32|
    |layer4_out_106_U  |        0|   36|   0|    -|     2|   16|       32|
    |layer4_out_107_U  |        0|   36|   0|    -|     2|   16|       32|
    |layer4_out_108_U  |        0|   36|   0|    -|     2|   16|       32|
    |layer4_out_109_U  |        0|   36|   0|    -|     2|   16|       32|
    |layer4_out_10_U   |        0|   36|   0|    -|     2|   16|       32|
    |layer4_out_110_U  |        0|   36|   0|    -|     2|   16|       32|
    |layer4_out_111_U  |        0|   36|   0|    -|     2|   16|       32|
    |layer4_out_112_U  |        0|   36|   0|    -|     2|   16|       32|
    |layer4_out_113_U  |        0|   36|   0|    -|     2|   16|       32|
    |layer4_out_114_U  |        0|   36|   0|    -|     2|   16|       32|
    |layer4_out_115_U  |        0|   36|   0|    -|     2|   16|       32|
    |layer4_out_116_U  |        0|   36|   0|    -|     2|   16|       32|
    |layer4_out_117_U  |        0|   36|   0|    -|     2|   16|       32|
    |layer4_out_118_U  |        0|   36|   0|    -|     2|   16|       32|
    |layer4_out_119_U  |        0|   36|   0|    -|     2|   16|       32|
    |layer4_out_11_U   |        0|   36|   0|    -|     2|   16|       32|
    |layer4_out_120_U  |        0|   36|   0|    -|     2|   16|       32|
    |layer4_out_121_U  |        0|   36|   0|    -|     2|   16|       32|
    |layer4_out_122_U  |        0|   36|   0|    -|     2|   16|       32|
    |layer4_out_123_U  |        0|   36|   0|    -|     2|   16|       32|
    |layer4_out_124_U  |        0|   36|   0|    -|     2|   16|       32|
    |layer4_out_125_U  |        0|   36|   0|    -|     2|   16|       32|
    |layer4_out_126_U  |        0|   36|   0|    -|     2|   16|       32|
    |layer4_out_127_U  |        0|   36|   0|    -|     2|   16|       32|
    |layer4_out_12_U   |        0|   36|   0|    -|     2|   16|       32|
    |layer4_out_13_U   |        0|   36|   0|    -|     2|   16|       32|
    |layer4_out_14_U   |        0|   36|   0|    -|     2|   16|       32|
    |layer4_out_15_U   |        0|   36|   0|    -|     2|   16|       32|
    |layer4_out_16_U   |        0|   36|   0|    -|     2|   16|       32|
    |layer4_out_17_U   |        0|   36|   0|    -|     2|   16|       32|
    |layer4_out_18_U   |        0|   36|   0|    -|     2|   16|       32|
    |layer4_out_19_U   |        0|   36|   0|    -|     2|   16|       32|
    |layer4_out_1_U    |        0|   36|   0|    -|     2|   16|       32|
    |layer4_out_20_U   |        0|   36|   0|    -|     2|   16|       32|
    |layer4_out_21_U   |        0|   36|   0|    -|     2|   16|       32|
    |layer4_out_22_U   |        0|   36|   0|    -|     2|   16|       32|
    |layer4_out_23_U   |        0|   36|   0|    -|     2|   16|       32|
    |layer4_out_24_U   |        0|   36|   0|    -|     2|   16|       32|
    |layer4_out_25_U   |        0|   36|   0|    -|     2|   16|       32|
    |layer4_out_26_U   |        0|   36|   0|    -|     2|   16|       32|
    |layer4_out_27_U   |        0|   36|   0|    -|     2|   16|       32|
    |layer4_out_28_U   |        0|   36|   0|    -|     2|   16|       32|
    |layer4_out_29_U   |        0|   36|   0|    -|     2|   16|       32|
    |layer4_out_2_U    |        0|   36|   0|    -|     2|   16|       32|
    |layer4_out_30_U   |        0|   36|   0|    -|     2|   16|       32|
    |layer4_out_31_U   |        0|   36|   0|    -|     2|   16|       32|
    |layer4_out_32_U   |        0|   36|   0|    -|     2|   16|       32|
    |layer4_out_33_U   |        0|   36|   0|    -|     2|   16|       32|
    |layer4_out_34_U   |        0|   36|   0|    -|     2|   16|       32|
    |layer4_out_35_U   |        0|   36|   0|    -|     2|   16|       32|
    |layer4_out_36_U   |        0|   36|   0|    -|     2|   16|       32|
    |layer4_out_37_U   |        0|   36|   0|    -|     2|   16|       32|
    |layer4_out_38_U   |        0|   36|   0|    -|     2|   16|       32|
    |layer4_out_39_U   |        0|   36|   0|    -|     2|   16|       32|
    |layer4_out_3_U    |        0|   36|   0|    -|     2|   16|       32|
    |layer4_out_40_U   |        0|   36|   0|    -|     2|   16|       32|
    |layer4_out_41_U   |        0|   36|   0|    -|     2|   16|       32|
    |layer4_out_42_U   |        0|   36|   0|    -|     2|   16|       32|
    |layer4_out_43_U   |        0|   36|   0|    -|     2|   16|       32|
    |layer4_out_44_U   |        0|   36|   0|    -|     2|   16|       32|
    |layer4_out_45_U   |        0|   36|   0|    -|     2|   16|       32|
    |layer4_out_46_U   |        0|   36|   0|    -|     2|   16|       32|
    |layer4_out_47_U   |        0|   36|   0|    -|     2|   16|       32|
    |layer4_out_48_U   |        0|   36|   0|    -|     2|   16|       32|
    |layer4_out_49_U   |        0|   36|   0|    -|     2|   16|       32|
    |layer4_out_4_U    |        0|   36|   0|    -|     2|   16|       32|
    |layer4_out_50_U   |        0|   36|   0|    -|     2|   16|       32|
    |layer4_out_51_U   |        0|   36|   0|    -|     2|   16|       32|
    |layer4_out_52_U   |        0|   36|   0|    -|     2|   16|       32|
    |layer4_out_53_U   |        0|   36|   0|    -|     2|   16|       32|
    |layer4_out_54_U   |        0|   36|   0|    -|     2|   16|       32|
    |layer4_out_55_U   |        0|   36|   0|    -|     2|   16|       32|
    |layer4_out_56_U   |        0|   36|   0|    -|     2|   16|       32|
    |layer4_out_57_U   |        0|   36|   0|    -|     2|   16|       32|
    |layer4_out_58_U   |        0|   36|   0|    -|     2|   16|       32|
    |layer4_out_59_U   |        0|   36|   0|    -|     2|   16|       32|
    |layer4_out_5_U    |        0|   36|   0|    -|     2|   16|       32|
    |layer4_out_60_U   |        0|   36|   0|    -|     2|   16|       32|
    |layer4_out_61_U   |        0|   36|   0|    -|     2|   16|       32|
    |layer4_out_62_U   |        0|   36|   0|    -|     2|   16|       32|
    |layer4_out_63_U   |        0|   36|   0|    -|     2|   16|       32|
    |layer4_out_64_U   |        0|   36|   0|    -|     2|   16|       32|
    |layer4_out_65_U   |        0|   36|   0|    -|     2|   16|       32|
    |layer4_out_66_U   |        0|   36|   0|    -|     2|   16|       32|
    |layer4_out_67_U   |        0|   36|   0|    -|     2|   16|       32|
    |layer4_out_68_U   |        0|   36|   0|    -|     2|   16|       32|
    |layer4_out_69_U   |        0|   36|   0|    -|     2|   16|       32|
    |layer4_out_6_U    |        0|   36|   0|    -|     2|   16|       32|
    |layer4_out_70_U   |        0|   36|   0|    -|     2|   16|       32|
    |layer4_out_71_U   |        0|   36|   0|    -|     2|   16|       32|
    |layer4_out_72_U   |        0|   36|   0|    -|     2|   16|       32|
    |layer4_out_73_U   |        0|   36|   0|    -|     2|   16|       32|
    |layer4_out_74_U   |        0|   36|   0|    -|     2|   16|       32|
    |layer4_out_75_U   |        0|   36|   0|    -|     2|   16|       32|
    |layer4_out_76_U   |        0|   36|   0|    -|     2|   16|       32|
    |layer4_out_77_U   |        0|   36|   0|    -|     2|   16|       32|
    |layer4_out_78_U   |        0|   36|   0|    -|     2|   16|       32|
    |layer4_out_79_U   |        0|   36|   0|    -|     2|   16|       32|
    |layer4_out_7_U    |        0|   36|   0|    -|     2|   16|       32|
    |layer4_out_80_U   |        0|   36|   0|    -|     2|   16|       32|
    |layer4_out_81_U   |        0|   36|   0|    -|     2|   16|       32|
    |layer4_out_82_U   |        0|   36|   0|    -|     2|   16|       32|
    |layer4_out_83_U   |        0|   36|   0|    -|     2|   16|       32|
    |layer4_out_84_U   |        0|   36|   0|    -|     2|   16|       32|
    |layer4_out_85_U   |        0|   36|   0|    -|     2|   16|       32|
    |layer4_out_86_U   |        0|   36|   0|    -|     2|   16|       32|
    |layer4_out_87_U   |        0|   36|   0|    -|     2|   16|       32|
    |layer4_out_88_U   |        0|   36|   0|    -|     2|   16|       32|
    |layer4_out_89_U   |        0|   36|   0|    -|     2|   16|       32|
    |layer4_out_8_U    |        0|   36|   0|    -|     2|   16|       32|
    |layer4_out_90_U   |        0|   36|   0|    -|     2|   16|       32|
    |layer4_out_91_U   |        0|   36|   0|    -|     2|   16|       32|
    |layer4_out_92_U   |        0|   36|   0|    -|     2|   16|       32|
    |layer4_out_93_U   |        0|   36|   0|    -|     2|   16|       32|
    |layer4_out_94_U   |        0|   36|   0|    -|     2|   16|       32|
    |layer4_out_95_U   |        0|   36|   0|    -|     2|   16|       32|
    |layer4_out_96_U   |        0|   36|   0|    -|     2|   16|       32|
    |layer4_out_97_U   |        0|   36|   0|    -|     2|   16|       32|
    |layer4_out_98_U   |        0|   36|   0|    -|     2|   16|       32|
    |layer4_out_99_U   |        0|   36|   0|    -|     2|   16|       32|
    |layer4_out_9_U    |        0|   36|   0|    -|     2|   16|       32|
    |layer4_out_U      |        0|   36|   0|    -|     2|   16|       32|
    +------------------+---------+-----+----+-----+------+-----+---------+
    |Total             |        0|21632|   0|    0|   512| 7552|    15104|
    +------------------+---------+-----+----+-----+------+-----+---------+

    * Expression: 
    +---------------------------------------------------------------------------------+----------+----+---+----+------------+------------+
    |                                  Variable Name                                  | Operation| DSP| FF| LUT| Bitwidth P0| Bitwidth P1|
    +---------------------------------------------------------------------------------+----------+----+---+----+------------+------------+
    |ap_channel_done_layer3_out                                                       |       and|   0|  0|   2|           1|           1|
    |ap_channel_done_layer3_out_1                                                     |       and|   0|  0|   2|           1|           1|
    |ap_channel_done_layer3_out_10                                                    |       and|   0|  0|   2|           1|           1|
    |ap_channel_done_layer3_out_100                                                   |       and|   0|  0|   2|           1|           1|
    |ap_channel_done_layer3_out_101                                                   |       and|   0|  0|   2|           1|           1|
    |ap_channel_done_layer3_out_102                                                   |       and|   0|  0|   2|           1|           1|
    |ap_channel_done_layer3_out_103                                                   |       and|   0|  0|   2|           1|           1|
    |ap_channel_done_layer3_out_104                                                   |       and|   0|  0|   2|           1|           1|
    |ap_channel_done_layer3_out_105                                                   |       and|   0|  0|   2|           1|           1|
    |ap_channel_done_layer3_out_106                                                   |       and|   0|  0|   2|           1|           1|
    |ap_channel_done_layer3_out_107                                                   |       and|   0|  0|   2|           1|           1|
    |ap_channel_done_layer3_out_108                                                   |       and|   0|  0|   2|           1|           1|
    |ap_channel_done_layer3_out_109                                                   |       and|   0|  0|   2|           1|           1|
    |ap_channel_done_layer3_out_11                                                    |       and|   0|  0|   2|           1|           1|
    |ap_channel_done_layer3_out_110                                                   |       and|   0|  0|   2|           1|           1|
    |ap_channel_done_layer3_out_111                                                   |       and|   0|  0|   2|           1|           1|
    |ap_channel_done_layer3_out_112                                                   |       and|   0|  0|   2|           1|           1|
    |ap_channel_done_layer3_out_113                                                   |       and|   0|  0|   2|           1|           1|
    |ap_channel_done_layer3_out_114                                                   |       and|   0|  0|   2|           1|           1|
    |ap_channel_done_layer3_out_115                                                   |       and|   0|  0|   2|           1|           1|
    |ap_channel_done_layer3_out_116                                                   |       and|   0|  0|   2|           1|           1|
    |ap_channel_done_layer3_out_117                                                   |       and|   0|  0|   2|           1|           1|
    |ap_channel_done_layer3_out_118                                                   |       and|   0|  0|   2|           1|           1|
    |ap_channel_done_layer3_out_119                                                   |       and|   0|  0|   2|           1|           1|
    |ap_channel_done_layer3_out_12                                                    |       and|   0|  0|   2|           1|           1|
    |ap_channel_done_layer3_out_120                                                   |       and|   0|  0|   2|           1|           1|
    |ap_channel_done_layer3_out_121                                                   |       and|   0|  0|   2|           1|           1|
    |ap_channel_done_layer3_out_122                                                   |       and|   0|  0|   2|           1|           1|
    |ap_channel_done_layer3_out_123                                                   |       and|   0|  0|   2|           1|           1|
    |ap_channel_done_layer3_out_124                                                   |       and|   0|  0|   2|           1|           1|
    |ap_channel_done_layer3_out_125                                                   |       and|   0|  0|   2|           1|           1|
    |ap_channel_done_layer3_out_126                                                   |       and|   0|  0|   2|           1|           1|
    |ap_channel_done_layer3_out_127                                                   |       and|   0|  0|   2|           1|           1|
    |ap_channel_done_layer3_out_13                                                    |       and|   0|  0|   2|           1|           1|
    |ap_channel_done_layer3_out_14                                                    |       and|   0|  0|   2|           1|           1|
    |ap_channel_done_layer3_out_15                                                    |       and|   0|  0|   2|           1|           1|
    |ap_channel_done_layer3_out_16                                                    |       and|   0|  0|   2|           1|           1|
    |ap_channel_done_layer3_out_17                                                    |       and|   0|  0|   2|           1|           1|
    |ap_channel_done_layer3_out_18                                                    |       and|   0|  0|   2|           1|           1|
    |ap_channel_done_layer3_out_19                                                    |       and|   0|  0|   2|           1|           1|
    |ap_channel_done_layer3_out_2                                                     |       and|   0|  0|   2|           1|           1|
    |ap_channel_done_layer3_out_20                                                    |       and|   0|  0|   2|           1|           1|
    |ap_channel_done_layer3_out_21                                                    |       and|   0|  0|   2|           1|           1|
    |ap_channel_done_layer3_out_22                                                    |       and|   0|  0|   2|           1|           1|
    |ap_channel_done_layer3_out_23                                                    |       and|   0|  0|   2|           1|           1|
    |ap_channel_done_layer3_out_24                                                    |       and|   0|  0|   2|           1|           1|
    |ap_channel_done_layer3_out_25                                                    |       and|   0|  0|   2|           1|           1|
    |ap_channel_done_layer3_out_26                                                    |       and|   0|  0|   2|           1|           1|
    |ap_channel_done_layer3_out_27                                                    |       and|   0|  0|   2|           1|           1|
    |ap_channel_done_layer3_out_28                                                    |       and|   0|  0|   2|           1|           1|
    |ap_channel_done_layer3_out_29                                                    |       and|   0|  0|   2|           1|           1|
    |ap_channel_done_layer3_out_3                                                     |       and|   0|  0|   2|           1|           1|
    |ap_channel_done_layer3_out_30                                                    |       and|   0|  0|   2|           1|           1|
    |ap_channel_done_layer3_out_31                                                    |       and|   0|  0|   2|           1|           1|
    |ap_channel_done_layer3_out_32                                                    |       and|   0|  0|   2|           1|           1|
    |ap_channel_done_layer3_out_33                                                    |       and|   0|  0|   2|           1|           1|
    |ap_channel_done_layer3_out_34                                                    |       and|   0|  0|   2|           1|           1|
    |ap_channel_done_layer3_out_35                                                    |       and|   0|  0|   2|           1|           1|
    |ap_channel_done_layer3_out_36                                                    |       and|   0|  0|   2|           1|           1|
    |ap_channel_done_layer3_out_37                                                    |       and|   0|  0|   2|           1|           1|
    |ap_channel_done_layer3_out_38                                                    |       and|   0|  0|   2|           1|           1|
    |ap_channel_done_layer3_out_39                                                    |       and|   0|  0|   2|           1|           1|
    |ap_channel_done_layer3_out_4                                                     |       and|   0|  0|   2|           1|           1|
    |ap_channel_done_layer3_out_40                                                    |       and|   0|  0|   2|           1|           1|
    |ap_channel_done_layer3_out_41                                                    |       and|   0|  0|   2|           1|           1|
    |ap_channel_done_layer3_out_42                                                    |       and|   0|  0|   2|           1|           1|
    |ap_channel_done_layer3_out_43                                                    |       and|   0|  0|   2|           1|           1|
    |ap_channel_done_layer3_out_44                                                    |       and|   0|  0|   2|           1|           1|
    |ap_channel_done_layer3_out_45                                                    |       and|   0|  0|   2|           1|           1|
    |ap_channel_done_layer3_out_46                                                    |       and|   0|  0|   2|           1|           1|
    |ap_channel_done_layer3_out_47                                                    |       and|   0|  0|   2|           1|           1|
    |ap_channel_done_layer3_out_48                                                    |       and|   0|  0|   2|           1|           1|
    |ap_channel_done_layer3_out_49                                                    |       and|   0|  0|   2|           1|           1|
    |ap_channel_done_layer3_out_5                                                     |       and|   0|  0|   2|           1|           1|
    |ap_channel_done_layer3_out_50                                                    |       and|   0|  0|   2|           1|           1|
    |ap_channel_done_layer3_out_51                                                    |       and|   0|  0|   2|           1|           1|
    |ap_channel_done_layer3_out_52                                                    |       and|   0|  0|   2|           1|           1|
    |ap_channel_done_layer3_out_53                                                    |       and|   0|  0|   2|           1|           1|
    |ap_channel_done_layer3_out_54                                                    |       and|   0|  0|   2|           1|           1|
    |ap_channel_done_layer3_out_55                                                    |       and|   0|  0|   2|           1|           1|
    |ap_channel_done_layer3_out_56                                                    |       and|   0|  0|   2|           1|           1|
    |ap_channel_done_layer3_out_57                                                    |       and|   0|  0|   2|           1|           1|
    |ap_channel_done_layer3_out_58                                                    |       and|   0|  0|   2|           1|           1|
    |ap_channel_done_layer3_out_59                                                    |       and|   0|  0|   2|           1|           1|
    |ap_channel_done_layer3_out_6                                                     |       and|   0|  0|   2|           1|           1|
    |ap_channel_done_layer3_out_60                                                    |       and|   0|  0|   2|           1|           1|
    |ap_channel_done_layer3_out_61                                                    |       and|   0|  0|   2|           1|           1|
    |ap_channel_done_layer3_out_62                                                    |       and|   0|  0|   2|           1|           1|
    |ap_channel_done_layer3_out_63                                                    |       and|   0|  0|   2|           1|           1|
    |ap_channel_done_layer3_out_64                                                    |       and|   0|  0|   2|           1|           1|
    |ap_channel_done_layer3_out_65                                                    |       and|   0|  0|   2|           1|           1|
    |ap_channel_done_layer3_out_66                                                    |       and|   0|  0|   2|           1|           1|
    |ap_channel_done_layer3_out_67                                                    |       and|   0|  0|   2|           1|           1|
    |ap_channel_done_layer3_out_68                                                    |       and|   0|  0|   2|           1|           1|
    |ap_channel_done_layer3_out_69                                                    |       and|   0|  0|   2|           1|           1|
    |ap_channel_done_layer3_out_7                                                     |       and|   0|  0|   2|           1|           1|
    |ap_channel_done_layer3_out_70                                                    |       and|   0|  0|   2|           1|           1|
    |ap_channel_done_layer3_out_71                                                    |       and|   0|  0|   2|           1|           1|
    |ap_channel_done_layer3_out_72                                                    |       and|   0|  0|   2|           1|           1|
    |ap_channel_done_layer3_out_73                                                    |       and|   0|  0|   2|           1|           1|
    |ap_channel_done_layer3_out_74                                                    |       and|   0|  0|   2|           1|           1|
    |ap_channel_done_layer3_out_75                                                    |       and|   0|  0|   2|           1|           1|
    |ap_channel_done_layer3_out_76                                                    |       and|   0|  0|   2|           1|           1|
    |ap_channel_done_layer3_out_77                                                    |       and|   0|  0|   2|           1|           1|
    |ap_channel_done_layer3_out_78                                                    |       and|   0|  0|   2|           1|           1|
    |ap_channel_done_layer3_out_79                                                    |       and|   0|  0|   2|           1|           1|
    |ap_channel_done_layer3_out_8                                                     |       and|   0|  0|   2|           1|           1|
    |ap_channel_done_layer3_out_80                                                    |       and|   0|  0|   2|           1|           1|
    |ap_channel_done_layer3_out_81                                                    |       and|   0|  0|   2|           1|           1|
    |ap_channel_done_layer3_out_82                                                    |       and|   0|  0|   2|           1|           1|
    |ap_channel_done_layer3_out_83                                                    |       and|   0|  0|   2|           1|           1|
    |ap_channel_done_layer3_out_84                                                    |       and|   0|  0|   2|           1|           1|
    |ap_channel_done_layer3_out_85                                                    |       and|   0|  0|   2|           1|           1|
    |ap_channel_done_layer3_out_86                                                    |       and|   0|  0|   2|           1|           1|
    |ap_channel_done_layer3_out_87                                                    |       and|   0|  0|   2|           1|           1|
    |ap_channel_done_layer3_out_88                                                    |       and|   0|  0|   2|           1|           1|
    |ap_channel_done_layer3_out_89                                                    |       and|   0|  0|   2|           1|           1|
    |ap_channel_done_layer3_out_9                                                     |       and|   0|  0|   2|           1|           1|
    |ap_channel_done_layer3_out_90                                                    |       and|   0|  0|   2|           1|           1|
    |ap_channel_done_layer3_out_91                                                    |       and|   0|  0|   2|           1|           1|
    |ap_channel_done_layer3_out_92                                                    |       and|   0|  0|   2|           1|           1|
    |ap_channel_done_layer3_out_93                                                    |       and|   0|  0|   2|           1|           1|
    |ap_channel_done_layer3_out_94                                                    |       and|   0|  0|   2|           1|           1|
    |ap_channel_done_layer3_out_95                                                    |       and|   0|  0|   2|           1|           1|
    |ap_channel_done_layer3_out_96                                                    |       and|   0|  0|   2|           1|           1|
    |ap_channel_done_layer3_out_97                                                    |       and|   0|  0|   2|           1|           1|
    |ap_channel_done_layer3_out_98                                                    |       and|   0|  0|   2|           1|           1|
    |ap_channel_done_layer3_out_99                                                    |       and|   0|  0|   2|           1|           1|
    |ap_channel_done_layer4_out                                                       |       and|   0|  0|   2|           1|           1|
    |ap_channel_done_layer4_out_1                                                     |       and|   0|  0|   2|           1|           1|
    |ap_channel_done_layer4_out_10                                                    |       and|   0|  0|   2|           1|           1|
    |ap_channel_done_layer4_out_100                                                   |       and|   0|  0|   2|           1|           1|
    |ap_channel_done_layer4_out_101                                                   |       and|   0|  0|   2|           1|           1|
    |ap_channel_done_layer4_out_102                                                   |       and|   0|  0|   2|           1|           1|
    |ap_channel_done_layer4_out_103                                                   |       and|   0|  0|   2|           1|           1|
    |ap_channel_done_layer4_out_104                                                   |       and|   0|  0|   2|           1|           1|
    |ap_channel_done_layer4_out_105                                                   |       and|   0|  0|   2|           1|           1|
    |ap_channel_done_layer4_out_106                                                   |       and|   0|  0|   2|           1|           1|
    |ap_channel_done_layer4_out_107                                                   |       and|   0|  0|   2|           1|           1|
    |ap_channel_done_layer4_out_108                                                   |       and|   0|  0|   2|           1|           1|
    |ap_channel_done_layer4_out_109                                                   |       and|   0|  0|   2|           1|           1|
    |ap_channel_done_layer4_out_11                                                    |       and|   0|  0|   2|           1|           1|
    |ap_channel_done_layer4_out_110                                                   |       and|   0|  0|   2|           1|           1|
    |ap_channel_done_layer4_out_111                                                   |       and|   0|  0|   2|           1|           1|
    |ap_channel_done_layer4_out_112                                                   |       and|   0|  0|   2|           1|           1|
    |ap_channel_done_layer4_out_113                                                   |       and|   0|  0|   2|           1|           1|
    |ap_channel_done_layer4_out_114                                                   |       and|   0|  0|   2|           1|           1|
    |ap_channel_done_layer4_out_115                                                   |       and|   0|  0|   2|           1|           1|
    |ap_channel_done_layer4_out_116                                                   |       and|   0|  0|   2|           1|           1|
    |ap_channel_done_layer4_out_117                                                   |       and|   0|  0|   2|           1|           1|
    |ap_channel_done_layer4_out_118                                                   |       and|   0|  0|   2|           1|           1|
    |ap_channel_done_layer4_out_119                                                   |       and|   0|  0|   2|           1|           1|
    |ap_channel_done_layer4_out_12                                                    |       and|   0|  0|   2|           1|           1|
    |ap_channel_done_layer4_out_120                                                   |       and|   0|  0|   2|           1|           1|
    |ap_channel_done_layer4_out_121                                                   |       and|   0|  0|   2|           1|           1|
    |ap_channel_done_layer4_out_122                                                   |       and|   0|  0|   2|           1|           1|
    |ap_channel_done_layer4_out_123                                                   |       and|   0|  0|   2|           1|           1|
    |ap_channel_done_layer4_out_124                                                   |       and|   0|  0|   2|           1|           1|
    |ap_channel_done_layer4_out_125                                                   |       and|   0|  0|   2|           1|           1|
    |ap_channel_done_layer4_out_126                                                   |       and|   0|  0|   2|           1|           1|
    |ap_channel_done_layer4_out_127                                                   |       and|   0|  0|   2|           1|           1|
    |ap_channel_done_layer4_out_13                                                    |       and|   0|  0|   2|           1|           1|
    |ap_channel_done_layer4_out_14                                                    |       and|   0|  0|   2|           1|           1|
    |ap_channel_done_layer4_out_15                                                    |       and|   0|  0|   2|           1|           1|
    |ap_channel_done_layer4_out_16                                                    |       and|   0|  0|   2|           1|           1|
    |ap_channel_done_layer4_out_17                                                    |       and|   0|  0|   2|           1|           1|
    |ap_channel_done_layer4_out_18                                                    |       and|   0|  0|   2|           1|           1|
    |ap_channel_done_layer4_out_19                                                    |       and|   0|  0|   2|           1|           1|
    |ap_channel_done_layer4_out_2                                                     |       and|   0|  0|   2|           1|           1|
    |ap_channel_done_layer4_out_20                                                    |       and|   0|  0|   2|           1|           1|
    |ap_channel_done_layer4_out_21                                                    |       and|   0|  0|   2|           1|           1|
    |ap_channel_done_layer4_out_22                                                    |       and|   0|  0|   2|           1|           1|
    |ap_channel_done_layer4_out_23                                                    |       and|   0|  0|   2|           1|           1|
    |ap_channel_done_layer4_out_24                                                    |       and|   0|  0|   2|           1|           1|
    |ap_channel_done_layer4_out_25                                                    |       and|   0|  0|   2|           1|           1|
    |ap_channel_done_layer4_out_26                                                    |       and|   0|  0|   2|           1|           1|
    |ap_channel_done_layer4_out_27                                                    |       and|   0|  0|   2|           1|           1|
    |ap_channel_done_layer4_out_28                                                    |       and|   0|  0|   2|           1|           1|
    |ap_channel_done_layer4_out_29                                                    |       and|   0|  0|   2|           1|           1|
    |ap_channel_done_layer4_out_3                                                     |       and|   0|  0|   2|           1|           1|
    |ap_channel_done_layer4_out_30                                                    |       and|   0|  0|   2|           1|           1|
    |ap_channel_done_layer4_out_31                                                    |       and|   0|  0|   2|           1|           1|
    |ap_channel_done_layer4_out_32                                                    |       and|   0|  0|   2|           1|           1|
    |ap_channel_done_layer4_out_33                                                    |       and|   0|  0|   2|           1|           1|
    |ap_channel_done_layer4_out_34                                                    |       and|   0|  0|   2|           1|           1|
    |ap_channel_done_layer4_out_35                                                    |       and|   0|  0|   2|           1|           1|
    |ap_channel_done_layer4_out_36                                                    |       and|   0|  0|   2|           1|           1|
    |ap_channel_done_layer4_out_37                                                    |       and|   0|  0|   2|           1|           1|
    |ap_channel_done_layer4_out_38                                                    |       and|   0|  0|   2|           1|           1|
    |ap_channel_done_layer4_out_39                                                    |       and|   0|  0|   2|           1|           1|
    |ap_channel_done_layer4_out_4                                                     |       and|   0|  0|   2|           1|           1|
    |ap_channel_done_layer4_out_40                                                    |       and|   0|  0|   2|           1|           1|
    |ap_channel_done_layer4_out_41                                                    |       and|   0|  0|   2|           1|           1|
    |ap_channel_done_layer4_out_42                                                    |       and|   0|  0|   2|           1|           1|
    |ap_channel_done_layer4_out_43                                                    |       and|   0|  0|   2|           1|           1|
    |ap_channel_done_layer4_out_44                                                    |       and|   0|  0|   2|           1|           1|
    |ap_channel_done_layer4_out_45                                                    |       and|   0|  0|   2|           1|           1|
    |ap_channel_done_layer4_out_46                                                    |       and|   0|  0|   2|           1|           1|
    |ap_channel_done_layer4_out_47                                                    |       and|   0|  0|   2|           1|           1|
    |ap_channel_done_layer4_out_48                                                    |       and|   0|  0|   2|           1|           1|
    |ap_channel_done_layer4_out_49                                                    |       and|   0|  0|   2|           1|           1|
    |ap_channel_done_layer4_out_5                                                     |       and|   0|  0|   2|           1|           1|
    |ap_channel_done_layer4_out_50                                                    |       and|   0|  0|   2|           1|           1|
    |ap_channel_done_layer4_out_51                                                    |       and|   0|  0|   2|           1|           1|
    |ap_channel_done_layer4_out_52                                                    |       and|   0|  0|   2|           1|           1|
    |ap_channel_done_layer4_out_53                                                    |       and|   0|  0|   2|           1|           1|
    |ap_channel_done_layer4_out_54                                                    |       and|   0|  0|   2|           1|           1|
    |ap_channel_done_layer4_out_55                                                    |       and|   0|  0|   2|           1|           1|
    |ap_channel_done_layer4_out_56                                                    |       and|   0|  0|   2|           1|           1|
    |ap_channel_done_layer4_out_57                                                    |       and|   0|  0|   2|           1|           1|
    |ap_channel_done_layer4_out_58                                                    |       and|   0|  0|   2|           1|           1|
    |ap_channel_done_layer4_out_59                                                    |       and|   0|  0|   2|           1|           1|
    |ap_channel_done_layer4_out_6                                                     |       and|   0|  0|   2|           1|           1|
    |ap_channel_done_layer4_out_60                                                    |       and|   0|  0|   2|           1|           1|
    |ap_channel_done_layer4_out_61                                                    |       and|   0|  0|   2|           1|           1|
    |ap_channel_done_layer4_out_62                                                    |       and|   0|  0|   2|           1|           1|
    |ap_channel_done_layer4_out_63                                                    |       and|   0|  0|   2|           1|           1|
    |ap_channel_done_layer4_out_64                                                    |       and|   0|  0|   2|           1|           1|
    |ap_channel_done_layer4_out_65                                                    |       and|   0|  0|   2|           1|           1|
    |ap_channel_done_layer4_out_66                                                    |       and|   0|  0|   2|           1|           1|
    |ap_channel_done_layer4_out_67                                                    |       and|   0|  0|   2|           1|           1|
    |ap_channel_done_layer4_out_68                                                    |       and|   0|  0|   2|           1|           1|
    |ap_channel_done_layer4_out_69                                                    |       and|   0|  0|   2|           1|           1|
    |ap_channel_done_layer4_out_7                                                     |       and|   0|  0|   2|           1|           1|
    |ap_channel_done_layer4_out_70                                                    |       and|   0|  0|   2|           1|           1|
    |ap_channel_done_layer4_out_71                                                    |       and|   0|  0|   2|           1|           1|
    |ap_channel_done_layer4_out_72                                                    |       and|   0|  0|   2|           1|           1|
    |ap_channel_done_layer4_out_73                                                    |       and|   0|  0|   2|           1|           1|
    |ap_channel_done_layer4_out_74                                                    |       and|   0|  0|   2|           1|           1|
    |ap_channel_done_layer4_out_75                                                    |       and|   0|  0|   2|           1|           1|
    |ap_channel_done_layer4_out_76                                                    |       and|   0|  0|   2|           1|           1|
    |ap_channel_done_layer4_out_77                                                    |       and|   0|  0|   2|           1|           1|
    |ap_channel_done_layer4_out_78                                                    |       and|   0|  0|   2|           1|           1|
    |ap_channel_done_layer4_out_79                                                    |       and|   0|  0|   2|           1|           1|
    |ap_channel_done_layer4_out_8                                                     |       and|   0|  0|   2|           1|           1|
    |ap_channel_done_layer4_out_80                                                    |       and|   0|  0|   2|           1|           1|
    |ap_channel_done_layer4_out_81                                                    |       and|   0|  0|   2|           1|           1|
    |ap_channel_done_layer4_out_82                                                    |       and|   0|  0|   2|           1|           1|
    |ap_channel_done_layer4_out_83                                                    |       and|   0|  0|   2|           1|           1|
    |ap_channel_done_layer4_out_84                                                    |       and|   0|  0|   2|           1|           1|
    |ap_channel_done_layer4_out_85                                                    |       and|   0|  0|   2|           1|           1|
    |ap_channel_done_layer4_out_86                                                    |       and|   0|  0|   2|           1|           1|
    |ap_channel_done_layer4_out_87                                                    |       and|   0|  0|   2|           1|           1|
    |ap_channel_done_layer4_out_88                                                    |       and|   0|  0|   2|           1|           1|
    |ap_channel_done_layer4_out_89                                                    |       and|   0|  0|   2|           1|           1|
    |ap_channel_done_layer4_out_9                                                     |       and|   0|  0|   2|           1|           1|
    |ap_channel_done_layer4_out_90                                                    |       and|   0|  0|   2|           1|           1|
    |ap_channel_done_layer4_out_91                                                    |       and|   0|  0|   2|           1|           1|
    |ap_channel_done_layer4_out_92                                                    |       and|   0|  0|   2|           1|           1|
    |ap_channel_done_layer4_out_93                                                    |       and|   0|  0|   2|           1|           1|
    |ap_channel_done_layer4_out_94                                                    |       and|   0|  0|   2|           1|           1|
    |ap_channel_done_layer4_out_95                                                    |       and|   0|  0|   2|           1|           1|
    |ap_channel_done_layer4_out_96                                                    |       and|   0|  0|   2|           1|           1|
    |ap_channel_done_layer4_out_97                                                    |       and|   0|  0|   2|           1|           1|
    |ap_channel_done_layer4_out_98                                                    |       and|   0|  0|   2|           1|           1|
    |ap_channel_done_layer4_out_99                                                    |       and|   0|  0|   2|           1|           1|
    |ap_idle                                                                          |       and|   0|  0|   2|           1|           1|
    |dense_resource_rf_gt_nin_rem0_ap_fixed_ap_fixed_40_20_5_3_0_config6_U0_ap_start  |       and|   0|  0|   2|           1|           1|
    |dense_resource_rf_leq_nin_ap_fixed_ap_fixed_43_23_5_3_0_config3_U0_ap_continue   |       and|   0|  0|   2|           1|           1|
    |relu_ap_fixed_43_23_5_3_0_ap_fixed_16_6_5_3_0_relu_config4_U0_ap_continue        |       and|   0|  0|   2|           1|           1|
    |relu_ap_fixed_43_23_5_3_0_ap_fixed_16_6_5_3_0_relu_config4_U0_ap_start           |       and|   0|  0|   2|           1|           1|
    |ap_sync_channel_write_layer3_out                                                 |        or|   0|  0|   2|           1|           1|
    |ap_sync_channel_write_layer3_out_1                                               |        or|   0|  0|   2|           1|           1|
    |ap_sync_channel_write_layer3_out_10                                              |        or|   0|  0|   2|           1|           1|
    |ap_sync_channel_write_layer3_out_100                                             |        or|   0|  0|   2|           1|           1|
    |ap_sync_channel_write_layer3_out_101                                             |        or|   0|  0|   2|           1|           1|
    |ap_sync_channel_write_layer3_out_102                                             |        or|   0|  0|   2|           1|           1|
    |ap_sync_channel_write_layer3_out_103                                             |        or|   0|  0|   2|           1|           1|
    |ap_sync_channel_write_layer3_out_104                                             |        or|   0|  0|   2|           1|           1|
    |ap_sync_channel_write_layer3_out_105                                             |        or|   0|  0|   2|           1|           1|
    |ap_sync_channel_write_layer3_out_106                                             |        or|   0|  0|   2|           1|           1|
    |ap_sync_channel_write_layer3_out_107                                             |        or|   0|  0|   2|           1|           1|
    |ap_sync_channel_write_layer3_out_108                                             |        or|   0|  0|   2|           1|           1|
    |ap_sync_channel_write_layer3_out_109                                             |        or|   0|  0|   2|           1|           1|
    |ap_sync_channel_write_layer3_out_11                                              |        or|   0|  0|   2|           1|           1|
    |ap_sync_channel_write_layer3_out_110                                             |        or|   0|  0|   2|           1|           1|
    |ap_sync_channel_write_layer3_out_111                                             |        or|   0|  0|   2|           1|           1|
    |ap_sync_channel_write_layer3_out_112                                             |        or|   0|  0|   2|           1|           1|
    |ap_sync_channel_write_layer3_out_113                                             |        or|   0|  0|   2|           1|           1|
    |ap_sync_channel_write_layer3_out_114                                             |        or|   0|  0|   2|           1|           1|
    |ap_sync_channel_write_layer3_out_115                                             |        or|   0|  0|   2|           1|           1|
    |ap_sync_channel_write_layer3_out_116                                             |        or|   0|  0|   2|           1|           1|
    |ap_sync_channel_write_layer3_out_117                                             |        or|   0|  0|   2|           1|           1|
    |ap_sync_channel_write_layer3_out_118                                             |        or|   0|  0|   2|           1|           1|
    |ap_sync_channel_write_layer3_out_119                                             |        or|   0|  0|   2|           1|           1|
    |ap_sync_channel_write_layer3_out_12                                              |        or|   0|  0|   2|           1|           1|
    |ap_sync_channel_write_layer3_out_120                                             |        or|   0|  0|   2|           1|           1|
    |ap_sync_channel_write_layer3_out_121                                             |        or|   0|  0|   2|           1|           1|
    |ap_sync_channel_write_layer3_out_122                                             |        or|   0|  0|   2|           1|           1|
    |ap_sync_channel_write_layer3_out_123                                             |        or|   0|  0|   2|           1|           1|
    |ap_sync_channel_write_layer3_out_124                                             |        or|   0|  0|   2|           1|           1|
    |ap_sync_channel_write_layer3_out_125                                             |        or|   0|  0|   2|           1|           1|
    |ap_sync_channel_write_layer3_out_126                                             |        or|   0|  0|   2|           1|           1|
    |ap_sync_channel_write_layer3_out_127                                             |        or|   0|  0|   2|           1|           1|
    |ap_sync_channel_write_layer3_out_13                                              |        or|   0|  0|   2|           1|           1|
    |ap_sync_channel_write_layer3_out_14                                              |        or|   0|  0|   2|           1|           1|
    |ap_sync_channel_write_layer3_out_15                                              |        or|   0|  0|   2|           1|           1|
    |ap_sync_channel_write_layer3_out_16                                              |        or|   0|  0|   2|           1|           1|
    |ap_sync_channel_write_layer3_out_17                                              |        or|   0|  0|   2|           1|           1|
    |ap_sync_channel_write_layer3_out_18                                              |        or|   0|  0|   2|           1|           1|
    |ap_sync_channel_write_layer3_out_19                                              |        or|   0|  0|   2|           1|           1|
    |ap_sync_channel_write_layer3_out_2                                               |        or|   0|  0|   2|           1|           1|
    |ap_sync_channel_write_layer3_out_20                                              |        or|   0|  0|   2|           1|           1|
    |ap_sync_channel_write_layer3_out_21                                              |        or|   0|  0|   2|           1|           1|
    |ap_sync_channel_write_layer3_out_22                                              |        or|   0|  0|   2|           1|           1|
    |ap_sync_channel_write_layer3_out_23                                              |        or|   0|  0|   2|           1|           1|
    |ap_sync_channel_write_layer3_out_24                                              |        or|   0|  0|   2|           1|           1|
    |ap_sync_channel_write_layer3_out_25                                              |        or|   0|  0|   2|           1|           1|
    |ap_sync_channel_write_layer3_out_26                                              |        or|   0|  0|   2|           1|           1|
    |ap_sync_channel_write_layer3_out_27                                              |        or|   0|  0|   2|           1|           1|
    |ap_sync_channel_write_layer3_out_28                                              |        or|   0|  0|   2|           1|           1|
    |ap_sync_channel_write_layer3_out_29                                              |        or|   0|  0|   2|           1|           1|
    |ap_sync_channel_write_layer3_out_3                                               |        or|   0|  0|   2|           1|           1|
    |ap_sync_channel_write_layer3_out_30                                              |        or|   0|  0|   2|           1|           1|
    |ap_sync_channel_write_layer3_out_31                                              |        or|   0|  0|   2|           1|           1|
    |ap_sync_channel_write_layer3_out_32                                              |        or|   0|  0|   2|           1|           1|
    |ap_sync_channel_write_layer3_out_33                                              |        or|   0|  0|   2|           1|           1|
    |ap_sync_channel_write_layer3_out_34                                              |        or|   0|  0|   2|           1|           1|
    |ap_sync_channel_write_layer3_out_35                                              |        or|   0|  0|   2|           1|           1|
    |ap_sync_channel_write_layer3_out_36                                              |        or|   0|  0|   2|           1|           1|
    |ap_sync_channel_write_layer3_out_37                                              |        or|   0|  0|   2|           1|           1|
    |ap_sync_channel_write_layer3_out_38                                              |        or|   0|  0|   2|           1|           1|
    |ap_sync_channel_write_layer3_out_39                                              |        or|   0|  0|   2|           1|           1|
    |ap_sync_channel_write_layer3_out_4                                               |        or|   0|  0|   2|           1|           1|
    |ap_sync_channel_write_layer3_out_40                                              |        or|   0|  0|   2|           1|           1|
    |ap_sync_channel_write_layer3_out_41                                              |        or|   0|  0|   2|           1|           1|
    |ap_sync_channel_write_layer3_out_42                                              |        or|   0|  0|   2|           1|           1|
    |ap_sync_channel_write_layer3_out_43                                              |        or|   0|  0|   2|           1|           1|
    |ap_sync_channel_write_layer3_out_44                                              |        or|   0|  0|   2|           1|           1|
    |ap_sync_channel_write_layer3_out_45                                              |        or|   0|  0|   2|           1|           1|
    |ap_sync_channel_write_layer3_out_46                                              |        or|   0|  0|   2|           1|           1|
    |ap_sync_channel_write_layer3_out_47                                              |        or|   0|  0|   2|           1|           1|
    |ap_sync_channel_write_layer3_out_48                                              |        or|   0|  0|   2|           1|           1|
    |ap_sync_channel_write_layer3_out_49                                              |        or|   0|  0|   2|           1|           1|
    |ap_sync_channel_write_layer3_out_5                                               |        or|   0|  0|   2|           1|           1|
    |ap_sync_channel_write_layer3_out_50                                              |        or|   0|  0|   2|           1|           1|
    |ap_sync_channel_write_layer3_out_51                                              |        or|   0|  0|   2|           1|           1|
    |ap_sync_channel_write_layer3_out_52                                              |        or|   0|  0|   2|           1|           1|
    |ap_sync_channel_write_layer3_out_53                                              |        or|   0|  0|   2|           1|           1|
    |ap_sync_channel_write_layer3_out_54                                              |        or|   0|  0|   2|           1|           1|
    |ap_sync_channel_write_layer3_out_55                                              |        or|   0|  0|   2|           1|           1|
    |ap_sync_channel_write_layer3_out_56                                              |        or|   0|  0|   2|           1|           1|
    |ap_sync_channel_write_layer3_out_57                                              |        or|   0|  0|   2|           1|           1|
    |ap_sync_channel_write_layer3_out_58                                              |        or|   0|  0|   2|           1|           1|
    |ap_sync_channel_write_layer3_out_59                                              |        or|   0|  0|   2|           1|           1|
    |ap_sync_channel_write_layer3_out_6                                               |        or|   0|  0|   2|           1|           1|
    |ap_sync_channel_write_layer3_out_60                                              |        or|   0|  0|   2|           1|           1|
    |ap_sync_channel_write_layer3_out_61                                              |        or|   0|  0|   2|           1|           1|
    |ap_sync_channel_write_layer3_out_62                                              |        or|   0|  0|   2|           1|           1|
    |ap_sync_channel_write_layer3_out_63                                              |        or|   0|  0|   2|           1|           1|
    |ap_sync_channel_write_layer3_out_64                                              |        or|   0|  0|   2|           1|           1|
    |ap_sync_channel_write_layer3_out_65                                              |        or|   0|  0|   2|           1|           1|
    |ap_sync_channel_write_layer3_out_66                                              |        or|   0|  0|   2|           1|           1|
    |ap_sync_channel_write_layer3_out_67                                              |        or|   0|  0|   2|           1|           1|
    |ap_sync_channel_write_layer3_out_68                                              |        or|   0|  0|   2|           1|           1|
    |ap_sync_channel_write_layer3_out_69                                              |        or|   0|  0|   2|           1|           1|
    |ap_sync_channel_write_layer3_out_7                                               |        or|   0|  0|   2|           1|           1|
    |ap_sync_channel_write_layer3_out_70                                              |        or|   0|  0|   2|           1|           1|
    |ap_sync_channel_write_layer3_out_71                                              |        or|   0|  0|   2|           1|           1|
    |ap_sync_channel_write_layer3_out_72                                              |        or|   0|  0|   2|           1|           1|
    |ap_sync_channel_write_layer3_out_73                                              |        or|   0|  0|   2|           1|           1|
    |ap_sync_channel_write_layer3_out_74                                              |        or|   0|  0|   2|           1|           1|
    |ap_sync_channel_write_layer3_out_75                                              |        or|   0|  0|   2|           1|           1|
    |ap_sync_channel_write_layer3_out_76                                              |        or|   0|  0|   2|           1|           1|
    |ap_sync_channel_write_layer3_out_77                                              |        or|   0|  0|   2|           1|           1|
    |ap_sync_channel_write_layer3_out_78                                              |        or|   0|  0|   2|           1|           1|
    |ap_sync_channel_write_layer3_out_79                                              |        or|   0|  0|   2|           1|           1|
    |ap_sync_channel_write_layer3_out_8                                               |        or|   0|  0|   2|           1|           1|
    |ap_sync_channel_write_layer3_out_80                                              |        or|   0|  0|   2|           1|           1|
    |ap_sync_channel_write_layer3_out_81                                              |        or|   0|  0|   2|           1|           1|
    |ap_sync_channel_write_layer3_out_82                                              |        or|   0|  0|   2|           1|           1|
    |ap_sync_channel_write_layer3_out_83                                              |        or|   0|  0|   2|           1|           1|
    |ap_sync_channel_write_layer3_out_84                                              |        or|   0|  0|   2|           1|           1|
    |ap_sync_channel_write_layer3_out_85                                              |        or|   0|  0|   2|           1|           1|
    |ap_sync_channel_write_layer3_out_86                                              |        or|   0|  0|   2|           1|           1|
    |ap_sync_channel_write_layer3_out_87                                              |        or|   0|  0|   2|           1|           1|
    |ap_sync_channel_write_layer3_out_88                                              |        or|   0|  0|   2|           1|           1|
    |ap_sync_channel_write_layer3_out_89                                              |        or|   0|  0|   2|           1|           1|
    |ap_sync_channel_write_layer3_out_9                                               |        or|   0|  0|   2|           1|           1|
    |ap_sync_channel_write_layer3_out_90                                              |        or|   0|  0|   2|           1|           1|
    |ap_sync_channel_write_layer3_out_91                                              |        or|   0|  0|   2|           1|           1|
    |ap_sync_channel_write_layer3_out_92                                              |        or|   0|  0|   2|           1|           1|
    |ap_sync_channel_write_layer3_out_93                                              |        or|   0|  0|   2|           1|           1|
    |ap_sync_channel_write_layer3_out_94                                              |        or|   0|  0|   2|           1|           1|
    |ap_sync_channel_write_layer3_out_95                                              |        or|   0|  0|   2|           1|           1|
    |ap_sync_channel_write_layer3_out_96                                              |        or|   0|  0|   2|           1|           1|
    |ap_sync_channel_write_layer3_out_97                                              |        or|   0|  0|   2|           1|           1|
    |ap_sync_channel_write_layer3_out_98                                              |        or|   0|  0|   2|           1|           1|
    |ap_sync_channel_write_layer3_out_99                                              |        or|   0|  0|   2|           1|           1|
    |ap_sync_channel_write_layer4_out                                                 |        or|   0|  0|   2|           1|           1|
    |ap_sync_channel_write_layer4_out_1                                               |        or|   0|  0|   2|           1|           1|
    |ap_sync_channel_write_layer4_out_10                                              |        or|   0|  0|   2|           1|           1|
    |ap_sync_channel_write_layer4_out_100                                             |        or|   0|  0|   2|           1|           1|
    |ap_sync_channel_write_layer4_out_101                                             |        or|   0|  0|   2|           1|           1|
    |ap_sync_channel_write_layer4_out_102                                             |        or|   0|  0|   2|           1|           1|
    |ap_sync_channel_write_layer4_out_103                                             |        or|   0|  0|   2|           1|           1|
    |ap_sync_channel_write_layer4_out_104                                             |        or|   0|  0|   2|           1|           1|
    |ap_sync_channel_write_layer4_out_105                                             |        or|   0|  0|   2|           1|           1|
    |ap_sync_channel_write_layer4_out_106                                             |        or|   0|  0|   2|           1|           1|
    |ap_sync_channel_write_layer4_out_107                                             |        or|   0|  0|   2|           1|           1|
    |ap_sync_channel_write_layer4_out_108                                             |        or|   0|  0|   2|           1|           1|
    |ap_sync_channel_write_layer4_out_109                                             |        or|   0|  0|   2|           1|           1|
    |ap_sync_channel_write_layer4_out_11                                              |        or|   0|  0|   2|           1|           1|
    |ap_sync_channel_write_layer4_out_110                                             |        or|   0|  0|   2|           1|           1|
    |ap_sync_channel_write_layer4_out_111                                             |        or|   0|  0|   2|           1|           1|
    |ap_sync_channel_write_layer4_out_112                                             |        or|   0|  0|   2|           1|           1|
    |ap_sync_channel_write_layer4_out_113                                             |        or|   0|  0|   2|           1|           1|
    |ap_sync_channel_write_layer4_out_114                                             |        or|   0|  0|   2|           1|           1|
    |ap_sync_channel_write_layer4_out_115                                             |        or|   0|  0|   2|           1|           1|
    |ap_sync_channel_write_layer4_out_116                                             |        or|   0|  0|   2|           1|           1|
    |ap_sync_channel_write_layer4_out_117                                             |        or|   0|  0|   2|           1|           1|
    |ap_sync_channel_write_layer4_out_118                                             |        or|   0|  0|   2|           1|           1|
    |ap_sync_channel_write_layer4_out_119                                             |        or|   0|  0|   2|           1|           1|
    |ap_sync_channel_write_layer4_out_12                                              |        or|   0|  0|   2|           1|           1|
    |ap_sync_channel_write_layer4_out_120                                             |        or|   0|  0|   2|           1|           1|
    |ap_sync_channel_write_layer4_out_121                                             |        or|   0|  0|   2|           1|           1|
    |ap_sync_channel_write_layer4_out_122                                             |        or|   0|  0|   2|           1|           1|
    |ap_sync_channel_write_layer4_out_123                                             |        or|   0|  0|   2|           1|           1|
    |ap_sync_channel_write_layer4_out_124                                             |        or|   0|  0|   2|           1|           1|
    |ap_sync_channel_write_layer4_out_125                                             |        or|   0|  0|   2|           1|           1|
    |ap_sync_channel_write_layer4_out_126                                             |        or|   0|  0|   2|           1|           1|
    |ap_sync_channel_write_layer4_out_127                                             |        or|   0|  0|   2|           1|           1|
    |ap_sync_channel_write_layer4_out_13                                              |        or|   0|  0|   2|           1|           1|
    |ap_sync_channel_write_layer4_out_14                                              |        or|   0|  0|   2|           1|           1|
    |ap_sync_channel_write_layer4_out_15                                              |        or|   0|  0|   2|           1|           1|
    |ap_sync_channel_write_layer4_out_16                                              |        or|   0|  0|   2|           1|           1|
    |ap_sync_channel_write_layer4_out_17                                              |        or|   0|  0|   2|           1|           1|
    |ap_sync_channel_write_layer4_out_18                                              |        or|   0|  0|   2|           1|           1|
    |ap_sync_channel_write_layer4_out_19                                              |        or|   0|  0|   2|           1|           1|
    |ap_sync_channel_write_layer4_out_2                                               |        or|   0|  0|   2|           1|           1|
    |ap_sync_channel_write_layer4_out_20                                              |        or|   0|  0|   2|           1|           1|
    |ap_sync_channel_write_layer4_out_21                                              |        or|   0|  0|   2|           1|           1|
    |ap_sync_channel_write_layer4_out_22                                              |        or|   0|  0|   2|           1|           1|
    |ap_sync_channel_write_layer4_out_23                                              |        or|   0|  0|   2|           1|           1|
    |ap_sync_channel_write_layer4_out_24                                              |        or|   0|  0|   2|           1|           1|
    |ap_sync_channel_write_layer4_out_25                                              |        or|   0|  0|   2|           1|           1|
    |ap_sync_channel_write_layer4_out_26                                              |        or|   0|  0|   2|           1|           1|
    |ap_sync_channel_write_layer4_out_27                                              |        or|   0|  0|   2|           1|           1|
    |ap_sync_channel_write_layer4_out_28                                              |        or|   0|  0|   2|           1|           1|
    |ap_sync_channel_write_layer4_out_29                                              |        or|   0|  0|   2|           1|           1|
    |ap_sync_channel_write_layer4_out_3                                               |        or|   0|  0|   2|           1|           1|
    |ap_sync_channel_write_layer4_out_30                                              |        or|   0|  0|   2|           1|           1|
    |ap_sync_channel_write_layer4_out_31                                              |        or|   0|  0|   2|           1|           1|
    |ap_sync_channel_write_layer4_out_32                                              |        or|   0|  0|   2|           1|           1|
    |ap_sync_channel_write_layer4_out_33                                              |        or|   0|  0|   2|           1|           1|
    |ap_sync_channel_write_layer4_out_34                                              |        or|   0|  0|   2|           1|           1|
    |ap_sync_channel_write_layer4_out_35                                              |        or|   0|  0|   2|           1|           1|
    |ap_sync_channel_write_layer4_out_36                                              |        or|   0|  0|   2|           1|           1|
    |ap_sync_channel_write_layer4_out_37                                              |        or|   0|  0|   2|           1|           1|
    |ap_sync_channel_write_layer4_out_38                                              |        or|   0|  0|   2|           1|           1|
    |ap_sync_channel_write_layer4_out_39                                              |        or|   0|  0|   2|           1|           1|
    |ap_sync_channel_write_layer4_out_4                                               |        or|   0|  0|   2|           1|           1|
    |ap_sync_channel_write_layer4_out_40                                              |        or|   0|  0|   2|           1|           1|
    |ap_sync_channel_write_layer4_out_41                                              |        or|   0|  0|   2|           1|           1|
    |ap_sync_channel_write_layer4_out_42                                              |        or|   0|  0|   2|           1|           1|
    |ap_sync_channel_write_layer4_out_43                                              |        or|   0|  0|   2|           1|           1|
    |ap_sync_channel_write_layer4_out_44                                              |        or|   0|  0|   2|           1|           1|
    |ap_sync_channel_write_layer4_out_45                                              |        or|   0|  0|   2|           1|           1|
    |ap_sync_channel_write_layer4_out_46                                              |        or|   0|  0|   2|           1|           1|
    |ap_sync_channel_write_layer4_out_47                                              |        or|   0|  0|   2|           1|           1|
    |ap_sync_channel_write_layer4_out_48                                              |        or|   0|  0|   2|           1|           1|
    |ap_sync_channel_write_layer4_out_49                                              |        or|   0|  0|   2|           1|           1|
    |ap_sync_channel_write_layer4_out_5                                               |        or|   0|  0|   2|           1|           1|
    |ap_sync_channel_write_layer4_out_50                                              |        or|   0|  0|   2|           1|           1|
    |ap_sync_channel_write_layer4_out_51                                              |        or|   0|  0|   2|           1|           1|
    |ap_sync_channel_write_layer4_out_52                                              |        or|   0|  0|   2|           1|           1|
    |ap_sync_channel_write_layer4_out_53                                              |        or|   0|  0|   2|           1|           1|
    |ap_sync_channel_write_layer4_out_54                                              |        or|   0|  0|   2|           1|           1|
    |ap_sync_channel_write_layer4_out_55                                              |        or|   0|  0|   2|           1|           1|
    |ap_sync_channel_write_layer4_out_56                                              |        or|   0|  0|   2|           1|           1|
    |ap_sync_channel_write_layer4_out_57                                              |        or|   0|  0|   2|           1|           1|
    |ap_sync_channel_write_layer4_out_58                                              |        or|   0|  0|   2|           1|           1|
    |ap_sync_channel_write_layer4_out_59                                              |        or|   0|  0|   2|           1|           1|
    |ap_sync_channel_write_layer4_out_6                                               |        or|   0|  0|   2|           1|           1|
    |ap_sync_channel_write_layer4_out_60                                              |        or|   0|  0|   2|           1|           1|
    |ap_sync_channel_write_layer4_out_61                                              |        or|   0|  0|   2|           1|           1|
    |ap_sync_channel_write_layer4_out_62                                              |        or|   0|  0|   2|           1|           1|
    |ap_sync_channel_write_layer4_out_63                                              |        or|   0|  0|   2|           1|           1|
    |ap_sync_channel_write_layer4_out_64                                              |        or|   0|  0|   2|           1|           1|
    |ap_sync_channel_write_layer4_out_65                                              |        or|   0|  0|   2|           1|           1|
    |ap_sync_channel_write_layer4_out_66                                              |        or|   0|  0|   2|           1|           1|
    |ap_sync_channel_write_layer4_out_67                                              |        or|   0|  0|   2|           1|           1|
    |ap_sync_channel_write_layer4_out_68                                              |        or|   0|  0|   2|           1|           1|
    |ap_sync_channel_write_layer4_out_69                                              |        or|   0|  0|   2|           1|           1|
    |ap_sync_channel_write_layer4_out_7                                               |        or|   0|  0|   2|           1|           1|
    |ap_sync_channel_write_layer4_out_70                                              |        or|   0|  0|   2|           1|           1|
    |ap_sync_channel_write_layer4_out_71                                              |        or|   0|  0|   2|           1|           1|
    |ap_sync_channel_write_layer4_out_72                                              |        or|   0|  0|   2|           1|           1|
    |ap_sync_channel_write_layer4_out_73                                              |        or|   0|  0|   2|           1|           1|
    |ap_sync_channel_write_layer4_out_74                                              |        or|   0|  0|   2|           1|           1|
    |ap_sync_channel_write_layer4_out_75                                              |        or|   0|  0|   2|           1|           1|
    |ap_sync_channel_write_layer4_out_76                                              |        or|   0|  0|   2|           1|           1|
    |ap_sync_channel_write_layer4_out_77                                              |        or|   0|  0|   2|           1|           1|
    |ap_sync_channel_write_layer4_out_78                                              |        or|   0|  0|   2|           1|           1|
    |ap_sync_channel_write_layer4_out_79                                              |        or|   0|  0|   2|           1|           1|
    |ap_sync_channel_write_layer4_out_8                                               |        or|   0|  0|   2|           1|           1|
    |ap_sync_channel_write_layer4_out_80                                              |        or|   0|  0|   2|           1|           1|
    |ap_sync_channel_write_layer4_out_81                                              |        or|   0|  0|   2|           1|           1|
    |ap_sync_channel_write_layer4_out_82                                              |        or|   0|  0|   2|           1|           1|
    |ap_sync_channel_write_layer4_out_83                                              |        or|   0|  0|   2|           1|           1|
    |ap_sync_channel_write_layer4_out_84                                              |        or|   0|  0|   2|           1|           1|
    |ap_sync_channel_write_layer4_out_85                                              |        or|   0|  0|   2|           1|           1|
    |ap_sync_channel_write_layer4_out_86                                              |        or|   0|  0|   2|           1|           1|
    |ap_sync_channel_write_layer4_out_87                                              |        or|   0|  0|   2|           1|           1|
    |ap_sync_channel_write_layer4_out_88                                              |        or|   0|  0|   2|           1|           1|
    |ap_sync_channel_write_layer4_out_89                                              |        or|   0|  0|   2|           1|           1|
    |ap_sync_channel_write_layer4_out_9                                               |        or|   0|  0|   2|           1|           1|
    |ap_sync_channel_write_layer4_out_90                                              |        or|   0|  0|   2|           1|           1|
    |ap_sync_channel_write_layer4_out_91                                              |        or|   0|  0|   2|           1|           1|
    |ap_sync_channel_write_layer4_out_92                                              |        or|   0|  0|   2|           1|           1|
    |ap_sync_channel_write_layer4_out_93                                              |        or|   0|  0|   2|           1|           1|
    |ap_sync_channel_write_layer4_out_94                                              |        or|   0|  0|   2|           1|           1|
    |ap_sync_channel_write_layer4_out_95                                              |        or|   0|  0|   2|           1|           1|
    |ap_sync_channel_write_layer4_out_96                                              |        or|   0|  0|   2|           1|           1|
    |ap_sync_channel_write_layer4_out_97                                              |        or|   0|  0|   2|           1|           1|
    |ap_sync_channel_write_layer4_out_98                                              |        or|   0|  0|   2|           1|           1|
    |ap_sync_channel_write_layer4_out_99                                              |        or|   0|  0|   2|           1|           1|
    +---------------------------------------------------------------------------------+----------+----+---+----+------------+------------+
    |Total                                                                            |          |   0|  0|1034|         517|         517|
    +---------------------------------------------------------------------------------+----------+----+---+----+------------+------------+

    * Multiplexer: 
    +------------------------------------------+----+-----------+-----+-----------+
    |                   Name                   | LUT| Input Size| Bits| Total Bits|
    +------------------------------------------+----+-----------+-----+-----------+
    |ap_sync_reg_channel_write_layer3_out      |   9|          2|    1|          2|
    |ap_sync_reg_channel_write_layer3_out_1    |   9|          2|    1|          2|
    |ap_sync_reg_channel_write_layer3_out_10   |   9|          2|    1|          2|
    |ap_sync_reg_channel_write_layer3_out_100  |   9|          2|    1|          2|
    |ap_sync_reg_channel_write_layer3_out_101  |   9|          2|    1|          2|
    |ap_sync_reg_channel_write_layer3_out_102  |   9|          2|    1|          2|
    |ap_sync_reg_channel_write_layer3_out_103  |   9|          2|    1|          2|
    |ap_sync_reg_channel_write_layer3_out_104  |   9|          2|    1|          2|
    |ap_sync_reg_channel_write_layer3_out_105  |   9|          2|    1|          2|
    |ap_sync_reg_channel_write_layer3_out_106  |   9|          2|    1|          2|
    |ap_sync_reg_channel_write_layer3_out_107  |   9|          2|    1|          2|
    |ap_sync_reg_channel_write_layer3_out_108  |   9|          2|    1|          2|
    |ap_sync_reg_channel_write_layer3_out_109  |   9|          2|    1|          2|
    |ap_sync_reg_channel_write_layer3_out_11   |   9|          2|    1|          2|
    |ap_sync_reg_channel_write_layer3_out_110  |   9|          2|    1|          2|
    |ap_sync_reg_channel_write_layer3_out_111  |   9|          2|    1|          2|
    |ap_sync_reg_channel_write_layer3_out_112  |   9|          2|    1|          2|
    |ap_sync_reg_channel_write_layer3_out_113  |   9|          2|    1|          2|
    |ap_sync_reg_channel_write_layer3_out_114  |   9|          2|    1|          2|
    |ap_sync_reg_channel_write_layer3_out_115  |   9|          2|    1|          2|
    |ap_sync_reg_channel_write_layer3_out_116  |   9|          2|    1|          2|
    |ap_sync_reg_channel_write_layer3_out_117  |   9|          2|    1|          2|
    |ap_sync_reg_channel_write_layer3_out_118  |   9|          2|    1|          2|
    |ap_sync_reg_channel_write_layer3_out_119  |   9|          2|    1|          2|
    |ap_sync_reg_channel_write_layer3_out_12   |   9|          2|    1|          2|
    |ap_sync_reg_channel_write_layer3_out_120  |   9|          2|    1|          2|
    |ap_sync_reg_channel_write_layer3_out_121  |   9|          2|    1|          2|
    |ap_sync_reg_channel_write_layer3_out_122  |   9|          2|    1|          2|
    |ap_sync_reg_channel_write_layer3_out_123  |   9|          2|    1|          2|
    |ap_sync_reg_channel_write_layer3_out_124  |   9|          2|    1|          2|
    |ap_sync_reg_channel_write_layer3_out_125  |   9|          2|    1|          2|
    |ap_sync_reg_channel_write_layer3_out_126  |   9|          2|    1|          2|
    |ap_sync_reg_channel_write_layer3_out_127  |   9|          2|    1|          2|
    |ap_sync_reg_channel_write_layer3_out_13   |   9|          2|    1|          2|
    |ap_sync_reg_channel_write_layer3_out_14   |   9|          2|    1|          2|
    |ap_sync_reg_channel_write_layer3_out_15   |   9|          2|    1|          2|
    |ap_sync_reg_channel_write_layer3_out_16   |   9|          2|    1|          2|
    |ap_sync_reg_channel_write_layer3_out_17   |   9|          2|    1|          2|
    |ap_sync_reg_channel_write_layer3_out_18   |   9|          2|    1|          2|
    |ap_sync_reg_channel_write_layer3_out_19   |   9|          2|    1|          2|
    |ap_sync_reg_channel_write_layer3_out_2    |   9|          2|    1|          2|
    |ap_sync_reg_channel_write_layer3_out_20   |   9|          2|    1|          2|
    |ap_sync_reg_channel_write_layer3_out_21   |   9|          2|    1|          2|
    |ap_sync_reg_channel_write_layer3_out_22   |   9|          2|    1|          2|
    |ap_sync_reg_channel_write_layer3_out_23   |   9|          2|    1|          2|
    |ap_sync_reg_channel_write_layer3_out_24   |   9|          2|    1|          2|
    |ap_sync_reg_channel_write_layer3_out_25   |   9|          2|    1|          2|
    |ap_sync_reg_channel_write_layer3_out_26   |   9|          2|    1|          2|
    |ap_sync_reg_channel_write_layer3_out_27   |   9|          2|    1|          2|
    |ap_sync_reg_channel_write_layer3_out_28   |   9|          2|    1|          2|
    |ap_sync_reg_channel_write_layer3_out_29   |   9|          2|    1|          2|
    |ap_sync_reg_channel_write_layer3_out_3    |   9|          2|    1|          2|
    |ap_sync_reg_channel_write_layer3_out_30   |   9|          2|    1|          2|
    |ap_sync_reg_channel_write_layer3_out_31   |   9|          2|    1|          2|
    |ap_sync_reg_channel_write_layer3_out_32   |   9|          2|    1|          2|
    |ap_sync_reg_channel_write_layer3_out_33   |   9|          2|    1|          2|
    |ap_sync_reg_channel_write_layer3_out_34   |   9|          2|    1|          2|
    |ap_sync_reg_channel_write_layer3_out_35   |   9|          2|    1|          2|
    |ap_sync_reg_channel_write_layer3_out_36   |   9|          2|    1|          2|
    |ap_sync_reg_channel_write_layer3_out_37   |   9|          2|    1|          2|
    |ap_sync_reg_channel_write_layer3_out_38   |   9|          2|    1|          2|
    |ap_sync_reg_channel_write_layer3_out_39   |   9|          2|    1|          2|
    |ap_sync_reg_channel_write_layer3_out_4    |   9|          2|    1|          2|
    |ap_sync_reg_channel_write_layer3_out_40   |   9|          2|    1|          2|
    |ap_sync_reg_channel_write_layer3_out_41   |   9|          2|    1|          2|
    |ap_sync_reg_channel_write_layer3_out_42   |   9|          2|    1|          2|
    |ap_sync_reg_channel_write_layer3_out_43   |   9|          2|    1|          2|
    |ap_sync_reg_channel_write_layer3_out_44   |   9|          2|    1|          2|
    |ap_sync_reg_channel_write_layer3_out_45   |   9|          2|    1|          2|
    |ap_sync_reg_channel_write_layer3_out_46   |   9|          2|    1|          2|
    |ap_sync_reg_channel_write_layer3_out_47   |   9|          2|    1|          2|
    |ap_sync_reg_channel_write_layer3_out_48   |   9|          2|    1|          2|
    |ap_sync_reg_channel_write_layer3_out_49   |   9|          2|    1|          2|
    |ap_sync_reg_channel_write_layer3_out_5    |   9|          2|    1|          2|
    |ap_sync_reg_channel_write_layer3_out_50   |   9|          2|    1|          2|
    |ap_sync_reg_channel_write_layer3_out_51   |   9|          2|    1|          2|
    |ap_sync_reg_channel_write_layer3_out_52   |   9|          2|    1|          2|
    |ap_sync_reg_channel_write_layer3_out_53   |   9|          2|    1|          2|
    |ap_sync_reg_channel_write_layer3_out_54   |   9|          2|    1|          2|
    |ap_sync_reg_channel_write_layer3_out_55   |   9|          2|    1|          2|
    |ap_sync_reg_channel_write_layer3_out_56   |   9|          2|    1|          2|
    |ap_sync_reg_channel_write_layer3_out_57   |   9|          2|    1|          2|
    |ap_sync_reg_channel_write_layer3_out_58   |   9|          2|    1|          2|
    |ap_sync_reg_channel_write_layer3_out_59   |   9|          2|    1|          2|
    |ap_sync_reg_channel_write_layer3_out_6    |   9|          2|    1|          2|
    |ap_sync_reg_channel_write_layer3_out_60   |   9|          2|    1|          2|
    |ap_sync_reg_channel_write_layer3_out_61   |   9|          2|    1|          2|
    |ap_sync_reg_channel_write_layer3_out_62   |   9|          2|    1|          2|
    |ap_sync_reg_channel_write_layer3_out_63   |   9|          2|    1|          2|
    |ap_sync_reg_channel_write_layer3_out_64   |   9|          2|    1|          2|
    |ap_sync_reg_channel_write_layer3_out_65   |   9|          2|    1|          2|
    |ap_sync_reg_channel_write_layer3_out_66   |   9|          2|    1|          2|
    |ap_sync_reg_channel_write_layer3_out_67   |   9|          2|    1|          2|
    |ap_sync_reg_channel_write_layer3_out_68   |   9|          2|    1|          2|
    |ap_sync_reg_channel_write_layer3_out_69   |   9|          2|    1|          2|
    |ap_sync_reg_channel_write_layer3_out_7    |   9|          2|    1|          2|
    |ap_sync_reg_channel_write_layer3_out_70   |   9|          2|    1|          2|
    |ap_sync_reg_channel_write_layer3_out_71   |   9|          2|    1|          2|
    |ap_sync_reg_channel_write_layer3_out_72   |   9|          2|    1|          2|
    |ap_sync_reg_channel_write_layer3_out_73   |   9|          2|    1|          2|
    |ap_sync_reg_channel_write_layer3_out_74   |   9|          2|    1|          2|
    |ap_sync_reg_channel_write_layer3_out_75   |   9|          2|    1|          2|
    |ap_sync_reg_channel_write_layer3_out_76   |   9|          2|    1|          2|
    |ap_sync_reg_channel_write_layer3_out_77   |   9|          2|    1|          2|
    |ap_sync_reg_channel_write_layer3_out_78   |   9|          2|    1|          2|
    |ap_sync_reg_channel_write_layer3_out_79   |   9|          2|    1|          2|
    |ap_sync_reg_channel_write_layer3_out_8    |   9|          2|    1|          2|
    |ap_sync_reg_channel_write_layer3_out_80   |   9|          2|    1|          2|
    |ap_sync_reg_channel_write_layer3_out_81   |   9|          2|    1|          2|
    |ap_sync_reg_channel_write_layer3_out_82   |   9|          2|    1|          2|
    |ap_sync_reg_channel_write_layer3_out_83   |   9|          2|    1|          2|
    |ap_sync_reg_channel_write_layer3_out_84   |   9|          2|    1|          2|
    |ap_sync_reg_channel_write_layer3_out_85   |   9|          2|    1|          2|
    |ap_sync_reg_channel_write_layer3_out_86   |   9|          2|    1|          2|
    |ap_sync_reg_channel_write_layer3_out_87   |   9|          2|    1|          2|
    |ap_sync_reg_channel_write_layer3_out_88   |   9|          2|    1|          2|
    |ap_sync_reg_channel_write_layer3_out_89   |   9|          2|    1|          2|
    |ap_sync_reg_channel_write_layer3_out_9    |   9|          2|    1|          2|
    |ap_sync_reg_channel_write_layer3_out_90   |   9|          2|    1|          2|
    |ap_sync_reg_channel_write_layer3_out_91   |   9|          2|    1|          2|
    |ap_sync_reg_channel_write_layer3_out_92   |   9|          2|    1|          2|
    |ap_sync_reg_channel_write_layer3_out_93   |   9|          2|    1|          2|
    |ap_sync_reg_channel_write_layer3_out_94   |   9|          2|    1|          2|
    |ap_sync_reg_channel_write_layer3_out_95   |   9|          2|    1|          2|
    |ap_sync_reg_channel_write_layer3_out_96   |   9|          2|    1|          2|
    |ap_sync_reg_channel_write_layer3_out_97   |   9|          2|    1|          2|
    |ap_sync_reg_channel_write_layer3_out_98   |   9|          2|    1|          2|
    |ap_sync_reg_channel_write_layer3_out_99   |   9|          2|    1|          2|
    |ap_sync_reg_channel_write_layer4_out      |   9|          2|    1|          2|
    |ap_sync_reg_channel_write_layer4_out_1    |   9|          2|    1|          2|
    |ap_sync_reg_channel_write_layer4_out_10   |   9|          2|    1|          2|
    |ap_sync_reg_channel_write_layer4_out_100  |   9|          2|    1|          2|
    |ap_sync_reg_channel_write_layer4_out_101  |   9|          2|    1|          2|
    |ap_sync_reg_channel_write_layer4_out_102  |   9|          2|    1|          2|
    |ap_sync_reg_channel_write_layer4_out_103  |   9|          2|    1|          2|
    |ap_sync_reg_channel_write_layer4_out_104  |   9|          2|    1|          2|
    |ap_sync_reg_channel_write_layer4_out_105  |   9|          2|    1|          2|
    |ap_sync_reg_channel_write_layer4_out_106  |   9|          2|    1|          2|
    |ap_sync_reg_channel_write_layer4_out_107  |   9|          2|    1|          2|
    |ap_sync_reg_channel_write_layer4_out_108  |   9|          2|    1|          2|
    |ap_sync_reg_channel_write_layer4_out_109  |   9|          2|    1|          2|
    |ap_sync_reg_channel_write_layer4_out_11   |   9|          2|    1|          2|
    |ap_sync_reg_channel_write_layer4_out_110  |   9|          2|    1|          2|
    |ap_sync_reg_channel_write_layer4_out_111  |   9|          2|    1|          2|
    |ap_sync_reg_channel_write_layer4_out_112  |   9|          2|    1|          2|
    |ap_sync_reg_channel_write_layer4_out_113  |   9|          2|    1|          2|
    |ap_sync_reg_channel_write_layer4_out_114  |   9|          2|    1|          2|
    |ap_sync_reg_channel_write_layer4_out_115  |   9|          2|    1|          2|
    |ap_sync_reg_channel_write_layer4_out_116  |   9|          2|    1|          2|
    |ap_sync_reg_channel_write_layer4_out_117  |   9|          2|    1|          2|
    |ap_sync_reg_channel_write_layer4_out_118  |   9|          2|    1|          2|
    |ap_sync_reg_channel_write_layer4_out_119  |   9|          2|    1|          2|
    |ap_sync_reg_channel_write_layer4_out_12   |   9|          2|    1|          2|
    |ap_sync_reg_channel_write_layer4_out_120  |   9|          2|    1|          2|
    |ap_sync_reg_channel_write_layer4_out_121  |   9|          2|    1|          2|
    |ap_sync_reg_channel_write_layer4_out_122  |   9|          2|    1|          2|
    |ap_sync_reg_channel_write_layer4_out_123  |   9|          2|    1|          2|
    |ap_sync_reg_channel_write_layer4_out_124  |   9|          2|    1|          2|
    |ap_sync_reg_channel_write_layer4_out_125  |   9|          2|    1|          2|
    |ap_sync_reg_channel_write_layer4_out_126  |   9|          2|    1|          2|
    |ap_sync_reg_channel_write_layer4_out_127  |   9|          2|    1|          2|
    |ap_sync_reg_channel_write_layer4_out_13   |   9|          2|    1|          2|
    |ap_sync_reg_channel_write_layer4_out_14   |   9|          2|    1|          2|
    |ap_sync_reg_channel_write_layer4_out_15   |   9|          2|    1|          2|
    |ap_sync_reg_channel_write_layer4_out_16   |   9|          2|    1|          2|
    |ap_sync_reg_channel_write_layer4_out_17   |   9|          2|    1|          2|
    |ap_sync_reg_channel_write_layer4_out_18   |   9|          2|    1|          2|
    |ap_sync_reg_channel_write_layer4_out_19   |   9|          2|    1|          2|
    |ap_sync_reg_channel_write_layer4_out_2    |   9|          2|    1|          2|
    |ap_sync_reg_channel_write_layer4_out_20   |   9|          2|    1|          2|
    |ap_sync_reg_channel_write_layer4_out_21   |   9|          2|    1|          2|
    |ap_sync_reg_channel_write_layer4_out_22   |   9|          2|    1|          2|
    |ap_sync_reg_channel_write_layer4_out_23   |   9|          2|    1|          2|
    |ap_sync_reg_channel_write_layer4_out_24   |   9|          2|    1|          2|
    |ap_sync_reg_channel_write_layer4_out_25   |   9|          2|    1|          2|
    |ap_sync_reg_channel_write_layer4_out_26   |   9|          2|    1|          2|
    |ap_sync_reg_channel_write_layer4_out_27   |   9|          2|    1|          2|
    |ap_sync_reg_channel_write_layer4_out_28   |   9|          2|    1|          2|
    |ap_sync_reg_channel_write_layer4_out_29   |   9|          2|    1|          2|
    |ap_sync_reg_channel_write_layer4_out_3    |   9|          2|    1|          2|
    |ap_sync_reg_channel_write_layer4_out_30   |   9|          2|    1|          2|
    |ap_sync_reg_channel_write_layer4_out_31   |   9|          2|    1|          2|
    |ap_sync_reg_channel_write_layer4_out_32   |   9|          2|    1|          2|
    |ap_sync_reg_channel_write_layer4_out_33   |   9|          2|    1|          2|
    |ap_sync_reg_channel_write_layer4_out_34   |   9|          2|    1|          2|
    |ap_sync_reg_channel_write_layer4_out_35   |   9|          2|    1|          2|
    |ap_sync_reg_channel_write_layer4_out_36   |   9|          2|    1|          2|
    |ap_sync_reg_channel_write_layer4_out_37   |   9|          2|    1|          2|
    |ap_sync_reg_channel_write_layer4_out_38   |   9|          2|    1|          2|
    |ap_sync_reg_channel_write_layer4_out_39   |   9|          2|    1|          2|
    |ap_sync_reg_channel_write_layer4_out_4    |   9|          2|    1|          2|
    |ap_sync_reg_channel_write_layer4_out_40   |   9|          2|    1|          2|
    |ap_sync_reg_channel_write_layer4_out_41   |   9|          2|    1|          2|
    |ap_sync_reg_channel_write_layer4_out_42   |   9|          2|    1|          2|
    |ap_sync_reg_channel_write_layer4_out_43   |   9|          2|    1|          2|
    |ap_sync_reg_channel_write_layer4_out_44   |   9|          2|    1|          2|
    |ap_sync_reg_channel_write_layer4_out_45   |   9|          2|    1|          2|
    |ap_sync_reg_channel_write_layer4_out_46   |   9|          2|    1|          2|
    |ap_sync_reg_channel_write_layer4_out_47   |   9|          2|    1|          2|
    |ap_sync_reg_channel_write_layer4_out_48   |   9|          2|    1|          2|
    |ap_sync_reg_channel_write_layer4_out_49   |   9|          2|    1|          2|
    |ap_sync_reg_channel_write_layer4_out_5    |   9|          2|    1|          2|
    |ap_sync_reg_channel_write_layer4_out_50   |   9|          2|    1|          2|
    |ap_sync_reg_channel_write_layer4_out_51   |   9|          2|    1|          2|
    |ap_sync_reg_channel_write_layer4_out_52   |   9|          2|    1|          2|
    |ap_sync_reg_channel_write_layer4_out_53   |   9|          2|    1|          2|
    |ap_sync_reg_channel_write_layer4_out_54   |   9|          2|    1|          2|
    |ap_sync_reg_channel_write_layer4_out_55   |   9|          2|    1|          2|
    |ap_sync_reg_channel_write_layer4_out_56   |   9|          2|    1|          2|
    |ap_sync_reg_channel_write_layer4_out_57   |   9|          2|    1|          2|
    |ap_sync_reg_channel_write_layer4_out_58   |   9|          2|    1|          2|
    |ap_sync_reg_channel_write_layer4_out_59   |   9|          2|    1|          2|
    |ap_sync_reg_channel_write_layer4_out_6    |   9|          2|    1|          2|
    |ap_sync_reg_channel_write_layer4_out_60   |   9|          2|    1|          2|
    |ap_sync_reg_channel_write_layer4_out_61   |   9|          2|    1|          2|
    |ap_sync_reg_channel_write_layer4_out_62   |   9|          2|    1|          2|
    |ap_sync_reg_channel_write_layer4_out_63   |   9|          2|    1|          2|
    |ap_sync_reg_channel_write_layer4_out_64   |   9|          2|    1|          2|
    |ap_sync_reg_channel_write_layer4_out_65   |   9|          2|    1|          2|
    |ap_sync_reg_channel_write_layer4_out_66   |   9|          2|    1|          2|
    |ap_sync_reg_channel_write_layer4_out_67   |   9|          2|    1|          2|
    |ap_sync_reg_channel_write_layer4_out_68   |   9|          2|    1|          2|
    |ap_sync_reg_channel_write_layer4_out_69   |   9|          2|    1|          2|
    |ap_sync_reg_channel_write_layer4_out_7    |   9|          2|    1|          2|
    |ap_sync_reg_channel_write_layer4_out_70   |   9|          2|    1|          2|
    |ap_sync_reg_channel_write_layer4_out_71   |   9|          2|    1|          2|
    |ap_sync_reg_channel_write_layer4_out_72   |   9|          2|    1|          2|
    |ap_sync_reg_channel_write_layer4_out_73   |   9|          2|    1|          2|
    |ap_sync_reg_channel_write_layer4_out_74   |   9|          2|    1|          2|
    |ap_sync_reg_channel_write_layer4_out_75   |   9|          2|    1|          2|
    |ap_sync_reg_channel_write_layer4_out_76   |   9|          2|    1|          2|
    |ap_sync_reg_channel_write_layer4_out_77   |   9|          2|    1|          2|
    |ap_sync_reg_channel_write_layer4_out_78   |   9|          2|    1|          2|
    |ap_sync_reg_channel_write_layer4_out_79   |   9|          2|    1|          2|
    |ap_sync_reg_channel_write_layer4_out_8    |   9|          2|    1|          2|
    |ap_sync_reg_channel_write_layer4_out_80   |   9|          2|    1|          2|
    |ap_sync_reg_channel_write_layer4_out_81   |   9|          2|    1|          2|
    |ap_sync_reg_channel_write_layer4_out_82   |   9|          2|    1|          2|
    |ap_sync_reg_channel_write_layer4_out_83   |   9|          2|    1|          2|
    |ap_sync_reg_channel_write_layer4_out_84   |   9|          2|    1|          2|
    |ap_sync_reg_channel_write_layer4_out_85   |   9|          2|    1|          2|
    |ap_sync_reg_channel_write_layer4_out_86   |   9|          2|    1|          2|
    |ap_sync_reg_channel_write_layer4_out_87   |   9|          2|    1|          2|
    |ap_sync_reg_channel_write_layer4_out_88   |   9|          2|    1|          2|
    |ap_sync_reg_channel_write_layer4_out_89   |   9|          2|    1|          2|
    |ap_sync_reg_channel_write_layer4_out_9    |   9|          2|    1|          2|
    |ap_sync_reg_channel_write_layer4_out_90   |   9|          2|    1|          2|
    |ap_sync_reg_channel_write_layer4_out_91   |   9|          2|    1|          2|
    |ap_sync_reg_channel_write_layer4_out_92   |   9|          2|    1|          2|
    |ap_sync_reg_channel_write_layer4_out_93   |   9|          2|    1|          2|
    |ap_sync_reg_channel_write_layer4_out_94   |   9|          2|    1|          2|
    |ap_sync_reg_channel_write_layer4_out_95   |   9|          2|    1|          2|
    |ap_sync_reg_channel_write_layer4_out_96   |   9|          2|    1|          2|
    |ap_sync_reg_channel_write_layer4_out_97   |   9|          2|    1|          2|
    |ap_sync_reg_channel_write_layer4_out_98   |   9|          2|    1|          2|
    |ap_sync_reg_channel_write_layer4_out_99   |   9|          2|    1|          2|
    +------------------------------------------+----+-----------+-----+-----------+
    |Total                                     |2304|        512|  256|        512|
    +------------------------------------------+----+-----------+-----+-----------+

    * Register: 
    +------------------------------------------+---+----+-----+-----------+
    |                   Name                   | FF| LUT| Bits| Const Bits|
    +------------------------------------------+---+----+-----+-----------+
    |ap_sync_reg_channel_write_layer3_out      |  1|   0|    1|          0|
    |ap_sync_reg_channel_write_layer3_out_1    |  1|   0|    1|          0|
    |ap_sync_reg_channel_write_layer3_out_10   |  1|   0|    1|          0|
    |ap_sync_reg_channel_write_layer3_out_100  |  1|   0|    1|          0|
    |ap_sync_reg_channel_write_layer3_out_101  |  1|   0|    1|          0|
    |ap_sync_reg_channel_write_layer3_out_102  |  1|   0|    1|          0|
    |ap_sync_reg_channel_write_layer3_out_103  |  1|   0|    1|          0|
    |ap_sync_reg_channel_write_layer3_out_104  |  1|   0|    1|          0|
    |ap_sync_reg_channel_write_layer3_out_105  |  1|   0|    1|          0|
    |ap_sync_reg_channel_write_layer3_out_106  |  1|   0|    1|          0|
    |ap_sync_reg_channel_write_layer3_out_107  |  1|   0|    1|          0|
    |ap_sync_reg_channel_write_layer3_out_108  |  1|   0|    1|          0|
    |ap_sync_reg_channel_write_layer3_out_109  |  1|   0|    1|          0|
    |ap_sync_reg_channel_write_layer3_out_11   |  1|   0|    1|          0|
    |ap_sync_reg_channel_write_layer3_out_110  |  1|   0|    1|          0|
    |ap_sync_reg_channel_write_layer3_out_111  |  1|   0|    1|          0|
    |ap_sync_reg_channel_write_layer3_out_112  |  1|   0|    1|          0|
    |ap_sync_reg_channel_write_layer3_out_113  |  1|   0|    1|          0|
    |ap_sync_reg_channel_write_layer3_out_114  |  1|   0|    1|          0|
    |ap_sync_reg_channel_write_layer3_out_115  |  1|   0|    1|          0|
    |ap_sync_reg_channel_write_layer3_out_116  |  1|   0|    1|          0|
    |ap_sync_reg_channel_write_layer3_out_117  |  1|   0|    1|          0|
    |ap_sync_reg_channel_write_layer3_out_118  |  1|   0|    1|          0|
    |ap_sync_reg_channel_write_layer3_out_119  |  1|   0|    1|          0|
    |ap_sync_reg_channel_write_layer3_out_12   |  1|   0|    1|          0|
    |ap_sync_reg_channel_write_layer3_out_120  |  1|   0|    1|          0|
    |ap_sync_reg_channel_write_layer3_out_121  |  1|   0|    1|          0|
    |ap_sync_reg_channel_write_layer3_out_122  |  1|   0|    1|          0|
    |ap_sync_reg_channel_write_layer3_out_123  |  1|   0|    1|          0|
    |ap_sync_reg_channel_write_layer3_out_124  |  1|   0|    1|          0|
    |ap_sync_reg_channel_write_layer3_out_125  |  1|   0|    1|          0|
    |ap_sync_reg_channel_write_layer3_out_126  |  1|   0|    1|          0|
    |ap_sync_reg_channel_write_layer3_out_127  |  1|   0|    1|          0|
    |ap_sync_reg_channel_write_layer3_out_13   |  1|   0|    1|          0|
    |ap_sync_reg_channel_write_layer3_out_14   |  1|   0|    1|          0|
    |ap_sync_reg_channel_write_layer3_out_15   |  1|   0|    1|          0|
    |ap_sync_reg_channel_write_layer3_out_16   |  1|   0|    1|          0|
    |ap_sync_reg_channel_write_layer3_out_17   |  1|   0|    1|          0|
    |ap_sync_reg_channel_write_layer3_out_18   |  1|   0|    1|          0|
    |ap_sync_reg_channel_write_layer3_out_19   |  1|   0|    1|          0|
    |ap_sync_reg_channel_write_layer3_out_2    |  1|   0|    1|          0|
    |ap_sync_reg_channel_write_layer3_out_20   |  1|   0|    1|          0|
    |ap_sync_reg_channel_write_layer3_out_21   |  1|   0|    1|          0|
    |ap_sync_reg_channel_write_layer3_out_22   |  1|   0|    1|          0|
    |ap_sync_reg_channel_write_layer3_out_23   |  1|   0|    1|          0|
    |ap_sync_reg_channel_write_layer3_out_24   |  1|   0|    1|          0|
    |ap_sync_reg_channel_write_layer3_out_25   |  1|   0|    1|          0|
    |ap_sync_reg_channel_write_layer3_out_26   |  1|   0|    1|          0|
    |ap_sync_reg_channel_write_layer3_out_27   |  1|   0|    1|          0|
    |ap_sync_reg_channel_write_layer3_out_28   |  1|   0|    1|          0|
    |ap_sync_reg_channel_write_layer3_out_29   |  1|   0|    1|          0|
    |ap_sync_reg_channel_write_layer3_out_3    |  1|   0|    1|          0|
    |ap_sync_reg_channel_write_layer3_out_30   |  1|   0|    1|          0|
    |ap_sync_reg_channel_write_layer3_out_31   |  1|   0|    1|          0|
    |ap_sync_reg_channel_write_layer3_out_32   |  1|   0|    1|          0|
    |ap_sync_reg_channel_write_layer3_out_33   |  1|   0|    1|          0|
    |ap_sync_reg_channel_write_layer3_out_34   |  1|   0|    1|          0|
    |ap_sync_reg_channel_write_layer3_out_35   |  1|   0|    1|          0|
    |ap_sync_reg_channel_write_layer3_out_36   |  1|   0|    1|          0|
    |ap_sync_reg_channel_write_layer3_out_37   |  1|   0|    1|          0|
    |ap_sync_reg_channel_write_layer3_out_38   |  1|   0|    1|          0|
    |ap_sync_reg_channel_write_layer3_out_39   |  1|   0|    1|          0|
    |ap_sync_reg_channel_write_layer3_out_4    |  1|   0|    1|          0|
    |ap_sync_reg_channel_write_layer3_out_40   |  1|   0|    1|          0|
    |ap_sync_reg_channel_write_layer3_out_41   |  1|   0|    1|          0|
    |ap_sync_reg_channel_write_layer3_out_42   |  1|   0|    1|          0|
    |ap_sync_reg_channel_write_layer3_out_43   |  1|   0|    1|          0|
    |ap_sync_reg_channel_write_layer3_out_44   |  1|   0|    1|          0|
    |ap_sync_reg_channel_write_layer3_out_45   |  1|   0|    1|          0|
    |ap_sync_reg_channel_write_layer3_out_46   |  1|   0|    1|          0|
    |ap_sync_reg_channel_write_layer3_out_47   |  1|   0|    1|          0|
    |ap_sync_reg_channel_write_layer3_out_48   |  1|   0|    1|          0|
    |ap_sync_reg_channel_write_layer3_out_49   |  1|   0|    1|          0|
    |ap_sync_reg_channel_write_layer3_out_5    |  1|   0|    1|          0|
    |ap_sync_reg_channel_write_layer3_out_50   |  1|   0|    1|          0|
    |ap_sync_reg_channel_write_layer3_out_51   |  1|   0|    1|          0|
    |ap_sync_reg_channel_write_layer3_out_52   |  1|   0|    1|          0|
    |ap_sync_reg_channel_write_layer3_out_53   |  1|   0|    1|          0|
    |ap_sync_reg_channel_write_layer3_out_54   |  1|   0|    1|          0|
    |ap_sync_reg_channel_write_layer3_out_55   |  1|   0|    1|          0|
    |ap_sync_reg_channel_write_layer3_out_56   |  1|   0|    1|          0|
    |ap_sync_reg_channel_write_layer3_out_57   |  1|   0|    1|          0|
    |ap_sync_reg_channel_write_layer3_out_58   |  1|   0|    1|          0|
    |ap_sync_reg_channel_write_layer3_out_59   |  1|   0|    1|          0|
    |ap_sync_reg_channel_write_layer3_out_6    |  1|   0|    1|          0|
    |ap_sync_reg_channel_write_layer3_out_60   |  1|   0|    1|          0|
    |ap_sync_reg_channel_write_layer3_out_61   |  1|   0|    1|          0|
    |ap_sync_reg_channel_write_layer3_out_62   |  1|   0|    1|          0|
    |ap_sync_reg_channel_write_layer3_out_63   |  1|   0|    1|          0|
    |ap_sync_reg_channel_write_layer3_out_64   |  1|   0|    1|          0|
    |ap_sync_reg_channel_write_layer3_out_65   |  1|   0|    1|          0|
    |ap_sync_reg_channel_write_layer3_out_66   |  1|   0|    1|          0|
    |ap_sync_reg_channel_write_layer3_out_67   |  1|   0|    1|          0|
    |ap_sync_reg_channel_write_layer3_out_68   |  1|   0|    1|          0|
    |ap_sync_reg_channel_write_layer3_out_69   |  1|   0|    1|          0|
    |ap_sync_reg_channel_write_layer3_out_7    |  1|   0|    1|          0|
    |ap_sync_reg_channel_write_layer3_out_70   |  1|   0|    1|          0|
    |ap_sync_reg_channel_write_layer3_out_71   |  1|   0|    1|          0|
    |ap_sync_reg_channel_write_layer3_out_72   |  1|   0|    1|          0|
    |ap_sync_reg_channel_write_layer3_out_73   |  1|   0|    1|          0|
    |ap_sync_reg_channel_write_layer3_out_74   |  1|   0|    1|          0|
    |ap_sync_reg_channel_write_layer3_out_75   |  1|   0|    1|          0|
    |ap_sync_reg_channel_write_layer3_out_76   |  1|   0|    1|          0|
    |ap_sync_reg_channel_write_layer3_out_77   |  1|   0|    1|          0|
    |ap_sync_reg_channel_write_layer3_out_78   |  1|   0|    1|          0|
    |ap_sync_reg_channel_write_layer3_out_79   |  1|   0|    1|          0|
    |ap_sync_reg_channel_write_layer3_out_8    |  1|   0|    1|          0|
    |ap_sync_reg_channel_write_layer3_out_80   |  1|   0|    1|          0|
    |ap_sync_reg_channel_write_layer3_out_81   |  1|   0|    1|          0|
    |ap_sync_reg_channel_write_layer3_out_82   |  1|   0|    1|          0|
    |ap_sync_reg_channel_write_layer3_out_83   |  1|   0|    1|          0|
    |ap_sync_reg_channel_write_layer3_out_84   |  1|   0|    1|          0|
    |ap_sync_reg_channel_write_layer3_out_85   |  1|   0|    1|          0|
    |ap_sync_reg_channel_write_layer3_out_86   |  1|   0|    1|          0|
    |ap_sync_reg_channel_write_layer3_out_87   |  1|   0|    1|          0|
    |ap_sync_reg_channel_write_layer3_out_88   |  1|   0|    1|          0|
    |ap_sync_reg_channel_write_layer3_out_89   |  1|   0|    1|          0|
    |ap_sync_reg_channel_write_layer3_out_9    |  1|   0|    1|          0|
    |ap_sync_reg_channel_write_layer3_out_90   |  1|   0|    1|          0|
    |ap_sync_reg_channel_write_layer3_out_91   |  1|   0|    1|          0|
    |ap_sync_reg_channel_write_layer3_out_92   |  1|   0|    1|          0|
    |ap_sync_reg_channel_write_layer3_out_93   |  1|   0|    1|          0|
    |ap_sync_reg_channel_write_layer3_out_94   |  1|   0|    1|          0|
    |ap_sync_reg_channel_write_layer3_out_95   |  1|   0|    1|          0|
    |ap_sync_reg_channel_write_layer3_out_96   |  1|   0|    1|          0|
    |ap_sync_reg_channel_write_layer3_out_97   |  1|   0|    1|          0|
    |ap_sync_reg_channel_write_layer3_out_98   |  1|   0|    1|          0|
    |ap_sync_reg_channel_write_layer3_out_99   |  1|   0|    1|          0|
    |ap_sync_reg_channel_write_layer4_out      |  1|   0|    1|          0|
    |ap_sync_reg_channel_write_layer4_out_1    |  1|   0|    1|          0|
    |ap_sync_reg_channel_write_layer4_out_10   |  1|   0|    1|          0|
    |ap_sync_reg_channel_write_layer4_out_100  |  1|   0|    1|          0|
    |ap_sync_reg_channel_write_layer4_out_101  |  1|   0|    1|          0|
    |ap_sync_reg_channel_write_layer4_out_102  |  1|   0|    1|          0|
    |ap_sync_reg_channel_write_layer4_out_103  |  1|   0|    1|          0|
    |ap_sync_reg_channel_write_layer4_out_104  |  1|   0|    1|          0|
    |ap_sync_reg_channel_write_layer4_out_105  |  1|   0|    1|          0|
    |ap_sync_reg_channel_write_layer4_out_106  |  1|   0|    1|          0|
    |ap_sync_reg_channel_write_layer4_out_107  |  1|   0|    1|          0|
    |ap_sync_reg_channel_write_layer4_out_108  |  1|   0|    1|          0|
    |ap_sync_reg_channel_write_layer4_out_109  |  1|   0|    1|          0|
    |ap_sync_reg_channel_write_layer4_out_11   |  1|   0|    1|          0|
    |ap_sync_reg_channel_write_layer4_out_110  |  1|   0|    1|          0|
    |ap_sync_reg_channel_write_layer4_out_111  |  1|   0|    1|          0|
    |ap_sync_reg_channel_write_layer4_out_112  |  1|   0|    1|          0|
    |ap_sync_reg_channel_write_layer4_out_113  |  1|   0|    1|          0|
    |ap_sync_reg_channel_write_layer4_out_114  |  1|   0|    1|          0|
    |ap_sync_reg_channel_write_layer4_out_115  |  1|   0|    1|          0|
    |ap_sync_reg_channel_write_layer4_out_116  |  1|   0|    1|          0|
    |ap_sync_reg_channel_write_layer4_out_117  |  1|   0|    1|          0|
    |ap_sync_reg_channel_write_layer4_out_118  |  1|   0|    1|          0|
    |ap_sync_reg_channel_write_layer4_out_119  |  1|   0|    1|          0|
    |ap_sync_reg_channel_write_layer4_out_12   |  1|   0|    1|          0|
    |ap_sync_reg_channel_write_layer4_out_120  |  1|   0|    1|          0|
    |ap_sync_reg_channel_write_layer4_out_121  |  1|   0|    1|          0|
    |ap_sync_reg_channel_write_layer4_out_122  |  1|   0|    1|          0|
    |ap_sync_reg_channel_write_layer4_out_123  |  1|   0|    1|          0|
    |ap_sync_reg_channel_write_layer4_out_124  |  1|   0|    1|          0|
    |ap_sync_reg_channel_write_layer4_out_125  |  1|   0|    1|          0|
    |ap_sync_reg_channel_write_layer4_out_126  |  1|   0|    1|          0|
    |ap_sync_reg_channel_write_layer4_out_127  |  1|   0|    1|          0|
    |ap_sync_reg_channel_write_layer4_out_13   |  1|   0|    1|          0|
    |ap_sync_reg_channel_write_layer4_out_14   |  1|   0|    1|          0|
    |ap_sync_reg_channel_write_layer4_out_15   |  1|   0|    1|          0|
    |ap_sync_reg_channel_write_layer4_out_16   |  1|   0|    1|          0|
    |ap_sync_reg_channel_write_layer4_out_17   |  1|   0|    1|          0|
    |ap_sync_reg_channel_write_layer4_out_18   |  1|   0|    1|          0|
    |ap_sync_reg_channel_write_layer4_out_19   |  1|   0|    1|          0|
    |ap_sync_reg_channel_write_layer4_out_2    |  1|   0|    1|          0|
    |ap_sync_reg_channel_write_layer4_out_20   |  1|   0|    1|          0|
    |ap_sync_reg_channel_write_layer4_out_21   |  1|   0|    1|          0|
    |ap_sync_reg_channel_write_layer4_out_22   |  1|   0|    1|          0|
    |ap_sync_reg_channel_write_layer4_out_23   |  1|   0|    1|          0|
    |ap_sync_reg_channel_write_layer4_out_24   |  1|   0|    1|          0|
    |ap_sync_reg_channel_write_layer4_out_25   |  1|   0|    1|          0|
    |ap_sync_reg_channel_write_layer4_out_26   |  1|   0|    1|          0|
    |ap_sync_reg_channel_write_layer4_out_27   |  1|   0|    1|          0|
    |ap_sync_reg_channel_write_layer4_out_28   |  1|   0|    1|          0|
    |ap_sync_reg_channel_write_layer4_out_29   |  1|   0|    1|          0|
    |ap_sync_reg_channel_write_layer4_out_3    |  1|   0|    1|          0|
    |ap_sync_reg_channel_write_layer4_out_30   |  1|   0|    1|          0|
    |ap_sync_reg_channel_write_layer4_out_31   |  1|   0|    1|          0|
    |ap_sync_reg_channel_write_layer4_out_32   |  1|   0|    1|          0|
    |ap_sync_reg_channel_write_layer4_out_33   |  1|   0|    1|          0|
    |ap_sync_reg_channel_write_layer4_out_34   |  1|   0|    1|          0|
    |ap_sync_reg_channel_write_layer4_out_35   |  1|   0|    1|          0|
    |ap_sync_reg_channel_write_layer4_out_36   |  1|   0|    1|          0|
    |ap_sync_reg_channel_write_layer4_out_37   |  1|   0|    1|          0|
    |ap_sync_reg_channel_write_layer4_out_38   |  1|   0|    1|          0|
    |ap_sync_reg_channel_write_layer4_out_39   |  1|   0|    1|          0|
    |ap_sync_reg_channel_write_layer4_out_4    |  1|   0|    1|          0|
    |ap_sync_reg_channel_write_layer4_out_40   |  1|   0|    1|          0|
    |ap_sync_reg_channel_write_layer4_out_41   |  1|   0|    1|          0|
    |ap_sync_reg_channel_write_layer4_out_42   |  1|   0|    1|          0|
    |ap_sync_reg_channel_write_layer4_out_43   |  1|   0|    1|          0|
    |ap_sync_reg_channel_write_layer4_out_44   |  1|   0|    1|          0|
    |ap_sync_reg_channel_write_layer4_out_45   |  1|   0|    1|          0|
    |ap_sync_reg_channel_write_layer4_out_46   |  1|   0|    1|          0|
    |ap_sync_reg_channel_write_layer4_out_47   |  1|   0|    1|          0|
    |ap_sync_reg_channel_write_layer4_out_48   |  1|   0|    1|          0|
    |ap_sync_reg_channel_write_layer4_out_49   |  1|   0|    1|          0|
    |ap_sync_reg_channel_write_layer4_out_5    |  1|   0|    1|          0|
    |ap_sync_reg_channel_write_layer4_out_50   |  1|   0|    1|          0|
    |ap_sync_reg_channel_write_layer4_out_51   |  1|   0|    1|          0|
    |ap_sync_reg_channel_write_layer4_out_52   |  1|   0|    1|          0|
    |ap_sync_reg_channel_write_layer4_out_53   |  1|   0|    1|          0|
    |ap_sync_reg_channel_write_layer4_out_54   |  1|   0|    1|          0|
    |ap_sync_reg_channel_write_layer4_out_55   |  1|   0|    1|          0|
    |ap_sync_reg_channel_write_layer4_out_56   |  1|   0|    1|          0|
    |ap_sync_reg_channel_write_layer4_out_57   |  1|   0|    1|          0|
    |ap_sync_reg_channel_write_layer4_out_58   |  1|   0|    1|          0|
    |ap_sync_reg_channel_write_layer4_out_59   |  1|   0|    1|          0|
    |ap_sync_reg_channel_write_layer4_out_6    |  1|   0|    1|          0|
    |ap_sync_reg_channel_write_layer4_out_60   |  1|   0|    1|          0|
    |ap_sync_reg_channel_write_layer4_out_61   |  1|   0|    1|          0|
    |ap_sync_reg_channel_write_layer4_out_62   |  1|   0|    1|          0|
    |ap_sync_reg_channel_write_layer4_out_63   |  1|   0|    1|          0|
    |ap_sync_reg_channel_write_layer4_out_64   |  1|   0|    1|          0|
    |ap_sync_reg_channel_write_layer4_out_65   |  1|   0|    1|          0|
    |ap_sync_reg_channel_write_layer4_out_66   |  1|   0|    1|          0|
    |ap_sync_reg_channel_write_layer4_out_67   |  1|   0|    1|          0|
    |ap_sync_reg_channel_write_layer4_out_68   |  1|   0|    1|          0|
    |ap_sync_reg_channel_write_layer4_out_69   |  1|   0|    1|          0|
    |ap_sync_reg_channel_write_layer4_out_7    |  1|   0|    1|          0|
    |ap_sync_reg_channel_write_layer4_out_70   |  1|   0|    1|          0|
    |ap_sync_reg_channel_write_layer4_out_71   |  1|   0|    1|          0|
    |ap_sync_reg_channel_write_layer4_out_72   |  1|   0|    1|          0|
    |ap_sync_reg_channel_write_layer4_out_73   |  1|   0|    1|          0|
    |ap_sync_reg_channel_write_layer4_out_74   |  1|   0|    1|          0|
    |ap_sync_reg_channel_write_layer4_out_75   |  1|   0|    1|          0|
    |ap_sync_reg_channel_write_layer4_out_76   |  1|   0|    1|          0|
    |ap_sync_reg_channel_write_layer4_out_77   |  1|   0|    1|          0|
    |ap_sync_reg_channel_write_layer4_out_78   |  1|   0|    1|          0|
    |ap_sync_reg_channel_write_layer4_out_79   |  1|   0|    1|          0|
    |ap_sync_reg_channel_write_layer4_out_8    |  1|   0|    1|          0|
    |ap_sync_reg_channel_write_layer4_out_80   |  1|   0|    1|          0|
    |ap_sync_reg_channel_write_layer4_out_81   |  1|   0|    1|          0|
    |ap_sync_reg_channel_write_layer4_out_82   |  1|   0|    1|          0|
    |ap_sync_reg_channel_write_layer4_out_83   |  1|   0|    1|          0|
    |ap_sync_reg_channel_write_layer4_out_84   |  1|   0|    1|          0|
    |ap_sync_reg_channel_write_layer4_out_85   |  1|   0|    1|          0|
    |ap_sync_reg_channel_write_layer4_out_86   |  1|   0|    1|          0|
    |ap_sync_reg_channel_write_layer4_out_87   |  1|   0|    1|          0|
    |ap_sync_reg_channel_write_layer4_out_88   |  1|   0|    1|          0|
    |ap_sync_reg_channel_write_layer4_out_89   |  1|   0|    1|          0|
    |ap_sync_reg_channel_write_layer4_out_9    |  1|   0|    1|          0|
    |ap_sync_reg_channel_write_layer4_out_90   |  1|   0|    1|          0|
    |ap_sync_reg_channel_write_layer4_out_91   |  1|   0|    1|          0|
    |ap_sync_reg_channel_write_layer4_out_92   |  1|   0|    1|          0|
    |ap_sync_reg_channel_write_layer4_out_93   |  1|   0|    1|          0|
    |ap_sync_reg_channel_write_layer4_out_94   |  1|   0|    1|          0|
    |ap_sync_reg_channel_write_layer4_out_95   |  1|   0|    1|          0|
    |ap_sync_reg_channel_write_layer4_out_96   |  1|   0|    1|          0|
    |ap_sync_reg_channel_write_layer4_out_97   |  1|   0|    1|          0|
    |ap_sync_reg_channel_write_layer4_out_98   |  1|   0|    1|          0|
    |ap_sync_reg_channel_write_layer4_out_99   |  1|   0|    1|          0|
    +------------------------------------------+---+----+-----+-----------+
    |Total                                     |256|   0|  256|          0|
    +------------------------------------------+---+----+-----+-----------+



================================================================
== Interface
================================================================
* Summary: 
+---------------------+-----+-------+------------+--------------+--------------+
|      RTL Ports      | Dir |  Bits |  Protocol  | Source Object|    C Type    |
+---------------------+-----+-------+------------+--------------+--------------+
|input_layer          |   in|  12544|      ap_vld|   input_layer|       pointer|
|input_layer_ap_vld   |   in|      1|      ap_vld|   input_layer|       pointer|
|layer6_out_0         |  out|     40|      ap_vld|  layer6_out_0|       pointer|
|layer6_out_0_ap_vld  |  out|      1|      ap_vld|  layer6_out_0|       pointer|
|layer6_out_1         |  out|     40|      ap_vld|  layer6_out_1|       pointer|
|layer6_out_1_ap_vld  |  out|      1|      ap_vld|  layer6_out_1|       pointer|
|layer6_out_2         |  out|     40|      ap_vld|  layer6_out_2|       pointer|
|layer6_out_2_ap_vld  |  out|      1|      ap_vld|  layer6_out_2|       pointer|
|layer6_out_3         |  out|     40|      ap_vld|  layer6_out_3|       pointer|
|layer6_out_3_ap_vld  |  out|      1|      ap_vld|  layer6_out_3|       pointer|
|layer6_out_4         |  out|     40|      ap_vld|  layer6_out_4|       pointer|
|layer6_out_4_ap_vld  |  out|      1|      ap_vld|  layer6_out_4|       pointer|
|layer6_out_5         |  out|     40|      ap_vld|  layer6_out_5|       pointer|
|layer6_out_5_ap_vld  |  out|      1|      ap_vld|  layer6_out_5|       pointer|
|layer6_out_6         |  out|     40|      ap_vld|  layer6_out_6|       pointer|
|layer6_out_6_ap_vld  |  out|      1|      ap_vld|  layer6_out_6|       pointer|
|layer6_out_7         |  out|     40|      ap_vld|  layer6_out_7|       pointer|
|layer6_out_7_ap_vld  |  out|      1|      ap_vld|  layer6_out_7|       pointer|
|layer6_out_8         |  out|     40|      ap_vld|  layer6_out_8|       pointer|
|layer6_out_8_ap_vld  |  out|      1|      ap_vld|  layer6_out_8|       pointer|
|layer6_out_9         |  out|     40|      ap_vld|  layer6_out_9|       pointer|
|layer6_out_9_ap_vld  |  out|      1|      ap_vld|  layer6_out_9|       pointer|
|ap_clk               |   in|      1|  ap_ctrl_hs|     myproject|  return value|
|ap_rst               |   in|      1|  ap_ctrl_hs|     myproject|  return value|
|ap_start             |   in|      1|  ap_ctrl_hs|     myproject|  return value|
|ap_done              |  out|      1|  ap_ctrl_hs|     myproject|  return value|
|ap_ready             |  out|      1|  ap_ctrl_hs|     myproject|  return value|
|ap_idle              |  out|      1|  ap_ctrl_hs|     myproject|  return value|
+---------------------+-----+-------+------------+--------------+--------------+

